parent,fonte,topic_k15
15030,Telegram,3
15034,Telegram,3
15035,Telegram,3
15037,Telegram,14
15038,Telegram,14
15039,Telegram,14
15040,Telegram,3
15041,Telegram,3
15042,Telegram,3
15043,Telegram,5
15044,Telegram,3
15046,Telegram,13
15048,Telegram,13
15049,Telegram,13
15050,Telegram,2
15051,Telegram,13
15052,Telegram,3
15053,Telegram,3
15056,Telegram,3
15057,Telegram,3
15058,Telegram,3
15059,Telegram,3
15060,Telegram,3
15066,Telegram,3
15067,Telegram,3
15068,Telegram,3
15069,Telegram,3
15070,Telegram,3
15071,Telegram,3
15072,Telegram,3
15075,Telegram,3
15076,Telegram,6
15077,Telegram,13
15079,Telegram,0
15081,Telegram,3
15083,Telegram,10
15084,Telegram,3
15085,Telegram,3
15087,Telegram,13
15089,Telegram,11
15090,Telegram,3
15091,Telegram,3
15092,Telegram,11
15093,Telegram,3
15095,Telegram,3
15096,Telegram,3
15097,Telegram,3
15099,Telegram,14
15100,Telegram,14
15101,Telegram,3
15105,Telegram,5
15106,Telegram,0
15108,Telegram,3
15109,Telegram,13
15110,Telegram,3
15111,Telegram,11
15113,Telegram,3
15114,Telegram,5
15115,Telegram,3
15116,Telegram,3
15117,Telegram,3
15118,Telegram,3
15119,Telegram,11
15121,Telegram,3
15122,Telegram,13
15128,Telegram,13
15130,Telegram,3
15131,Telegram,3
15133,Telegram,14
15134,Telegram,14
15135,Telegram,13
15136,Telegram,14
15137,Telegram,11
15138,Telegram,7
15139,Telegram,14
15142,Telegram,3
15143,Telegram,5
15144,Telegram,3
15145,Telegram,3
15147,Telegram,5
15148,Telegram,13
15149,Telegram,0
15150,Telegram,3
15152,Telegram,2
15153,Telegram,13
15154,Telegram,3
15156,Telegram,13
15158,Telegram,5
15159,Telegram,13
15160,Telegram,9
15161,Telegram,13
15162,Telegram,7
15163,Telegram,3
15165,Telegram,11
15166,Telegram,14
15169,Telegram,0
15170,Telegram,3
15171,Telegram,3
15174,Telegram,3
15175,Telegram,14
15176,Telegram,13
15177,Telegram,5
15178,Telegram,3
15181,Telegram,3
15182,Telegram,3
15184,Telegram,11
15185,Telegram,13
15187,Telegram,13
15188,Telegram,14
15190,Telegram,3
15191,Telegram,3
15192,Telegram,14
15193,Telegram,14
15194,Telegram,3
15195,Telegram,3
15197,Telegram,3
15198,Telegram,3
15202,Telegram,3
15205,Telegram,5
15206,Telegram,3
15208,Telegram,3
15210,Telegram,0
15211,Telegram,11
15212,Telegram,14
15213,Telegram,14
15214,Telegram,3
15215,Telegram,3
15216,Telegram,3
15217,Telegram,3
15219,Telegram,5
15220,Telegram,3
15221,Telegram,5
15223,Telegram,14
15225,Telegram,0
15230,Telegram,11
15231,Telegram,13
15232,Telegram,14
15233,Telegram,5
15234,Telegram,3
15236,Telegram,3
15237,Telegram,11
15239,Telegram,3
15244,Telegram,14
15245,Telegram,3
15247,Telegram,10
15248,Telegram,3
15249,Telegram,3
15250,Telegram,0
15251,Telegram,0
15252,Telegram,14
15253,Telegram,5
15254,Telegram,13
15255,Telegram,3
15256,Telegram,3
15257,Telegram,7
15258,Telegram,2
15261,Telegram,5
15267,Telegram,3
15268,Telegram,3
15269,Telegram,14
15270,Telegram,3
15271,Telegram,14
15274,Telegram,3
15275,Telegram,3
15277,Telegram,11
15278,Telegram,3
15279,Telegram,5
15280,Telegram,14
15281,Telegram,3
15282,Telegram,5
15283,Telegram,3
15287,Telegram,11
15288,Telegram,11
15289,Telegram,11
15290,Telegram,13
15293,Telegram,3
15296,Telegram,3
15297,Telegram,3
15298,Telegram,11
15299,Telegram,6
15301,Telegram,5
15303,Telegram,11
15305,Telegram,5
15308,Telegram,5
15311,Telegram,3
15312,Telegram,3
15313,Telegram,3
15314,Telegram,12
15315,Telegram,13
15316,Telegram,3
15317,Telegram,5
15318,Telegram,3
15320,Telegram,14
15321,Telegram,5
15322,Telegram,14
15325,Telegram,5
15326,Telegram,3
15327,Telegram,3
15328,Telegram,3
15330,Telegram,3
15331,Telegram,13
15335,Telegram,3
15336,Telegram,14
15338,Telegram,13
15339,Telegram,14
15340,Telegram,13
15341,Telegram,7
15342,Telegram,12
15343,Telegram,3
15348,Telegram,3
15349,Telegram,3
15350,Telegram,12
15351,Telegram,2
15353,Telegram,12
15354,Telegram,3
15355,Telegram,3
15356,Telegram,11
15357,Telegram,11
15358,Telegram,5
15360,Telegram,13
15361,Telegram,13
15362,Telegram,3
15363,Telegram,11
15364,Telegram,14
15365,Telegram,3
15366,Telegram,3
15367,Telegram,3
15369,Telegram,3
15370,Telegram,3
15371,Telegram,11
15372,Telegram,13
15377,Telegram,3
15380,Telegram,3
15381,Telegram,3
15382,Telegram,2
15383,Telegram,3
15384,Telegram,3
15385,Telegram,3
15386,Telegram,2
15390,Telegram,13
15391,Telegram,14
15392,Telegram,3
15393,Telegram,14
15394,Telegram,2
15395,Telegram,3
15396,Telegram,14
15397,Telegram,5
15399,Telegram,3
15400,Telegram,3
15404,Telegram,3
15405,Telegram,13
15406,Telegram,5
15407,Telegram,5
15408,Telegram,14
15409,Telegram,14
15410,Telegram,3
15411,Telegram,3
15412,Telegram,3
15414,Telegram,3
15415,Telegram,3
15420,Telegram,3
15421,Telegram,3
15422,Telegram,3
15424,Telegram,3
15425,Telegram,3
15427,Telegram,3
15428,Telegram,3
15429,Telegram,7
15431,Telegram,2
15432,Telegram,0
15433,Telegram,11
15435,Telegram,5
15436,Telegram,3
15437,Telegram,3
15439,Telegram,3
15440,Telegram,3
15441,Telegram,5
15442,Telegram,3
15443,Telegram,3
15444,Telegram,2
15448,Telegram,3
15449,Telegram,3
15452,Telegram,3
15453,Telegram,2
15454,Telegram,11
15455,Telegram,14
15456,Telegram,10
15457,Telegram,14
15458,Telegram,3
15459,Telegram,3
15461,Telegram,13
15462,Telegram,14
15463,Telegram,3
15464,Telegram,3
15465,Telegram,3
15466,Telegram,3
15469,Telegram,3
15471,Telegram,13
15473,Telegram,3
15476,Telegram,11
15478,Telegram,3
15480,Telegram,11
15482,Telegram,3
15483,Telegram,3
15485,Telegram,14
15486,Telegram,14
15487,Telegram,14
15488,Telegram,3
15489,Telegram,5
15490,Telegram,3
15492,Telegram,11
15494,Telegram,13
15495,Telegram,13
15496,Telegram,5
15497,Telegram,11
15498,Telegram,14
15499,Telegram,3
15500,Telegram,3
15502,Telegram,3
15503,Telegram,0
15504,Telegram,13
15505,Telegram,3
15506,Telegram,13
15507,Telegram,14
15508,Telegram,3
15510,Telegram,3
15512,Telegram,3
15513,Telegram,3
15516,Telegram,14
15517,Telegram,5
15518,Telegram,14
15519,Telegram,5
15521,Telegram,5
15523,Telegram,11
15524,Telegram,13
15525,Telegram,2
15527,Telegram,5
15530,Telegram,3
15531,Telegram,11
15532,Telegram,5
15534,Telegram,14
15536,Telegram,3
15537,Telegram,11
15539,Telegram,3
15542,Telegram,2
15546,Telegram,3
15548,Telegram,14
15549,Telegram,3
15550,Telegram,11
15551,Telegram,14
15552,Telegram,11
15554,Telegram,5
15555,Telegram,14
15556,Telegram,3
15557,Telegram,2
15559,Telegram,14
15561,Telegram,2
15563,Telegram,14
15564,Telegram,13
15565,Telegram,14
15566,Telegram,3
15567,Telegram,13
15568,Telegram,14
15569,Telegram,14
15570,Telegram,14
15571,Telegram,14
15572,Telegram,14
15574,Telegram,14
15575,Telegram,10
15576,Telegram,10
15577,Telegram,14
15578,Telegram,14
15579,Telegram,14
15580,Telegram,10
15581,Telegram,14
15582,Telegram,14
15583,Telegram,14
15584,Telegram,6
15586,Telegram,3
15588,Telegram,14
15589,Telegram,3
15590,Telegram,2
15592,Telegram,3
15593,Telegram,11
15594,Telegram,3
15597,Telegram,13
15601,Telegram,3
15602,Telegram,3
15603,Telegram,11
15605,Telegram,3
15606,Telegram,3
15609,Telegram,3
15610,Telegram,11
15611,Telegram,5
15612,Telegram,11
15613,Telegram,3
15614,Telegram,3
15615,Telegram,3
15616,Telegram,3
15618,Telegram,3
15619,Telegram,5
15621,Telegram,11
15622,Telegram,11
15623,Telegram,14
15624,Telegram,3
15628,Telegram,3
15629,Telegram,3
15632,Telegram,2
15636,Telegram,10
15638,Telegram,14
15640,Telegram,2
15643,Telegram,14
15645,Telegram,3
15646,Telegram,14
15647,Telegram,3
15648,Telegram,7
15649,Telegram,5
15650,Telegram,14
15651,Telegram,3
15652,Telegram,14
15653,Telegram,3
15654,Telegram,13
15655,Telegram,11
15657,Telegram,3
15660,Telegram,11
15661,Telegram,3
15662,Telegram,3
15663,Telegram,14
15664,Telegram,3
15665,Telegram,3
15666,Telegram,12
15667,Telegram,3
15668,Telegram,14
15669,Telegram,5
15672,Telegram,3
15673,Telegram,3
15674,Telegram,3
15675,Telegram,6
15677,Telegram,13
15678,Telegram,3
15680,Telegram,14
15681,Telegram,3
15682,Telegram,3
15683,Telegram,11
15684,Telegram,3
15685,Telegram,3
15686,Telegram,3
15687,Telegram,3
15689,Telegram,3
15690,Telegram,3
15691,Telegram,3
15692,Telegram,4
15695,Telegram,6
15696,Telegram,3
15697,Telegram,3
15698,Telegram,5
15699,Telegram,5
15701,Telegram,3
15702,Telegram,13
15704,Telegram,11
15705,Telegram,3
15706,Telegram,2
15707,Telegram,5
15708,Telegram,14
15709,Telegram,5
15710,Telegram,5
15711,Telegram,3
15712,Telegram,14
15713,Telegram,3
15714,Telegram,5
15715,Telegram,3
15716,Telegram,3
15718,Telegram,3
15721,Telegram,5
15722,Telegram,5
15723,Telegram,3
15724,Telegram,5
15725,Telegram,5
15728,Telegram,3
15731,Telegram,3
15732,Telegram,5
15733,Telegram,3
15734,Telegram,3
15735,Telegram,5
15736,Telegram,14
15737,Telegram,5
15739,Telegram,3
15741,Telegram,13
15742,Telegram,3
15744,Telegram,11
15745,Telegram,0
15746,Telegram,3
15747,Telegram,3
15748,Telegram,11
15749,Telegram,3
15750,Telegram,3
15751,Telegram,3
15752,Telegram,11
15755,Telegram,3
15756,Telegram,11
15757,Telegram,14
15758,Telegram,3
15760,Telegram,3
15761,Telegram,3
15762,Telegram,14
15763,Telegram,3
15764,Telegram,3
15766,Telegram,3
15767,Telegram,3
15772,Telegram,3
15774,Telegram,3
15776,Telegram,3
15778,Telegram,3
15779,Telegram,3
15780,Telegram,3
15781,Telegram,3
15784,Telegram,3
15785,Telegram,3
15786,Telegram,3
15788,Telegram,3
15790,Telegram,9
15792,Telegram,13
15793,Telegram,13
15796,Telegram,3
15797,Telegram,3
15798,Telegram,3
15800,Telegram,13
15804,Telegram,3
15805,Telegram,3
15806,Telegram,3
15807,Telegram,3
15810,Telegram,3
15815,Telegram,13
15816,Telegram,13
15817,Telegram,3
15819,Telegram,14
15820,Telegram,3
15821,Telegram,10
15822,Telegram,3
15823,Telegram,14
15825,Telegram,3
15826,Telegram,3
15827,Telegram,3
15828,Telegram,11
15829,Telegram,3
15830,Telegram,3
15831,Telegram,3
15832,Telegram,3
15833,Telegram,14
15836,Telegram,3
15837,Telegram,14
15842,Telegram,9
15843,Telegram,11
15844,Telegram,3
15845,Telegram,5
15846,Telegram,3
15847,Telegram,13
15853,Telegram,3
15854,Telegram,3
15856,Telegram,3
15857,Telegram,11
15858,Telegram,6
15859,Telegram,3
15862,Telegram,3
15863,Telegram,5
15866,Telegram,3
15867,Telegram,9
15868,Telegram,11
15869,Telegram,3
15870,Telegram,3
15871,Telegram,3
15872,Telegram,13
15876,Telegram,13
15880,Telegram,3
15881,Telegram,14
15882,Telegram,14
15884,Telegram,3
15888,Telegram,11
15889,Telegram,11
15890,Telegram,11
15891,Telegram,11
15893,Telegram,11
15894,Telegram,9
15895,Telegram,13
15900,Telegram,3
15901,Telegram,3
15902,Telegram,14
15903,Telegram,3
15904,Telegram,3
15905,Telegram,13
15908,Telegram,3
15909,Telegram,5
15913,Telegram,3
15914,Telegram,14
15915,Telegram,3
15916,Telegram,3
15917,Telegram,3
15918,Telegram,5
15920,Telegram,3
15921,Telegram,14
15922,Telegram,14
15923,Telegram,3
15924,Telegram,5
15926,Telegram,3
15928,Telegram,13
15932,Telegram,0
15933,Telegram,3
15934,Telegram,3
15935,Telegram,3
15936,Telegram,13
15940,Telegram,11
15943,Telegram,3
15945,Telegram,3
15947,Telegram,3
15949,Telegram,3
15950,Telegram,3
15951,Telegram,14
15952,Telegram,3
15953,Telegram,3
15954,Telegram,13
15955,Telegram,3
15957,Telegram,13
15959,Telegram,3
15960,Telegram,12
15964,Telegram,3
15966,Telegram,3
15967,Telegram,3
15968,Telegram,3
15969,Telegram,3
15970,Telegram,13
15971,Telegram,2
15972,Telegram,3
15973,Telegram,3
15974,Telegram,3
15975,Telegram,3
15976,Telegram,14
15977,Telegram,3
15978,Telegram,3
15982,Telegram,3
15983,Telegram,3
15984,Telegram,3
15987,Telegram,3
15988,Telegram,3
15989,Telegram,3
15990,Telegram,3
15991,Telegram,3
15992,Telegram,11
15993,Telegram,3
15994,Telegram,3
15995,Telegram,3
15996,Telegram,3
15997,Telegram,0
15999,Telegram,3
16000,Telegram,14
16001,Telegram,3
16002,Telegram,3
16003,Telegram,3
16010,Telegram,13
16011,Telegram,14
16012,Telegram,3
16014,Telegram,5
16015,Telegram,3
16016,Telegram,3
16017,Telegram,5
16018,Telegram,3
16022,Telegram,11
16023,Telegram,11
16024,Telegram,3
16026,Telegram,3
16027,Telegram,3
16028,Telegram,5
16029,Telegram,3
16031,Telegram,5
16032,Telegram,13
16033,Telegram,3
16034,Telegram,3
16035,Telegram,3
164030,Telegram,5
164031,Telegram,7
164032,Telegram,2
164033,Telegram,7
164034,Telegram,3
164037,Telegram,3
164041,Telegram,5
164042,Telegram,13
164051,Telegram,5
164052,Telegram,5
164054,Telegram,3
164055,Telegram,13
164056,Telegram,13
164059,Telegram,13
164060,Telegram,13
164061,Telegram,13
164062,Telegram,5
164063,Telegram,3
164070,Telegram,9
164071,Telegram,3
164072,Telegram,3
164075,Telegram,7
164076,Telegram,9
164077,Telegram,3
164083,Telegram,5
164084,Telegram,3
164086,Telegram,5
164089,Telegram,14
164094,Telegram,3
164097,Telegram,3
164098,Telegram,3
164099,Telegram,3
164100,Telegram,3
164101,Telegram,9
164102,Telegram,3
164103,Telegram,7
164104,Telegram,11
164105,Telegram,1
164106,Telegram,11
164108,Telegram,13
164109,Telegram,13
164115,Telegram,2
164117,Telegram,5
164118,Telegram,14
164119,Telegram,13
164120,Telegram,13
164121,Telegram,5
164123,Telegram,3
164128,Telegram,2
164131,Telegram,3
164133,Telegram,5
164136,Telegram,13
164137,Telegram,13
164138,Telegram,3
164139,Telegram,13
164141,Telegram,6
164144,Telegram,5
164145,Telegram,6
164155,Telegram,9
164156,Telegram,3
164161,Telegram,13
164162,Telegram,3
164166,Telegram,6
164167,Telegram,3
164169,Telegram,12
164170,Telegram,14
164172,Telegram,5
164174,Telegram,9
164180,Telegram,14
164181,Telegram,3
164184,Telegram,3
164185,Telegram,3
164186,Telegram,2
164187,Telegram,5
164192,Telegram,7
164196,Telegram,1
164197,Telegram,13
164198,Telegram,12
164222,Telegram,13
164225,Telegram,7
164226,Telegram,3
164231,Telegram,3
164233,Telegram,7
164236,Telegram,11
164241,Telegram,13
164242,Telegram,3
164246,Telegram,5
164247,Telegram,3
164248,Telegram,6
164249,Telegram,3
164252,Telegram,5
164253,Telegram,13
164255,Telegram,5
164263,Telegram,3
164272,Telegram,5
164277,Telegram,5
164280,Telegram,8
164282,Telegram,14
164285,Telegram,11
164289,Telegram,1
164290,Telegram,11
164298,Telegram,3
164303,Telegram,5
164305,Telegram,3
164314,Telegram,5
164315,Telegram,14
164316,Telegram,14
164317,Telegram,7
164318,Telegram,5
164327,Telegram,13
164330,Telegram,13
164332,Telegram,5
164333,Telegram,3
164335,Telegram,3
164336,Telegram,13
164337,Telegram,5
164340,Telegram,14
164342,Telegram,5
164344,Telegram,3
164356,Telegram,7
164357,Telegram,3
164358,Telegram,14
164359,Telegram,5
164361,Telegram,7
164362,Telegram,8
164363,Telegram,3
164365,Telegram,5
164366,Telegram,3
164367,Telegram,2
164368,Telegram,11
164369,Telegram,3
164370,Telegram,6
164374,Telegram,3
164375,Telegram,3
164379,Telegram,13
164380,Telegram,13
164381,Telegram,3
164385,Telegram,9
164386,Telegram,3
164388,Telegram,8
164390,Telegram,5
164392,Telegram,5
164394,Telegram,14
164395,Telegram,13
164398,Telegram,5
164400,Telegram,3
164401,Telegram,7
164402,Telegram,5
164403,Telegram,3
164404,Telegram,3
164405,Telegram,14
164406,Telegram,3
164407,Telegram,14
164409,Telegram,3
164411,Telegram,8
164414,Telegram,13
164424,Telegram,13
164428,Telegram,3
164431,Telegram,11
164432,Telegram,3
164436,Telegram,13
164441,Telegram,3
164442,Telegram,13
164444,Telegram,7
164445,Telegram,4
164448,Telegram,13
164449,Telegram,13
164450,Telegram,14
164451,Telegram,13
164452,Telegram,3
164453,Telegram,3
164457,Telegram,13
164465,Telegram,5
164481,Telegram,3
164485,Telegram,3
164486,Telegram,13
164487,Telegram,7
164488,Telegram,5
164490,Telegram,3
164492,Telegram,5
164493,Telegram,5
164494,Telegram,7
164498,Telegram,3
164499,Telegram,3
164510,Telegram,14
164511,Telegram,14
164512,Telegram,7
164514,Telegram,6
164515,Telegram,13
164516,Telegram,3
164521,Telegram,5
164523,Telegram,3
164526,Telegram,3
164527,Telegram,11
164528,Telegram,13
164529,Telegram,5
164530,Telegram,13
164532,Telegram,5
164533,Telegram,3
164534,Telegram,3
164535,Telegram,9
164536,Telegram,5
164537,Telegram,3
164539,Telegram,11
164542,Telegram,5
164546,Telegram,14
164547,Telegram,3
164548,Telegram,11
164549,Telegram,6
164550,Telegram,3
164552,Telegram,13
164553,Telegram,3
164554,Telegram,14
164556,Telegram,5
164558,Telegram,8
164559,Telegram,4
164560,Telegram,13
164561,Telegram,3
164563,Telegram,5
164564,Telegram,14
164565,Telegram,5
164566,Telegram,13
164570,Telegram,3
164572,Telegram,14
164573,Telegram,7
164577,Telegram,3
164578,Telegram,3
164579,Telegram,3
164580,Telegram,3
164581,Telegram,3
164583,Telegram,12
164584,Telegram,14
164589,Telegram,3
164590,Telegram,3
164595,Telegram,3
164596,Telegram,6
164597,Telegram,14
164600,Telegram,6
164603,Telegram,3
164604,Telegram,6
164605,Telegram,5
164607,Telegram,5
164608,Telegram,13
164610,Telegram,5
164611,Telegram,3
164613,Telegram,6
164614,Telegram,6
164615,Telegram,13
164616,Telegram,5
164628,Telegram,14
164630,Telegram,14
164632,Telegram,3
164636,Telegram,9
164637,Telegram,3
164639,Telegram,5
164641,Telegram,3
164643,Telegram,3
164644,Telegram,5
164646,Telegram,6
164647,Telegram,6
164648,Telegram,5
164649,Telegram,5
164650,Telegram,3
164651,Telegram,8
164652,Telegram,8
164653,Telegram,13
164654,Telegram,13
164655,Telegram,5
164658,Telegram,6
164660,Telegram,13
164661,Telegram,14
164662,Telegram,7
164663,Telegram,2
164665,Telegram,14
164667,Telegram,5
164669,Telegram,3
164672,Telegram,3
164675,Telegram,14
164676,Telegram,5
164677,Telegram,3
164678,Telegram,6
164681,Telegram,13
164682,Telegram,13
164683,Telegram,7
164695,Telegram,11
164696,Telegram,12
164699,Telegram,3
164701,Telegram,14
164703,Telegram,5
164704,Telegram,14
164705,Telegram,6
164706,Telegram,6
164707,Telegram,14
164708,Telegram,3
164711,Telegram,5
164712,Telegram,3
164713,Telegram,5
164718,Telegram,13
164723,Telegram,5
164726,Telegram,3
164731,Telegram,3
164732,Telegram,7
164733,Telegram,8
164735,Telegram,13
164736,Telegram,3
164737,Telegram,3
164738,Telegram,14
164739,Telegram,6
164740,Telegram,3
164741,Telegram,3
164743,Telegram,0
164746,Telegram,13
164751,Telegram,7
164752,Telegram,13
164753,Telegram,3
164754,Telegram,3
164755,Telegram,13
164756,Telegram,5
164757,Telegram,5
164759,Telegram,3
164761,Telegram,14
164767,Telegram,3
164768,Telegram,13
164769,Telegram,14
164770,Telegram,5
164771,Telegram,6
164772,Telegram,3
164773,Telegram,5
164774,Telegram,13
164777,Telegram,3
164779,Telegram,3
164780,Telegram,13
164781,Telegram,3
164782,Telegram,3
164783,Telegram,3
164785,Telegram,3
164786,Telegram,6
164791,Telegram,5
164795,Telegram,5
164796,Telegram,7
164797,Telegram,9
164798,Telegram,13
164799,Telegram,6
164801,Telegram,5
164803,Telegram,5
164805,Telegram,5
164806,Telegram,5
164807,Telegram,14
164817,Telegram,3
164823,Telegram,7
164824,Telegram,3
164825,Telegram,3
164830,Telegram,5
164831,Telegram,3
164832,Telegram,3
164834,Telegram,7
164835,Telegram,3
164836,Telegram,1
164837,Telegram,5
164841,Telegram,11
164842,Telegram,13
164844,Telegram,4
164849,Telegram,13
164852,Telegram,13
164857,Telegram,3
164858,Telegram,13
164861,Telegram,13
164862,Telegram,12
164863,Telegram,3
164865,Telegram,11
164868,Telegram,3
164869,Telegram,3
164872,Telegram,13
164874,Telegram,13
164877,Telegram,13
164878,Telegram,13
164879,Telegram,13
164881,Telegram,3
164883,Telegram,13
164884,Telegram,0
164885,Telegram,13
164890,Telegram,7
164891,Telegram,5
164892,Telegram,3
164893,Telegram,7
164894,Telegram,13
164896,Telegram,13
164897,Telegram,13
164898,Telegram,13
164899,Telegram,3
164901,Telegram,3
164903,Telegram,13
164904,Telegram,3
164905,Telegram,3
164906,Telegram,3
164913,Telegram,3
164927,Telegram,13
164928,Telegram,7
164930,Telegram,13
164933,Telegram,13
164934,Telegram,4
164935,Telegram,7
164936,Telegram,7
164937,Telegram,11
164938,Telegram,3
164942,Telegram,3
164944,Telegram,2
164946,Telegram,13
164947,Telegram,2
164950,Telegram,3
164952,Telegram,13
164959,Telegram,3
164961,Telegram,3
164963,Telegram,13
164964,Telegram,3
164967,Telegram,10
164968,Telegram,14
164970,Telegram,5
164972,Telegram,3
164974,Telegram,3
164975,Telegram,5
164976,Telegram,3
164977,Telegram,2
164979,Telegram,3
164983,Telegram,14
164984,Telegram,14
164985,Telegram,14
164986,Telegram,13
164987,Telegram,9
164989,Telegram,3
164990,Telegram,3
164992,Telegram,3
164993,Telegram,5
164996,Telegram,5
164997,Telegram,3
164998,Telegram,3
164999,Telegram,13
165000,Telegram,14
165001,Telegram,3
165002,Telegram,3
165004,Telegram,9
165006,Telegram,7
165008,Telegram,5
165012,Telegram,13
165014,Telegram,5
165016,Telegram,5
165026,Telegram,2
r_b364dc4dc0db,Reddit_Commento,13
r_f531ef2dfe89,Reddit_Commento,3
r_3a68ab6359f6,Reddit_Commento,11
r_88504a334cff,Reddit_Commento,13
r_d41198bc4a95,Reddit_Commento,14
r_16c181f3f1f8,Reddit_Commento,3
r_f33a10731ef0,Reddit_Commento,0
r_2625ceb78f1a,Reddit_Commento,2
r_7764bcef8527,Reddit_Commento,3
r_9e3ff5343bc2,Reddit_Commento,3
r_b4742323154c,Reddit_Commento,14
r_9a405a68a912,Reddit_Commento,3
r_395b40fa2fed,Reddit_Commento,3
r_949ed7cf5e3a,Reddit_Commento,6
r_fc9b0da2056c,Reddit_Commento,5
r_d669c699321c,Reddit_Commento,3
r_60dd10007b40,Reddit_Commento,11
r_eb1350e6ca4e,Reddit_Commento,3
r_29d9c91dc70c,Reddit_Commento,3
r_7a4f28c089de,Reddit_Commento,3
r_93bd3f44b8e9,Reddit_Commento,3
r_e2e20dcd9d0d,Reddit_Commento,3
r_13a519ec7b72,Reddit_Commento,3
r_a4ed7d6156db,Reddit_Commento,3
r_2a6d428452fa,Reddit_Commento,13
r_3599be965ff9,Reddit_Commento,14
r_67f59875ad46,Reddit_Commento,3
r_d811136d3ca8,Reddit_Commento,13
r_fe490ab60b70,Reddit_Commento,3
r_8f1047a0c147,Reddit_Commento,5
r_7f93994acb5b,Reddit_Commento,13
r_674ff84e2254,Reddit_Commento,5
r_e70b06e9631d,Reddit_Commento,13
r_584e8fd661fa,Reddit_Commento,3
r_fe895da124f2,Reddit_Commento,5
r_3d4aa6cbd979,Reddit_Commento,14
r_209331e4db7c,Reddit_Commento,3
r_7f584db23cf7,Reddit_Commento,3
r_00f6d1bfe30c,Reddit_Commento,3
r_9892a0aacf7b,Reddit_Commento,10
r_5044dd670f1f,Reddit_Commento,14
r_b8affd8f47bf,Reddit_Commento,3
r_d3949c505ac8,Reddit_Commento,14
r_381b84ef3213,Reddit_Commento,13
r_e39a34615f32,Reddit_Commento,13
r_4803ca9b99e3,Reddit_Commento,3
r_c9f7cbba825e,Reddit_Commento,3
r_9148f5de4fe3,Reddit_Commento,3
r_d25b8e32f942,Reddit_Commento,3
r_39a081068dbf,Reddit_Commento,14
r_20d18e485edb,Reddit_Commento,11
r_7e146024d3ca,Reddit_Commento,13
r_450d22f01fbf,Reddit_Commento,3
r_c33bb39715ee,Reddit_Commento,3
r_672a104a254f,Reddit_Commento,3
r_60e49e3542a9,Reddit_Commento,14
r_1f27c0495eaa,Reddit_Commento,3
r_febd2fdac6c7,Reddit_Commento,6
r_164f594c7845,Reddit_Commento,13
r_49bc1f8945dd,Reddit_Commento,11
r_53e47cd74b40,Reddit_Commento,2
r_86a0fd9638ce,Reddit_Commento,3
r_0c93618d9af4,Reddit_Commento,5
r_2599eeafbdc0,Reddit_Commento,5
r_945bf86ef73f,Reddit_Commento,5
r_d32516600612,Reddit_Commento,13
r_06ee85af0f28,Reddit_Commento,3
r_a3ea0ded5b1c,Reddit_Commento,11
r_1c77cb26f83a,Reddit_Commento,3
r_384622bc2eaa,Reddit_Commento,11
r_81d7b7cb6cdf,Reddit_Commento,3
r_e1f746a20095,Reddit_Commento,11
r_d828d51fa5f5,Reddit_Commento,3
r_fbee0c156ebb,Reddit_Commento,3
r_ab657d90ea60,Reddit_Commento,11
r_b1d982b97246,Reddit_Commento,3
r_20cdf909fde7,Reddit_Commento,13
r_a74b5cd96369,Reddit_Commento,3
r_38cb3004ad18,Reddit_Commento,3
r_10c02e38d1e2,Reddit_Commento,3
r_08dfa8b1d01f,Reddit_Commento,3
r_b8c848196ac8,Reddit_Commento,11
r_ca125cf7fa0f,Reddit_Commento,13
r_7386c689d197,Reddit_Commento,2
r_581bd2735c30,Reddit_Commento,13
r_5e91aac8f929,Reddit_Commento,10
r_417d3aacc66b,Reddit_Commento,3
r_dbc09160bc88,Reddit_Commento,1
r_49f7bcd7990b,Reddit_Commento,11
r_aabea1cf870a,Reddit_Commento,11
r_0d42461a8fa6,Reddit_Commento,14
r_f1d90eece0f6,Reddit_Commento,14
r_ad6517b2b5a3,Reddit_Commento,3
r_672956a0d128,Reddit_Commento,3
r_e96efdcf123f,Reddit_Commento,9
r_7cb9e857e17d,Reddit_Commento,14
r_7dab1e5e7d45,Reddit_Commento,3
r_2c8dad65348a,Reddit_Commento,3
r_2468f172123d,Reddit_Commento,13
r_15d872f9b9dc,Reddit_Commento,3
r_aaf7d8bcefba,Reddit_Commento,3
r_f1b2603fc255,Reddit_Commento,13
r_255dc66a0a79,Reddit_Commento,3
r_79f9703c1e53,Reddit_Commento,3
r_b0898c48bd04,Reddit_Commento,11
r_43221028c475,Reddit_Commento,3
r_0bdd433edb43,Reddit_Commento,13
r_55a66cb9335f,Reddit_Commento,3
r_0da17c24090e,Reddit_Commento,3
r_507c22209603,Reddit_Commento,3
r_0ba199595e3d,Reddit_Commento,3
r_fa452885edf4,Reddit_Commento,11
r_fd1d0fca5b95,Reddit_Commento,14
r_a5340a35ed97,Reddit_Commento,13
r_c1eba4d9e017,Reddit_Commento,6
r_fee512409dfc,Reddit_Commento,3
r_5349a6d17eb6,Reddit_Commento,8
r_7f9a7898f2b7,Reddit_Commento,13
r_058fa4438eb1,Reddit_Commento,9
r_b981313ec917,Reddit_Commento,8
r_14326b63ced1,Reddit_Commento,5
r_f623cf9fc741,Reddit_Commento,2
r_6033d26c4596,Reddit_Commento,8
r_27760de862b2,Reddit_Commento,8
r_c98433bbd94a,Reddit_Commento,14
r_7e91f68e529b,Reddit_Commento,14
r_3bd29910b772,Reddit_Commento,3
r_daaf7f70aeda,Reddit_Commento,3
r_987465298bea,Reddit_Commento,6
r_ee513d539b91,Reddit_Commento,4
r_2076543c1570,Reddit_Commento,2
r_dcfc3bd2a345,Reddit_Commento,7
r_eed05928112c,Reddit_Commento,3
r_84412dfdc2ad,Reddit_Commento,5
r_3b980531cf0e,Reddit_Commento,8
r_29cce7d5f9d7,Reddit_Commento,3
r_bf66cabb0ac3,Reddit_Commento,3
r_3b2f784c8c7f,Reddit_Commento,6
r_38d512b4e90b,Reddit_Commento,11
r_f21c58864f52,Reddit_Commento,14
r_a49d9db24851,Reddit_Commento,14
r_26b97f1d2cb9,Reddit_Commento,14
r_e5b79a5158e5,Reddit_Commento,11
r_fbdc25e01180,Reddit_Commento,1
r_de8b3db46ce7,Reddit_Commento,14
r_296769db8f65,Reddit_Commento,3
r_ed93446ea464,Reddit_Commento,3
r_dcda15a7784a,Reddit_Commento,3
r_f38dbcebf6f8,Reddit_Commento,5
r_698bd05bb509,Reddit_Commento,2
r_662713c3575f,Reddit_Commento,9
r_3e414b471e9b,Reddit_Commento,2
r_bfcce6d5efc3,Reddit_Commento,8
r_caffceffcd75,Reddit_Commento,11
r_a0840d59a4fc,Reddit_Commento,7
r_3283eff1a04e,Reddit_Commento,7
r_c81e990544a1,Reddit_Commento,13
r_3af7437e32df,Reddit_Commento,14
r_2625ed10cdfb,Reddit_Commento,2
r_ea94dcbd4880,Reddit_Commento,4
r_487370c448c3,Reddit_Commento,5
r_43dcc2a5fee1,Reddit_Commento,7
r_94431a5c7aec,Reddit_Commento,3
r_d9781bb026c0,Reddit_Commento,13
r_6a48bdc49be0,Reddit_Commento,5
r_f55f216357a0,Reddit_Commento,7
r_758eca1c2b73,Reddit_Commento,13
r_64eea894af72,Reddit_Commento,13
r_6de22a025c93,Reddit_Commento,3
r_e5d25cf71d02,Reddit_Commento,14
r_7f17d3d2977c,Reddit_Commento,14
r_f76538c013ff,Reddit_Commento,14
r_00df9d9b54e1,Reddit_Commento,3
r_06010a2f9977,Reddit_Commento,7
r_13272cb488ad,Reddit_Commento,11
r_d46de2c646c9,Reddit_Commento,3
r_c261b3bbf95d,Reddit_Commento,11
r_a197dd076802,Reddit_Commento,5
r_573e7114b501,Reddit_Commento,10
r_525e1608e250,Reddit_Commento,11
r_d20539a59f3a,Reddit_Commento,2
r_d9d59ac553d9,Reddit_Commento,5
r_3daee6e009e7,Reddit_Commento,13
r_6e4547f492ed,Reddit_Commento,13
r_0fdd62cc035e,Reddit_Commento,3
r_772a3fc4b08b,Reddit_Commento,14
r_9af99e9d36eb,Reddit_Commento,13
r_77996f5b8187,Reddit_Commento,5
r_63345b587c4f,Reddit_Commento,3
r_950e379b6e93,Reddit_Commento,3
r_f3614f27c7ed,Reddit_Commento,13
r_d2a0520c9dda,Reddit_Commento,7
r_7f12bb503fbf,Reddit_Commento,1
r_e7a0c25a0c9f,Reddit_Commento,3
r_1be559fbcd0b,Reddit_Commento,4
r_f611a8a18ef0,Reddit_Commento,4
r_6106622f303b,Reddit_Commento,3
r_857f50219f21,Reddit_Commento,13
r_bfc00f6ced49,Reddit_Commento,13
r_d4296ee11e75,Reddit_Commento,8
r_db6b69ef4ea3,Reddit_Commento,8
r_2ef16077803b,Reddit_Commento,13
r_a8b28f7d4890,Reddit_Commento,11
r_386403af1eee,Reddit_Commento,3
r_cdf0fc106c9b,Reddit_Commento,14
r_04617c52efb0,Reddit_Commento,8
r_c7a265be1237,Reddit_Commento,5
r_53d9f2fc2b46,Reddit_Commento,13
r_4f078b9ee23a,Reddit_Commento,7
r_0517a360e623,Reddit_Commento,5
r_337a47393e68,Reddit_Commento,13
r_517fbf6cb882,Reddit_Commento,3
r_2d5a84ae6841,Reddit_Commento,11
r_4a022b105ab2,Reddit_Commento,11
r_d7a591d3ac7f,Reddit_Commento,14
r_ee1d9ba5a009,Reddit_Commento,12
r_a3e3fe354f73,Reddit_Commento,3
r_913ca302a800,Reddit_Commento,0
r_9a7fcc95396f,Reddit_Commento,3
r_b732d033f458,Reddit_Commento,11
r_0dbdc374217c,Reddit_Commento,13
r_05c907971426,Reddit_Commento,7
r_4aaf75397160,Reddit_Commento,3
r_7f74a6fef338,Reddit_Commento,9
r_60ad8802d191,Reddit_Commento,3
r_d052a919ddf9,Reddit_Commento,5
r_cb5407a6ffa6,Reddit_Commento,13
r_0571ee3a7756,Reddit_Commento,3
r_4069ccc8273f,Reddit_Commento,13
r_466c50812987,Reddit_Commento,3
r_9709d901c70b,Reddit_Commento,11
r_21ec15f138b9,Reddit_Commento,13
r_8e41f275367f,Reddit_Commento,3
r_debeb994ca30,Reddit_Commento,11
r_9c9a1ec97cb5,Reddit_Commento,3
r_bd11b6cb316a,Reddit_Commento,3
r_d964d0129d1f,Reddit_Commento,3
r_dbf4ad3991c9,Reddit_Commento,8
r_873f09e855ea,Reddit_Commento,8
r_8a71a3f6cab2,Reddit_Commento,3
r_78fe2153eaf2,Reddit_Commento,3
r_084daa36a0aa,Reddit_Commento,13
r_c5e4e98259c8,Reddit_Commento,5
r_1b0cacdbf991,Reddit_Commento,13
r_d52169a0bf74,Reddit_Commento,11
r_84329c4e113d,Reddit_Commento,13
r_1be21e597fc1,Reddit_Commento,11
r_54d81972a736,Reddit_Commento,5
r_9f82e567700b,Reddit_Commento,5
r_66a5dbf5f248,Reddit_Commento,11
r_fa0607b24d42,Reddit_Commento,11
r_52414ec0be37,Reddit_Commento,5
r_2aefc48c8cd7,Reddit_Commento,3
r_94216dcb8da4,Reddit_Commento,2
r_93e3d07f94bc,Reddit_Commento,13
r_3aa3f460aa06,Reddit_Commento,3
r_7232745ad172,Reddit_Commento,6
r_556175c20448,Reddit_Commento,14
r_8a5aed3fe414,Reddit_Commento,6
r_9c7f27892aa9,Reddit_Commento,5
r_24e74c5741eb,Reddit_Commento,2
r_feb53c9c7495,Reddit_Commento,3
r_7193bfe4173e,Reddit_Commento,14
r_f8372dba824a,Reddit_Commento,5
r_fa8c5658e1d3,Reddit_Commento,10
r_65a7e3e4bfc9,Reddit_Commento,3
r_a03a7f498225,Reddit_Commento,3
r_76b6a6f01972,Reddit_Commento,11
r_c69b9275c929,Reddit_Commento,8
r_d06666e9def3,Reddit_Commento,3
r_ac5ef6fd70b0,Reddit_Commento,3
r_9b1ddac17e14,Reddit_Commento,3
r_5a754fe11e22,Reddit_Commento,13
r_c6f7b7e2742b,Reddit_Commento,3
r_ba0f30e6ef02,Reddit_Commento,14
r_33fabfb78f97,Reddit_Commento,11
r_86bea6a2150a,Reddit_Commento,14
r_b3b0aef02b26,Reddit_Commento,3
r_47b7038c3c7a,Reddit_Commento,14
r_55d49bc1b039,Reddit_Commento,13
r_9999b990d255,Reddit_Commento,2
r_3a7f42513edd,Reddit_Commento,6
r_43540cecb987,Reddit_Commento,3
r_36b14d77c4a9,Reddit_Commento,13
r_208b91a89f65,Reddit_Commento,3
r_0ca5cbf28c3e,Reddit_Commento,6
r_2d4e90d846e8,Reddit_Commento,3
r_c8d9e90e9d0d,Reddit_Commento,5
r_18bb71f45aea,Reddit_Commento,5
r_e639e7cb97ed,Reddit_Commento,13
r_78eaf0d74e47,Reddit_Commento,13
r_5d2182e5c830,Reddit_Commento,14
r_1bc6b2f7bf55,Reddit_Commento,3
r_2612ec9ed057,Reddit_Commento,3
r_7d3f2057b7b5,Reddit_Commento,3
r_8cdca416ce66,Reddit_Commento,14
r_8492dd9f190f,Reddit_Commento,5
r_618fa54f9b83,Reddit_Commento,3
r_93bdfea266cb,Reddit_Commento,5
r_991ad287d6a4,Reddit_Commento,5
r_a36bb0fd0d9c,Reddit_Commento,3
r_740e602da150,Reddit_Commento,3
r_17e88ea22768,Reddit_Commento,11
r_1ac3436f1b13,Reddit_Commento,3
r_8762fb767ffb,Reddit_Commento,3
r_fe1e9db6f777,Reddit_Commento,13
r_ef87ae767eea,Reddit_Commento,3
r_8826c22fc35e,Reddit_Commento,5
r_f730df4ec8cf,Reddit_Commento,2
r_c092537426aa,Reddit_Commento,11
r_c0334f260322,Reddit_Commento,11
r_c8d9b2217fc9,Reddit_Commento,13
r_d8e2ac592ebe,Reddit_Commento,3
r_6757b314a904,Reddit_Commento,3
r_7ef0804097da,Reddit_Commento,11
r_455f0a01f8c8,Reddit_Commento,11
r_e58128b01e11,Reddit_Commento,11
r_76db35b02f83,Reddit_Commento,3
r_9e9834f6b0bf,Reddit_Commento,3
r_1d83a3aae838,Reddit_Commento,13
r_651843713e78,Reddit_Commento,3
r_b9d78f94af8c,Reddit_Commento,4
r_b94143f9b1b5,Reddit_Commento,13
r_7e2128cb6abf,Reddit_Commento,3
r_3dbc79edc7ff,Reddit_Commento,3
r_9b0c04f34f09,Reddit_Commento,5
r_a0768a862885,Reddit_Commento,6
r_6084de905896,Reddit_Commento,3
r_df26ee430552,Reddit_Commento,11
r_5dbb52343242,Reddit_Commento,14
r_441deaf0fd70,Reddit_Commento,14
r_cb9927b991cf,Reddit_Commento,3
r_fbdfa766d8e9,Reddit_Commento,11
r_9d551075e984,Reddit_Commento,3
r_05f6b766250e,Reddit_Commento,3
r_75128d59eccb,Reddit_Commento,3
r_4f7d8de348f7,Reddit_Commento,3
r_555cdaa1ed55,Reddit_Commento,11
r_54f648f74e41,Reddit_Commento,3
r_daecea89065c,Reddit_Commento,13
r_879ba0be8527,Reddit_Commento,3
r_acdf913f32fc,Reddit_Commento,5
r_5189fa3f30c5,Reddit_Commento,3
r_89dcb528f008,Reddit_Commento,11
r_6d7df6948584,Reddit_Commento,5
r_8632de8c5678,Reddit_Commento,11
r_062fae4a9e72,Reddit_Commento,3
r_74929442effd,Reddit_Commento,13
r_e5cc00083e9f,Reddit_Commento,13
r_23ba15e9a4a7,Reddit_Commento,3
r_93c9c4e358ee,Reddit_Commento,3
r_cc36f04b5ac3,Reddit_Commento,3
r_34a23f158d68,Reddit_Commento,13
r_7019e47fb418,Reddit_Commento,14
r_0fd6a647a7bb,Reddit_Commento,3
r_2acb0abd7fed,Reddit_Commento,11
r_8010b71c0468,Reddit_Commento,3
r_24afc8d9281c,Reddit_Commento,13
r_639e2a7f75ee,Reddit_Commento,11
r_429668ecf022,Reddit_Commento,3
r_c74180c6d158,Reddit_Commento,11
r_085e387ae7a3,Reddit_Commento,3
r_15bc9da337ec,Reddit_Commento,11
r_a4483693db36,Reddit_Commento,12
r_e6e3212198ca,Reddit_Commento,3
r_fb81fabd52b8,Reddit_Commento,3
r_427789c3b1eb,Reddit_Commento,11
r_9007fc1b2abb,Reddit_Commento,0
r_77465a51350d,Reddit_Commento,3
r_66e5cb1a75ee,Reddit_Commento,3
r_dce4b1db1956,Reddit_Commento,3
r_ba5c73af2824,Reddit_Commento,8
r_d0268e51314f,Reddit_Commento,12
r_4792ff31b021,Reddit_Commento,7
r_6be4d096af19,Reddit_Commento,14
r_db35a7184d58,Reddit_Commento,9
r_fe2238e48d60,Reddit_Commento,3
r_cc4bdfbba6d9,Reddit_Commento,5
r_55666892c620,Reddit_Commento,5
r_a2043245fe17,Reddit_Commento,7
r_b74a155cdeb5,Reddit_Commento,13
r_6661b02d565f,Reddit_Commento,3
r_b2faf74df694,Reddit_Commento,13
r_cfbefe1bad4c,Reddit_Commento,3
r_3aa3c3d7051b,Reddit_Commento,14
r_b00bebeac195,Reddit_Commento,11
r_8c2fddf1be57,Reddit_Commento,13
r_72a66fc296a3,Reddit_Commento,14
r_5a2b6ea84d3c,Reddit_Commento,3
r_8e2426cf582c,Reddit_Commento,14
r_b440dcc472ac,Reddit_Commento,14
r_44d4b6428330,Reddit_Commento,3
r_daf692018ee3,Reddit_Commento,13
r_360c8a02bd23,Reddit_Commento,2
r_24df4be527a9,Reddit_Commento,10
r_5fca9852e01f,Reddit_Commento,3
r_f8393759e483,Reddit_Commento,10
r_83436e876754,Reddit_Commento,11
r_cff486ce5268,Reddit_Commento,13
r_7a5fb4e10134,Reddit_Commento,11
r_ee75a698d8c4,Reddit_Commento,3
r_dfc0fbff1ff8,Reddit_Commento,5
r_2b51679889fc,Reddit_Commento,9
r_047314733b0e,Reddit_Commento,2
r_5e8691bb0baf,Reddit_Commento,3
r_38c70277f807,Reddit_Commento,3
r_325f9811b1ed,Reddit_Commento,8
r_5592c0d2d852,Reddit_Commento,11
r_75f4264f3fa8,Reddit_Commento,3
r_d56659a563cd,Reddit_Commento,11
r_52741599ace3,Reddit_Commento,11
r_0fc49f134b3d,Reddit_Commento,3
r_d0556f306399,Reddit_Commento,14
r_a46d979c927e,Reddit_Commento,7
r_bb355ccaeaf4,Reddit_Commento,3
r_291e020beeba,Reddit_Commento,3
r_853555915af3,Reddit_Commento,13
r_b4a562215171,Reddit_Commento,13
r_0e0e25fb7acd,Reddit_Commento,11
r_493fe2dc335f,Reddit_Commento,3
r_6f801639c5ab,Reddit_Commento,14
r_856f93aa1f44,Reddit_Commento,10
r_6a5203593327,Reddit_Commento,8
r_d0d65904b423,Reddit_Commento,13
r_e19bdbae23ac,Reddit_Commento,3
r_278f45812ccc,Reddit_Commento,5
r_8552e32df10e,Reddit_Commento,11
r_2a35a6570b1b,Reddit_Commento,7
r_507be4aecde6,Reddit_Commento,11
r_7e6179ba6b47,Reddit_Commento,7
r_5853c2f2fed9,Reddit_Commento,3
r_f5f00989a7e5,Reddit_Commento,11
r_1b66661e71b1,Reddit_Commento,11
r_a76a1699dbae,Reddit_Commento,11
r_71bc9f4681f5,Reddit_Commento,11
r_be3240950642,Reddit_Commento,2
r_0ff0e0c1ba74,Reddit_Commento,11
r_df2a89c62380,Reddit_Commento,3
r_3e950d4eb2eb,Reddit_Commento,8
r_6d9f56ae7b01,Reddit_Commento,3
r_0f348c6740ff,Reddit_Commento,3
r_c380b5aa557f,Reddit_Commento,3
r_803e5298bbed,Reddit_Commento,3
r_7c44ad2cd30b,Reddit_Commento,3
r_9d4605d1e996,Reddit_Commento,3
r_1f48d87be124,Reddit_Commento,5
r_ac1995df4930,Reddit_Commento,13
r_44a16e04d5b5,Reddit_Commento,13
r_e16bbac0bb93,Reddit_Commento,11
r_e3d920ffd4d6,Reddit_Commento,3
r_aa6256e5a41f,Reddit_Commento,3
r_537dfb71f39b,Reddit_Commento,11
r_ae2ab9cc5221,Reddit_Commento,3
r_c7e7e42a05d4,Reddit_Commento,3
r_2128bf53afbf,Reddit_Commento,11
r_973a778c5ec4,Reddit_Commento,3
r_727cd692050f,Reddit_Commento,11
r_9130a37d09b7,Reddit_Commento,3
r_eb80850a4fde,Reddit_Commento,3
r_7f1444a3f4f6,Reddit_Commento,11
r_6366b3ac2db2,Reddit_Commento,13
r_b446a8905100,Reddit_Commento,3
r_9d8ea1e6c470,Reddit_Commento,3
r_ea6da02d3430,Reddit_Commento,3
r_47540da6adb2,Reddit_Commento,11
r_bf854c094dec,Reddit_Commento,13
r_fb777d24f729,Reddit_Commento,14
r_7c30a30476d6,Reddit_Commento,2
r_ddb961010abb,Reddit_Commento,2
r_9f2f4a678294,Reddit_Commento,10
r_96e5e46f77cb,Reddit_Commento,0
r_835e05a19f76,Reddit_Commento,3
r_ccc01791520d,Reddit_Commento,3
r_dabfd3dfa395,Reddit_Commento,11
r_3b18268bf30d,Reddit_Commento,3
r_4ac1b9f4208f,Reddit_Commento,3
r_fed77553bb9f,Reddit_Commento,3
r_92c1d8da11f1,Reddit_Commento,13
r_3a9f0af9e3e5,Reddit_Commento,14
r_79f1a702b0d0,Reddit_Commento,3
r_6d330effad93,Reddit_Commento,10
r_25ccd87e633d,Reddit_Commento,2
r_1130d7a545ae,Reddit_Commento,3
r_0d1559f5ec88,Reddit_Commento,3
r_b03419417f58,Reddit_Commento,13
r_a6913d79fd5d,Reddit_Commento,3
r_f2cceff819db,Reddit_Commento,7
r_0603cb51123a,Reddit_Commento,11
r_1a8e9c09b7c6,Reddit_Commento,3
r_189c10bf278f,Reddit_Commento,10
r_c854c1f19ee6,Reddit_Commento,2
r_10c7bff4f000,Reddit_Commento,11
r_c7743c8397c1,Reddit_Commento,3
r_7fe3b2f13e21,Reddit_Commento,13
r_d25c674a1ee3,Reddit_Commento,3
r_471aa8569192,Reddit_Commento,14
r_8c7ec1eb92da,Reddit_Commento,9
r_f57753e7dd54,Reddit_Commento,11
r_010b3971eb5f,Reddit_Commento,10
r_13cdb2a05945,Reddit_Commento,11
r_62457ecc0e5c,Reddit_Commento,3
r_2e768ce3b661,Reddit_Commento,3
r_5e46b0dcc4c7,Reddit_Commento,3
r_bd1e4741eea6,Reddit_Commento,3
r_7e9ffc1938e2,Reddit_Commento,13
r_289e686fe249,Reddit_Commento,13
r_980592ff1444,Reddit_Commento,5
r_b93cbe36961d,Reddit_Commento,3
r_3e11dd3410ec,Reddit_Commento,4
r_589817963fd2,Reddit_Commento,5
r_871375b95979,Reddit_Commento,3
r_94246a23bfc1,Reddit_Commento,3
r_35fc124cfb7e,Reddit_Commento,5
r_30044eeaa0ff,Reddit_Commento,13
r_942bf762781a,Reddit_Commento,3
r_6973c6b92c7a,Reddit_Commento,14
r_0e6a4db0f88e,Reddit_Commento,13
r_09ea5b11fdb7,Reddit_Commento,3
r_4198cd969c1b,Reddit_Commento,14
r_793b5ce60e8f,Reddit_Commento,6
r_31a0b66b82ef,Reddit_Commento,13
r_9ea41d9aa3b1,Reddit_Commento,3
r_d855c4225087,Reddit_Commento,13
r_32ce4b27251c,Reddit_Commento,3
r_2bf2d572920d,Reddit_Commento,7
r_f7af274feb78,Reddit_Commento,10
r_19332ecebf3b,Reddit_Commento,4
r_c6c4fb2a3b92,Reddit_Commento,3
r_d1c928965f05,Reddit_Commento,13
r_4ad2d67aff0e,Reddit_Commento,5
r_3ee39615ce45,Reddit_Commento,5
r_2b3426e83fea,Reddit_Commento,3
r_5e22fb97656a,Reddit_Commento,11
r_719d0adaa16c,Reddit_Commento,3
r_7d3841fb872a,Reddit_Commento,13
r_fcbc1f8fdc71,Reddit_Commento,13
r_f50027a5864a,Reddit_Commento,3
r_45b3002063a6,Reddit_Commento,3
r_1c1a85fbf208,Reddit_Commento,3
r_d1ee32ee8c62,Reddit_Commento,3
r_261f6a7828ab,Reddit_Commento,5
r_49ff87b0f60c,Reddit_Commento,3
r_75ece78f48d0,Reddit_Commento,3
r_57ac88a9f011,Reddit_Commento,14
r_93c2b6ae908a,Reddit_Commento,3
r_6f70f55fbccb,Reddit_Commento,11
r_d5ad38eed32d,Reddit_Commento,13
r_7ae142935358,Reddit_Commento,11
r_f2ff5f541d13,Reddit_Commento,3
r_d89ff50a0272,Reddit_Commento,13
r_d2bb56f0fef6,Reddit_Commento,13
r_95d3da7f06b9,Reddit_Commento,13
r_26559c9aadf4,Reddit_Commento,13
r_eaa26581b97a,Reddit_Commento,3
r_92c1e8ebe05e,Reddit_Commento,2
r_f9a40a75b59a,Reddit_Commento,13
r_006ea97ffbe4,Reddit_Commento,3
r_d8fdf6219eaa,Reddit_Commento,3
r_bba9d3f0f127,Reddit_Commento,13
r_eb5a12f99772,Reddit_Commento,11
r_1f49ed6fdc08,Reddit_Commento,11
r_c1f970f14efb,Reddit_Commento,3
r_a0f7fe4a6f3d,Reddit_Commento,2
r_37f7549db549,Reddit_Commento,13
r_dda7d418b578,Reddit_Commento,11
r_57315786fa7b,Reddit_Commento,3
r_adf975c4766e,Reddit_Commento,3
r_6295b7f0b014,Reddit_Commento,5
r_dbfc5322bd78,Reddit_Commento,3
r_5b723baf01fe,Reddit_Commento,3
r_047afc2f9bd3,Reddit_Commento,3
r_fdd186fbcc6b,Reddit_Commento,3
r_674165ef2246,Reddit_Commento,3
r_16cbe4472450,Reddit_Commento,3
r_0ab3375ca04e,Reddit_Commento,3
r_ff13764ee550,Reddit_Commento,6
r_ca98026a9c39,Reddit_Commento,3
r_f6f3a8befc93,Reddit_Commento,5
r_5e3377995817,Reddit_Commento,3
r_ce94e48ffe28,Reddit_Commento,3
r_fd1cac36832c,Reddit_Commento,11
r_c8845ee8abef,Reddit_Commento,3
r_bfefdd371904,Reddit_Commento,3
r_f017b85a8c6e,Reddit_Commento,3
r_bc4a62ddde6b,Reddit_Commento,14
r_1825036bc70e,Reddit_Commento,3
r_aa8ac7070a8c,Reddit_Commento,3
r_1dbbc132b73e,Reddit_Commento,3
r_01469c7a3d60,Reddit_Commento,3
r_27015d6c0912,Reddit_Commento,3
r_58bb110eb5d3,Reddit_Commento,3
r_b8b34c0374db,Reddit_Commento,3
r_bf890be41e2a,Reddit_Commento,3
r_43443f6c9530,Reddit_Commento,3
r_dc17a33cc1cb,Reddit_Commento,3
r_0a68d37c74a8,Reddit_Commento,5
r_dbdc2b9ef2b2,Reddit_Commento,3
r_5522eeb5446d,Reddit_Commento,11
r_fd4b2496a782,Reddit_Commento,3
r_f70e32dcd1aa,Reddit_Commento,3
r_eaceaa32e913,Reddit_Commento,3
r_bbe0a5802fd1,Reddit_Commento,3
r_08baf847bbaa,Reddit_Commento,3
r_f977b806cde4,Reddit_Commento,3
r_367a55861dbf,Reddit_Commento,3
r_ef8add01d9ab,Reddit_Commento,3
r_76b46820b611,Reddit_Commento,3
r_379a97ff4013,Reddit_Commento,3
r_04cb0998ae6c,Reddit_Commento,11
r_7f78e12ebfd6,Reddit_Commento,3
r_52067a63c11b,Reddit_Commento,3
r_6e14fd42619e,Reddit_Commento,11
r_2b3fa620a3f5,Reddit_Commento,3
r_cfb619226493,Reddit_Commento,3
r_5735c5e95018,Reddit_Commento,6
r_c758d90ff478,Reddit_Commento,14
r_1ed2185677a4,Reddit_Commento,3
r_920380653f54,Reddit_Commento,3
r_77eaee046790,Reddit_Commento,3
r_1773aa7ef02e,Reddit_Commento,3
r_142acad32c29,Reddit_Commento,11
r_52371f36547e,Reddit_Commento,3
r_ca366f985e68,Reddit_Commento,3
r_e8364bff0cf9,Reddit_Commento,3
r_10aec0bfe10f,Reddit_Commento,3
r_5ae4bc9e5b42,Reddit_Commento,3
r_8d1b17f5f18b,Reddit_Commento,13
r_ed5398d11f98,Reddit_Commento,5
r_55f319c23c9b,Reddit_Commento,3
r_8b52db13c342,Reddit_Commento,11
r_9dea6159dc7e,Reddit_Commento,11
r_fa6e65abc01f,Reddit_Commento,2
r_96c723015143,Reddit_Commento,3
r_33d4a237fc27,Reddit_Commento,13
r_933e6b713897,Reddit_Commento,7
r_297ec6ee5207,Reddit_Commento,11
r_c114f8090c6e,Reddit_Commento,11
r_84ddb3a24af9,Reddit_Commento,3
r_21d30669309c,Reddit_Commento,11
r_dc1bf96a53e5,Reddit_Commento,3
r_b8d4e5ebc133,Reddit_Commento,3
r_c9d818bbc32a,Reddit_Commento,3
r_a064af826601,Reddit_Commento,3
r_35e0e2dcd40f,Reddit_Commento,3
r_b9cf34da2607,Reddit_Commento,3
r_8bb4576dd812,Reddit_Commento,3
r_d2c0b033e9fe,Reddit_Commento,3
r_c0072542ffa7,Reddit_Commento,3
r_5118c509ada3,Reddit_Commento,2
r_6b4feab20680,Reddit_Commento,13
r_e18e9276e676,Reddit_Commento,3
r_386cf269ccf3,Reddit_Commento,11
r_3d5b45c34fa1,Reddit_Commento,11
r_7815fb375d70,Reddit_Commento,3
r_c3856000364c,Reddit_Commento,11
r_cf67f8fd717c,Reddit_Commento,3
r_82bae7d76abd,Reddit_Commento,11
r_a6fde27ca6d6,Reddit_Commento,11
r_07ea3261a51f,Reddit_Commento,11
r_71aa4087acc8,Reddit_Commento,13
r_e9799e5e0fd4,Reddit_Commento,3
r_ba5dda906692,Reddit_Commento,13
r_2096c5015155,Reddit_Commento,11
r_c5fc0e128657,Reddit_Commento,3
r_e0fd69c664f8,Reddit_Commento,3
r_98762879500a,Reddit_Commento,5
r_a0f6abc21f65,Reddit_Commento,3
r_31d95aa60a0a,Reddit_Commento,5
r_a603672033c0,Reddit_Commento,11
r_5ba08d34f975,Reddit_Commento,13
r_26bfff282c15,Reddit_Commento,3
r_35853708ff27,Reddit_Commento,2
r_82a3a678c452,Reddit_Commento,3
r_153328f40d76,Reddit_Commento,3
r_4b303337d7f4,Reddit_Commento,11
r_3d714b67d9d9,Reddit_Commento,3
r_d791c0645517,Reddit_Commento,13
r_ccd3795bfb04,Reddit_Commento,5
r_8e34bcdc0e35,Reddit_Commento,3
r_d629ceb2c9c3,Reddit_Commento,13
r_52a369ab6d1e,Reddit_Commento,3
r_02431c335a97,Reddit_Commento,3
r_f74bb9720c10,Reddit_Commento,11
r_9b1b8b8478a9,Reddit_Commento,3
r_c87f4003391b,Reddit_Commento,5
r_50588dadb4c0,Reddit_Commento,14
r_a6a41d7673fb,Reddit_Commento,11
r_1d956e8b9865,Reddit_Commento,3
r_006d43a5e3dc,Reddit_Commento,3
r_05ac5fe579ab,Reddit_Commento,13
r_e6026ff1a4dd,Reddit_Commento,3
r_e02f4aa5e2b0,Reddit_Commento,3
r_030ac9dffb6f,Reddit_Commento,13
r_ebe913ad5037,Reddit_Commento,3
r_c37dcbcdf4c2,Reddit_Commento,11
r_7bebc93995f6,Reddit_Commento,3
r_a2dc65ecc88f,Reddit_Commento,14
r_0e3104210db6,Reddit_Commento,3
r_1957a6111e6d,Reddit_Commento,10
r_27a447898079,Reddit_Commento,13
r_ef45348702ca,Reddit_Commento,3
r_946ddf961be8,Reddit_Commento,13
r_f224f399e7a4,Reddit_Commento,13
r_3dc659302d97,Reddit_Commento,13
r_3ece4342edf9,Reddit_Commento,3
r_aab5dc89e317,Reddit_Commento,11
r_14cdc15a4341,Reddit_Commento,7
r_dcb19d76d11a,Reddit_Commento,3
r_34a4740bb846,Reddit_Commento,11
r_7da71fb97cb1,Reddit_Commento,7
r_e3f671896601,Reddit_Commento,3
r_a5d30cd2947b,Reddit_Commento,13
r_d48a858f9718,Reddit_Commento,3
r_57a564b97c1d,Reddit_Commento,14
r_33213a5ecd4a,Reddit_Commento,5
r_836155fdd047,Reddit_Commento,3
r_11e9ff916730,Reddit_Commento,14
r_08e24c428f19,Reddit_Commento,11
r_f80170156eec,Reddit_Commento,3
r_0ca2f952a7ef,Reddit_Commento,3
r_3d4966c1c43a,Reddit_Commento,3
r_664a080893fe,Reddit_Commento,13
r_f6092e99609c,Reddit_Commento,14
r_5922f051deeb,Reddit_Commento,3
r_af28735e6ff2,Reddit_Commento,13
r_f378cc507128,Reddit_Commento,3
r_ce816428d40e,Reddit_Commento,13
r_fac7b9c066e2,Reddit_Commento,3
r_173625d1fd39,Reddit_Commento,3
r_44a05ed35d8e,Reddit_Commento,3
r_caa1a7ecc8f5,Reddit_Commento,13
r_85241d9daaa1,Reddit_Commento,13
r_19cfc3741cb1,Reddit_Commento,3
r_05bbfc321735,Reddit_Commento,3
r_6fe61ee5c5f3,Reddit_Commento,14
r_a2194efa005f,Reddit_Commento,3
r_77b6be8e708f,Reddit_Commento,13
r_34afa445a7a2,Reddit_Commento,5
r_f18616847fd9,Reddit_Commento,3
r_7f06ff08eb0e,Reddit_Commento,3
r_38bae7d0b061,Reddit_Commento,13
r_e129610bae7c,Reddit_Commento,3
r_b898e303aad4,Reddit_Commento,11
r_fb524dc4698d,Reddit_Commento,3
r_828f389a549f,Reddit_Commento,7
r_e3e971a7bb06,Reddit_Commento,3
r_d7790edc1cd7,Reddit_Commento,3
r_84eab6d18404,Reddit_Commento,11
r_06f9df4ca850,Reddit_Commento,10
r_332d7800febb,Reddit_Commento,11
r_4df7263af0a6,Reddit_Commento,2
r_ce84d22d9145,Reddit_Commento,3
r_84503af74941,Reddit_Commento,13
r_ab8abbaabe21,Reddit_Commento,14
r_c0456b429c55,Reddit_Commento,7
r_47fc949937be,Reddit_Commento,5
r_5758b7176156,Reddit_Commento,13
r_1a06e30c15ab,Reddit_Commento,3
r_42886f3779f4,Reddit_Commento,13
r_aa325ea7c625,Reddit_Commento,11
r_9f774a851d3a,Reddit_Commento,10
r_8e9cf1ca64f3,Reddit_Commento,11
r_e88105989d10,Reddit_Commento,3
r_ab479f5027ee,Reddit_Commento,3
r_614345399a2a,Reddit_Commento,3
r_0bf749eb3b8e,Reddit_Commento,3
r_9e9101d1f185,Reddit_Commento,3
r_1f920fa988cd,Reddit_Commento,3
r_35ce72c1a109,Reddit_Commento,5
r_65f29c10798d,Reddit_Commento,2
r_0c1498e2605e,Reddit_Commento,3
r_e4a3c4ba136c,Reddit_Commento,11
r_37288321a904,Reddit_Commento,13
r_96dd8dd6d841,Reddit_Commento,5
r_d73cf9f0b548,Reddit_Commento,3
r_1e7735d37267,Reddit_Commento,11
30420,Telegram,9
30442,Telegram,14
30493,Telegram,5
30588,Telegram,2
30622,Telegram,7
30635,Telegram,13
30735,Telegram,9
30853,Telegram,3
30879,Telegram,6
30893,Telegram,2
30895,Telegram,9
30961,Telegram,13
30967,Telegram,13
30990,Telegram,8
30992,Telegram,13
30994,Telegram,11
31001,Telegram,7
31016,Telegram,13
31064,Telegram,5
31088,Telegram,9
31089,Telegram,5
31106,Telegram,13
31122,Telegram,8
31183,Telegram,5
31240,Telegram,5
31314,Telegram,12
31364,Telegram,3
31365,Telegram,2
31376,Telegram,2
31407,Telegram,3
82162,Telegram,6
82163,Telegram,3
82164,Telegram,3
82165,Telegram,11
82166,Telegram,8
82168,Telegram,3
82169,Telegram,5
82172,Telegram,4
82174,Telegram,7
82175,Telegram,7
82176,Telegram,11
82178,Telegram,8
82179,Telegram,7
82180,Telegram,8
82182,Telegram,3
82196,Telegram,7
82201,Telegram,6
82205,Telegram,7
82206,Telegram,7
82207,Telegram,9
82208,Telegram,7
82211,Telegram,3
82212,Telegram,4
82213,Telegram,11
82215,Telegram,13
82216,Telegram,13
82217,Telegram,13
82218,Telegram,3
82219,Telegram,6
82221,Telegram,12
82222,Telegram,6
82226,Telegram,7
82228,Telegram,9
82229,Telegram,13
82231,Telegram,13
82235,Telegram,12
82237,Telegram,0
82240,Telegram,1
82246,Telegram,14
82247,Telegram,6
82251,Telegram,12
82256,Telegram,12
82265,Telegram,6
82266,Telegram,7
82268,Telegram,7
82269,Telegram,5
82270,Telegram,6
82271,Telegram,6
82272,Telegram,7
82273,Telegram,14
82276,Telegram,7
82281,Telegram,11
82283,Telegram,11
82286,Telegram,14
82287,Telegram,14
82292,Telegram,14
82295,Telegram,7
82297,Telegram,7
82298,Telegram,7
82299,Telegram,7
82300,Telegram,7
82301,Telegram,7
82308,Telegram,9
82309,Telegram,5
82322,Telegram,6
82323,Telegram,14
82325,Telegram,12
82327,Telegram,4
82328,Telegram,5
82329,Telegram,7
82332,Telegram,6
82333,Telegram,6
82334,Telegram,5
82337,Telegram,5
82339,Telegram,12
82341,Telegram,7
82342,Telegram,7
82344,Telegram,3
82347,Telegram,4
82351,Telegram,7
82352,Telegram,8
82354,Telegram,6
82359,Telegram,11
82362,Telegram,7
82365,Telegram,5
82372,Telegram,2
82374,Telegram,4
82375,Telegram,8
82377,Telegram,14
82378,Telegram,8
82379,Telegram,13
82386,Telegram,3
82390,Telegram,6
82392,Telegram,2
82393,Telegram,11
82394,Telegram,11
82400,Telegram,13
82404,Telegram,13
82407,Telegram,2
82410,Telegram,7
82414,Telegram,6
82417,Telegram,9
82420,Telegram,9
82423,Telegram,6
82424,Telegram,14
82427,Telegram,6
82428,Telegram,13
82429,Telegram,3
82430,Telegram,3
82434,Telegram,7
82435,Telegram,3
82437,Telegram,3
82438,Telegram,5
82440,Telegram,7
82442,Telegram,11
82443,Telegram,7
82444,Telegram,3
82445,Telegram,9
82446,Telegram,3
82447,Telegram,12
82448,Telegram,8
82449,Telegram,7
82450,Telegram,6
82451,Telegram,8
82454,Telegram,5
82457,Telegram,9
82458,Telegram,9
82459,Telegram,7
82461,Telegram,14
82462,Telegram,7
82463,Telegram,8
82464,Telegram,11
82466,Telegram,13
82467,Telegram,6
82468,Telegram,6
82469,Telegram,7
82470,Telegram,14
82481,Telegram,7
82483,Telegram,13
82485,Telegram,4
82488,Telegram,7
82497,Telegram,7
82499,Telegram,6
82500,Telegram,8
82504,Telegram,7
82506,Telegram,4
82507,Telegram,7
82508,Telegram,13
82510,Telegram,13
82511,Telegram,6
82512,Telegram,11
82513,Telegram,5
82515,Telegram,13
82518,Telegram,7
82519,Telegram,7
82520,Telegram,7
82521,Telegram,12
82523,Telegram,6
82525,Telegram,9
82526,Telegram,9
82527,Telegram,7
82531,Telegram,8
82535,Telegram,13
82536,Telegram,5
82537,Telegram,7
82538,Telegram,13
82540,Telegram,4
82544,Telegram,12
82545,Telegram,12
82546,Telegram,12
82548,Telegram,13
82549,Telegram,4
82551,Telegram,7
82552,Telegram,7
82555,Telegram,13
82557,Telegram,4
82558,Telegram,13
82560,Telegram,5
82561,Telegram,7
82564,Telegram,14
82567,Telegram,14
82568,Telegram,5
82569,Telegram,13
82571,Telegram,3
82572,Telegram,7
82573,Telegram,7
82574,Telegram,4
82575,Telegram,4
82576,Telegram,4
82577,Telegram,4
82578,Telegram,9
82579,Telegram,4
82580,Telegram,3
82582,Telegram,3
82584,Telegram,13
82585,Telegram,11
82586,Telegram,3
82587,Telegram,7
82588,Telegram,3
82590,Telegram,5
82593,Telegram,8
82594,Telegram,14
82598,Telegram,3
82599,Telegram,9
82600,Telegram,7
82604,Telegram,9
82612,Telegram,7
82615,Telegram,7
82618,Telegram,14
82620,Telegram,4
82621,Telegram,4
82622,Telegram,0
82624,Telegram,0
82627,Telegram,5
82628,Telegram,3
82633,Telegram,11
82634,Telegram,9
82635,Telegram,11
82636,Telegram,13
82637,Telegram,9
82638,Telegram,8
82639,Telegram,13
82640,Telegram,3
82641,Telegram,3
82643,Telegram,13
82645,Telegram,6
82647,Telegram,6
82648,Telegram,6
82652,Telegram,7
82653,Telegram,14
82654,Telegram,9
82655,Telegram,6
82657,Telegram,1
82661,Telegram,13
82664,Telegram,7
82673,Telegram,14
82676,Telegram,7
82682,Telegram,7
82685,Telegram,8
82686,Telegram,14
82688,Telegram,6
82689,Telegram,6
82690,Telegram,6
82691,Telegram,6
82692,Telegram,13
82693,Telegram,7
82694,Telegram,5
82695,Telegram,8
82696,Telegram,5
82697,Telegram,6
82698,Telegram,6
82699,Telegram,7
82700,Telegram,14
82701,Telegram,3
82702,Telegram,5
82703,Telegram,13
82708,Telegram,7
82709,Telegram,4
82712,Telegram,5
82713,Telegram,8
82716,Telegram,11
82717,Telegram,11
82718,Telegram,5
82719,Telegram,14
82723,Telegram,4
82724,Telegram,9
82726,Telegram,4
82727,Telegram,9
82731,Telegram,7
82732,Telegram,4
82733,Telegram,7
82738,Telegram,14
82743,Telegram,3
82747,Telegram,13
82749,Telegram,13
82752,Telegram,4
82753,Telegram,5
82755,Telegram,4
82756,Telegram,4
82761,Telegram,11
82764,Telegram,13
82766,Telegram,4
82768,Telegram,7
82770,Telegram,7
82776,Telegram,13
82781,Telegram,9
82782,Telegram,6
82783,Telegram,6
82784,Telegram,13
82785,Telegram,3
82786,Telegram,13
82788,Telegram,5
82792,Telegram,6
82793,Telegram,13
82794,Telegram,9
82795,Telegram,9
82796,Telegram,13
82799,Telegram,7
82800,Telegram,9
82801,Telegram,9
82803,Telegram,10
82804,Telegram,4
82806,Telegram,9
82808,Telegram,9
82809,Telegram,6
82810,Telegram,6
82811,Telegram,7
82815,Telegram,6
82816,Telegram,13
82819,Telegram,13
82820,Telegram,13
82821,Telegram,13
82822,Telegram,13
82824,Telegram,6
82826,Telegram,14
82827,Telegram,6
82828,Telegram,6
82829,Telegram,6
82834,Telegram,7
82835,Telegram,13
82838,Telegram,9
82839,Telegram,6
82841,Telegram,6
82842,Telegram,9
82843,Telegram,14
82844,Telegram,6
82846,Telegram,6
82847,Telegram,8
82848,Telegram,13
82849,Telegram,0
82850,Telegram,14
82855,Telegram,12
82863,Telegram,7
82866,Telegram,12
82867,Telegram,14
82869,Telegram,6
82871,Telegram,13
82873,Telegram,11
82874,Telegram,6
82879,Telegram,4
82882,Telegram,12
82887,Telegram,5
82893,Telegram,7
82901,Telegram,12
82903,Telegram,8
82908,Telegram,14
82909,Telegram,14
82912,Telegram,7
82914,Telegram,3
82915,Telegram,12
82919,Telegram,7
82920,Telegram,3
82922,Telegram,6
82923,Telegram,9
82924,Telegram,3
82926,Telegram,13
82927,Telegram,3
82933,Telegram,6
82935,Telegram,7
82936,Telegram,7
82937,Telegram,7
82940,Telegram,13
82946,Telegram,6
82947,Telegram,13
82950,Telegram,6
82952,Telegram,7
82955,Telegram,8
82957,Telegram,8
82959,Telegram,10
82960,Telegram,6
82963,Telegram,14
82964,Telegram,13
82971,Telegram,7
82972,Telegram,3
82973,Telegram,6
82975,Telegram,7
82976,Telegram,7
82978,Telegram,3
82981,Telegram,13
82982,Telegram,7
82986,Telegram,14
82987,Telegram,7
82988,Telegram,7
82989,Telegram,7
82995,Telegram,13
82998,Telegram,0
82999,Telegram,7
83002,Telegram,3
83003,Telegram,3
83005,Telegram,12
83008,Telegram,12
83009,Telegram,7
83011,Telegram,6
83012,Telegram,3
83016,Telegram,3
83017,Telegram,4
83018,Telegram,13
83023,Telegram,3
83024,Telegram,1
83025,Telegram,13
83026,Telegram,3
83027,Telegram,7
83037,Telegram,4
83041,Telegram,5
83042,Telegram,7
83043,Telegram,7
83044,Telegram,7
83045,Telegram,7
83053,Telegram,10
83054,Telegram,14
83055,Telegram,7
83057,Telegram,4
83059,Telegram,13
83068,Telegram,7
83069,Telegram,3
83070,Telegram,1
83073,Telegram,7
83074,Telegram,7
83075,Telegram,5
83076,Telegram,13
83078,Telegram,3
83079,Telegram,6
83092,Telegram,5
83093,Telegram,14
83095,Telegram,10
83097,Telegram,6
83098,Telegram,6
83099,Telegram,7
83101,Telegram,11
83103,Telegram,7
83105,Telegram,3
83106,Telegram,4
83107,Telegram,13
83109,Telegram,7
83110,Telegram,7
83111,Telegram,7
83112,Telegram,4
83115,Telegram,7
83118,Telegram,4
83120,Telegram,6
83123,Telegram,2
83127,Telegram,13
83128,Telegram,3
83131,Telegram,3
83132,Telegram,13
83141,Telegram,3
83142,Telegram,7
83143,Telegram,7
83144,Telegram,6
83145,Telegram,7
83147,Telegram,3
83148,Telegram,14
83149,Telegram,14
83151,Telegram,6
83153,Telegram,13
83154,Telegram,13
https://www.bbc.com/news/articles/c1e22n55zn4o,BBC_News,3
https://www.bbc.com/news/articles/c1k2lmmjvzxo,BBC_News,13
https://www.bbc.com/news/articles/c5y74lwx395o,BBC_News,3
https://www.bbc.com/news/articles/clyp6831yp5o,BBC_News,3
https://www.bbc.com/news/articles/clyp8y0zm3mo,BBC_News,2
https://www.bbc.com/news/articles/clypg7lr9kko,BBC_News,2
https://www.bbc.com/news/articles/cp3pzg491ypo,BBC_News,3
https://www.bbc.com/news/articles/cvgz05jyrrpo,BBC_News,3
https://www.bbc.com/news/articles/cy42x3g7r89o,BBC_News,13
https://www.theguardian.com/artanddesign/2025/dec/02/faberge-egg-mother-russia-tsar-23m,Guardian,2
https://www.theguardian.com/artanddesign/2025/dec/22/the-best-design-and-architecture-of-2025,Guardian,2
https://www.theguardian.com/artanddesign/2025/dec/27/the-sight-of-it-is-still-shocking-46-photos-that-tell-the-story-of-the-century-so-far,Guardian,2
https://www.theguardian.com/artanddesign/2025/nov/03/orphans-of-history-the-forgotten-republic-of-transnistria-photo-essay,Guardian,11
https://www.theguardian.com/artanddesign/2026/apr/07/nifty-japanese-printing-gadget-risograph-riso-club-gabriella-marcella,Guardian,2
https://www.theguardian.com/artanddesign/2026/apr/24/venice-biennale-jury-not-award-artists-countries-face-war-crimes-israel-russia,Guardian,5
https://www.theguardian.com/artanddesign/2026/apr/30/venice-biennale-jury-quits-amid-row-russia,Guardian,5
https://www.theguardian.com/artanddesign/2026/feb/17/shigeru-ban-architect-cathedrals-quake-shelters-beer-crates-paper,Guardian,2
https://www.theguardian.com/artanddesign/2026/feb/20/an-unknown-woman-how-i-discovered-a-hidden-tragedy-tied-to-russias-most-famous-painting,Guardian,2
https://www.theguardian.com/artanddesign/2026/feb/23/julia-kochetova-photographs-war-ukraine,Guardian,2
https://www.theguardian.com/artanddesign/2026/jan/30/10-years-of-photo-brussels-belgiums-leading-photography-festival,Guardian,2
https://www.theguardian.com/artanddesign/2026/mar/09/venice-biennale-ukraine-exclude-russia,Guardian,5
https://www.theguardian.com/artanddesign/2026/mar/12/venice-biennale-risks-losing-eu-funding-over-planned-russia-involvement,Guardian,5
https://www.theguardian.com/artanddesign/2026/may/01/ukraine-concrete-deer-venice-biennale,Guardian,2
https://www.theguardian.com/artanddesign/2026/may/04/anish-kapoor-venice-biennale-us-should-be-excluded,Guardian,2
https://www.theguardian.com/artanddesign/2026/may/05/venice-biennale-protests-resignations-russia-israel,Guardian,2
https://www.theguardian.com/artanddesign/2026/may/09/female-nudity-art-stinks-key-takeways-venice-biennale-2026,Guardian,2
https://www.theguardian.com/artanddesign/2026/may/09/what-not-to-miss-at-the-2026-venice-biennale,Guardian,2
https://www.theguardian.com/australia-news/2025/dec/01/morning-mail-monday-ntwnfb,Guardian,4
https://www.theguardian.com/australia-news/2025/dec/03/morning-mail-major-ndis-change-revealed-putin-ready-to-fight-europe-naplan-data-identifies-top-schools,Guardian,4
https://www.theguardian.com/australia-news/2025/dec/04/morning-mail-thursday-ntwnfb,Guardian,4
https://www.theguardian.com/australia-news/2025/dec/05/morning-mail-friday-ntwnfb,Guardian,4
https://www.theguardian.com/australia-news/2025/dec/08/morning-mail-monday-ntwnfb,Guardian,4
https://www.theguardian.com/australia-news/2025/dec/08/pure-political-pork-labor-withdraws-power-bill-subsidies-as-treasurer-forecasts-difficult-budget-decisions,Guardian,8
https://www.theguardian.com/australia-news/2025/dec/09/morning-mail-tuesday-ntwnfb,Guardian,4
https://www.theguardian.com/australia-news/2025/dec/15/afternoon-update-monday-ntwnfb,Guardian,4
https://www.theguardian.com/australia-news/2025/dec/16/morning-mail-tuesday-ntwnfb,Guardian,4
https://www.theguardian.com/australia-news/2025/dec/16/remember-her-name-heartbreak-in-bondi-as-huge-crowd-mourns-matilda,Guardian,2
https://www.theguardian.com/australia-news/2025/dec/17/morning-mail-wednesday-ntwnfb,Guardian,4
https://www.theguardian.com/australia-news/2025/dec/17/we-must-be-strong-the-words-of-holocaust-survivor-and-bondi-terror-victim-alex-kleytman-live-on,Guardian,2
https://www.theguardian.com/australia-news/2025/dec/18/amid-a-sea-of-bees-mourners-flow-out-the-door-to-pay-tribute-to-matilda-the-youngest-victim-of-the-bondi-attack-ntwnfb,Guardian,2
https://www.theguardian.com/australia-news/2025/dec/19/morning-mail-friday-ntwnfb,Guardian,4
https://www.theguardian.com/australia-news/2025/nov/07/morning-mail-friday-ntwnfb,Guardian,4
https://www.theguardian.com/australia-news/2025/nov/09/loophole-russian-sanctions-oil-imported-to-australia,Guardian,13
https://www.theguardian.com/australia-news/2025/nov/10/morning-mail-monday-ntwnfb-specialist-healthcare-costs-skyrocket-criticism-over-ato-call-centre-contracts-bbc-bosses-resign-over-bias-row,Guardian,4
https://www.theguardian.com/australia-news/2025/nov/12/russian-embassy-canberra-high-court-bid-fails-federal-govenment-to-pay-costs-compensation,Guardian,4
https://www.theguardian.com/australia-news/2025/nov/13/morning-mail-thursday-ntwnfb,Guardian,4
https://www.theguardian.com/australia-news/2025/nov/17/morning-mail-monday-ntwnfb,Guardian,4
https://www.theguardian.com/australia-news/2025/nov/21/morning-mail-friday-ntwnfb,Guardian,4
https://www.theguardian.com/australia-news/2025/nov/24/morning-mail-monday-ntwnfb-the-unanswered-dezi-freeman-questions-anger-at-the-atos-outsourced-call-centres-trump-blasts-ukraine-over-peace-deal,Guardian,4
https://www.theguardian.com/australia-news/2025/nov/25/morning-mail-tuesday-ntwnfb,Guardian,4
https://www.theguardian.com/australia-news/2025/nov/26/morning-mail-wednesday-ntwnfb,Guardian,4
https://www.theguardian.com/australia-news/2025/oct/03/morning-mail-nauru-asylum-seekers-going-hungry-ato-hunt-for-old-debts-uk-synagogue-attack,Guardian,4
https://www.theguardian.com/australia-news/2025/oct/06/morning-mail-monday-ntwnfb,Guardian,4
https://www.theguardian.com/australia-news/2025/oct/06/over-half-of-australians-support-sanctions-on-israel-and-its-leaders-for-ongoing-attacks-on-gaza-poll-shows,Guardian,4
https://www.theguardian.com/australia-news/2025/oct/16/adani-denies-claims-it-sold-below-market-coal-leading-to-queensland-missing-out-on-hundreds-of-millions-in-royalties,Guardian,1
https://www.theguardian.com/australia-news/2025/oct/17/morning-mail-friday-ntwnfb,Guardian,4
https://www.theguardian.com/australia-news/2025/oct/20/morning-mail-monday-ntwnfb,Guardian,4
https://www.theguardian.com/australia-news/2025/oct/21/morning-mail-tuesday-ntwnfb,Guardian,4
https://www.theguardian.com/australia-news/2025/oct/23/afternoon-update-thursday-ntwnfb,Guardian,4
https://www.theguardian.com/australia-news/2025/oct/23/morning-mail-thursday-ntwnfb,Guardian,4
https://www.theguardian.com/australia-news/2025/oct/27/morning-mail-monday-ntwnfb,Guardian,4
https://www.theguardian.com/australia-news/2025/oct/30/afternoon-update-thursday-ntwnfb,Guardian,4
https://www.theguardian.com/australia-news/2025/oct/31/morning-mail-friday-ntwnfb,Guardian,4
https://www.theguardian.com/australia-news/2026/apr/02/iranian-tourist-ban-doesnt-align-with-the-australian-values-hedieh-signed-up-to-as-a-citizen,Guardian,1
https://www.theguardian.com/australia-news/2026/apr/13/tony-abbott-labels-viktor-orban-trump-with-brains-as-future-of-budapest-thinktank-linked-to-former-pm-in-doubt,Guardian,0
https://www.theguardian.com/australia-news/2026/apr/14/morning-mail-tuesday-ntwnfb,Guardian,4
https://www.theguardian.com/australia-news/2026/apr/23/morning-mail-thursday-ntwnfb,Guardian,4
https://www.theguardian.com/australia-news/2026/apr/28/trump-picks-former-republican-congressman-to-be-ambassador-to-australia-after-17-month-vacancy,Guardian,12
https://www.theguardian.com/australia-news/2026/feb/02/morning-mail-monday-ntwnfb,Guardian,4
https://www.theguardian.com/australia-news/2026/feb/18/afternoon-update-wednesday-ntwnfb,Guardian,4
https://www.theguardian.com/australia-news/2026/feb/19/morning-mail-thursday-ntwnfb,Guardian,4
https://www.theguardian.com/australia-news/2026/feb/20/morning-mail-friday-ntwnfb,Guardian,4
https://www.theguardian.com/australia-news/2026/feb/23/morning-mail-monday-ntwnfb,Guardian,4
https://www.theguardian.com/australia-news/2026/feb/24/morning-mail-tuesday-ntwnfb,Guardian,4
https://www.theguardian.com/australia-news/2026/feb/25/morning-mail-wednesday-ntwnfb,Guardian,4
https://www.theguardian.com/australia-news/2026/feb/27/morning-mail-friday-ntwnfb,Guardian,4
https://www.theguardian.com/australia-news/2026/feb/28/australians-warned-that-iran-attack-increases-risk-of-further-escalation-and-flight-cancellations-in-region,Guardian,7
https://www.theguardian.com/australia-news/2026/jan/15/morning-mail-thursday-ntwnfb,Guardian,4
https://www.theguardian.com/australia-news/2026/jan/16/afternoon-update-friday-ntwnfb,Guardian,4
https://www.theguardian.com/australia-news/2026/jan/22/mark-carney-canada-denunciation-trump-australia-jim-chalmers,Guardian,6
https://www.theguardian.com/australia-news/2026/jan/26/morning-mail-monday-ntwnfb,Guardian,4
https://www.theguardian.com/australia-news/2026/jan/27/morning-mail-tuesday-ntwnfb,Guardian,4
https://www.theguardian.com/australia-news/2026/jan/27/turnbull-albanese-australia-trump-global-political-reality,Guardian,6
https://www.theguardian.com/australia-news/2026/jan/29/morning-mail-thursday-ntwnfb,Guardian,4
https://www.theguardian.com/australia-news/2026/mar/03/oil-gas-lng-prices-iran-war-middle-east-conflict-bills-australia-ntwnfb,Guardian,8
https://www.theguardian.com/australia-news/2026/mar/07/five-great-reads-christina-applegate-ms-pete-tong,Guardian,2
https://www.theguardian.com/australia-news/2026/mar/07/will-australia-be-dragged-into-us-israel-iran-war-ntwnfb,Guardian,6
https://www.theguardian.com/australia-news/2026/mar/09/morning-mail-monday-ntwnfb,Guardian,4
https://www.theguardian.com/australia-news/2026/mar/19/australia-fuel-energy-solutions-foreign-oil-reliance-prices,Guardian,13
https://www.theguardian.com/australia-news/2026/mar/25/morning-mail-wedensday-ntwnfb,Guardian,4
https://www.theguardian.com/australia-news/2026/mar/31/afternoon-update-tuesday-ntwnfb,Guardian,4
https://www.theguardian.com/australia-news/2026/may/11/morning-mail-monday-ntwnfb,Guardian,4
https://www.theguardian.com/australia-news/2026/may/18/morning-mail-monday-ntwnfb,Guardian,4
https://www.theguardian.com/australia-news/2026/may/20/morning-mail-wednesday-ntwnfb,Guardian,4
https://www.theguardian.com/australia-news/2026/may/21/morning-mail-thursday-ntwnfb,Guardian,4
https://www.theguardian.com/australia-news/2026/may/22/one-nation-pauline-hanson-australia-questions-climate-science-ntwnfb,Guardian,1
https://www.theguardian.com/australia-news/2026/may/25/morning-mail-monday-ntwnfb,Guardian,4
https://www.theguardian.com/books/2025/dec/02/marina-lewycka-posthumous-winner-of-winners-vintage-bollinger-wodehouse-prize-comic-fiction-rosanna-pike,Guardian,2
https://www.theguardian.com/books/2025/nov/19/marina-lewycka-obituary,Guardian,2
https://www.theguardian.com/books/2025/oct/04/how-to-live-a-good-life-in-difficult-times-yuval-noah-harari-rory-stewart-and-maria-ressa-in-conversation,Guardian,11
https://www.theguardian.com/books/2025/oct/07/motherland-by-julia-ioffe-review-the-matriarchs-who-built-mother-russia,Guardian,2
https://www.theguardian.com/books/2025/oct/07/the-pushkin-job-unmasking-the-thieves-behind-an-international-rare-books-heist,Guardian,2
https://www.theguardian.com/books/2025/oct/13/ukraine-literary-festival-bookforum-russian-attack-artur-dron,Guardian,2
https://www.theguardian.com/books/2026/apr/20/robert-skidelsky-obituary,Guardian,1
https://www.theguardian.com/books/2026/feb/18/the-disappearing-act-by-maria-stepanova-review-a-poetic-exploration-of-russian-guilt,Guardian,2
https://www.theguardian.com/books/2026/jan/07/the-oak-and-the-larch-by-sophie-pinkham-review-are-russias-forests-the-key-to-its-identity,Guardian,2
https://www.theguardian.com/books/2026/mar/16/london-book-fair-roundup-idris-elbas-thriller-deal-the-rise-of-romcom-and-fights-against-censorship,Guardian,2
https://www.theguardian.com/books/2026/mar/23/we-know-you-can-pay-a-million-by-anja-shortland-review-the-terrifying-new-world-of-ransomware,Guardian,4
https://www.theguardian.com/business/2025/dec/20/jim-ratcliffe-chemical-firms-received-up-to-70m-of-uk-state-aid-in-last-four-years,Guardian,1
https://www.theguardian.com/business/2025/dec/31/ftse-100-index-best-year-since-2009,Guardian,8
https://www.theguardian.com/business/2025/nov/03/the-nord-stream-riddle-echoes-of-mistrust-ripple-through-europe,Guardian,9
https://www.theguardian.com/business/2025/nov/13/liberty-steel-investigated-romania-embezzlement-sanjeev-gupta,Guardian,9
https://www.theguardian.com/business/2025/nov/28/tech-submarine-drones-startups-big-defence-companies,Guardian,13
https://www.theguardian.com/business/2025/oct/06/france-is-in-crisis-but-bond-markets-leave-other-governments-at-risk-of-meltdown-too,Guardian,8
https://www.theguardian.com/business/2025/oct/19/french-theme-park-company-puy-du-fou-won-uk-government-support-despite-ties-to-the-far-right,Guardian,9
https://www.theguardian.com/business/2025/oct/23/oil-price-jumps-after-trump-imposes-sanctions-on-two-russian-producers-rosneft-lukoil,Guardian,8
https://www.theguardian.com/business/2025/oct/26/trump-sanctions-impact-russian-oil-gas,Guardian,13
https://www.theguardian.com/business/2025/oct/27/uk-in-8bn-deal-to-sell-typhoon-jets-to-turkey-despite-human-rights-concerns,Guardian,9
https://www.theguardian.com/business/2026/apr/01/would-more-north-sea-drilling-mean-lower-energy-prices-uk-consumers-explainer,Guardian,1
https://www.theguardian.com/business/2026/apr/05/coal-reliance-iran-war-fossil-fuels,Guardian,13
https://www.theguardian.com/business/2026/apr/22/uk-firms-to-face-tougher-checks-on-export-licences-to-bolster-sanctions-on-russia,Guardian,5
https://www.theguardian.com/business/2026/apr/24/revealed-uk-oil-refinery-owner-moved-russian-loans-to-offshore-subsidiary-where-sanctions-did-not-apply,Guardian,9
https://www.theguardian.com/business/2026/apr/28/bp-profits-oil-gas-prices-iran-war-first-quarter,Guardian,13
https://www.theguardian.com/business/2026/feb/05/shell-increases-multibillion-pound-debt-pile-record-shareholder-payouts-oil-prices,Guardian,8
https://www.theguardian.com/business/2026/feb/09/experts-sound-alarm-over-uk-exports-to-firm-linked-to-russian-war-machine,Guardian,5
https://www.theguardian.com/business/2026/feb/20/france-germany-fighter-jet-of-the-future-fcas,Guardian,9
https://www.theguardian.com/business/2026/jan/01/oil-prices-record-steepest-annual-fall-covid-pandemic,Guardian,13
https://www.theguardian.com/business/2026/jan/06/bank-of-england-venezuelan-gold-nicolas-maduro-us-uk,Guardian,6
https://www.theguardian.com/business/2026/jan/07/oil-prices-fall-after-trump-says-venezuela-will-send-up-to-50m-barrels-to-us,Guardian,13
https://www.theguardian.com/business/2026/jan/08/shadow-fleet-ships-sanctioned-oil-reflagged-russia-lloyds-list-analysis,Guardian,3
https://www.theguardian.com/business/2026/jan/10/russia-economy-collapse-oil-prices-fall-war,Guardian,8
https://www.theguardian.com/business/2026/jan/11/3000-jobs-at-risk-unless-mod-signs-helicopter-order-sources-say,Guardian,8
https://www.theguardian.com/business/2026/jan/11/trump-move-for-venezuelas-resources-likely-to-weaken-economic-might-of-us,Guardian,6
https://www.theguardian.com/business/2026/jan/12/trump-fed-us-central-bank-risks-70s-style-inflation-economy,Guardian,8
https://www.theguardian.com/business/2026/jan/14/economic-conflicts-are-worlds-greatest-risk-wef-survey-suggests,Guardian,8
https://www.theguardian.com/business/2026/jan/16/the-dollar-is-losing-credibility-why-central-banks-are-scrambling-for-gold,Guardian,8
https://www.theguardian.com/business/2026/jan/21/trump-disorder-prompts-talk-liberal-alliances-mark-carney,Guardian,6
https://www.theguardian.com/business/2026/jan/22/friedrich-merz-german-chancellor-speech-davos-world-economic-forum,Guardian,6
https://www.theguardian.com/business/2026/jan/23/davos-turbulent-week-trump-circus,Guardian,6
https://www.theguardian.com/business/2026/jan/26/bank-of-scotland-fined-putin-ally-dmitrii-ovsiannikov,Guardian,9
https://www.theguardian.com/business/2026/jan/27/eu-and-india-sign-free-trade-agreement,Guardian,8
https://www.theguardian.com/business/2026/jan/31/end-ukraine-war-sanction-refineries-buying-russian-crude-oil-bill-browder,Guardian,8
https://www.theguardian.com/business/2026/mar/02/middle-east-crisis-oil-prices-inflation-us-iran-interest-rates-growth,Guardian,13
https://www.theguardian.com/business/2026/mar/04/war-in-middle-east-could-wipe-out-growth-in-uk-living-standards,Guardian,8
https://www.theguardian.com/business/2026/mar/05/big-burden-for-farmers-gulf-shipping-crisis-threatens-food-price-shock,Guardian,8
https://www.theguardian.com/business/2026/mar/07/airlines-groundings-expose-air-travel-reliance-gulf-corridor,Guardian,13
https://www.theguardian.com/business/2026/mar/07/trump-russia-sanctions-economy-us-india-putin-europe,Guardian,8
https://www.theguardian.com/business/2026/mar/08/iran-israel-us-war-inflation-interest-rates-global-economy-middle-east,Guardian,8
https://www.theguardian.com/business/2026/mar/08/oil-prices-supply-disruption-iran-war-goldman-sachs,Guardian,13
https://www.theguardian.com/business/2026/mar/09/how-high-could-oil-go-and-what-might-the-global-economic-fallout-be,Guardian,13
https://www.theguardian.com/business/2026/mar/10/oil-prices-drop-trump-iran-war,Guardian,13
https://www.theguardian.com/business/2026/mar/10/uk-inflation-could-rise-1-because-of-middle-east-crisis-says-obr,Guardian,8
https://www.theguardian.com/business/2026/mar/11/iea-oil-reserves-stockpiles-release-price-per-barrel-analysis,Guardian,13
https://www.theguardian.com/business/2026/mar/12/middle-east-war-creating-largest-supply-disruption-in-the-history-of-oil-markets,Guardian,13
https://www.theguardian.com/business/2026/mar/14/farmers-struggle-iran-war-drives-up-costs-fuel-fertiliser,Guardian,8
https://www.theguardian.com/business/2026/mar/15/energy-price-surge-britain-chemical-plant-risk-huntsman,Guardian,13
https://www.theguardian.com/business/2026/mar/17/iran-war-energy-uk-europe-steel-chemicals,Guardian,13
https://www.theguardian.com/business/2026/may/06/norwegian-government-rebuked-over-decision-to-reopen-north-sea-gas-fields,Guardian,13
https://www.theguardian.com/business/2026/may/18/rising-prices-money-inflation-higher-interest-rates-petrol-prices,Guardian,8
https://www.theguardian.com/business/2026/may/23/iran-war-us-gas-prices-oil-fuel,Guardian,13
https://www.theguardian.com/business/grogonomics/2025/nov/26/the-latest-inflation-figures-offer-no-joy-except-to-the-gas-producers-whose-windfall-profits-remain-largely-untouched,Guardian,8
https://www.theguardian.com/business/grogonomics/2026/mar/19/australian-government-gas-industry-iran-war-fuel-crisis,Guardian,8
https://www.theguardian.com/business/live/2025/dec/29/silver-precious-metals-prices-fed-rate-cut-oil-rises-trump-zelenskyy-meeting-business-live,Guardian,8
https://www.theguardian.com/business/live/2025/nov/24/bhp-walks-away-takeover-approach-anglo-mining-merger-uk-budget-cbi-ftse-pound-business-live-news,Guardian,8
https://www.theguardian.com/business/ng-interactive/2026/jan/18/davos-2026-donald-trump-us-wef-world-economic-forum,Guardian,6
https://www.theguardian.com/business/nils-pratley-on-finance/2026/mar/09/we-may-not-be-running-out-of-gas-but-we-still-need-a-serious-strategic-gas-reserve,Guardian,13
https://www.theguardian.com/commentisfree/2025/dec/01/uk-sue-foreign-oligarchs-corporations-litigation-offshore-courts,Guardian,1
https://www.theguardian.com/commentisfree/2025/dec/03/the-guardian-view-on-us-russia-talks-on-ukraine-a-warning-to-europe-to-move-faster-on-security-cooperation,Guardian,14
https://www.theguardian.com/commentisfree/2025/dec/04/europe-trump-putin-plans-ukraine-nato,Guardian,14
https://www.theguardian.com/commentisfree/2025/dec/05/trump-administration-opening-fire-drowning-men,Guardian,12
https://www.theguardian.com/commentisfree/2025/dec/07/putin-accept-trump-deal-russia-economy-ukraine-war,Guardian,8
https://www.theguardian.com/commentisfree/2025/dec/07/ukraine-is-facing-a-painful-choice,Guardian,14
https://www.theguardian.com/commentisfree/2025/dec/08/the-guardian-view-on-britains-post-american-drift-a-crisis-of-purpose-and-power,Guardian,6
https://www.theguardian.com/commentisfree/2025/dec/08/trump-doctrine-europe-us-coercion-economic,Guardian,6
https://www.theguardian.com/commentisfree/2025/dec/09/the-guardian-view-on-trump-and-europe-more-an-abusive-relationship-than-an-alliance,Guardian,6
https://www.theguardian.com/commentisfree/2025/dec/10/pomp-vladimir-putin-visit-delhi-weak-india-russia-relationship,Guardian,8
https://www.theguardian.com/commentisfree/2025/dec/10/tory-kemi-badenoch-nigel-farage-democracy-britain,Guardian,10
https://www.theguardian.com/commentisfree/2025/dec/12/donald-trump-regime-change-europe-us-european-far-right-keir-starmer,Guardian,6
https://www.theguardian.com/commentisfree/2025/dec/14/icc-sudan-militia-leader-putin-netanyahu-hegseth-international-law,Guardian,4
https://www.theguardian.com/commentisfree/2025/dec/15/trump-venezuela-repeat-past-mistakes,Guardian,6
https://www.theguardian.com/commentisfree/2025/dec/17/keir-starmer-brexit-europe-labour-rivals,Guardian,10
https://www.theguardian.com/commentisfree/2025/dec/17/vladimir-putin-democracy-west-weakness-russia-chaos,Guardian,10
https://www.theguardian.com/commentisfree/2025/dec/18/the-guardian-view-on-the-eu-and-ukraine-a-moment-of-truth-for-brussels-and-kyiv,Guardian,14
https://www.theguardian.com/commentisfree/2025/dec/19/2025-reform-uk-nigel-farage,Guardian,10
https://www.theguardian.com/commentisfree/2025/dec/19/europe-middle-east-syria-iraq-lebanon-donald-trump,Guardian,6
https://www.theguardian.com/commentisfree/2025/dec/21/china-keir-starmer-jimmy-lai,Guardian,6
https://www.theguardian.com/commentisfree/2025/dec/22/eu-vladimir-putin-ukraine-volodymyr-zelenskyy-russia-president,Guardian,14
https://www.theguardian.com/commentisfree/2025/dec/23/donald-trump-vladimir-putin-europe-russia-us,Guardian,6
https://www.theguardian.com/commentisfree/2025/dec/23/the-guardian-view-on-the-festive-season-a-suffering-world-needs-messages-of-peace-hope-and-goodwill,Guardian,4
https://www.theguardian.com/commentisfree/2025/dec/27/best-opinion-cartoons-2025-donald-trump-prince-andrew,Guardian,2
https://www.theguardian.com/commentisfree/2025/dec/28/donald-trump-legacy-maga-2026-tyrants,Guardian,6
https://www.theguardian.com/commentisfree/2025/dec/30/the-guardian-view-on-the-new-monroe-doctrine-trumps-forceful-approach-to-the-western-hemisphere-comes-at-a-cost,Guardian,6
https://www.theguardian.com/commentisfree/2025/nov/02/president-jd-vance-marco-rubio-leader-us,Guardian,6
https://www.theguardian.com/commentisfree/2025/nov/04/west-moscow-berlin-airlift-cold-war-civilians,Guardian,11
https://www.theguardian.com/commentisfree/2025/nov/09/donald-trump-nigeria-christians-faith-power,Guardian,6
https://www.theguardian.com/commentisfree/2025/nov/10/donald-trump-ugly-american,Guardian,6
https://www.theguardian.com/commentisfree/2025/nov/12/the-guardian-view-on-special-trump-treatment-for-hungary-roll-on-the-next-election,Guardian,0
https://www.theguardian.com/commentisfree/2025/nov/16/the-guardian-view-on-a-new-nuclear-age-great-powers-should-not-restock-a-house-of-dynamite,Guardian,6
https://www.theguardian.com/commentisfree/2025/nov/16/uk-asylum-reform-secure-borders-shabana-mahmood,Guardian,1
https://www.theguardian.com/commentisfree/2025/nov/16/us-rogue-state-extrajudicial-killings-venezuela,Guardian,6
https://www.theguardian.com/commentisfree/2025/nov/18/europe-digital-us-online-safety-laws,Guardian,5
https://www.theguardian.com/commentisfree/2025/nov/19/international-law-assault-rules-destruction-trump,Guardian,6
https://www.theguardian.com/commentisfree/2025/nov/19/the-guardian-view-on-funding-ukraines-resistance-a-looming-financial-crisis-in-kyiv-must-be-averted,Guardian,14
https://www.theguardian.com/commentisfree/2025/nov/22/trump-ukraine-peace-plan-gift-to-putin,Guardian,14
https://www.theguardian.com/commentisfree/2025/nov/24/donald-trump-peace-plan-kremlin-ukraine,Guardian,14
https://www.theguardian.com/commentisfree/2025/nov/24/the-guardian-view-on-a-viable-peace-framework-for-ukraine-with-europes-help-zelenskyy-can-have-better-cards,Guardian,14
https://www.theguardian.com/commentisfree/2025/nov/26/israel-international-law-donald-trump-us-sanction-judge,Guardian,4
https://www.theguardian.com/commentisfree/2025/nov/28/germany-war-army-national-service-citizens-ukraine-europe,Guardian,2
https://www.theguardian.com/commentisfree/2025/nov/28/the-guardian-view-on-ukraine-peace-talks-putin-is-taking-trump-for-another-ride-on-the-kremlin-carousel,Guardian,14
https://www.theguardian.com/commentisfree/2025/nov/29/russia-ukraine-peace-deal,Guardian,6
https://www.theguardian.com/commentisfree/2025/nov/30/china-donald-trump-xi-jinping-taiwan-trade,Guardian,6
https://www.theguardian.com/commentisfree/2025/oct/02/american-democracy-trump-putin-europe-dangers,Guardian,12
https://www.theguardian.com/commentisfree/2025/oct/05/trump-military-quantico-speech,Guardian,12
https://www.theguardian.com/commentisfree/2025/oct/08/eu-copenhagen-summit-defence-policy-ukraine-russia,Guardian,14
https://www.theguardian.com/commentisfree/2025/oct/09/rising-bills-cost-of-living-patriotism-flags-keir-starmer,Guardian,1
https://www.theguardian.com/commentisfree/2025/oct/11/reform-nigel-farage-hard-right-politics-gordon-brown-labour,Guardian,6
https://www.theguardian.com/commentisfree/2025/oct/14/two-brits-spy-china-keir-starmer-cash-poor-nation-superpower,Guardian,5
https://www.theguardian.com/commentisfree/2025/oct/15/the-guardian-view-on-eu-accession-for-ukraine-orban-must-not-be-allowed-to-call-the-tune,Guardian,14
https://www.theguardian.com/commentisfree/2025/oct/17/donald-trump-president-peace-civil-war-national-guard,Guardian,12
https://www.theguardian.com/commentisfree/2025/oct/19/donald-trump-xi-jinping-china-trade-tariffs-us-beijing,Guardian,6
https://www.theguardian.com/commentisfree/2025/oct/20/gaza-ukraine-donald-trump-stop-war-peace,Guardian,14
https://www.theguardian.com/commentisfree/2025/oct/20/the-guardian-view-on-ukraine-peace-talks-europe-must-ensure-zelenskyy-can-resist-trumps-bullying,Guardian,14
https://www.theguardian.com/commentisfree/2025/oct/22/eu-war-gaza-donald-trump-peace-israel-europe,Guardian,14
https://www.theguardian.com/commentisfree/2025/oct/23/sanctions-weapons-russia-ukraine-allies,Guardian,14
https://www.theguardian.com/commentisfree/2025/oct/28/europe-donald-trump-democracy-us,Guardian,6
https://www.theguardian.com/commentisfree/2025/oct/29/serbia-student-protests-anniversary,Guardian,9
https://www.theguardian.com/commentisfree/2025/oct/30/china-britain-power-defence-culture,Guardian,6
https://www.theguardian.com/commentisfree/2026/apr/01/the-guardian-view-on-ukraines-perilous-spring-europes-steadfast-support-is-more-vital-than-ever,Guardian,14
https://www.theguardian.com/commentisfree/2026/apr/02/donald-trump-iran-us-constitution-world-response,Guardian,6
https://www.theguardian.com/commentisfree/2026/apr/02/iran-war-expenses-cuts-america-power-dollarization,Guardian,8
https://www.theguardian.com/commentisfree/2026/apr/02/trump-iran-speech-reaction,Guardian,7
https://www.theguardian.com/commentisfree/2026/apr/03/the-guardian-view-on-the-us-and-europe-the-uk-tried-to-be-a-bridge-but-trump-likes-to-burn-them,Guardian,6
https://www.theguardian.com/commentisfree/2026/apr/04/donald-trump-iran-war-evangelical-nationalists-moral-world-order-pete-hegseth,Guardian,6
https://www.theguardian.com/commentisfree/2026/apr/07/trump-iran-international-war-crimes-prosecution,Guardian,5
https://www.theguardian.com/commentisfree/2026/apr/08/europe-lesson-donald-trump-era-us-sanity,Guardian,6
https://www.theguardian.com/commentisfree/2026/apr/08/germany-gerhard-schroder-errors-putin-spd-russia,Guardian,1
https://www.theguardian.com/commentisfree/2026/apr/09/iran-is-a-turning-point-for-europes-liberation-from-donald-trump,Guardian,6
https://www.theguardian.com/commentisfree/2026/apr/09/the-guardian-view-on-hungary-election-a-bellwether-contest-for-the-global-far-right,Guardian,0
https://www.theguardian.com/commentisfree/2026/apr/09/uk-food-security-iran-war,Guardian,8
https://www.theguardian.com/commentisfree/2026/apr/11/environmental-disaster-moldova-russia-ukraine-war-drinking-water,Guardian,3
https://www.theguardian.com/commentisfree/2026/apr/12/king-charles-us-visit-tough-love-speech-congress,Guardian,6
https://www.theguardian.com/commentisfree/2026/apr/13/donald-trump-war-us-blockade-medicine-fertiliser-shortages-uk-europe,Guardian,8
https://www.theguardian.com/commentisfree/2026/apr/13/the-guardian-view-on-hungarys-election-democracy-reclaimed-,Guardian,0
https://www.theguardian.com/commentisfree/2026/apr/13/viktor-orban-europe-hungary-democracy-peter-magyar-victory,Guardian,0
https://www.theguardian.com/commentisfree/2026/apr/14/the-guardian-view-on-defence-spending-should-uk-security-rest-with-donald-trump,Guardian,6
https://www.theguardian.com/commentisfree/2026/apr/14/viktor-orban-europe-britain-hard-right-populism,Guardian,0
https://www.theguardian.com/commentisfree/2026/apr/15/hungary-authoritarianism-poland-rule-of-law,Guardian,0
https://www.theguardian.com/commentisfree/2026/apr/17/sanctions-regime-change-iran-russia-western-countries,Guardian,6
https://www.theguardian.com/commentisfree/2026/apr/18/fossil-fuel-trump-green-revolution-us-iran-renewable-energy,Guardian,1
https://www.theguardian.com/commentisfree/2026/apr/21/viktor-orban-hungary-lessons,Guardian,0
https://www.theguardian.com/commentisfree/2026/apr/24/europe-profound-state-of-crisis-assess-threats-remedy,Guardian,6
https://www.theguardian.com/commentisfree/2026/apr/25/disruptive-racists-booing-anzac-day-welcome-country-police-ban-ntwnfb,Guardian,12
https://www.theguardian.com/commentisfree/2026/apr/26/iran-nuclear-weapon-war-develop-one-now,Guardian,6
https://www.theguardian.com/commentisfree/2026/apr/28/britain-war-cyber-attacks-disinformation-surveillance-blockades,Guardian,4
https://www.theguardian.com/commentisfree/2026/apr/29/missing-ukrainian-reporter-russian-prison-journalism-investigative,Guardian,5
https://www.theguardian.com/commentisfree/2026/feb/01/the-guardian-view-on-the-eus-answer-to-trump-trade-without-threats,Guardian,6
https://www.theguardian.com/commentisfree/2026/feb/01/trump-xi-putin-china-nuclear-armageddon,Guardian,6
https://www.theguardian.com/commentisfree/2026/feb/07/europe-trump-invasion-global-political-revolution-new-right,Guardian,6
https://www.theguardian.com/commentisfree/2026/feb/08/nuclear-war-risk-rising-global-peace,Guardian,6
https://www.theguardian.com/commentisfree/2026/feb/08/state-terror-us-israel-donald-trump-benjamin-netanyahu,Guardian,5
https://www.theguardian.com/commentisfree/2026/feb/11/jeffrey-epstein-files-norway-illusions-far-right,Guardian,1
https://www.theguardian.com/commentisfree/2026/feb/13/the-guardian-view-on-the-bbc-world-service-this-is-london-calling,Guardian,4
https://www.theguardian.com/commentisfree/2026/feb/15/defence-chiefs-russia-rearmament-security-britain-germany-europe,Guardian,8
https://www.theguardian.com/commentisfree/2026/feb/16/international-humanitarian-law-gaza-sudan-ukraine,Guardian,5
https://www.theguardian.com/commentisfree/2026/feb/16/marco-rubio-speech-europe-munich-jd-vance-maga-us,Guardian,6
https://www.theguardian.com/commentisfree/2026/feb/17/donald-trump-world-health-organization-hypocrisy-nigel-farage,Guardian,6
https://www.theguardian.com/commentisfree/2026/feb/18/the-guardian-view-on-uk-eu-defence-moving-in-the-right-direction-much-too-slowly,Guardian,8
https://www.theguardian.com/commentisfree/2026/feb/18/us-military-support-european-defence-union-ukraine,Guardian,14
https://www.theguardian.com/commentisfree/2026/feb/21/ukraine-us-betrayal-donald-trump-vladimir-putin,Guardian,6
https://www.theguardian.com/commentisfree/2026/feb/22/russia-cultural-liberal-elite-putin,Guardian,2
https://www.theguardian.com/commentisfree/2026/feb/23/award-ceremonies-anodyne-prince-william-bafta-moment,Guardian,2
https://www.theguardian.com/commentisfree/2026/feb/23/the-guardian-view-on-the-fourth-anniversary-of-vladimir-putins-war-ukraine-is-exhausted-but-not-broken-,Guardian,14
https://www.theguardian.com/commentisfree/2026/feb/24/ukraine-where-has-moral-clarity-gone-russia-invasion-putin,Guardian,2
https://www.theguardian.com/commentisfree/2026/feb/24/ukraine-wounded-soldiers-heal-stories-patients-war,Guardian,2
https://www.theguardian.com/commentisfree/2026/feb/25/donald-trump-maga-nigel-farage-reform-vladimir-putin-nationalism,Guardian,10
https://www.theguardian.com/commentisfree/2026/feb/25/world-ukraine-vladimir-putin-geopolitical-conflict-donald-trump,Guardian,3
https://www.theguardian.com/commentisfree/2026/feb/26/autocracy-west-democracy-global-south,Guardian,0
https://www.theguardian.com/commentisfree/2026/feb/26/friend-killed-reporting-marie-colvin,Guardian,4
https://www.theguardian.com/commentisfree/2026/feb/26/us-intelligence-iraq-war-ukraine,Guardian,6
https://www.theguardian.com/commentisfree/2026/jan/03/illegal-coup-venezuela-donald-trump-peace-war,Guardian,6
https://www.theguardian.com/commentisfree/2026/jan/03/today-trumps-target-was-caracas-what-tomorrow,Guardian,6
https://www.theguardian.com/commentisfree/2026/jan/05/donald-trump-coup-venezuela-break-rules-regret,Guardian,6
https://www.theguardian.com/commentisfree/2026/jan/05/donald-trump-venezuela-nicolas-maduro,Guardian,6
https://www.theguardian.com/commentisfree/2026/jan/05/the-guardian-view-on-europes-response-to-america-first-imperialism-too-weak-too-timid,Guardian,6
https://www.theguardian.com/commentisfree/2026/jan/06/donald-trump-new-world-order-venezuela-cuba-mexico-colombia-greenland,Guardian,6
https://www.theguardian.com/commentisfree/2026/jan/06/donald-trump-threat-civilization,Guardian,6
https://www.theguardian.com/commentisfree/2026/jan/06/europe-venezuela-donald-trump-vladimir-putin,Guardian,6
https://www.theguardian.com/commentisfree/2026/jan/07/keir-starmer-donald-trump-venezuela-europe,Guardian,6
https://www.theguardian.com/commentisfree/2026/jan/09/donald-trump-greenland-arctic-ice-north-pole-asia-north-america,Guardian,6
https://www.theguardian.com/commentisfree/2026/jan/09/why-spains-prime-minister-has-broken-ranks-in-europe-and-dared-to-confront-trump,Guardian,6
https://www.theguardian.com/commentisfree/2026/jan/11/greenland-venezuela-ukraine-donald-trump-lies-europe,Guardian,6
https://www.theguardian.com/commentisfree/2026/jan/11/ukraine-end-war-peace-paris-declaration-coalition-russia,Guardian,14
https://www.theguardian.com/commentisfree/2026/jan/12/donald-trump-greenland-eu-membership-europe,Guardian,6
https://www.theguardian.com/commentisfree/2026/jan/12/the-guardian-view-on-europes-crisis-of-self-confidence-a-new-mindset-needed-for-new-times,Guardian,6
https://www.theguardian.com/commentisfree/2026/jan/13/greenland-europe-credibility-litmus-test-trump-aggression-carries-price,Guardian,6
https://www.theguardian.com/commentisfree/2026/jan/14/trump-might-makes-right-world,Guardian,6
https://www.theguardian.com/commentisfree/2026/jan/16/greenland-us-trump-diplomacy-european-troops,Guardian,6
https://www.theguardian.com/commentisfree/2026/jan/16/nazi-theorist-vision-great-spaces-new-advocate-trump,Guardian,6
https://www.theguardian.com/commentisfree/2026/jan/18/trump-greenland-britain-europe,Guardian,6
https://www.theguardian.com/commentisfree/2026/jan/20/donald-trump-britain-europe-labour-uk,Guardian,6
https://www.theguardian.com/commentisfree/2026/jan/21/donald-trump-europe-tariff-threat-us-president,Guardian,6
https://www.theguardian.com/commentisfree/2026/jan/21/mark-carney-davos-canadian-prime-minister-donald-trump-new-world-order,Guardian,6
https://www.theguardian.com/commentisfree/2026/jan/21/the-guardian-view-on-keir-starmer-and-donald-trump-quiet-diplomacy-has-reached-its-limit,Guardian,6
https://www.theguardian.com/commentisfree/2026/jan/22/europe-must-heed-mark-carney-and-embrace-a-painful-emancipation-from-the-us,Guardian,6
https://www.theguardian.com/commentisfree/2026/jan/23/borgen-trump-greenland-denmark-adam-price,Guardian,6
https://www.theguardian.com/commentisfree/2026/jan/23/britain-us-establishment-russia-donald-trump,Guardian,6
https://www.theguardian.com/commentisfree/2026/jan/23/donald-trump-lies-ice,Guardian,12
https://www.theguardian.com/commentisfree/2026/jan/23/europe-trump-climbdown-genuflecting-tacos-greenland,Guardian,6
https://www.theguardian.com/commentisfree/2026/jan/23/war-keep-calm-and-carry-on-donald-trump,Guardian,2
https://www.theguardian.com/commentisfree/2026/jan/23/world-punches-back-donald-trump-went-too-far-davos,Guardian,6
https://www.theguardian.com/commentisfree/2026/jan/24/eu-economic-threat-donald-trump-greenland,Guardian,6
https://www.theguardian.com/commentisfree/2026/jan/25/global-rule-of-law-donald-trump-approval-ratings,Guardian,6
https://www.theguardian.com/commentisfree/2026/jan/25/the-guardian-view-on-europes-payments-problem-sovereignty-starts-at-the-till,Guardian,8
https://www.theguardian.com/commentisfree/2026/jan/26/europe-is-at-a-turning-point-timid-eu-elites-should-take-lessons-from-the-leopard,Guardian,6
https://www.theguardian.com/commentisfree/2026/jan/26/ukraine-winter-power-freezing-cold-russia,Guardian,2
https://www.theguardian.com/commentisfree/2026/jan/27/the-guardian-view-on-deepening-poverty-in-the-uk-a-catastrophic-tory-legacy-has-cut-millions-adrift,Guardian,1
https://www.theguardian.com/commentisfree/2026/jan/28/andy-burnham-china-visit-keir-starmer,Guardian,6
https://www.theguardian.com/commentisfree/2026/jan/28/donald-trump-attention-europe-greenland-venezuela-iran,Guardian,6
https://www.theguardian.com/commentisfree/2026/jan/28/the-guardian-view-on-keir-starmer-in-china-engagement-is-necessary-caution-is-vital,Guardian,6
https://www.theguardian.com/commentisfree/2026/mar/01/trump-and-netanyahus-attack-on-iran-is-an-act-of-aggression,Guardian,6
https://www.theguardian.com/commentisfree/2026/mar/03/starmer-position-iran-no-good-options,Guardian,6
https://www.theguardian.com/commentisfree/2026/mar/04/keir-starmer-britain-europe-reset-four-ways,Guardian,8
https://www.theguardian.com/commentisfree/2026/mar/06/france-far-right-president-europe-emmanuel-macron-national-rally,Guardian,9
https://www.theguardian.com/commentisfree/2026/mar/08/iran-war-keir-starmer-donald-trump-us-israel,Guardian,6
https://www.theguardian.com/commentisfree/2026/mar/09/the-guardian-view-on-the-iran-crisis-exposing-britains-energy-vulnerability-clean-power-offers-protection,Guardian,13
https://www.theguardian.com/commentisfree/2026/mar/10/israeli-settlements-sanctions-west-bank,Guardian,7
https://www.theguardian.com/commentisfree/2026/mar/11/donald-trump-war-iran-ego-trip-economic-damage,Guardian,6
https://www.theguardian.com/commentisfree/2026/mar/12/oil-price-shocks-trump-war-china-iran-russia,Guardian,13
https://www.theguardian.com/commentisfree/2026/mar/12/war-iran-world-war-3-discussion,Guardian,6
https://www.theguardian.com/commentisfree/2026/mar/13/donald-trump-iran-war-total-disaster,Guardian,6
https://www.theguardian.com/commentisfree/2026/mar/13/the-guardian-view-on-the-iran-war-and-international-law-its-worse-than-a-mistake-its-a,Guardian,6
https://www.theguardian.com/commentisfree/2026/mar/13/uk-energy-prices-soaring-war-iran-fossil-fuel-north-sea,Guardian,1
https://www.theguardian.com/commentisfree/2026/mar/16/iran-strait-of-hormuz-blockade-trump-israel,Guardian,7
https://www.theguardian.com/commentisfree/2026/mar/16/iran-war-fuel-prices-economic-calamity-uk-politics,Guardian,13
https://www.theguardian.com/commentisfree/2026/mar/17/rfk-jr-we-get-it-abs-slopaganda,Guardian,2
https://www.theguardian.com/commentisfree/2026/mar/18/britain-needs-diplomats-more-than-ever-world,Guardian,8
https://www.theguardian.com/commentisfree/2026/mar/18/donald-trum-nato-gulf-war-europe-iran-vladimir-putin,Guardian,6
https://www.theguardian.com/commentisfree/2026/mar/18/raise-interest-rates-us-war-iran-price-controls-public-ownership,Guardian,8
https://www.theguardian.com/commentisfree/2026/mar/19/oil-crisis-research-rich-costs-wealth-redistribute,Guardian,13
https://www.theguardian.com/commentisfree/2026/mar/20/attack-uk-us-europe-netanyahu-jews-violence-antisemitism,Guardian,7
https://www.theguardian.com/commentisfree/2026/mar/22/iran-war-middle-east-fuel-crisis-australia-inflation,Guardian,8
https://www.theguardian.com/commentisfree/2026/mar/23/war-unprecedented-depression-trump-mania-iran,Guardian,8
https://www.theguardian.com/commentisfree/2026/mar/25/like-putin-trump-is-a-megalomaniac-in-europe-we-can-shield-ourselves-not-look-for-rational-motives,Guardian,13
https://www.theguardian.com/commentisfree/2026/mar/25/the-guardian-view-on-a-significant-week-for-european-politics-progressives-have-some-reasons-to-be-cheerful-,Guardian,0
https://www.theguardian.com/commentisfree/2026/mar/31/trump-words-iran-war-churchill,Guardian,6
https://www.theguardian.com/commentisfree/2026/mar/31/viktor-orban-us-russian-support-hungary-iran-war-voters,Guardian,0
https://www.theguardian.com/commentisfree/2026/may/05/friedrich-merz-risk-donald-trump-germany-nato-europe,Guardian,14
https://www.theguardian.com/commentisfree/2026/may/06/donald-trump-oil-coal-oligarchy-sanctions-war-environment-europe,Guardian,6
https://www.theguardian.com/commentisfree/2026/may/07/trump-nato-european-leaders-russia-attacks-us-allies,Guardian,6
https://www.theguardian.com/commentisfree/2026/may/07/trump-orban-hungary-liability-europe-far-right-decline,Guardian,0
https://www.theguardian.com/commentisfree/2026/may/08/military-force-us-iran-regime,Guardian,6
https://www.theguardian.com/commentisfree/2026/may/09/venice-biennale-anger-russia-israel-art-festival,Guardian,2
https://www.theguardian.com/commentisfree/2026/may/10/donald-trump-xi-jinping-beijing-summit-iran-taiwan,Guardian,6
https://www.theguardian.com/commentisfree/2026/may/11/europe-should-behave-more-like-china-does-if-it-wants-to-survive-this-age-of-chaos,Guardian,8
https://www.theguardian.com/commentisfree/2026/may/12/friedrich-merz-europe-leaders-standing-up-to-trump,Guardian,6
https://www.theguardian.com/commentisfree/2026/may/15/russia-war-ukraine-vladimir-putin-economy-casualties,Guardian,3
https://www.theguardian.com/commentisfree/2026/may/16/the-devil-wears-prada-vogue-glossy-magazine-industry,Guardian,2
https://www.theguardian.com/commentisfree/2026/may/17/hope-horizon-trump-netanyahu-putin-powers-waning,Guardian,6
https://www.theguardian.com/commentisfree/2026/may/18/iran-war-energy-independence-fossil-fuels,Guardian,13
https://www.theguardian.com/commentisfree/2026/may/20/the-guardian-view-on-britain-and-europe-international-upheaval-demands-new-terms-of-debate,Guardian,6
https://www.theguardian.com/commentisfree/2026/may/22/the-guardian-view-on-britains-coming-energy-shock-mini-measures-wont-suffice,Guardian,8
https://www.theguardian.com/commentisfree/2026/may/24/tulsi-gabbard-foreign-wars-trump,Guardian,7
https://www.theguardian.com/commentisfree/2026/may/25/angela-merkel-vladimir-putin-ukraine-war-kyiv,Guardian,14
https://www.theguardian.com/commentisfree/2026/may/25/oppressing-women-authoritarianism-reform,Guardian,2
https://www.theguardian.com/culture/2025/nov/23/he-was-just-trying-to-earn-a-few-kopecks-how-newly-translated-stories-reveal-chekhovs-silly-side,Guardian,2
https://www.theguardian.com/culture/2026/feb/28/dirty-business-to-gisele-pelicot-the-week-in-rave-reviews,Guardian,2
https://www.theguardian.com/culture/2026/mar/11/jimmy-kimmel-pentagon-food-iran-melania-documentary,Guardian,12
https://www.theguardian.com/culture/2026/mar/18/banksy-identity-revealed-real-name-bristol-born-man-reuters-investigation,Guardian,2
https://www.theguardian.com/education/2026/feb/18/anne-parry-obituary,Guardian,2
https://www.theguardian.com/environment/2025/nov/10/siberian-amur-tiger-endangered-russia-siberia-killings,Guardian,2
https://www.theguardian.com/environment/2025/nov/25/fossil-fuel-giants-finally-in-the-crosshairs-cop30-avoids-total-failure-with-last-ditch-deal,Guardian,1
https://www.theguardian.com/environment/2025/nov/25/trump-cop30-lacks-us-climate-progress,Guardian,1
https://www.theguardian.com/environment/2025/oct/23/renewable-energy-investment-should-come-from-defence-budgets-say-retired-military-leaders,Guardian,1
https://www.theguardian.com/environment/2025/oct/26/russia-ukrainian-biologist-leonid-pshenichnov-arrest-treason-antarctic-krill-overfishing,Guardian,5
https://www.theguardian.com/environment/2025/oct/28/wind-power-cut-uk-energy-costs-ucl-study,Guardian,1
https://www.theguardian.com/environment/2026/apr/04/new-north-sea-drilling-jackdaw-rosebank-uk-gas-imports,Guardian,13
https://www.theguardian.com/environment/2026/apr/07/iran-war-global-dependence-fossil-fuels-biggest-emitters-reaping-rewards,Guardian,1
https://www.theguardian.com/environment/2026/apr/15/big-oil-huge-war-windfall-consumers,Guardian,13
https://www.theguardian.com/environment/2026/apr/15/for-keir-starmer-to-talk-of-national-resilience-and-ignore-nature-is-absurd,Guardian,8
https://www.theguardian.com/environment/2026/apr/17/colombia-convenes-climate-coalition-of-the-willing-to-break-global-fossil-fuel-deadlock,Guardian,1
https://www.theguardian.com/environment/2026/apr/21/uk-shifts-older-wind-and-solar-farms-to-fixed-price-deals-to-reduce-price-shocks,Guardian,13
https://www.theguardian.com/environment/2026/apr/23/exclusion-zone-chornobyl-wildlife-thrives-amid-pro-nuclear-shift,Guardian,3
https://www.theguardian.com/environment/2026/apr/25/chris-bowen-iran-war-oil-shock-climate-negotiations,Guardian,1
https://www.theguardian.com/environment/2026/apr/27/renewable-energy-will-boost-national-security-and-protect-uk-from-sabotage-minister-says,Guardian,13
https://www.theguardian.com/environment/2026/feb/02/ukrainian-botanists-rare-endangered-plants-russian-occupation-biodiversity-aoe,Guardian,2
https://www.theguardian.com/environment/2026/feb/02/weather-tracker-cyclone-fytia-madagascar-floods,Guardian,3
https://www.theguardian.com/environment/2026/feb/10/ticking-time-bomb-iran-shadow-fleet-old-tankers-risking-catastrophic-oil-spill,Guardian,3
https://www.theguardian.com/environment/2026/feb/13/tony-blair-institute-thinktank-ed-miliband-energy-prices,Guardian,1
https://www.theguardian.com/environment/2026/jan/24/finland-russian-wolves-blamed-record-reindeer-deaths-ukraine-war-aoe,Guardian,2
https://www.theguardian.com/environment/2026/mar/05/uk-clean-energy-iran-war-fossil-fuel-prices-surge,Guardian,13
https://www.theguardian.com/environment/2026/mar/09/countries-can-rewild-borders-to-deter-invasions-says-eu-environment-chief,Guardian,1
https://www.theguardian.com/environment/2026/mar/11/reaching-net-zero-by-2050-cheaper-for-uk-than-one-fossil-fuel-crisis,Guardian,1
https://www.theguardian.com/environment/2026/mar/13/fixing-the-same-issue-first-big-oil-crisis-middle-eastern-wars,Guardian,1
https://www.theguardian.com/environment/2026/mar/18/damaged-russian-tanker-carrying-natural-gas-floats-into-libyan-waters,Guardian,3
https://www.theguardian.com/environment/2026/mar/25/if-one-nation-wants-to-be-a-serious-political-player-barnaby-joyce-needs-to-get-his-facts-straight-on-the-climate-crisis,Guardian,1
https://www.theguardian.com/environment/2026/may/01/could-key-climate-talks-mark-ground-zero-in-global-push-to-ditch-fossil-fuels,Guardian,1
https://www.theguardian.com/environment/2026/may/06/london-to-ukraine-how-nature-is-thriving-in-bomb-craters,Guardian,11
https://www.theguardian.com/environment/2026/may/20/owl-casualty-of-russia-war-ukraine-birds,Guardian,2
https://www.theguardian.com/environment/commentisfree/2026/mar/10/if-there-was-ever-a-moment-for-australias-shift-to-renewables-and-evs-this-is-it,Guardian,1
https://www.theguardian.com/environment/ng-interactive/2025/oct/03/tories-vow-scrap-failed-targets-how-climate-claims-stack-up,Guardian,1
https://www.theguardian.com/film/2025/dec/08/who-if-not-us-the-fight-for-democracy-in-belarus-review-activists-display-their-defiance,Guardian,2
https://www.theguardian.com/film/2025/dec/18/mstyslav-chernov-ukraine-invasion-2000-meters-to-andriivka,Guardian,2
https://www.theguardian.com/film/2025/dec/28/brigitte-bardot-image-support-of-far-right,Guardian,2
https://www.theguardian.com/film/2025/nov/11/why-ukrainians-are-turning-to-feminist-homegrown-horror-films,Guardian,2
https://www.theguardian.com/film/2025/oct/29/facing-war-review-cool-customer-of-a-nato-secretary-general-marshals-world-on-the-brink,Guardian,2
https://www.theguardian.com/film/2026/apr/09/cannes-festival-ditches-us-film-makers-for-world-cinema-directors,Guardian,2
https://www.theguardian.com/film/2026/apr/27/the-eukrainian-review-heroic-portrait-of-the-diplomat-trying-to-haul-ukraine-into-europe,Guardian,14
https://www.theguardian.com/film/2026/feb/17/dear-beautiful-beloved-review-a-powerful-message-from-the-ukrainian-frontline,Guardian,2
https://www.theguardian.com/film/2026/feb/22/one-battle-after-another-defeats-hamnet-and-sinners-at-baftas-i-swear-robert-aramayo-best-actor-jessie-buckley-leading-actress,Guardian,2
https://www.theguardian.com/film/2026/jan/20/a-poem-for-little-people-review-ukraines-war-with-russia-seen-through-eyes-of-emergency-evacuation-team,Guardian,2
https://www.theguardian.com/film/2026/mar/02/photophobia-review-ukraine-war-kharkiv-metro-12-year-old-bloodshed-rages-overhead,Guardian,2
https://www.theguardian.com/film/2026/mar/02/teacher-putin-primary-school-propoganda-mr-nobody-against-putin-pavel-talankin,Guardian,2
https://www.theguardian.com/film/2026/mar/15/how-oscars-2026-got-political-palestine-ice,Guardian,2
https://www.theguardian.com/film/2026/mar/15/oscars-2026-what-to-know-wins-loss,Guardian,2
https://www.theguardian.com/film/2026/mar/16/mr-nobody-against-putin-wins-the-best-documentary-oscar,Guardian,2
https://www.theguardian.com/film/2026/mar/16/one-no-show-after-another-sean-penn-oscar-winning-refuseniks-one-battle-after-another-best-supporting-actor,Guardian,2
https://www.theguardian.com/film/2026/mar/18/sean-penn-oscar-ukrainian-rail-carriage-zelenskyy,Guardian,2
https://www.theguardian.com/film/2026/mar/30/rob-schneider-calls-on-us-to-restore-military-draft,Guardian,12
https://www.theguardian.com/film/2026/may/15/a-year-in-hospital-and-90-lung-damage-how-andrey-zvyagintsev-survived-covid-and-came-back-to-cannes,Guardian,2
https://www.theguardian.com/film/2026/may/16/harlem-renaissance-documentary-once-upon-time-william-greaves,Guardian,2
https://www.theguardian.com/film/2026/may/19/minotaur-review-cannes-film-festival-andrei-zvyagintsev-ukraine-russia,Guardian,2
https://www.theguardian.com/film/2026/may/22/cannes-2026-who-will-win-minotaur,Guardian,2
https://www.theguardian.com/food/2025/oct/04/warnings-imports-caged-hen-eggs-ukraine-poland-uk-biggest-suppliers,Guardian,8
https://www.theguardian.com/food/2026/feb/23/uk-food-security-cyber-attack-riots-tinderbox-analysis,Guardian,8
https://www.theguardian.com/football/2025/nov/04/chelsea-have-150m-buffer-against-fines-from-fa-say-football-finance-experts,Guardian,9
https://www.theguardian.com/football/2025/nov/11/world-cup-2026-european-qualifying-when-how-and-who-needs-what-football,Guardian,2
https://www.theguardian.com/football/2025/oct/01/crystal-palace-conference-league-preview-oliver-glasner-dynamo-kyiv,Guardian,2
https://www.theguardian.com/football/2025/oct/04/crystal-palace-oliver-glasner-secrets-success-tactics-manchester-united,Guardian,2
https://www.theguardian.com/football/2025/oct/10/world-cup-2026-which-countries-have-qualified-and-how-did-they-do-it,Guardian,2
https://www.theguardian.com/football/2025/oct/17/anger-maccabi-ban-shows-power-sport-and-why-fans-now-expect-more-from-leaders,Guardian,4
https://www.theguardian.com/football/2026/apr/01/has-football-club-won-title-better-goal-difference-than-points-tally-the-knowledge,Guardian,2
https://www.theguardian.com/football/2026/apr/25/daniel-farke-the-romantic-turned-pragmatist-bringing-joy-back-to-leeds,Guardian,2
https://www.theguardian.com/football/2026/apr/28/shakhtar-donetsks-european-odyssey-heads-to-palace-after-marathon-campaign,Guardian,2
https://www.theguardian.com/football/2026/apr/29/crystal-palace-oliver-glasner-shakhtar-donetsk-europa-conference-league-semi-final,Guardian,2
https://www.theguardian.com/football/2026/feb/03/people-are-dying-you-have-to-help-guardiola-decries-wars-in-sudan-ukraine-and-palestine,Guardian,7
https://www.theguardian.com/football/2026/feb/05/infantino-and-coventry-backing-russias-return-shows-sports-soft-power-is-in-rotten-hands,Guardian,2
https://www.theguardian.com/football/2026/feb/10/infantino-dogged-by-threat-of-russia-and-fear-of-trump-as-he-heads-to-sweet-talk-uefa,Guardian,2
https://www.theguardian.com/football/2026/feb/11/andriy-shevchenko-gianni-infantino-russia-football-ban,Guardian,2
https://www.theguardian.com/football/2026/feb/13/jersey-ban-australia-a-league-multicultural-round,Guardian,2
https://www.theguardian.com/football/2026/feb/17/leah-williamson-england-squad-world-cup-qualifiers-sarina-wiegman-contract,Guardian,2
https://www.theguardian.com/football/2026/feb/24/england-womens-world-cup-qualifier-everton-hill-dickinson-stadium-ukraine-june,Guardian,2
https://www.theguardian.com/football/2026/jan/08/usa-world-cup-2026-venezuela,Guardian,2
https://www.theguardian.com/football/2026/jan/15/geopolitical-football-iran-trump-how-can-the-game-stand-strong-in-a-fractured-world,Guardian,2
https://www.theguardian.com/football/2026/jan/29/football-daily-email-benfica-anatoliy-trubin-jose-mourinho,Guardian,2
https://www.theguardian.com/football/2026/mar/02/england-lionesses-safety-turkey-sarina-wiegman-ukraine-world-cup-qualifier,Guardian,2
https://www.theguardian.com/football/2026/mar/03/sacked-after-8-0-win-filipe-luis-flamengo-football-daily-newsletter,Guardian,2
https://www.theguardian.com/football/2026/mar/03/ukraine-england-womens-world-cup-qualifier,Guardian,2
https://www.theguardian.com/football/2026/mar/07/england-iceland-womens-world-cup-qualifier-match-report,Guardian,2
https://www.theguardian.com/football/2026/mar/08/england-womens-world-cup-qualifiers-what-we-learned,Guardian,2
https://www.theguardian.com/football/2026/mar/21/chelsea-huddles-transfer-ban-problems,Guardian,2
https://www.theguardian.com/football/2026/mar/25/i-cant-leave-like-a-coward-romanias-mircea-lucescu-on-illness-and-his-world-cup-dream-at-80,Guardian,2
https://www.theguardian.com/football/2026/mar/25/ukraine-sweden-world-cup-2026-playoff,Guardian,2
https://www.theguardian.com/football/2026/mar/26/ukraine-sweden-world-cup-qualifying-playoff-semi-final-match-report,Guardian,2
https://www.theguardian.com/football/2026/may/20/fc-chernihiv-ukranian-cup-final,Guardian,2
https://www.theguardian.com/football/live/2026/mar/03/ukraine-v-england-womens-world-cup-qualifying-live,Guardian,11
https://www.theguardian.com/games/2026/apr/15/pushing-buttons-uncslop-unc-millennials-game-culture,Guardian,2
https://www.theguardian.com/global-development/2025/dec/15/ukrainian-ukraine-lawyer-campaign-rescue-children-stolen-russia,Guardian,5
https://www.theguardian.com/global-development/2025/dec/21/sweden-and-germany-slash-aid-budgets-to-focus-on-ukraine-and-defence-spending,Guardian,8
https://www.theguardian.com/global-development/2025/oct/24/bae-ends-support-atp-aircraft-caa-airworthiness-aid-deliveries-south-sudan-somalia-drc,Guardian,4
https://www.theguardian.com/global-development/2026/feb/03/crew-ship-ukraine-cargo-seafarers-abandoned-war-zones,Guardian,3
https://www.theguardian.com/global-development/2026/feb/04/trump-us-china-russia-democratic-recession-peril-human-rights-watch,Guardian,6
https://www.theguardian.com/global-development/2026/feb/20/true-cost-ecuador-roses-global-flower-trade-poison-water-workers-land,Guardian,1
https://www.theguardian.com/global-development/2026/jan/10/cuba-regime-polycrisis-collapse-exodus-economy-migration-us-sanctions-trump,Guardian,1
https://www.theguardian.com/global-development/2026/may/01/uganda-copying-russia-and-china-with-new-bill-designed-to-crush-dissent-say-critics,Guardian,9
https://www.theguardian.com/global-development/ng-interactive/2025/dec/22/childbirth-under-attack-how-women-and-babies-became-targets-in-conflicts-around-the-world,Guardian,5
https://www.theguardian.com/global/2026/feb/13/reader-qa-europe-future-look-like-post-your-questions-for-jon-henley,Guardian,6
https://www.theguardian.com/law/2025/nov/11/willing-states-must-act-to-save-international-legal-order-warns-top-academic,Guardian,6
https://www.theguardian.com/law/2026/feb/02/more-than-100000-civilians-killed-war-crimes-out-of-control-study,Guardian,5
https://www.theguardian.com/law/2026/feb/18/international-criminal-court-icc-judges-trump-sanctions,Guardian,4
https://www.theguardian.com/law/2026/jan/09/uk-right-to-weigh-diplomacy-before-calling-out-allies-on-international-law-breaches-says-attorney-general,Guardian,6
https://www.theguardian.com/law/ng-interactive/2025/dec/25/how-donald-trump-killed-international-law,Guardian,6
https://www.theguardian.com/lifeandstyle/2025/dec/29/photographs-defined-2025-stories-behind-them,Guardian,2
https://www.theguardian.com/lifeandstyle/2025/nov/09/european-health-habits-worth-adopting,Guardian,2
https://www.theguardian.com/lifeandstyle/2026/apr/08/lib-dem-sue-miller-interview-nuclear-war-disarmament,Guardian,6
https://www.theguardian.com/lifeandstyle/2026/jan/23/experience-my-daughters-were-born-conjoined-at-the-head,Guardian,2
https://www.theguardian.com/lifeandstyle/2026/mar/04/arthur-snell-interview-geopolitics-climate-crisis-book-elemental,Guardian,1
https://www.theguardian.com/lifeandstyle/2026/may/16/fake-lawyers-scientists-chefs-punters-white-monkeys-chinese-businesses-global,Guardian,5
https://www.theguardian.com/media/2025/oct/24/murdoch-flagship-australian-succession-trump-bourke-weekly-beast,Guardian,4
https://www.theguardian.com/media/2026/feb/10/bbc-world-service-funding-tim-davie,Guardian,9
https://www.theguardian.com/media/2026/feb/25/record-number-journalists-killed-2025-israel-gaza-war,Guardian,4
https://www.theguardian.com/media/2026/jan/26/washington-post-february-job-cuts-layoffs,Guardian,4
https://www.theguardian.com/media/2026/may/20/guardian-correspondent-and-photographer-win-war-reporting-prize,Guardian,2
https://www.theguardian.com/media/commentisfree/2025/nov/28/kerry-obrien-sounds-the-alarm-for-australian-media-in-thunderous-walkleys-address,Guardian,4
https://www.theguardian.com/media/ng-interactive/2026/may/06/how-to-survive-the-information-crisis-we-once-talked-about-fake-news-now-reality-itself-feels-fake,Guardian,4
https://www.theguardian.com/membership/2026/may/16/how-to-defend-press-freedom-guardian,Guardian,4
https://www.theguardian.com/membership/2026/may/17/journalism-has-never-been-a-more-dangerous-pursuit,Guardian,4
https://www.theguardian.com/membership/2026/may/20/we-cant-talk-about-press-freedom-without-talking-about-misogyny,Guardian,4
https://www.theguardian.com/money/2025/dec/16/fuel-retailers-savings-oil-prices-fall-barrel,Guardian,13
https://www.theguardian.com/money/2025/oct/01/homes-in-great-britain-brace-for-winter-with-soaring-energy-debts,Guardian,8
https://www.theguardian.com/money/2025/oct/15/britain-biggest-energy-supplier-octopus-bills-on-track-to-rise-by-fifth-in-next-four-years,Guardian,13
https://www.theguardian.com/money/2026/jan/13/co-op-will-writing-service-born-in-russia-citizenship-nationality,Guardian,5
https://www.theguardian.com/money/2026/mar/05/ministers-discuss-offset-energy-price-surges-iran-war,Guardian,8
https://www.theguardian.com/money/2026/mar/10/uk-households-heating-oil-surge-bills-iran-war-prices-treble,Guardian,8
https://www.theguardian.com/money/2026/mar/12/european-drivers-fuel-costs-jump-iran-conflict,Guardian,13
https://www.theguardian.com/money/2026/mar/18/energy-bills-uk-government-urged-to-launch-social-tariff-to-help-vulnerable-households,Guardian,8
https://www.theguardian.com/music/2025/dec/17/nazis-ode-to-joy-happy-birthday-beethoven-shostakovich-putin,Guardian,2
https://www.theguardian.com/music/2025/nov/04/ukraine-war-veterans-enterdj-music-therapy-superhumans-centre,Guardian,2
https://www.theguardian.com/music/2025/oct/31/goth-metal-stars-scariest-music,Guardian,2
https://www.theguardian.com/music/2026/apr/14/dolly-parton-poll-most-popular-in-the-country,Guardian,1
https://www.theguardian.com/music/2026/apr/14/we-want-people-on-the-edge-of-their-seats-royal-opera-boss-oliver-mears-on-the-new-season-and-the-controversies-of-the-last,Guardian,2
https://www.theguardian.com/music/2026/apr/29/opera-managers-metropolitan-opera-new-york-funding,Guardian,2
https://www.theguardian.com/music/2026/feb/18/a-cry-of-pain-from-every-player-the-new-reality-of-ukraines-musicians,Guardian,2
https://www.theguardian.com/music/2026/feb/18/bono-lambasts-ice-putin-netanyahu-and-more-as-u2-release-first-collection-of-new-songs-since-2017,Guardian,2
https://www.theguardian.com/music/2026/jan/02/hardwicke-circus-interview-cumbria-rock-band-touring-ukraine,Guardian,2
https://www.theguardian.com/music/2026/jan/21/soviet-attitudes-framed-local-culture-as-backward-the-record-label-standing-up-to-russian-imperialism,Guardian,2
https://www.theguardian.com/music/2026/mar/17/avant-pop-star-mary-ocher-on-her-vociferous-politics-and-leaving-israel-behind,Guardian,2
https://www.theguardian.com/music/2026/mar/22/bts-concert-arirang-kpop-fans-comeback-south-korea-seoul,Guardian,2
https://www.theguardian.com/music/2026/mar/31/nocturnes-piano-john-field-max-richter-sleep-by-susan-tomes,Guardian,2
https://www.theguardian.com/music/ng-interactive/2025/nov/07/rosalia-critics-crisis-being-hot-for-god-lux-catalan,Guardian,2
https://www.theguardian.com/news/2026/feb/19/corrections-and-clarifications,Guardian,2
https://www.theguardian.com/news/ng-interactive/2025/dec/07/what-choice-do-we-have-no-end-in-sight-for-ukraines-war-weary-frontline-troops,Guardian,11
https://www.theguardian.com/news/ng-interactive/2025/dec/27/trump-republicans-midterm-elections-approval-rating,Guardian,12
https://www.theguardian.com/news/ng-interactive/2025/nov/01/reform-a-russian-spy-and-the-bribes-the-inside-story-of-nathan-gill,Guardian,10
https://www.theguardian.com/news/ng-interactive/2025/nov/09/amid-squabbles-bombast-and-competing-interests-what-can-cop30-achieve,Guardian,1
https://www.theguardian.com/news/ng-interactive/2025/oct/05/a-collective-anxiety-attack-the-psychology-of-unexplained-drone-sightings-across-europe,Guardian,3
https://www.theguardian.com/news/ng-interactive/2025/oct/26/do-populists-always-crash-the-economy,Guardian,1
https://www.theguardian.com/news/ng-interactive/2026/apr/11/zebras-wealth-and-power-hungarys-election-tests-orbans-grip-on-power,Guardian,0
https://www.theguardian.com/news/ng-interactive/2026/apr/25/chornobyl-power-plant-at-risk-amid-russia-war-ukraine,Guardian,3
https://www.theguardian.com/news/ng-interactive/2026/feb/01/ukraine-war-kherson-frontline-russian-bombs-drones-life-lived-underground,Guardian,3
https://www.theguardian.com/news/ng-interactive/2026/feb/08/washington-post-layoffs-democracy-trump,Guardian,12
https://www.theguardian.com/news/ng-interactive/2026/feb/15/cuba-crisis-oil-shortage-venezuela-donald-trump-havana,Guardian,1
https://www.theguardian.com/news/ng-interactive/2026/jan/10/trump-territorial-ambition-imperialism,Guardian,6
https://www.theguardian.com/news/ng-interactive/2026/jan/25/china-europe-canada-charm-offensive-trump,Guardian,6
https://www.theguardian.com/news/ng-interactive/2026/mar/05/power-without-a-throne-how-khalifa-haftar-controls-libya-and-is-answerable-to-no-one,Guardian,7
https://www.theguardian.com/news/ng-interactive/2026/mar/15/my-dear-son-the-ukrainian-soldier-who-came-back-from-the-dead-nazar-daletskyi,Guardian,2
https://www.theguardian.com/news/ng-interactive/2026/mar/22/iran-war-global-economy-donald-trump-oil-prices-inflation,Guardian,13
https://www.theguardian.com/news/ng-interactive/2026/mar/29/onlyfans-owners-leonid-radvinsky-death-porn-money-making-machine,Guardian,2
https://www.theguardian.com/news/ng-interactive/2026/may/03/youre-not-one-of-us-are-you-how-a-ukrainian-soldier-survived-two-weeks-in-a-russian-dugout,Guardian,2
https://www.theguardian.com/politics/2025/dec/04/nigel-farage-reform-uk-donation-brexit-party-christopher-harborne-crypto-uk-politics,Guardian,10
https://www.theguardian.com/politics/2025/dec/07/farage-bloc-meps-alleged-to-have-followed-russian-assets-script-ukip-brexit-party,Guardian,10
https://www.theguardian.com/politics/2025/dec/07/uk-corruption-crackdown-david-lammy-dirty-money,Guardian,4
https://www.theguardian.com/politics/2025/dec/08/foreign-states-ai-videos-support-ukraine-yvette-cooper,Guardian,9
https://www.theguardian.com/politics/2025/dec/11/asked-about-the-donalds-national-security-strategy-the-commons-was-remarkable-for-its-absences,Guardian,10
https://www.theguardian.com/politics/2025/dec/13/starmer-to-pick-new-us-ambassador-as-relations-with-trump-tested,Guardian,14
https://www.theguardian.com/politics/2025/dec/16/uk-foreign-interference-threat-elections-analysis,Guardian,10
https://www.theguardian.com/politics/2025/dec/18/starmer-appoints-career-diplomat-christian-turner-us-ambassador,Guardian,6
https://www.theguardian.com/politics/2025/dec/20/uk-aid-cuts-take-40-from-funds-to-counter-russian-threat-in-western-balkans,Guardian,9
https://www.theguardian.com/politics/2025/dec/30/badenoch-under-fire-as-tory-shadow-attorney-general-acts-for-roman-abramovich,Guardian,9
https://www.theguardian.com/politics/2025/dec/30/keir-starmer-key-tests-2026-send-single-sex-spaces-elections,Guardian,4
https://www.theguardian.com/politics/2025/nov/20/keir-starmer-defends-south-africa-g20-budget,Guardian,14
https://www.theguardian.com/politics/2025/nov/21/cryptocurrency-farage-donor-used-for-russian-war-effort,Guardian,5
https://www.theguardian.com/politics/2025/nov/21/farage-views-on-russia-tested-jailing-nathan-gill-reform,Guardian,10
https://www.theguardian.com/politics/2025/nov/21/nathan-gill-former-reform-uk-wales-leader-jailed-bribes-pro-russia-statements-mep,Guardian,10
https://www.theguardian.com/politics/2025/nov/21/nigel-farage-urged-to-root-out-reform-links-to-russia-after-jailing-of-nathan-gill,Guardian,10
https://www.theguardian.com/politics/2025/nov/25/nigel-farage-reform-leader-skips-starmer-ukraine-statement-leaving-tice-to-face-pile-on,Guardian,10
https://www.theguardian.com/politics/2025/nov/28/ukip-mep-denies-taking-money-promote-russian-interests-daivd-coburn-nathan-gill,Guardian,10
https://www.theguardian.com/politics/2025/oct/08/starmer-insists-india-trade-deal-will-not-affect-uk-visas-as-he-heads-to-mumbai,Guardian,8
https://www.theguardian.com/politics/2025/oct/10/labour-softening-stance-towards-china-reinforced-by-dropped-spy-case,Guardian,5
https://www.theguardian.com/politics/2025/oct/10/nigel-farage-nathan-gill-ex-reform-uk-wales-leader-bribery-bad-apple,Guardian,10
https://www.theguardian.com/politics/2025/oct/10/richard-tice-tory-donor-lubov-chernukhin,Guardian,10
https://www.theguardian.com/politics/2025/oct/10/the-1m-man-why-did-boris-johnson-take-his-donor-to-ukraine,Guardian,5
https://www.theguardian.com/politics/2025/oct/15/jonathan-powell-the-adviser-who-has-become-a-powerful-influence-on-uk-foreign-policy,Guardian,7
https://www.theguardian.com/politics/2026/apr/14/war-gulf-british-defence,Guardian,8
https://www.theguardian.com/politics/2026/apr/16/rachel-reeves-warns-other-budgets-may-be-cut-to-lift-defence-spending,Guardian,8
https://www.theguardian.com/politics/2026/apr/22/jennie-formby-labour-former-general-secretary-green-party,Guardian,1
https://www.theguardian.com/politics/2026/apr/25/christopher-harborne-mystery-billionaire-bankrolling-reform-uk-nigel-farage,Guardian,10
https://www.theguardian.com/politics/2026/feb/05/minister-luke-pollard-defends-long-delays-uk-military-spending-plan,Guardian,9
https://www.theguardian.com/politics/2026/feb/06/mandelson-lobbying-firm-russia-china-state-global-counsel,Guardian,1
https://www.theguardian.com/politics/2026/feb/15/top-british-and-german-military-chiefs-press-moral-case-for-rearmament,Guardian,8
https://www.theguardian.com/politics/2026/feb/15/uk-considers-new-russia-sanctions-navalny-frog-toxin,Guardian,9
https://www.theguardian.com/politics/2026/feb/16/britain-needs-to-go-faster-on-defence-spending-keir-starmer,Guardian,8
https://www.theguardian.com/politics/2026/feb/18/bae-systems-urges-ministers-to-publish-delayed-military-spending-defence-investment-plan,Guardian,8
https://www.theguardian.com/politics/2026/feb/19/spending-even-more-on-defence-wont-buy-us-peace,Guardian,8
https://www.theguardian.com/politics/2026/feb/28/decision-allow-uk-exports-cygnet-texkimp-armenian-firm-review-russian-links,Guardian,5
https://www.theguardian.com/politics/2026/jan/01/caerphilly-byelection-how-reform-juggernaut-backfired,Guardian,10
https://www.theguardian.com/politics/2026/jan/04/uk-unclear-us-attack-venezuela,Guardian,6
https://www.theguardian.com/politics/2026/jan/05/starmer-goes-full-sycophant-trump-politics-sketch,Guardian,6
https://www.theguardian.com/politics/2026/jan/05/venezuela-attack-embolden-china-russia-uk-labour-emily-thornberry,Guardian,6
https://www.theguardian.com/politics/2026/jan/07/desperate-for-attention-nigel-farage-skips-pmqs-to-hold-marathon-presser,Guardian,10
https://www.theguardian.com/politics/2026/jan/07/mps-would-get-vote-on-troop-deployment-to-ukraine-says-keir-starmer,Guardian,14
https://www.theguardian.com/politics/2026/jan/08/farage-accused-of-parroting-kremlin-lines-after-remarks-on-uk-troops-in-ukraine,Guardian,14
https://www.theguardian.com/politics/2026/jan/08/mandelson-accuses-european-leaders-of-histrionic-reaction-to-trump-greenland-stance,Guardian,6
https://www.theguardian.com/politics/2026/jan/19/starmer-calm-diplomacy-mistake-trump-sentient-being,Guardian,6
https://www.theguardian.com/politics/2026/jan/21/kemi-fails-to-resist-the-cheap-shot-as-she-backs-trump-on-chagos-islands,Guardian,10
https://www.theguardian.com/politics/2026/jan/22/uk-not-ready-sign-trump-board-of-peace-treaty-yvette-cooper,Guardian,14
https://www.theguardian.com/politics/2026/jan/29/keir-starmer-opens-door-to-uk-visit-by-xi-jinping-after-bilateral-talks,Guardian,6
https://www.theguardian.com/politics/2026/jan/29/xi-starmer-china-uk-meeting-chinese-leader-rise-above-differences-sophisticated,Guardian,14
https://www.theguardian.com/politics/2026/jan/31/uk-and-eu-to-explore-renewed-talks-on-defence-cooperation,Guardian,14
https://www.theguardian.com/politics/2026/mar/09/uk-inflation-likely-to-rise-because-of-middle-east-war-says-rachel-reeves,Guardian,8
https://www.theguardian.com/politics/2026/mar/12/linking-iran-russia-john-healey-uk-role-in-us-israel-war,Guardian,7
https://www.theguardian.com/politics/2026/mar/14/yvette-cooper-uk-foreign-secretary-iran-us-war,Guardian,4
https://www.theguardian.com/politics/2026/mar/15/uk-needs-nuclear-deterrent-independent-from-us-ed-davey-to-say,Guardian,6
https://www.theguardian.com/politics/2026/mar/16/iran-war-cannot-be-windfall-for-putin-says-starmer-as-zelenskyy-arrives-in-uk,Guardian,14
https://www.theguardian.com/politics/2026/mar/20/britain-defence-policy-military-power-world-stage,Guardian,7
https://www.theguardian.com/politics/2026/mar/26/donald-trump-uk-aircraft-carriers-toys-nato-keir-starmer-iran,Guardian,7
https://www.theguardian.com/politics/2026/may/19/john-healey-says-labour-infighting-puts-governments-credibility-at-risk,Guardian,10
https://www.theguardian.com/politics/2026/may/20/from-fuel-duty-to-sanctions-kemi-wants-to-make-it-clear-how-little-she-understands,Guardian,10
https://www.theguardian.com/politics/2026/may/20/uk-relaxes-strict-sanctions-on-russian-crude-oil,Guardian,13
https://www.theguardian.com/politics/2026/may/22/john-healey-asks-nigel-farage-if-any-of-gift-may-have-come-from-russia-linked-profits,Guardian,10
https://www.theguardian.com/politics/2026/may/22/uk-pitched-single-market-for-goods-with-eu-as-it-pursues-trade-reintegration,Guardian,14
https://www.theguardian.com/politics/2026/may/23/uk-eu-european-union-reset-david-miliband-single-market-goods,Guardian,14
https://www.theguardian.com/politics/2026/may/24/farage-mounting-pressure-prove-russian-hack-claim,Guardian,10
https://www.theguardian.com/politics/2026/may/24/uk-supply-chain-unprepared-for-major-shocks-war-report-warns,Guardian,8
https://www.theguardian.com/politics/live/2026/feb/22/uk-education-ehcp-attainment-schools-andrew-latest-news-updates,Guardian,4
https://www.theguardian.com/politics/live/2026/mar/17/uk-us-starmer-trump-king-charles-state-visit-iran-war-zelenskyy-ukraine-latest-news-updates,Guardian,7
https://www.theguardian.com/society/2025/nov/16/i-was-scared-parents-reveal-stress-of-hmrcs-child-benefit-errors,Guardian,2
https://www.theguardian.com/society/2026/feb/04/private-child-social-care-providers-in-england-pushed-out-for-profiteering,Guardian,1
https://www.theguardian.com/society/ng-interactive/2026/jan/30/polymarket-prediction-markets-betting,Guardian,11
https://www.theguardian.com/sport/2025/nov/21/chess-outsiders-triumph-at-world-cup-in-goa-and-battle-for-candidates-spots,Guardian,2
https://www.theguardian.com/sport/2025/nov/23/ukraine-refugee-aonishiki-arata-sumo-wrestler,Guardian,2
https://www.theguardian.com/sport/2025/oct/10/chess-england-in-midfield-at-european-championships-and-medals-appear-unlikely,Guardian,2
https://www.theguardian.com/sport/2025/oct/17/chess-ukraine-soldier-grandmaster-wins-gold-medal-at-european-team-championships,Guardian,2
https://www.theguardian.com/sport/2025/oct/21/my-netflix-show-would-be-white-collar-to-world-champion-fabio-wardley-on-his-boxing-journey,Guardian,2
https://www.theguardian.com/sport/2025/oct/23/oscar-piastri-admits-max-verstappen-re-emergence-f1-title-race-surprise,Guardian,4
https://www.theguardian.com/sport/2026/apr/03/chess-sindarov-21-takes-early-1-point-lead-as-uzbek-star-stuns-candidates-field,Guardian,2
https://www.theguardian.com/sport/2026/apr/06/arslanbek-makhmudov-russia-boxing-god-tyson-fury-tottenham-hotspur-stadium-interview,Guardian,2
https://www.theguardian.com/sport/2026/apr/06/ukraine-war-veterans-amputee-boxing-championship,Guardian,2
https://www.theguardian.com/sport/2026/apr/10/chess-sindarov-extends-candidates-lead-and-heads-for-world-title-challenge,Guardian,2
https://www.theguardian.com/sport/2026/apr/13/disgraceful-anger-world-aquatics-allows-russia-to-compete-under-flag-swimming,Guardian,2
https://www.theguardian.com/sport/2026/apr/15/sir-craig-reedie-obituary,Guardian,2
https://www.theguardian.com/sport/2026/apr/17/chess-sindarov-wins-candidates-with-record-total-while-vaishali-takes-womens-event,Guardian,2
https://www.theguardian.com/sport/2026/apr/23/sportsradars-share-price-falls-after-reports-claim-it-had-links-to-hundreds-of-gambling-sites,Guardian,9
https://www.theguardian.com/sport/2026/apr/24/chess-turkeys-yagiz-erdogmus-14-reaches-record-2700-rating-now-for-2800-and-2900,Guardian,2
https://www.theguardian.com/sport/2026/feb/03/ioc-president-kirsty-coventry-russia-2028-olympics-ukraine-sports-minister-fifa-gianni-infantino,Guardian,2
https://www.theguardian.com/sport/2026/feb/04/new-cold-war-global-political-chaos-winter-olympics-2026-milano-cortina,Guardian,2
https://www.theguardian.com/sport/2026/feb/05/heated-rivalries-curling-couples-10-things-winter-olympics-2026-milano-cortina,Guardian,2
https://www.theguardian.com/sport/2026/feb/05/winter-olympics-2026-milano-cortina-italy-schedule-events-opening-ceremony,Guardian,2
https://www.theguardian.com/sport/2026/feb/10/ukrainian-accuses-ioc-of-betrayal-for-banning-helmet-with-images-of-dead-athletes-winter-olympics,Guardian,2
https://www.theguardian.com/sport/2026/feb/11/ukrainian-skeleton-athlete-helmet-protest-winter-olympics-ban,Guardian,2
https://www.theguardian.com/sport/2026/feb/12/ukraine-vladyslav-heraskevych-disqualified-winter-olympics-skeleton-helmet-protest-war-deaths,Guardian,2
https://www.theguardian.com/sport/2026/feb/12/vladyslav-heraskevych-ioc-skeleton-ukraine-helmet-winter-olympics,Guardian,2
https://www.theguardian.com/sport/2026/feb/12/winter-olympics-briefing-vladyslav-heraskevych-helmet-dispute-raises-tough-questions,Guardian,2
https://www.theguardian.com/sport/2026/feb/13/cas-dismisses-ukrainians-appeal-over-helmet-of-memory-disqualification,Guardian,2
https://www.theguardian.com/sport/2026/feb/13/milano-cortina-olympic-chiefs-vladyslav-heraskevych-ban-winter-olympics-ukraine,Guardian,2
https://www.theguardian.com/sport/2026/feb/15/ukrainian-skier-kateryna-kotsar-gets-engaged-winter-olympics-big-air-final,Guardian,2
https://www.theguardian.com/sport/2026/feb/16/heraskevych-ban-reflects-badly-on-the-international-olympic-committee,Guardian,2
https://www.theguardian.com/sport/2026/feb/17/russian-woman-carried-ukraine-team-placard-at-winter-olympics-opening-ceremony,Guardian,2
https://www.theguardian.com/sport/2026/feb/17/winter-olympics-womens-figure-skating-short-program,Guardian,2
https://www.theguardian.com/sport/2026/feb/18/soft-toys-jagged-edge-russia-circling-winter-olympics-los-angeles-2028,Guardian,2
https://www.theguardian.com/sport/2026/feb/18/ukraine-sports-minister-slams-russia-winter-paralympics-entry,Guardian,2
https://www.theguardian.com/sport/2026/feb/19/an-olympic-miracle-twist-in-conan-doyles-skimo-tale-as-russian-snares-silver,Guardian,2
https://www.theguardian.com/sport/2026/feb/19/winter-olympics-briefing-shiffrins-sublime-showing-delivers-release-of-emotion,Guardian,2
https://www.theguardian.com/sport/2026/feb/23/banned-ukrainian-vladislav-heraskevych-return-glory-helmet-memory-ioc-winter-olympics-2026,Guardian,2
https://www.theguardian.com/sport/2026/feb/28/winter-paralympics-walks-tightrope-russia-inclusion-risks-ceremony-boycott,Guardian,2
https://www.theguardian.com/sport/2026/jan/18/daria-kasatkina-australian-open-tennis-home-grand-slam,Guardian,2
https://www.theguardian.com/sport/2026/jan/20/madison-keys-australian-open-title-defence-womens-tennis,Guardian,2
https://www.theguardian.com/sport/2026/mar/05/seven-countries-to-boycott-paralympics-ceremony-over-flag-flying-russians,Guardian,2
https://www.theguardian.com/sport/2026/mar/06/russian-flag-met-largely-by-silence-at-opening-ceremony-of-winter-paralympics,Guardian,2
https://www.theguardian.com/sport/2026/mar/06/winter-paralympic-games-everything-you-need-to-know-about-milano-cortina-2026,Guardian,2
https://www.theguardian.com/sport/2026/mar/07/voronchikhina-wins-russias-first-medal-of-winter-paralympics-with-downhill-bronze,Guardian,2
https://www.theguardian.com/sport/2026/mar/09/russia-flag-raised-and-national-anthem-played-after-first-gold-at-winter-paralympics,Guardian,2
https://www.theguardian.com/sport/2026/mar/09/ukraine-winter-paralympics-chat-gpt-artificial-intelligence,Guardian,2
https://www.theguardian.com/sport/2026/mar/10/the-nba-knows-how-to-punish-spectacle-systems-are-harder,Guardian,2
https://www.theguardian.com/sport/2026/mar/11/ukraine-accuses-ipc-of-systemic-pressure-and-pro-russian-bias-at-winter-paralympics,Guardian,2
https://www.theguardian.com/sport/2026/mar/15/winter-paralympics-milano-cortina-closing-ceremony-countries-audience-controversy,Guardian,2
https://www.theguardian.com/sport/2026/mar/20/hodgkinson-shrugs-off-kit-mishap-to-cruise-into-world-indoor-semi-finals,Guardian,2
https://www.theguardian.com/sport/2026/may/07/russia-return-to-sporting-fold-on-hold-for-investigation-into-alleged-doping-cover-up,Guardian,9
https://www.theguardian.com/sport/2026/may/24/french-open-roundup-kostyuk-selekhmeteva-gea-khachanov-djokovic-perricard-tennis,Guardian,2
https://www.theguardian.com/sport/live/2026/feb/12/winter-olympics-2026-day-six-live-action,Guardian,2
https://www.theguardian.com/stage/2025/dec/04/margaretta-darcy-obituary,Guardian,2
https://www.theguardian.com/stage/2025/oct/16/alina-sarnatska-ukrainian-combat-medic-playwright,Guardian,2
https://www.theguardian.com/stage/2026/feb/12/donbas-review-theatre503-london-olga-braga,Guardian,2
https://www.theguardian.com/stage/2026/mar/02/walk-my-world-bence-vagis-immersive-show-budapest-circus-dance,Guardian,2
https://www.theguardian.com/stage/2026/mar/03/ukraine-unbroken-review-arcola-theatre-london,Guardian,2
https://www.theguardian.com/technology/2025/dec/04/russia-snapchat-apple,Guardian,5
https://www.theguardian.com/technology/2025/dec/24/macron-eu-condemn-us-visa-bans-row-censorship-escalates,Guardian,9
https://www.theguardian.com/technology/2025/nov/03/grokipedia-academics-assess-elon-musk-ai-powered-encyclopedia,Guardian,2
https://www.theguardian.com/technology/2025/oct/27/people-thought-i-was-a-communist-doing-this-as-a-non-profit-is-wikipedias-jimmy-wales-the-last-decent-tech-baron,Guardian,2
https://www.theguardian.com/technology/2026/feb/25/tech-legend-stewart-brand-on-musk-bezos-and-his-extraordinary-life-we-dont-need-to-passively-accept-our-fate,Guardian,2
https://www.theguardian.com/technology/2026/mar/30/apple-subsidiary-fine-uk-government-sanctions-russia,Guardian,9
https://www.theguardian.com/travel/2025/dec/30/oulu-finland-european-capital-of-culture-2026,Guardian,2
https://www.theguardian.com/tv-and-radio/2025/oct/16/the-diplomat-season-three-review-netflix-thriller-keri-russells,Guardian,2
https://www.theguardian.com/tv-and-radio/2025/oct/21/tv-tonight-a-remarkable-film-about-a-soviet-era-sanatorium,Guardian,2
https://www.theguardian.com/tv-and-radio/2026/feb/06/frontline-our-soldiers-facing-putin-review-nato-mission-channel-4,Guardian,2
https://www.theguardian.com/tv-and-radio/2026/feb/24/the-zero-line-inside-russias-war-review-harrowing-testimony-from-a-military-that-turns-on-its-own,Guardian,2
https://www.theguardian.com/tv-and-radio/2026/may/16/delta-goodrem-eurovision-2026-performance-eclipse-semi-final-australia-inclusion-explained,Guardian,2
https://www.theguardian.com/tv-and-radio/2026/may/16/eurovision-boycott-protest-history,Guardian,2
https://www.theguardian.com/tv-and-radio/2026/may/19/moldovan-public-tv-chief-resigns-over-eurovision-neighbourhood-voting,Guardian,9
https://www.theguardian.com/uk-news/2025/dec/04/it-wasnt-dawns-fault-novichok-poisoning-victims-family-say-shes-finally-been-exonerated,Guardian,9
https://www.theguardian.com/uk-news/2025/dec/04/novichok-poisonings-russia-role-uk-response-key-questions-attack,Guardian,9
https://www.theguardian.com/uk-news/2025/dec/06/zelenskyy-to-meet-starmer-at-downing-street-to-discuss-us-draft-peace-deal,Guardian,14
https://www.theguardian.com/uk-news/2025/dec/10/british-solider-killed-on-duty-in-ukraine-named-at-lcpl-george-hooley,Guardian,5
https://www.theguardian.com/uk-news/2025/dec/11/uk-mps-facing-rising-number-of-phishing-attacks,Guardian,5
https://www.theguardian.com/uk-news/2025/dec/11/us-extreme-rightwing-tropes-1930s-british-mps-donald-trump-keir-starmer,Guardian,6
https://www.theguardian.com/uk-news/2025/dec/15/britain-caught-in-space-between-peace-and-war-new-head-of-mi6-warns,Guardian,5
https://www.theguardian.com/uk-news/2025/dec/15/new-mi6-head-blaise-metreweli-speech-russia-threat,Guardian,5
https://www.theguardian.com/uk-news/2025/dec/16/uk-spying-laws-could-result-in-overreach-real-harm-review,Guardian,5
https://www.theguardian.com/uk-news/2025/dec/17/ukrainian-fled-war-anna-bilonozhenko-liverpool-parade-attack-traumatic-experience,Guardian,2
https://www.theguardian.com/uk-news/2025/nov/06/british-military-announces-first-delivery-of-ajax-armoured-vehicles-eight-years-late,Guardian,13
https://www.theguardian.com/uk-news/2025/nov/09/britain-sends-raf-specialists-help-belgium-combat-disruptive-drones,Guardian,3
https://www.theguardian.com/uk-news/2025/nov/16/refugees-established-in-uk-may-have-to-return-if-home-countries-become-safe,Guardian,1
https://www.theguardian.com/uk-news/2025/nov/16/what-changes-to-the-uk-asylum-system-are-being-mooted-by-shabana-mahmood-labour,Guardian,1
https://www.theguardian.com/uk-news/2025/nov/19/russian-spy-ship-british-waters-lasers-military-pilots-defence,Guardian,3
https://www.theguardian.com/uk-news/2025/oct/20/uk-peace-force-for-ukraine-would-cost-well-over-100m-says-defence-secretary,Guardian,14
https://www.theguardian.com/uk-news/2025/oct/24/six-britons-jailed-for-1m-arson-attack-on-warehouse-holding-aid-for-ukraine,Guardian,5
https://www.theguardian.com/uk-news/2026/apr/09/uk-navy-russian-submarines-undersea-cables-north-atlantic,Guardian,7
https://www.theguardian.com/uk-news/2026/apr/14/starmer-accused-of-corrosive-complacency-about-defence-by-ex-head-of-nato,Guardian,8
https://www.theguardian.com/uk-news/2026/apr/17/digested-week-hungary-election-rare-good-news,Guardian,2
https://www.theguardian.com/uk-news/2026/apr/25/raf-typhoons-scrambled-russia-drone-nato-romania-ukraine,Guardian,3
https://www.theguardian.com/uk-news/2026/apr/27/king-charles-awkwardness-meeting-donald-trump-off-camera,Guardian,14
https://www.theguardian.com/uk-news/2026/apr/28/king-charles-speech-congress,Guardian,6
https://www.theguardian.com/uk-news/2026/apr/29/how-king-charles-speech-written-how-to-read,Guardian,12
https://www.theguardian.com/uk-news/2026/apr/29/king-charles-donald-trump-us-state-visit-congress-media-round-up,Guardian,12
https://www.theguardian.com/uk-news/2026/apr/29/men-accused-arson-attacks-keir-starmer-london,Guardian,5
https://www.theguardian.com/uk-news/2026/apr/30/starmers-sister-in-law-feared-what-might-have-happened-in-arson-attack-court-hears,Guardian,5
https://www.theguardian.com/uk-news/2026/feb/15/welsh-munitions-factory-delay-bae-systems-glascoed-delay-shells-ukraine,Guardian,13
https://www.theguardian.com/uk-news/2026/feb/15/yvette-cooper-says-reform-and-greens-are-soft-on-russia-and-weak-on-nato,Guardian,10
https://www.theguardian.com/uk-news/2026/jan/07/shadow-attorney-general-lord-david-wolfson-kemi-badenoch-on-ukraine-russia-roman-abramovich,Guardian,9
https://www.theguardian.com/uk-news/2026/jan/07/uk-helped-us-seize-russian-flagged-tanker-defence-ministry-says,Guardian,3
https://www.theguardian.com/uk-news/2026/jan/08/two-oil-tankers-us-sanctions-english-channel-russia,Guardian,3
https://www.theguardian.com/uk-news/2026/jan/25/uk-politicians-welcome-trump-retreat-over-british-troops-role-in-afghanistan,Guardian,6
https://www.theguardian.com/uk-news/2026/mar/09/hms-dragon-will-cyprus-defence-secretary-john-healey,Guardian,7
https://www.theguardian.com/uk-news/2026/mar/09/trauma-surgeon-doctors-shehan-hettiaratchy-westminster-attack,Guardian,2
https://www.theguardian.com/uk-news/2026/mar/20/digested-week-hegseth-chides-media-focus-iran-strategy,Guardian,2
https://www.theguardian.com/uk-news/2026/mar/25/uk-armed-forces-authorised-to-board-russia-tankers-shadow-fleet,Guardian,3
https://www.theguardian.com/uk-news/2026/may/07/royal-navy-tracks-russian-frigate-one-month-uk-coast,Guardian,3
https://www.theguardian.com/uk-news/2026/may/14/british-army-paratroopers-tristan-da-cunha-hantavirus,Guardian,2
https://www.theguardian.com/uk-news/2026/may/20/russia-jet-near-collision-flying-near-raf-spy-plane,Guardian,3
https://www.theguardian.com/uk-news/2026/may/22/drone-shortage-london-underground-nato-british-military,Guardian,13
https://www.theguardian.com/uk-news/commentisfree/2026/apr/30/golders-green-british-jews-government-police-society,Guardian,7
https://www.theguardian.com/us-news/2025/dec/01/trump-administration-news-update-today,Guardian,12
https://www.theguardian.com/us-news/2025/dec/05/civilisational-erasure-us-strategy-document-appears-to-echo-far-right-conspiracy-theories-about-europe,Guardian,6
https://www.theguardian.com/us-news/2025/dec/05/neo-nazi-base-leader-on-terrorism-arrest,Guardian,5
https://www.theguardian.com/us-news/2025/dec/07/us-may-end-support-for-ukraine-war-effort-says-donald-trump-jr,Guardian,14
https://www.theguardian.com/us-news/2025/dec/08/trump-administration-news-update-today-latest,Guardian,12
https://www.theguardian.com/us-news/2025/dec/09/trump-europe-national-security-strategy,Guardian,6
https://www.theguardian.com/us-news/2025/dec/09/trump-hints-walking-away-ukraine-calls-europe-weak-decaying,Guardian,6
https://www.theguardian.com/us-news/2025/dec/10/i-have-eyes-i-have-ears,Guardian,6
https://www.theguardian.com/us-news/2025/dec/10/trump-news-at-a-glance-president-hints-at-abandoning-ukraine-rambles-about-weak-europe,Guardian,12
https://www.theguardian.com/us-news/2025/dec/10/us-house-defense-bill-military-programs,Guardian,12
https://www.theguardian.com/us-news/2025/dec/11/ice-fbi-legal-chaos,Guardian,5
https://www.theguardian.com/us-news/2025/dec/11/trump-administration-news-update-today,Guardian,12
https://www.theguardian.com/us-news/2025/dec/11/us-house-passes-bill-to-bolster-europes-defence-in-apparent-rebuke-to-trumps-foreign-policy-strategy,Guardian,6
https://www.theguardian.com/us-news/2025/dec/16/trump-administration-latest-news-today,Guardian,12
https://www.theguardian.com/us-news/2025/dec/21/coast-guard-pursuing-oil-tanker-venezuela-coast,Guardian,3
https://www.theguardian.com/us-news/2025/dec/22/neo-nazi-terror-the-base,Guardian,5
https://www.theguardian.com/us-news/2025/dec/22/trump-news-at-a-glance-justice-department-restores-epstein-files-image-featuring-trump-after-outcry,Guardian,12
https://www.theguardian.com/us-news/2025/dec/24/tashkent-supermarket-west-village,Guardian,2
https://www.theguardian.com/us-news/2025/dec/24/trump-venezuela-oil-resource-imperialism,Guardian,6
https://www.theguardian.com/us-news/2025/dec/28/military-strikes-nigeria-syria-trump-islamic-state,Guardian,7
https://www.theguardian.com/us-news/2025/dec/29/trump-administration-latest-news-today,Guardian,12
https://www.theguardian.com/us-news/2025/nov/05/first-year-trump-what-happened,Guardian,4
https://www.theguardian.com/us-news/2025/nov/07/trump-administration-news-updates-today,Guardian,12
https://www.theguardian.com/us-news/2025/nov/07/trump-orban-hungary-russian-oil,Guardian,0
https://www.theguardian.com/us-news/2025/nov/10/rightwing-czech-republic-poland-hungary-democrats,Guardian,0
https://www.theguardian.com/us-news/2025/nov/19/trump-news-at-a-glance-latest-updates-today,Guardian,12
https://www.theguardian.com/us-news/2025/nov/21/trump-administration-news-updates-latest,Guardian,12
https://www.theguardian.com/us-news/2025/nov/23/dan-driscoll-trump-ukraine-russia-peace-deal,Guardian,14
https://www.theguardian.com/us-news/2025/nov/24/trump-administration-briefing-latest-updates-news,Guardian,12
https://www.theguardian.com/us-news/2025/nov/25/trump-administration-news-updates-today-latest,Guardian,12
https://www.theguardian.com/us-news/2025/nov/25/trump-envoy-on-russia-ukraine-peace-deal,Guardian,14
https://www.theguardian.com/us-news/2025/nov/26/republicans-steve-witkoff-leaked-call-russia-ukraine,Guardian,14
https://www.theguardian.com/us-news/2025/nov/26/trump-administration-news-at-a-glance-latest,Guardian,12
https://www.theguardian.com/us-news/2025/nov/26/who-leaked-steve-witkoff-call-kremlin-trump-analysis,Guardian,14
https://www.theguardian.com/us-news/2025/oct/07/marjorie-taylor-greene-government-shutdown-healthcare,Guardian,12
https://www.theguardian.com/us-news/2025/oct/09/trump-nobel-peace-prize,Guardian,14
https://www.theguardian.com/us-news/2025/oct/10/melania-trump-ukrainian-children-reunited-families,Guardian,14
https://www.theguardian.com/us-news/2025/oct/17/trump-briefing-news-at-a-glance-latest,Guardian,12
https://www.theguardian.com/us-news/2025/oct/18/trump-briefing-news-at-a-glance-latest,Guardian,12
https://www.theguardian.com/us-news/2025/oct/22/donald-trump-white-house-ballroom,Guardian,12
https://www.theguardian.com/us-news/2025/oct/22/trump-news-at-a-glance-rare-republican-pushback-forces-trump-nominee-to-lead-whistleblower-office-to-drop-out,Guardian,12
https://www.theguardian.com/us-news/2025/oct/22/us-sanctions-russia-oil-vladimir-putin-refusal-ukraine-war,Guardian,14
https://www.theguardian.com/us-news/2025/oct/23/trump-administration-news-updates-today-latest,Guardian,12
https://www.theguardian.com/us-news/2025/oct/24/surprise-sanctions-look-to-have-ended-trump-and-putin-groundhog-day,Guardian,14
https://www.theguardian.com/us-news/2025/oct/24/trump-asia-tour-key-questions-xi-jinping-china-japan-south-korea-malaysia,Guardian,6
https://www.theguardian.com/us-news/2025/oct/25/trump-administration-news-updates-today,Guardian,12
https://www.theguardian.com/us-news/2025/oct/28/trump-and-xi-talks-what-will-be-on-the-agenda-when-us-president-meets-chinas-leader,Guardian,6
https://www.theguardian.com/us-news/2025/oct/29/military-troops-romania,Guardian,14
https://www.theguardian.com/us-news/2025/oct/29/trump-pentagon-us-nuclear-weapons,Guardian,6
https://www.theguardian.com/us-news/2025/oct/30/five-key-takeaways-donald-trump-meeting-xi-jinping-china-us-trade-talks,Guardian,6
https://www.theguardian.com/us-news/2025/oct/30/trump-and-xi-meet-in-south-korea-for-crunch-talks-on-trade,Guardian,6
https://www.theguardian.com/us-news/2026/apr/09/jd-vance-claims-orban-eu-hungary-election-fact-checked,Guardian,0
https://www.theguardian.com/us-news/2026/apr/10/ice-canadian-mother-daughter-texas,Guardian,1
https://www.theguardian.com/us-news/2026/apr/13/viktor-orban-defeat-lessons-trump,Guardian,0
https://www.theguardian.com/us-news/2026/apr/14/ro-khanna-bill-stop-gas-exports-iran-war,Guardian,13
https://www.theguardian.com/us-news/2026/apr/18/earth-brightness-study,Guardian,2
https://www.theguardian.com/us-news/2026/apr/20/rfk-jr-podcast-maha-health,Guardian,12
https://www.theguardian.com/us-news/2026/apr/22/navy-secretary-john-phelan-leaving-post,Guardian,12
https://www.theguardian.com/us-news/2026/apr/28/king-charles-congress-trump,Guardian,12
https://www.theguardian.com/us-news/2026/apr/28/trump-news-latest-updates-today,Guardian,12
https://www.theguardian.com/us-news/2026/apr/29/king-charles-agrees-with-me-on-iran-nuclear-weapon-ban-says-trump,Guardian,12
https://www.theguardian.com/us-news/2026/apr/30/military-psychedelic-ptsd-drug-therapy,Guardian,5
https://www.theguardian.com/us-news/2026/apr/30/oscar-missing-pavel-talankin-putin-documentary,Guardian,2
https://www.theguardian.com/us-news/2026/apr/30/pete-hegseth-iran-war-hearing,Guardian,12
https://www.theguardian.com/us-news/2026/apr/30/trump-news-at-a-glance-latest-updates-today,Guardian,12
https://www.theguardian.com/us-news/2026/feb/02/trump-tariffs-deal-india-modi-russian-oil,Guardian,8
https://www.theguardian.com/us-news/2026/feb/13/democrats-munich-security-conference-urge-europe-stand-up-to-trump,Guardian,6
https://www.theguardian.com/us-news/2026/feb/16/republicans-and-democrats-unite-to-condemn-trumps-attacks-on-allies,Guardian,6
https://www.theguardian.com/us-news/2026/feb/17/marco-rubio-viktor-orban-eu-disunity-analysis,Guardian,6
https://www.theguardian.com/us-news/2026/feb/17/trump-administration-news-updates-today,Guardian,14
https://www.theguardian.com/us-news/2026/feb/19/forget-the-board-of-peace-trump-may-be-closer-than-thought-to-attacking-iran,Guardian,7
https://www.theguardian.com/us-news/2026/feb/26/melania-trump-un-security-council,Guardian,6
https://www.theguardian.com/us-news/2026/jan/03/trump-nicolas-maduro-venezuela,Guardian,12
https://www.theguardian.com/us-news/2026/jan/03/us-politicians-reaction-capture-venezuelan-president-maduro,Guardian,6
https://www.theguardian.com/us-news/2026/jan/06/aldrich-ames-cia-agent-dead,Guardian,5
https://www.theguardian.com/us-news/2026/jan/06/trump-greenland-control-us-military,Guardian,6
https://www.theguardian.com/us-news/2026/jan/07/trump-administration-news-latest-updates-today,Guardian,12
https://www.theguardian.com/us-news/2026/jan/08/french-german-presidents-macron-steinmeier-condemn-us-foreign-policy-trump,Guardian,6
https://www.theguardian.com/us-news/2026/jan/08/trump-power-international-law,Guardian,6
https://www.theguardian.com/us-news/2026/jan/10/trump-worldview-inner-circle-personal-whim,Guardian,6
https://www.theguardian.com/us-news/2026/jan/11/trumps-greenland-threats-echo-dark-moments-of-cold-war-alliances,Guardian,6
https://www.theguardian.com/us-news/2026/jan/14/global-survey-suggests-trump-is-making-china-not-america-great-again,Guardian,6
https://www.theguardian.com/us-news/2026/jan/15/ronald-lauder-billionaire-donor-donald-trump-ukraine-greenland,Guardian,6
https://www.theguardian.com/us-news/2026/jan/16/rump-linked-figures-talks-european-pipeline-contract,Guardian,9
https://www.theguardian.com/us-news/2026/jan/17/marco-rubio-trump-foreign-policy,Guardian,6
https://www.theguardian.com/us-news/2026/jan/17/trump-tariff-european-countries-greenland,Guardian,6
https://www.theguardian.com/us-news/2026/jan/18/trump-news-at-a-glance-european-leaders-condemn-threat-of-tariffs-over-greenland,Guardian,6
https://www.theguardian.com/us-news/2026/jan/20/california-newsom-europe-comment-trump-greenland,Guardian,6
https://www.theguardian.com/us-news/2026/jan/20/catholic-cardinals-trump-foreign-policy,Guardian,6
https://www.theguardian.com/us-news/2026/jan/20/trump-press-briefing-greenland,Guardian,6
https://www.theguardian.com/us-news/2026/jan/20/trumps-board-of-peace-is-an-imperial-court-completely-unlike-what-was-proposed,Guardian,6
https://www.theguardian.com/us-news/2026/jan/20/us-foreign-policy-mad-king-trump-whims,Guardian,6
https://www.theguardian.com/us-news/2026/jan/21/trumps-rambling-davos-speech-rehashes-warped-ideas-of-us-supremacy,Guardian,6
https://www.theguardian.com/us-news/2026/jan/22/trump-administration-news-updates-today,Guardian,6
https://www.theguardian.com/us-news/2026/jan/23/trump-concerning-moments,Guardian,12
https://www.theguardian.com/us-news/2026/jan/23/trump-davos-diplomacy,Guardian,6
https://www.theguardian.com/us-news/2026/jan/24/tucker-carlson-book-review,Guardian,1
https://www.theguardian.com/us-news/2026/jan/26/costa-rica-us-deportation,Guardian,1
https://www.theguardian.com/us-news/2026/jan/29/trump-administration-news-updates-today-iran,Guardian,12
https://www.theguardian.com/us-news/2026/jan/29/trump-putin-white-house-photo,Guardian,12
https://www.theguardian.com/us-news/2026/mar/05/us-waiver-india-russian-oil,Guardian,13
https://www.theguardian.com/us-news/2026/mar/07/japanese-conman-convicted-drug-nuclear-weapons,Guardian,7
https://www.theguardian.com/us-news/2026/mar/08/lev-parnas-ukraine-congress-florida,Guardian,12
https://www.theguardian.com/us-news/2026/mar/13/detroit-michigan-gas-prices,Guardian,8
https://www.theguardian.com/us-news/2026/mar/17/democrats-windfall-tax-fossil-fuel-companies-iran-war,Guardian,13
https://www.theguardian.com/us-news/2026/mar/21/robert-mueller-special-counsel-trump-russia-dies,Guardian,12
https://www.theguardian.com/us-news/2026/mar/23/trump-whistleblower-alex-vindman-us-senator,Guardian,12
https://www.theguardian.com/us-news/2026/mar/26/trucking-schools-trump-english,Guardian,1
https://www.theguardian.com/us-news/2026/mar/26/trump-truck-license-immigrant-job-loss,Guardian,1
https://www.theguardian.com/us-news/2026/may/07/iran-war-big-oil-climate,Guardian,13
https://www.theguardian.com/us-news/2026/may/09/tucson-arizona-ice-state-republicans,Guardian,12
https://www.theguardian.com/us-news/2026/may/11/donald-trump-news-at-a-glance-latest-updates-today,Guardian,7
https://www.theguardian.com/us-news/2026/may/22/marco-rubio-nears-goal-topple-cuba-government,Guardian,6
https://www.theguardian.com/us-news/2026/may/22/tulsi-gabbard-resignation-intelligence-director,Guardian,12
https://www.theguardian.com/us-news/commentisfree/2026/jan/25/trump-new-global-order-australia-marooned,Guardian,6
https://www.theguardian.com/us-news/live/2025/nov/24/us-politics-trump-venezuela-marjorie-tayor-greene-latest-updates,Guardian,12
https://www.theguardian.com/us-news/live/2025/nov/25/us-politics-pam-bondi-appeal-james-comey-letitia-james-cases-donald-trump-venezuela-latest-updates,Guardian,12
https://www.theguardian.com/us-news/live/2025/oct/22/donald-trump-ice-immigration-shutdown-courts-nato-us-politics-live-news-updates,Guardian,12
https://www.theguardian.com/us-news/live/2026/mar/06/kristi-noem-democrats-ice-donald-trump-pete-hegseth-iran-middle-east-us-politics-latest-news-updates,Guardian,12
https://www.theguardian.com/us-news/ng-interactive/2025/oct/19/marjorie-taylor-greene-breaks-republican-ranks,Guardian,12
https://www.theguardian.com/us-news/ng-interactive/2026/apr/05/american-soft-power-iran-war,Guardian,6
https://www.theguardian.com/us-news/ng-interactive/2026/apr/24/gaza-israel-lebanon-war,Guardian,4
https://www.theguardian.com/us-news/ng-interactive/2026/feb/22/world-order-trump,Guardian,6
https://www.theguardian.com/us-news/ng-interactive/2026/jan/04/ice-2025-deaths-timeline,Guardian,1
https://www.theguardian.com/us-news/ng-interactive/2026/mar/15/ai-defense-warfare-companies,Guardian,5
https://www.theguardian.com/world/2025/dec/01/diplomacy-talks-negotiations-end-ukraine-war-russia-eu-kaja-kallas,Guardian,14
https://www.theguardian.com/world/2025/dec/01/monday-briefing-what-did-we-learn-at-your-partys-first-conference,Guardian,4
https://www.theguardian.com/world/2025/dec/01/polish-german-leaders-meet-tensions-ukraine,Guardian,9
https://www.theguardian.com/world/2025/dec/01/south-africans-court-alleged-recruitment-russia-war-ukraine,Guardian,5
https://www.theguardian.com/world/2025/dec/01/ukraine-war-briefing-trump-says-good-chance-of-deal-to-end-conflict-after-latest-talks-with-kyiv,Guardian,14
https://www.theguardian.com/world/2025/dec/02/british-military-instructor-arrested-ukraine-spying-russia,Guardian,5
https://www.theguardian.com/world/2025/dec/02/the-slow-death-of-pokrovsk-ukraine-russia,Guardian,3
https://www.theguardian.com/world/2025/dec/02/tuesday-briefing-space-race-moon-glasgow-first-edition,Guardian,4
https://www.theguardian.com/world/2025/dec/02/ukraine-war-briefing-witkoff-shuttles-into-moscow-to-hear-putins-demands,Guardian,14
https://www.theguardian.com/world/2025/dec/02/witkoff-in-moscow-for-talks-as-putin-claims-to-have-taken-key-ukrainian-city,Guardian,14
https://www.theguardian.com/world/2025/dec/03/european-commission-reparations-loan-ukraine-frozen-russian-assets,Guardian,14
https://www.theguardian.com/world/2025/dec/03/german-president-state-visit-uk-windsor-king-charles,Guardian,2
https://www.theguardian.com/world/2025/dec/03/pope-leo-europe-peace-talks-war-ukraine-russia-us,Guardian,14
https://www.theguardian.com/world/2025/dec/03/the-ukraine-peace-deal-has-stumbled-yet-again-over-an-inevitable-obstacle-putin,Guardian,14
https://www.theguardian.com/world/2025/dec/03/ukraine-war-briefing-peace-push-fizzles-as-witkoff-leaves-moscow-with-no-sign-of-deal,Guardian,14
https://www.theguardian.com/world/2025/dec/03/wednesday-briefing-does-the-new-us-plan-put-ukraine-and-russia-on-the-path-to-peace,Guardian,14
https://www.theguardian.com/world/2025/dec/04/childrens-rights-must-be-protected-in-any-ukraine-peace-plan-130-mps-tell-foreign-office,Guardian,5
https://www.theguardian.com/world/2025/dec/04/europeans-trump-enemy-of-europe-russia-war-poll,Guardian,9
https://www.theguardian.com/world/2025/dec/04/macron-believes-us-may-betray-ukraine-on-territory-says-der-spiegel,Guardian,14
https://www.theguardian.com/world/2025/dec/04/putin-and-modi-to-meet-amid-politically-treacherous-times-for-russia-and-india,Guardian,8
https://www.theguardian.com/world/2025/dec/04/thursday-briefing-will-the-ramped-up-rhetoric-of-reform-bring-about-the-demise-of-the-conservatives,Guardian,10
https://www.theguardian.com/world/2025/dec/04/trump-ukraine-peace-envoys-prepare-meet-kyiv-official,Guardian,14
https://www.theguardian.com/world/2025/dec/04/ukraine-war-briefing-stop-wasting-worlds-time-putin-told,Guardian,14
https://www.theguardian.com/world/2025/dec/05/eu-leaders-ukraine-talks-funds,Guardian,14
https://www.theguardian.com/world/2025/dec/05/friday-briefing-after-constant-leaks-and-a-resignation-is-the-obr-still-fit-for-purpose,Guardian,1
https://www.theguardian.com/world/2025/dec/05/no-mistrust-between-europe-and-us-over-ukraine-macron-says,Guardian,14
https://www.theguardian.com/world/2025/dec/05/putin-vows-oil-shipments-to-india-will-be-uninterrupted-in-defiance-of-us,Guardian,8
https://www.theguardian.com/world/2025/dec/05/ukraine-war-briefing-drones-reportedly-near-zelenskyy-flight-path-dublin,Guardian,14
https://www.theguardian.com/world/2025/dec/06/chornobyl-disaster-shelter-no-longer-blocks-radiation-and-needs-major-repair-iaea,Guardian,3
https://www.theguardian.com/world/2025/dec/06/harbadus-attacks-andvaria-cyber-war-game-tests-nato-defences-against-russia,Guardian,5
https://www.theguardian.com/world/2025/dec/06/russia-overnight-attacks-across-ukraine-miami-peace-talks-continue,Guardian,14
https://www.theguardian.com/world/2025/dec/06/swedish-navy-chief-russia-baltic-presence-ukraine-peace,Guardian,3
https://www.theguardian.com/world/2025/dec/06/ukraine-war-briefing-progress-depends-on-russian-taking-peace-talks-seriously-say-washington-and-kyiv,Guardian,3
https://www.theguardian.com/world/2025/dec/07/hostile-powers-spying-universities-canada-former-security-chief,Guardian,5
https://www.theguardian.com/world/2025/dec/07/kremlin-hails-trump-national-security-strategy-as-aligned-with-russia-vision,Guardian,14
https://www.theguardian.com/world/2025/dec/07/ukraine-war-briefing-with-no-miami-breakthrough-zelenskyy-turns-to-european-allies,Guardian,3
https://www.theguardian.com/world/2025/dec/08/monday-briefing-how-this-years-guardian-charity-appeal-champions-the-best-of-british-values,Guardian,4
https://www.theguardian.com/world/2025/dec/08/ukraine-peace-deal-trump-zelenskyy-not-ready,Guardian,14
https://www.theguardian.com/world/2025/dec/08/ukraine-war-briefing-peace-talks-with-us-constructive-but-not-easy-says-zelenskyy,Guardian,14
https://www.theguardian.com/world/2025/dec/09/member-uk-armed-forces-killed-accident-ukraine-mod,Guardian,3
https://www.theguardian.com/world/2025/dec/09/tuesday-briefing-fifa-world-cup-2026-donald-trump-us-mexico-canada,Guardian,2
https://www.theguardian.com/world/2025/dec/09/ukraine-war-briefing-donbas-cowboy-russians-jailed-for-killing-us-volunteer-on-their-side,Guardian,14
https://www.theguardian.com/world/2025/dec/09/zelenskyy-ready-for-elections-after-trump-questions-ukrainian-democracy,Guardian,14
https://www.theguardian.com/world/2025/dec/10/coalition-willing-nations-war-ukraine-keir-starmer-emmanuel-macron,Guardian,14
https://www.theguardian.com/world/2025/dec/10/nato-russia-finland-border-lapland-santa-park,Guardian,3
https://www.theguardian.com/world/2025/dec/10/ukraine-war-briefing-pope-defends-europe-and-its-role-in-peace-talks-from-trump,Guardian,14
https://www.theguardian.com/world/2025/dec/10/wednesday-briefing-why-is-ai-becoming-the-go-to-support-for-our-childrens-mental-health,Guardian,2
https://www.theguardian.com/world/2025/dec/11/after-the-rain-film-ukrainian-children-rescued-from-russia,Guardian,2
https://www.theguardian.com/world/2025/dec/11/eyewitness-viktoriia-roshchyna-final-days-ukraine-russia,Guardian,2
https://www.theguardian.com/world/2025/dec/11/ukraine-war-briefing-kyivs-sbu-cripples-shadow-fleet-tanker-in-black-sea,Guardian,14
https://www.theguardian.com/world/2025/dec/11/us-wants-ukraine-to-withdraw-from-donbas-and-create-free-economic-zone-says-zelenskyy,Guardian,14
https://www.theguardian.com/world/2025/dec/12/eu-to-freeze-210bn-in-russian-assets-indefinitely,Guardian,14
https://www.theguardian.com/world/2025/dec/12/friday-briefing-how-the-free-birth-societys-philosophy-contributed-to-a-preventable-death,Guardian,2
https://www.theguardian.com/world/2025/dec/12/the-importance-of-europe-in-curbing-russias-might,Guardian,6
https://www.theguardian.com/world/2025/dec/12/ukraine-war-briefing-terrorist-attack-kills-serviceman-in-kyiv-and-injures-four,Guardian,3
https://www.theguardian.com/world/2025/dec/13/belarus-releases-123-prisoners-including-opposition-leaders-after-us-lifts-sanctions,Guardian,5
https://www.theguardian.com/world/2025/dec/13/chalk-revolution-slovakia-fears-return-authoritarian-past,Guardian,0
https://www.theguardian.com/world/2025/dec/13/ukraine-war-briefing-report-ukraine-join-eu-2027,Guardian,14
https://www.theguardian.com/world/2025/dec/14/ukraine-war-briefing-us-envoy-to-meet-zelenskyy-europe-leaders-in-berlin,Guardian,3
https://www.theguardian.com/world/2025/dec/15/assad-family-live-in-russian-luxury-as-bashar-brushes-up-on-ophthalmology,Guardian,1
https://www.theguardian.com/world/2025/dec/15/russia-damages-euroclear-seized-assets-eu-ukraine,Guardian,14
https://www.theguardian.com/world/2025/dec/15/russia-ukraine-deal-security-guarantees-starmer,Guardian,14
https://www.theguardian.com/world/2025/dec/15/ukraine-talks-european-leaders-meet-berlin-starmer-macron-zelenskyy-merz-us-witkoff,Guardian,14
https://www.theguardian.com/world/2025/dec/15/ukraine-war-briefing-britains-spy-chief-to-warn-of-russias-expansionist-threat-as-berlin-talks-enter-second-day,Guardian,14
https://www.theguardian.com/world/2025/dec/15/what-did-ukraine-peace-talks-in-berlin-achieve-and-what-happens-next,Guardian,14
https://www.theguardian.com/world/2025/dec/16/monday-briefing-polar-bear-dna-arctic-climate-crisis-helena-horton,Guardian,2
https://www.theguardian.com/world/2025/dec/16/south-africa-russia-men-tricked-fighting-ukraine,Guardian,5
https://www.theguardian.com/world/2025/dec/16/ukraine-russia-peace-plans-zelenskyy-berlin-talks-putin,Guardian,14
https://www.theguardian.com/world/2025/dec/16/ukraine-war-briefing-us-offers-nato-style-security-guarantees,Guardian,14
https://www.theguardian.com/world/2025/dec/17/arguments-frozen-russian-assets-support-ukraine,Guardian,14
https://www.theguardian.com/world/2025/dec/17/belgian-politicians-finance-bosses-targeted-russian-intelligence-seized-assets,Guardian,14
https://www.theguardian.com/world/2025/dec/17/east-of-zaporizhzhia-ukraines-drone-crews-face-endless-battle-to-hold-the-line,Guardian,3
https://www.theguardian.com/world/2025/dec/17/uk-will-transfer-abramovich-cash-from-sale-of-chelsea-to-ukraine-fund-starmer-says,Guardian,14
https://www.theguardian.com/world/2025/dec/17/ukraine-war-briefing-peacekeepers-could-repel-russian-forces-under-ceasefire-plan-says-merz,Guardian,14
https://www.theguardian.com/world/2025/dec/17/what-action-is-trump-taking-against-venezuela-oil-industry,Guardian,13
https://www.theguardian.com/world/2025/dec/18/denmark-says-russia-was-behind-two-destructive-and-disruptive-cyber-attacks,Guardian,3
https://www.theguardian.com/world/2025/dec/18/eu-frozen-russian-assets-fund-ukraine-defence,Guardian,14
https://www.theguardian.com/world/2025/dec/18/eu-leaders-summit-funding-deal-for-ukraine,Guardian,14
https://www.theguardian.com/world/2025/dec/18/thursday-briefing-how-pay-erosion-and-job-shortages-pushed-doctors-to-strike-again-amid-winter-flu-surge,Guardian,2
https://www.theguardian.com/world/2025/dec/18/ukraine-war-briefing-drones-strike-tanker-in-russian-port-local-officials-say,Guardian,3
https://www.theguardian.com/world/2025/dec/19/eu-ukraine-loan-plan-b-frozen-russian-assets,Guardian,14
https://www.theguardian.com/world/2025/dec/19/europe-mustnt-build-its-own-house-of-dynamite,Guardian,6
https://www.theguardian.com/world/2025/dec/19/friday-briefing-why-the-search-for-britains-missing-tv-is-running-out-of-time,Guardian,2
https://www.theguardian.com/world/2025/dec/19/ukraine-attacks-russian-shadow-tanker-off-libyan-coast,Guardian,3
https://www.theguardian.com/world/2025/dec/19/ukraine-deal-latest-europe-leaders-loan-zelenskyy,Guardian,14
https://www.theguardian.com/world/2025/dec/19/ukraine-war-briefing-hungary-agrees-to-allow-eu-loan-to-kyiv-but-will-not-contribute,Guardian,14
https://www.theguardian.com/world/2025/dec/20/angels-and-ammo-conflict-seeps-into-everything-in-north-eastern-ukraine-even-a-nativity-play,Guardian,2
https://www.theguardian.com/world/2025/dec/20/the-volunteers-putting-their-bodies-between-israel-settlers-and-a-palestinian-village,Guardian,2
https://www.theguardian.com/world/2025/dec/20/ukraine-war-briefing-russian-missiles-strike-port-near-odesa-killing-seven-officials-say,Guardian,14
https://www.theguardian.com/world/2025/dec/21/alarm-over-exploding-rise-in-use-of-sanctions-busting-shadow-fleet,Guardian,3
https://www.theguardian.com/world/2025/dec/21/friedrich-merz-wants-berlin-to-be-a-geopolitical-hub-will-german-voters-reward-him,Guardian,14
https://www.theguardian.com/world/2025/dec/21/kremlin-russia-ukraine-war-end-changes-europe-miami-talks,Guardian,14
https://www.theguardian.com/world/2025/dec/21/ukraine-war-briefing-russian-oil-rig-hit-in-caspian-sea-over-700km-from-ukraine,Guardian,3
https://www.theguardian.com/world/2025/dec/22/russian-general-fanil-sarvarov-killed-car-bomb-moscow-investigators-say,Guardian,5
https://www.theguardian.com/world/2025/dec/22/teach-your-daughter-to-speak-polish-ukrainians-in-poland-face-growing-resentment,Guardian,9
https://www.theguardian.com/world/2025/dec/22/ukraine-war-briefing-kyivs-forces-battle-russian-push-to-break-through-in-sumy-region,Guardian,14
https://www.theguardian.com/world/2025/dec/23/russia-china-support-venezuela-trump-pressure-maduro,Guardian,3
https://www.theguardian.com/world/2025/dec/23/the-second-china-shock-is-coming-and-the-uks-response-is-too-timid,Guardian,8
https://www.theguardian.com/world/2025/dec/23/ukraine-war-briefing-russian-forces-attack-odesa-twice-in-one-day,Guardian,3
https://www.theguardian.com/world/2025/dec/23/ukrainian-cities-lose-power-in-winter-weather-after-russian-attacks,Guardian,3
https://www.theguardian.com/world/2025/dec/24/militia-leader-murky-death-stanislav-orlov-russia-kremlin-control,Guardian,5
https://www.theguardian.com/world/2025/dec/24/three-killed-in-moscow-car-explosion-say-russian-authorities,Guardian,3
https://www.theguardian.com/world/2025/dec/24/ukraine-best-hope-russia-inches-forward-on-battlefield,Guardian,3
https://www.theguardian.com/world/2025/dec/24/ukraine-war-briefing-pope-leo-expresses-great-sadness-at-russian-rejection-of-truce-calls,Guardian,3
https://www.theguardian.com/world/2025/dec/24/us-ukraine-edge-closer-joint-plan-end-war-moscow-response-uncertain,Guardian,14
https://www.theguardian.com/world/2025/dec/25/mariupol-bombed-theatre-reopen-russification-ukraine,Guardian,2
https://www.theguardian.com/world/2025/dec/25/ukraine-war-briefing-zelenskyy-open-to-creating-demilitarised-zone-in-countrys-east,Guardian,3
https://www.theguardian.com/world/2025/dec/25/ukrainian-refugee-leaves-uk-sixth-form-college-that-urged-her-to-study-russian,Guardian,1
https://www.theguardian.com/world/2025/dec/26/russia-selling-personal-data-leaks-probiv-ukraine-spies,Guardian,5
https://www.theguardian.com/world/2025/dec/26/ukraine-war-briefing-kyiv-hits-russian-oil-refinery-with-british-storm-shadow-missiles,Guardian,14
https://www.theguardian.com/world/2025/dec/26/zelenskyy-to-meet-trump-in-coming-days-as-us-steps-up-push-for-ukraine-peace-deal,Guardian,14
https://www.theguardian.com/world/2025/dec/27/poland-anti-drone-fortifications-eastern-borders-cezary-tomczyk,Guardian,5
https://www.theguardian.com/world/2025/dec/27/ukraine-war-briefing-kim-jong-un-celebrates-sharing-blood-life-and-death-with-russia,Guardian,3
https://www.theguardian.com/world/2025/dec/27/zelenskyy-to-meet-european-leaders-and-trump-for-ukraine-peace-talks-amid-fresh-strikes-on-kyiv,Guardian,14
https://www.theguardian.com/world/2025/dec/28/bulgaria-europe-eurozone-russia-disinformation-economy,Guardian,9
https://www.theguardian.com/world/2025/dec/28/kyivs-heritage-rebuilding-shadow-of-war,Guardian,2
https://www.theguardian.com/world/2025/dec/28/trump-zelenskyy-talks-amid-heavy-russian-airstrikes-on-ukraine,Guardian,14
https://www.theguardian.com/world/2025/dec/28/ukraine-war-briefing-nabu-and-sapo-raid-kyiv-parliament-in-new-corruption-inquiry,Guardian,3
https://www.theguardian.com/world/2025/dec/29/peace-power-and-profit-the-logic-behind-donald-trumps-dealmaking-diplomacy,Guardian,6
https://www.theguardian.com/world/2025/dec/29/ukraine-deal-trump-russia-zelenskyy,Guardian,14
https://www.theguardian.com/world/2025/dec/29/ukraine-war-briefing-trump-zelenskyy-talks-florida-peace-deal,Guardian,14
https://www.theguardian.com/world/2025/dec/29/volodymyr-zelenskyy-donald-trump-us-security-guarantees-ukraine,Guardian,14
https://www.theguardian.com/world/2025/dec/30/did-ukraine-target-putin-residence-russian-claim-trump,Guardian,14
https://www.theguardian.com/world/2025/dec/30/donald-trump-benjamin-netanyahu-white-house-conference-analysis,Guardian,7
https://www.theguardian.com/world/2025/dec/30/first-edition-political-cartoons-of-2025,Guardian,4
https://www.theguardian.com/world/2025/dec/30/former-chinese-police-officer-bringing-bubble-tea-to-wartorn-ukraine,Guardian,5
https://www.theguardian.com/world/2025/dec/30/russia-claims-moved-nuclear-capable-missile-system-belarus,Guardian,14
https://www.theguardian.com/world/2025/dec/30/russia-still-importing-michelin-aviation-tyres-despite-sanctions-records-suggest,Guardian,5
https://www.theguardian.com/world/2025/dec/30/ukraine-war-briefing-zelenskyy-says-kyiv-cannot-win-without-us-support-as-putin-orders-advance-in-zaporizhzhia,Guardian,3
https://www.theguardian.com/world/2025/dec/31/cyprus-pledges-different-mindset-as-it-assumes-eu-presidency,Guardian,9
https://www.theguardian.com/world/2025/dec/31/finnish-police-seize-vessel-suspected-damaging-underwater-cable,Guardian,3
https://www.theguardian.com/world/2025/dec/31/ukraine-war-briefing-attack-on-global-food-security-as-russia-hits-wheat-ships-and-ports,Guardian,3
https://www.theguardian.com/world/2025/dec/31/war-romanian-villagers-threat-russian-drones,Guardian,3
https://www.theguardian.com/world/2025/nov/01/ukraine-war-briefing-russian-attacks-on-substations-are-nuclear-terrorism-says-ukraine,Guardian,3
https://www.theguardian.com/world/2025/nov/02/ukraine-deploys-special-forces-to-pokrovsk-in-effort-to-hold-key-city,Guardian,3
https://www.theguardian.com/world/2025/nov/02/ukraine-war-briefing-ukraine-says-its-troops-still-holding-out-in-embattled-pokrovsk,Guardian,3
https://www.theguardian.com/world/2025/nov/03/ukraine-war-briefing-trump-not-really-considering-supplying-tomahawks,Guardian,3
https://www.theguardian.com/world/2025/nov/03/ukrainian-computer-game-style-drone-attack-system-goes-viral,Guardian,13
https://www.theguardian.com/world/2025/nov/04/case-for-eu-enlargement-very-clear-cut-says-its-foreign-policy-chief,Guardian,9
https://www.theguardian.com/world/2025/nov/04/ukraine-war-briefing-kyiv-gets-more-us-made-patriots-and-says-its-forces-are-holding-on-in-pokrovsk,Guardian,3
https://www.theguardian.com/world/2025/nov/05/russian-forces-appear-to-tighten-grip-on-strategic-city-of-pokrovsk,Guardian,3
https://www.theguardian.com/world/2025/nov/05/ukraine-war-briefing-zelenskyy-visits-troops-near-embattled-pokrovsk,Guardian,3
https://www.theguardian.com/world/2025/nov/06/belgium-to-hold-security-meeting-after-drone-sightings-at-airports-and-military-bases,Guardian,3
https://www.theguardian.com/world/2025/nov/06/putin-repressive-machinery-turns-inward-target-pro-war-figures,Guardian,5
https://www.theguardian.com/world/2025/nov/06/south-africa-investigation-citizens-fighting-ukraine-russia-war-mercenaries,Guardian,5
https://www.theguardian.com/world/2025/nov/06/ukraine-forever-war-europe-steps-up-pressure-russia-former-nato-chief,Guardian,14
https://www.theguardian.com/world/2025/nov/06/ukraine-war-briefing-bulgaria-moves-to-seize-russian-refinery-while-poland-seeks-to-be-us-gas-conduit,Guardian,3
https://www.theguardian.com/world/2025/nov/07/eu-plans-centre-for-democratic-resilience-to-fight-online-disinformation,Guardian,9
https://www.theguardian.com/world/2025/nov/07/orban-hungary-white-house-visit-trump,Guardian,0
https://www.theguardian.com/world/2025/nov/07/orban-trump-flattery-white-house,Guardian,0
https://www.theguardian.com/world/2025/nov/07/ukraine-war-briefing-ukrainian-court-jails-russian-soldier-for-killing-pow-in-landmark-sentence,Guardian,3
https://www.theguardian.com/world/2025/nov/08/old-fishing-nets-vital-protection-against-russian-drones-ukraine,Guardian,3
https://www.theguardian.com/world/2025/nov/08/russia-ukraine-drone-missile-attacks-energy-infrastructure-casualties,Guardian,3
https://www.theguardian.com/world/2025/nov/08/ukraine-war-briefing-russia-unleashes-attack-on-energy-infrastructure-triggering-power-cuts,Guardian,3
https://www.theguardian.com/world/2025/nov/08/us-china-aircraft-carriers-naval-fleet-defence,Guardian,13
https://www.theguardian.com/world/2025/nov/09/russian-activist-held-in-poland-admits-he-worked-as-fsb-agent-court-papers-say,Guardian,5
https://www.theguardian.com/world/2025/nov/09/ukraine-war-briefing-russia-deliberately-endangering-nuclear-safety-in-europe-says-kyiv,Guardian,3
https://www.theguardian.com/world/2025/nov/09/volodymyr-zelenskyy-why-should-i-be-afraid-donald-trump,Guardian,14
https://www.theguardian.com/world/2025/nov/10/lavrov-absence-sparks-speculation-he-has-fallen-from-favour-with-putin,Guardian,14
https://www.theguardian.com/world/2025/nov/10/ukraine-anti-corruption-agency-investigates-energy-sector,Guardian,9
https://www.theguardian.com/world/2025/nov/10/ukraine-war-briefing-lavrov-reappears-ready-to-offer-marco-rubio-same-demands,Guardian,3
https://www.theguardian.com/world/2025/nov/11/car-bumpers-homemade-pies-no-weapons-allowed-the-unstoppable-postal-service-keeping-ukraine-going,Guardian,3
https://www.theguardian.com/world/2025/nov/11/israel-attacks-palestine-water,Guardian,4
https://www.theguardian.com/world/2025/nov/11/ukraine-war-briefing-battle-for-pokrovsk-raging-on-as-russia-claims-advance-on-town-to-east,Guardian,3
https://www.theguardian.com/world/2025/nov/12/ukraine-war-briefing-top-bankers-straight-talk-to-putin-over-troubled-economy,Guardian,3
https://www.theguardian.com/world/2025/nov/12/us-strikes-against-boats-in-caribbean-disregard-international-law-french-minister-says,Guardian,6
https://www.theguardian.com/world/2025/nov/12/zelenskyy-fires-ministers-accused-of-involvement-in-bribery-scheme-as-public-outrage-grows,Guardian,9
https://www.theguardian.com/world/2025/nov/13/canada-arctic-spy-threats-russia-china,Guardian,9
https://www.theguardian.com/world/2025/nov/13/germany-decides-against-conscription-to-replenish-post-cold-war-military,Guardian,9
https://www.theguardian.com/world/2025/nov/13/russia-eu-ban-multi-entry-visas-restrictions,Guardian,5
https://www.theguardian.com/world/2025/nov/13/trumpist-czech-pm-elect-refuses-to-sell-business-empire-amid-conflict-of-interest-row,Guardian,9
https://www.theguardian.com/world/2025/nov/13/ukraine-war-briefing-fire-sale-of-lukoil-assets-before-start-of-us-sanctions-on-russia,Guardian,3
https://www.theguardian.com/world/2025/nov/14/russia-attack-every-district-kyiv-city-strikes,Guardian,3
https://www.theguardian.com/world/2025/nov/14/the-uk-wants-to-emulate-denmarks-hardline-asylum-model-but-what-does-it-actually-look-like,Guardian,1
https://www.theguardian.com/world/2025/nov/14/ukraine-war-briefing-flamingo-flies-into-battle-zelenskyy-defers-to-commanders-over-pokrovsk,Guardian,3
https://www.theguardian.com/world/2025/nov/15/orban-claims-of-trump-summit-triumph-mask-growing-doubts-over-grip-on-power-hungary,Guardian,0
https://www.theguardian.com/world/2025/nov/15/russia-targeting-trains-ukraine-rail-network-attacks,Guardian,3
https://www.theguardian.com/world/2025/nov/15/ukraine-war-briefing-mass-production-of-ukrainian-octopus-interceptor-drones-begins,Guardian,3
https://www.theguardian.com/world/2025/nov/15/viktor-orban-hungary-2026-election-campaign-fidesz,Guardian,0
https://www.theguardian.com/world/2025/nov/16/nataliia-khodemchuk-widow-of-chornobyl-engineer-killed-russian-drone-strike-kyiv,Guardian,3
https://www.theguardian.com/world/2025/nov/16/roman-abramovich-makes-claim-of-conspiracy-against-jersey-government,Guardian,9
https://www.theguardian.com/world/2025/nov/16/ukraine-war-briefing-drones-hit-russias-ryazan-oil-refinery,Guardian,3
https://www.theguardian.com/world/2025/nov/16/zelenskyy-pledges-to-clean-up-ukraine-energy-sector-amid-corruption-scandal,Guardian,9
https://www.theguardian.com/world/2025/nov/17/poland-railway-blast-was-unprecedented-act-of-sabotage-says-donald-tusk,Guardian,9
https://www.theguardian.com/world/2025/nov/17/ukraine-war-briefing-greece-signs-deal-to-supply-gas-to-kyiv-over-difficult-winter,Guardian,3
https://www.theguardian.com/world/2025/nov/18/ukraine-war-briefing-kyiv-to-buy-100-rafale-warplanes-drones-and-air-defence-systems-from-france,Guardian,3
https://www.theguardian.com/world/2025/nov/18/ukrainians-working-for-russia-rail-blasts-says-poland-prime-minister-donald-tusk,Guardian,9
https://www.theguardian.com/world/2025/nov/19/eu-european-commission-plan-armed-forces-mobility-security,Guardian,9
https://www.theguardian.com/world/2025/nov/19/moscow-passes-laws-to-boost-defences-against-ukrainian-strikes,Guardian,5
https://www.theguardian.com/world/2025/nov/19/poland-closes-last-russian-consulate-after-act-of-state-terrorism-on-railway,Guardian,9
https://www.theguardian.com/world/2025/nov/19/ukraine-energy-sector-corruption-crisis,Guardian,9
https://www.theguardian.com/world/2025/nov/19/ukraine-war-briefing-kyiv-seeks-44bn-from-russia-for-climate-warming-war-emissions,Guardian,3
https://www.theguardian.com/world/2025/nov/19/us-and-russian-officials-draft-new-peace-plan-based-on-capitulation-from-ukraine,Guardian,14
https://www.theguardian.com/world/2025/nov/20/europe-must-be-involved-in-ukraine-peace-deal-negotiations-say-diplomats,Guardian,14
https://www.theguardian.com/world/2025/nov/20/south-africa-says-us-boycott-of-g20-is-coercion-by-absentia,Guardian,14
https://www.theguardian.com/world/2025/nov/20/thursday-briefing-what-fresh-claims-of-racism-and-antisemitism-at-school-mean-for-nigel-farage,Guardian,2
https://www.theguardian.com/world/2025/nov/20/ukraine-us-russian-peace-proposal-is-absurd-and-unacceptable,Guardian,14
https://www.theguardian.com/world/2025/nov/20/ukraine-war-briefing-rescuers-comb-through-rubble-after-russian-attack-kills-at-least-26,Guardian,3
https://www.theguardian.com/world/2025/nov/20/us-russia-reportedly-draft-plan-end-ukraine-war-zelenskyy,Guardian,14
https://www.theguardian.com/world/2025/nov/20/zhi-dong-zhang-mexico-drugs-china,Guardian,5
https://www.theguardian.com/world/2025/nov/21/eu-imposes-sanctions-russian-prison-death-ukrainian-journalist-viktoriia-roshchyna,Guardian,14
https://www.theguardian.com/world/2025/nov/21/europe-tnt-supply-us-export-israel-gaza-polish-mp-claims,Guardian,9
https://www.theguardian.com/world/2025/nov/21/friday-briefing-the-end-of-the-affair-why-weve-fallen-out-of-love-with-the-cinema,Guardian,2
https://www.theguardian.com/world/2025/nov/21/run-up-to-g20-in-south-africa-marred-by-hosts-simmering-row-with-us,Guardian,1
https://www.theguardian.com/world/2025/nov/21/trump-ukraine-deal-disastrous-kyiv-zelenskyy,Guardian,14
https://www.theguardian.com/world/2025/nov/21/trump-ukraine-peace-plan-zelenskyy-territory-ceded-nato-russia-g8,Guardian,14
https://www.theguardian.com/world/2025/nov/21/ukraine-war-briefing-russian-attack-zaporizhzhia-deaths,Guardian,14
https://www.theguardian.com/world/2025/nov/21/who-is-kirill-dmitriev-draft-plan-ukraine-war-russia,Guardian,14
https://www.theguardian.com/world/2025/nov/21/zelenskyy-says-ukraine-faces-most-difficult-moment-as-trump-pushes-plan-to-end-war,Guardian,14
https://www.theguardian.com/world/2025/nov/22/ukraine-war-briefing-putin-trump-deal-reaction,Guardian,14
https://www.theguardian.com/world/2025/nov/22/ukraine-zelenskyy-peace-deal-us-nato-meeting,Guardian,14
https://www.theguardian.com/world/2025/nov/22/ukrainians-struggle-against-russian-assault-on-power-network,Guardian,2
https://www.theguardian.com/world/2025/nov/22/us-peace-plan-ukraine-g20-changes,Guardian,14
https://www.theguardian.com/world/2025/nov/23/cyril-ramaphosa-gavel-g20-summit-us-handover,Guardian,6
https://www.theguardian.com/world/2025/nov/23/jersey-london-safe-haven-sanctions-roman-abramovich-billions,Guardian,9
https://www.theguardian.com/world/2025/nov/23/trump-says-ukraine-deal-is-not-final-offer-as-officials-gather-for-geneva-summit,Guardian,14
https://www.theguardian.com/world/2025/nov/23/trump-ukraine-zero-gratitude-peace-plan-international-talks,Guardian,14
https://www.theguardian.com/world/2025/nov/23/ukraine-war-briefing-macron-says-without-deterrence-in-ukraine-plan-russians-will-come-back,Guardian,14
https://www.theguardian.com/world/2025/nov/24/disarray-over-leaked-us-russia-peace-plan-is-ideal-scenario-for-putin,Guardian,14
https://www.theguardian.com/world/2025/nov/24/ukraine-peace-plan-jd-vance-daniel-driscoll,Guardian,14
https://www.theguardian.com/world/2025/nov/24/ukraine-war-briefing-russian-drones-kill-four-in-kharkiv-as-officials-discuss-proposal-to-end-war,Guardian,14
https://www.theguardian.com/world/2025/nov/24/zelenskyy-trump-meeting-revised-us-peace-plan-ukraine-russia,Guardian,14
https://www.theguardian.com/world/2025/nov/25/jacob-zuma-daughter-accused-tricking-men-fighting-for-russia-in-ukraine,Guardian,5
https://www.theguardian.com/world/2025/nov/25/nato-scrambles-jets-russian-drones-deepest-incursion-romania,Guardian,3
https://www.theguardian.com/world/2025/nov/25/russia-strikes-kyiv-ukraine-us-brokered-peace-talks-abu-dhabi,Guardian,3
https://www.theguardian.com/world/2025/nov/25/tuesday-briefing-inside-the-latest-lords-scandal-and-the-future-of-the-peers,Guardian,2
https://www.theguardian.com/world/2025/nov/25/ukraine-war-briefing-russia-attack-kyiv-buildings-fires,Guardian,3
https://www.theguardian.com/world/2025/nov/25/us-kyiv-and-moscow-officials-continue-talks-on-trump-plan-to-end-ukraine-war,Guardian,14
https://www.theguardian.com/world/2025/nov/26/as-france-prepares-military-expansion-how-is-europe-beefing-up-its-armies,Guardian,9
https://www.theguardian.com/world/2025/nov/26/ukraine-war-briefing-peace-plan-fine-tuned-trump-says-as-president-backs-away-from-thursday-deadline,Guardian,14
https://www.theguardian.com/world/2025/nov/26/us-ukrainian-war-effort-trump-peace-plan,Guardian,14
https://www.theguardian.com/world/2025/nov/26/von-der-leyen-warns-against-carving-up-of-sovereign-european-nation-amid-crunch-ukraine-talks,Guardian,14
https://www.theguardian.com/world/2025/nov/26/wednesday-briefing-what-may-be-in-and-out-of-rachel-reevess-hokey-cokey-budget,Guardian,1
https://www.theguardian.com/world/2025/nov/26/women-flying-drones-ukraine-frontline-casualties-recruitment-combat,Guardian,3
https://www.theguardian.com/world/2025/nov/27/france-voluntary-military-service-russia-threat-macron-plan,Guardian,9
https://www.theguardian.com/world/2025/nov/27/putin-insists-ukraine-surrender-territory-for-peace-deal-possible,Guardian,14
https://www.theguardian.com/world/2025/nov/27/ukraine-war-briefing-donald-trump-steve-witkoff-peace-plan-criticised-republicans,Guardian,14
https://www.theguardian.com/world/2025/nov/27/us-deal-must-punish-russia-war-crimes-says-ukraines-nobel-peace-prize-winner,Guardian,14
https://www.theguardian.com/world/2025/nov/28/belgium-hits-back-at-eu-plan-to-use-frozen-russian-assets-to-aid-ukraine,Guardian,14
https://www.theguardian.com/world/2025/nov/28/friday-briefing-how-will-ukraine-fare-this-winter-as-trump-pushes-for-a-controversial-peace-deal,Guardian,2
https://www.theguardian.com/world/2025/nov/28/jacob-zuma-daughter-resigns-claims-south-africans-tricked-fight-russia,Guardian,5
https://www.theguardian.com/world/2025/nov/28/ukraine-corruption-scandal-threatens-zelenskyy-special-relationship-with-top-aide,Guardian,14
https://www.theguardian.com/world/2025/nov/28/ukraine-war-briefing-putin-says-russia-will-fight-on-unless-ukraine-gives-up-territory,Guardian,14
https://www.theguardian.com/world/2025/nov/28/ukraines-anti-corruption-agencies-search-home-zelenskyy-chief-aide-andriy-yermak,Guardian,9
https://www.theguardian.com/world/2025/nov/29/deadly-russian-attack-on-kyiv-cuts-power-to-half-of-city,Guardian,14
https://www.theguardian.com/world/2025/nov/29/the-week-europe-realised-it-stands-alone-against-russian-expansionism,Guardian,14
https://www.theguardian.com/world/2025/nov/29/uk-mps-extra-aid-humanitarian-visas-jamaica-hurricane-melissa-dawn-butler,Guardian,1
https://www.theguardian.com/world/2025/nov/29/ukraine-war-briefing-russia-launches-deadly-overnight-attack-on-kyiv,Guardian,3
https://www.theguardian.com/world/2025/nov/29/zelenskyy-faces-mini-revolution-as-yermak-fall-reshapes-ukraine-wartime-power-system,Guardian,14
https://www.theguardian.com/world/2025/nov/30/ukraine-war-briefing-peace-plan-meeting-florida-rubio-witkoff-kushner,Guardian,3
https://www.theguardian.com/world/2025/nov/30/ukrainian-and-us-officials-talks-florida-russia-war,Guardian,14
https://www.theguardian.com/world/2025/oct/01/europe-dangerous-situation-since-second-world-war-russia-war-drones-sabotage,Guardian,14
https://www.theguardian.com/world/2025/oct/01/france-oil-tanker-russia-drone-denmark,Guardian,3
https://www.theguardian.com/world/2025/oct/01/jailed-georgian-politicians-allege-links-between-ruling-party-and-iran-in-letter-to-uk,Guardian,9
https://www.theguardian.com/world/2025/oct/01/people-think-they-know-what-war-is-heres-what-i-learned-in-seven-years-on-ukraines-frontline,Guardian,2
https://www.theguardian.com/world/2025/oct/01/russia-accused-of-sabotaging-last-power-line-into-zaporizhzhia-nuclear-plant,Guardian,3
https://www.theguardian.com/world/2025/oct/01/taiwan-biggest-importer-russian-naphtha-despite-ukraine-ally-report,Guardian,13
https://www.theguardian.com/world/2025/oct/01/ukraine-war-briefing-estonia-warns-of-putin-distraction-tactics-as-eu-leaders-meet-to-discuss-drone-wall,Guardian,14
https://www.theguardian.com/world/2025/oct/02/east-or-west-czechs-split-over-where-possible-return-of-trumpist-could-lead-andrej-babis-polls,Guardian,0
https://www.theguardian.com/world/2025/oct/02/first-edition-government-shutdown,Guardian,1
https://www.theguardian.com/world/2025/oct/02/historian-uses-ai-to-help-identify-nazi-in-notorious-holocaust-image,Guardian,2
https://www.theguardian.com/world/2025/oct/02/ukraine-war-briefing-attack-cutting-power-to-chornobyl-nuclear-plant-a-global-threat-says-zelenskyy,Guardian,3
https://www.theguardian.com/world/2025/oct/02/us-give-ukraine-intelligence-long-range-energy-targets-russia-reports,Guardian,14
https://www.theguardian.com/world/2025/oct/02/vladimir-putin-dismisses-fears-moscow-plans-attack-nato,Guardian,14
https://www.theguardian.com/world/2025/oct/03/captain-of-oil-tanker-linked-to-russia-shadow-fleet-to-face-trial-in-france,Guardian,3
https://www.theguardian.com/world/2025/oct/03/munich-drone-sightings-force-airport-to-cancel-flights-in-latest-europe-disruption,Guardian,3
https://www.theguardian.com/world/2025/oct/03/ukraine-war-briefing-putin-warns-of-new-level-of-escalation-if-tomahawk-missiles-supplied-to-kyiv,Guardian,3
https://www.theguardian.com/world/2025/oct/04/europe-needs-to-get-serious-about-threat-posed-to-it-by-russia-ukraine-minister-says,Guardian,14
https://www.theguardian.com/world/2025/oct/04/people-are-really-dying-belarusians-warn-lukashenkos-crackdown-is-far-from-over,Guardian,5
https://www.theguardian.com/world/2025/oct/04/populist-billionaire-andrej-babis-wins-czech-parliamentary-election,Guardian,0
https://www.theguardian.com/world/2025/oct/04/ukraine-war-briefing-political-will-needed-to-restore-external-power-to-zaporizhzhia-nuclear-plant-un-watchdog-says,Guardian,3
https://www.theguardian.com/world/2025/oct/05/czech-populist-andrej-babis-in-talks-to-form-stable-government-after-election-win,Guardian,0
https://www.theguardian.com/world/2025/oct/05/georgia-irakli-kobakhidze-crackdown-dissent-tbilisi-protests,Guardian,9
https://www.theguardian.com/world/2025/oct/05/russian-drones-missiles-bombard-attack-ukraine-lviv,Guardian,3
https://www.theguardian.com/world/2025/oct/05/ukraine-war-briefing-china-providing-russia-with-intelligence-on-missile-targets-ukrainian-official-claims,Guardian,3
https://www.theguardian.com/world/2025/oct/06/ukraine-war-briefing-snag-for-eus-support-of-kyiv-after-aid-opponent-wins-czech-election,Guardian,3
https://www.theguardian.com/world/2025/oct/07/ukraine-war-briefing-trump-says-he-would-want-to-know-kyivs-plans-for-tomahawk-missiles-before-supplying-them,Guardian,3
https://www.theguardian.com/world/2025/oct/08/colombian-mercenaries-sudan-war,Guardian,5
https://www.theguardian.com/world/2025/oct/08/germany-draws-up-law-to-allow-police-to-shoot-down-drones,Guardian,9
https://www.theguardian.com/world/2025/oct/08/ukraine-war-briefing-shadow-fleet-is-launchpad-for-russian-drones-harassing-europe-zelenskyy,Guardian,3
https://www.theguardian.com/world/2025/oct/09/ukraine-war-briefing,Guardian,3
https://www.theguardian.com/world/2025/oct/10/drc-calls-eu-minerals-deal-rwanda-obvious-double-standard,Guardian,8
https://www.theguardian.com/world/2025/oct/10/friday-briefing-how-a-historic-case-accusing-two-men-of-spying-for-china-dramatically-fell-apart,Guardian,2
https://www.theguardian.com/world/2025/oct/10/russian-attack-kyiv-ukraine-capital-blackouts-sets-high-rise-alight,Guardian,3
https://www.theguardian.com/world/2025/oct/10/ukraine-war-briefing-23-children-and-adolescents-brought-out-of-russian-occupied-areas,Guardian,3
https://www.theguardian.com/world/2025/oct/11/hostages-gaza-israel-profiles,Guardian,2
https://www.theguardian.com/world/2025/oct/11/how-ukraine-forces-attempt-claw-back-russian-advances-donetsk,Guardian,3
https://www.theguardian.com/world/2025/oct/11/ukraine-war-briefing-power-restored-to-kyiv-after-russia-drone-attacks,Guardian,3
https://www.theguardian.com/world/2025/oct/11/zelenskyy-urges-trump-to-use-gaza-ceasefire-momentum-to-broker-peace-in-ukraine,Guardian,14
https://www.theguardian.com/world/2025/oct/12/ukraine-war-briefing-latest-refinery-strike-shows-no-safe-places-in-russias-deep-rear,Guardian,3
https://www.theguardian.com/world/2025/oct/13/ukraine-war-briefing-moscow-voices-extreme-concern-at-trump-threat-to-send-tomohawk-missiles-to-kyiv,Guardian,14
https://www.theguardian.com/world/2025/oct/14/ukraine-war-briefing-crimea-oil-refinery-burns-as-russia-feels-effects-on-fuel-supply,Guardian,3
https://www.theguardian.com/world/2025/oct/15/germany-coalition-row-military-resources-boris-pistorius-social-democrats,Guardian,9
https://www.theguardian.com/world/2025/oct/15/putins-cancelled-russia-arab-summit-signals-waning-influence-in-middle-east,Guardian,14
https://www.theguardian.com/world/2025/oct/15/russian-drone-incursion-tactically-stupid-and-counterproductive-says-polish-minister,Guardian,14
https://www.theguardian.com/world/2025/oct/15/syrian-president-in-first-visit-to-moscow-as-former-enemies-hold-talks,Guardian,5
https://www.theguardian.com/world/2025/oct/15/ukraine-war-briefing-poland-minister-shows-shahed-drone-and-warns-of-deep-russian-threat,Guardian,3
https://www.theguardian.com/world/2025/oct/16/india-casts-doubt-on-trumps-claims-that-it-has-agreed-to-stop-buying-russian-oil,Guardian,8
https://www.theguardian.com/world/2025/oct/16/russia-strikes-ukraine-gas-sites-zelenskyy-us-trump-meeting-cruise-missiles,Guardian,3
https://www.theguardian.com/world/2025/oct/16/russian-cyber-attacks-against-nato-states-up-by-25-in-a-year-analysis-finds,Guardian,5
https://www.theguardian.com/world/2025/oct/16/ukraine-war-briefing-bit-of-a-process-but-india-will-give-up-russian-oil-trump-claims,Guardian,14
https://www.theguardian.com/world/2025/oct/16/zelenskyy-tomahawk-missiles-trump-putin-budapest,Guardian,14
https://www.theguardian.com/world/2025/oct/17/trump-putin-phone-call-sinks-kyiv-ukraine-hopes-for-us-tomahawk-missiles,Guardian,14
https://www.theguardian.com/world/2025/oct/17/ukraine-war-briefing-putin-back-in-trumps-ear-as-soon-as-tomahawks-came-up-says-zelenskyy,Guardian,14
https://www.theguardian.com/world/2025/oct/17/ukrainian-defenders-struggling-to-stem-russia-air-assault,Guardian,3
https://www.theguardian.com/world/2025/oct/17/what-are-tomahawk-missiles-and-why-does-ukraine-want-them,Guardian,13
https://www.theguardian.com/world/2025/oct/18/ukraine-war-briefing-zelenskyy-realistic-about-chances-of-tomahawk-missile-deal,Guardian,14
https://www.theguardian.com/world/2025/oct/19/ukraine-war-briefing-repairs-begin-in-bid-to-restore-power-to-zaporizhzhia-nuclear-plant,Guardian,3
https://www.theguardian.com/world/2025/oct/20/british-troops-powers-shoot-down-drones-military-bases,Guardian,3
https://www.theguardian.com/world/2025/oct/20/european-leaders-near-deal-to-use-frozen-russian-assets-for-ukraine,Guardian,14
https://www.theguardian.com/world/2025/oct/20/i-was-doing-nothing-at-home-the-chinese-nationals-fighting-for-ukraine,Guardian,5
https://www.theguardian.com/world/2025/oct/20/monday-briefing-new-levels-of-misery-for-ukraines-soldiers-as-diplomatic-wrangling-drags-on,Guardian,4
https://www.theguardian.com/world/2025/oct/20/trump-zelenskyy-ukraine-donbas-region-end-russia-invasion,Guardian,14
https://www.theguardian.com/world/2025/oct/20/ukraine-war-briefing-energy-war-continues-with-strikes-on-russian-oil-and-gas-plants,Guardian,3
https://www.theguardian.com/world/2025/oct/20/zelenskyy-calls-for-more-us-patriot-air-defences-after-trump-again-sides-with-putin,Guardian,14
https://www.theguardian.com/world/2025/oct/21/plans-for-trump-putin-talks-in-budapest-shelved,Guardian,14
https://www.theguardian.com/world/2025/oct/21/ukraine-war-briefing-zelenskyy-paints-trump-meeting-as-positive-with-patriot-missile-deal-in-works,Guardian,14
https://www.theguardian.com/world/2025/oct/22/first-edition-maccabi-tel-aviv,Guardian,4
https://www.theguardian.com/world/2025/oct/22/kyiv-russian-missile-drone-strike-attack-people-killed,Guardian,3
https://www.theguardian.com/world/2025/oct/22/ukraine-war-briefing-storm-shadow-missiles-hit-gunpowder-plant-in-russia,Guardian,14
https://www.theguardian.com/world/2025/oct/22/zelenskyy-calls-trumps-proposal-to-freeze-war-at-current-frontlines-good-compromise,Guardian,14
https://www.theguardian.com/world/2025/oct/23/drones-ukraine-wildfires-russia-heat-mines-shelling,Guardian,3
https://www.theguardian.com/world/2025/oct/23/eu-has-a-plan-to-use-frozen-russian-assets-to-fund-ukraine-how-will-it-work,Guardian,14
https://www.theguardian.com/world/2025/oct/23/hungary-election-campaign-rival-rallies-viktor-orban-peter-magyar,Guardian,0
https://www.theguardian.com/world/2025/oct/23/latest-eu-sanctions-against-russia-target-liquified-natural-gas,Guardian,14
https://www.theguardian.com/world/2025/oct/23/putin-says-he-will-never-bow-to-us-but-concedes-sanctions-may-cause-some-losses,Guardian,8
https://www.theguardian.com/world/2025/oct/23/south-korea-monster-missile-hyunmoo-5-balance-power-north,Guardian,6
https://www.theguardian.com/world/2025/oct/23/thursday-briefing-while-the-ceasefire-holds-gaza-continues-to-starve,Guardian,4
https://www.theguardian.com/world/2025/oct/23/ukraine-war-briefing-ukrainians-may-get-gripen-fighter-jets-bought-with-russian-money,Guardian,3
https://www.theguardian.com/world/2025/oct/23/will-us-sanctions-russia-oil-companies-be-effective-why-trump-now,Guardian,8
https://www.theguardian.com/world/2025/oct/23/zaporizhzhia-nuclear-plant-reconnected-to-external-power-from-ukraine,Guardian,3
https://www.theguardian.com/world/2025/oct/23/zelenskyy-presses-for-eu-decision-on-using-russia-assets-to-defend-ukraine,Guardian,14
https://www.theguardian.com/world/2025/oct/24/trump-says-all-canada-trade-talks-terminated-over-ad-criticising-tariffs,Guardian,6
https://www.theguardian.com/world/2025/oct/24/ukraine-war-briefing-lithuania-accuses-russia-of-further-nato-airspace-violation,Guardian,3
https://www.theguardian.com/world/2025/oct/24/zelenskyy-ukraine-russia-london-meeting-european-leaders,Guardian,14
https://www.theguardian.com/world/2025/oct/25/ukraine-war-briefing-zelenskyy-urges-us-to-expand-russia-oil-sanctions,Guardian,14
https://www.theguardian.com/world/2025/oct/25/underground-hospital-ukrainian-soldiers-injured-by-russian-drones,Guardian,2
https://www.theguardian.com/world/2025/oct/26/kupiansk-ukraine-war-frontline,Guardian,3
https://www.theguardian.com/world/2025/oct/26/ukraine-war-briefing-us-reportedly-mulling-further-sanctions-on-russia-that-could-hit-banking-sector,Guardian,3
https://www.theguardian.com/world/2025/oct/27/lithuania-authorises-shooting-down-of-smuggling-balloons-from-belarus,Guardian,3
https://www.theguardian.com/world/2025/oct/27/russia-cruise-missile-test-trump-putin,Guardian,3
https://www.theguardian.com/world/2025/oct/27/ukraine-war-briefing-russian-claims-test-of-nuclear-powered-missile-known-as-flying-chornobyl,Guardian,3
https://www.theguardian.com/world/2025/oct/28/russian-drone-attacks-on-civilians-in-ukraine-are-war-crimes-un-report-concludes,Guardian,3
https://www.theguardian.com/world/2025/oct/28/ukraine-war-briefing-russian-drones-hunt-civilians-in-against-humanity-un-inquiry-finds,Guardian,3
https://www.theguardian.com/world/2025/oct/29/kremlin-linked-operatives-scramble-to-stop-extradition-of-mercenary-accused-of-plotting-coup,Guardian,5
https://www.theguardian.com/world/2025/oct/29/ukraine-war-briefing-moscow-under-drone-siege-for-third-night-running,Guardian,14
https://www.theguardian.com/world/2025/oct/30/russian-army-chiefs-torturing-and-executing-soldiers-who-refuse-to-fight-in-ukraine-report-says,Guardian,5
https://www.theguardian.com/world/2025/oct/30/ukraine-war-briefing-putin-boasts-of-nuclear-driven-torpedo-that-would-swamp-cities-with-radioactive-tsunami,Guardian,3
https://www.theguardian.com/world/2025/oct/30/ukraine-women-wartime-wives-mothers-fighters-activists,Guardian,2
https://www.theguardian.com/world/2025/oct/31/stop-calling-georgia-the-former-soviet-republic,Guardian,5
https://www.theguardian.com/world/2025/oct/31/ukraine-war-briefing-british-ex-soldier-arrested-in-kyiv-and-accused-of-spying-for-russia,Guardian,3
https://www.theguardian.com/world/2025/sep/30/his-drug-is-power-lukashenko-reaches-out-to-the-west,Guardian,14
https://www.theguardian.com/world/2025/sep/30/ukrainian-detained-in-poland-over-2022-nord-stream-gas-pipeline-explosions,Guardian,9
https://www.theguardian.com/world/2026/apr/01/trump-nato-explainer,Guardian,6
https://www.theguardian.com/world/2026/apr/01/trump-says-he-is-absolutely-considering-withdrawing-us-from-nato,Guardian,6
https://www.theguardian.com/world/2026/apr/01/ukraine-war-briefing-ukraine-calls-hungary-a-disgrace-after-leaked-calls-with-moscow-emerge,Guardian,14
https://www.theguardian.com/world/2026/apr/01/wednesday-briefing-how-did-russia-become-the-unexpected-beneficiary-of-the-iran-war,Guardian,14
https://www.theguardian.com/world/2026/apr/02/coordinated-conflict-how-the-ukraine-and-iran-wars-are-starting-to-overlap,Guardian,13
https://www.theguardian.com/world/2026/apr/02/macron-criticises-trump-after-comments-about-his-marriage,Guardian,9
https://www.theguardian.com/world/2026/apr/02/ukraine-war-briefing-russia-responds-zelenskyy-easter-truce-drone-attack,Guardian,3
https://www.theguardian.com/world/2026/apr/03/friday-briefing-why-does-your-easter-egg-feel-smaller-because-it-is,Guardian,2
https://www.theguardian.com/world/2026/apr/03/hungary-elections-viktor-orban-who-will-win,Guardian,0
https://www.theguardian.com/world/2026/apr/03/ukraine-war-briefing-zelenskyy-expertise-waterways-open-middle-east-conflict,Guardian,3
https://www.theguardian.com/world/2026/apr/03/visual-guide-gulf-fertiliser-blockade,Guardian,8
https://www.theguardian.com/world/2026/apr/04/fighting-robots-give-ukraine-hope-in-war-with-russia,Guardian,13
https://www.theguardian.com/world/2026/apr/04/hungary-election-why-orban-is-a-common-cause-for-us-and-russia,Guardian,0
https://www.theguardian.com/world/2026/apr/04/ukraine-war-briefing-russian-army-almost-no-territorial-gains-first-time-since-2023-analysis,Guardian,3
https://www.theguardian.com/world/2026/apr/04/young-people-hungary-general-election-polls-viktor-orban,Guardian,0
https://www.theguardian.com/world/2026/apr/05/ukraine-war-briefing-slovakia-pm-calls-on-eu-to-lift-sanctions-on-russian-oil-and-gas,Guardian,3
https://www.theguardian.com/world/2026/apr/05/uproar-germany-law-men-up-to-45-military-permission-long-stays-abroad,Guardian,9
https://www.theguardian.com/world/2026/apr/05/viktor-orban-hungary-election-serbia-explosives-gas-pipeline,Guardian,0
https://www.theguardian.com/world/2026/apr/06/defense-contractors-oil-companies-profit-iran-war,Guardian,13
https://www.theguardian.com/world/2026/apr/06/hungary-puts-gas-pipeline-under-military-protection-amid-false-flag-accusations,Guardian,0
https://www.theguardian.com/world/2026/apr/06/trump-iran-war-netanyahu-israel,Guardian,7
https://www.theguardian.com/world/2026/apr/06/ukraine-war-briefing-russian-oil-facilities-burn-as-zelenskyy-tours-middle-east,Guardian,3
https://www.theguardian.com/world/2026/apr/07/jd-vance-eu-interference-hungary-election-viktor-orban,Guardian,0
https://www.theguardian.com/world/2026/apr/07/jd-vance-hungary-viktor-orban-election,Guardian,0
https://www.theguardian.com/world/2026/apr/07/ukraine-russia-war-briefing-zelenskyy-orthodox-easter-truce-offer,Guardian,3
https://www.theguardian.com/world/2026/apr/07/viktor-orban-told-putin-i-am-at-your-service-in-october-phonecall,Guardian,0
https://www.theguardian.com/world/2026/apr/07/will-bombing-iran-back-to-the-stone-ages-achieve-any-war-objectives,Guardian,7
https://www.theguardian.com/world/2026/apr/08/jd-vance-dismisses-claims-us-interfering-hungarian-election-budapest-viktor-orban,Guardian,0
https://www.theguardian.com/world/2026/apr/08/nato-mark-rutte-trump-iran-war,Guardian,6
https://www.theguardian.com/world/2026/apr/08/ukraine-war-briefing-kyiv-how-russian-satellites-help-iran-in-war,Guardian,3
https://www.theguardian.com/world/2026/apr/09/friday-briefing-how-the-middle-east-conflict-is-hitting-households-in-the-uk,Guardian,2
https://www.theguardian.com/world/2026/apr/09/i-had-poked-the-bear-right-in-the-eye-my-fight-to-renounce-my-russian-citizenship,Guardian,2
https://www.theguardian.com/world/2026/apr/09/majority-hungary-voters-back-continued-eu-membership-poll-finds-election-orban,Guardian,0
https://www.theguardian.com/world/2026/apr/09/meps-alarm-possible-russian-interference-hungary-elections,Guardian,0
https://www.theguardian.com/world/2026/apr/09/thursday-briefing-what-difference-will-the-ceasefire-in-the-middle-east-make-and-will-it-hold,Guardian,7
https://www.theguardian.com/world/2026/apr/09/ukraine-ceasefire-us-security-guarantees-fade-casualties-russia,Guardian,14
https://www.theguardian.com/world/2026/apr/09/ukraine-war-briefing-kremlin-threat-to-countries-over-ukrainian-drone-transit,Guardian,3
https://www.theguardian.com/world/2026/apr/09/us-ignoring-evidence-russia-is-helping-iran-because-it-trusts-putin-says-zelenskyy,Guardian,14
https://www.theguardian.com/world/2026/apr/10/cuban-president-tells-nbc-he-wont-resign-under-us-pressure-as-russia-backs-old-ally,Guardian,6
https://www.theguardian.com/world/2026/apr/10/peter-magyar-leading-polls-hungary-election-tisza-opposition,Guardian,0
https://www.theguardian.com/world/2026/apr/10/ukraine-war-briefing-first-official-ceasefire-agreed-after-zelenskyy-push-succeeds,Guardian,3
https://www.theguardian.com/world/2026/apr/10/viktor-orban-peter-magyar-hungary-election-campaign,Guardian,0
https://www.theguardian.com/world/2026/apr/11/explosives-serbia-pipeline-likely-russian-provocation-says-military-expert-hungary-ukraine,Guardian,0
https://www.theguardian.com/world/2026/apr/11/ukraine-divided-viktor-orban-berehove-fidesz,Guardian,0
https://www.theguardian.com/world/2026/apr/11/ukraine-war-briefing-doubts-linger-in-kyiv-over-moscows-promise-to-uphold-orthodox-easter-ceasefire,Guardian,3
https://www.theguardian.com/world/2026/apr/12/hungarian-election-hope-voters-cast-ballots,Guardian,0
https://www.theguardian.com/world/2026/apr/12/hungarians-vote-in-hard-fought-election-that-could-oust-viktor-orban-after-16-years,Guardian,0
https://www.theguardian.com/world/2026/apr/12/peter-magyar-hungary-next-leader-profile,Guardian,0
https://www.theguardian.com/world/2026/apr/12/russia-bucha-occupation-recruitment-bohdan-tymchenko-acts-of-sabotage-bucha,Guardian,5
https://www.theguardian.com/world/2026/apr/12/ukraine-war-briefing-easter-truce-falters-russia-ukraine-exchange-prisoners,Guardian,3
https://www.theguardian.com/world/2026/apr/12/viktor-orban-concedes-defeat-as-opposition-wins-hungarian-election,Guardian,0
https://www.theguardian.com/world/2026/apr/13/monday-briefing-hungary-election-peter-magyar-viktor-orban,Guardian,0
https://www.theguardian.com/world/2026/apr/13/peter-duncan-obituary,Guardian,2
https://www.theguardian.com/world/2026/apr/13/peter-magyar-election-win-hungary-eu-ukraine-russia,Guardian,0
https://www.theguardian.com/world/2026/apr/13/peter-magyar-vows-to-pursue-those-who-plundered-hungary-after-election-win,Guardian,0
https://www.theguardian.com/world/2026/apr/13/ukraine-war-briefing-easter-truce-expires-as-both-sides-accuse-the-other-of-violations,Guardian,3
https://www.theguardian.com/world/2026/apr/13/why-peter-magyar-hungary-likely-become-normal-eu-member-state,Guardian,0
https://www.theguardian.com/world/2026/apr/14/hungary-new-era-russia-back-foot-vladimir-putin-viktor-orban,Guardian,0
https://www.theguardian.com/world/2026/apr/14/ukraine-war-briefing-peter-magyar-hungary-putin,Guardian,14
https://www.theguardian.com/world/2026/apr/15/china-us-iran-war-risks-energy-economy,Guardian,6
https://www.theguardian.com/world/2026/apr/15/ukraine-war-briefing-orbans-defeat-in-hungary-could-unlock-90bn-loan-for-ukraine-says-eu-official,Guardian,14
https://www.theguardian.com/world/2026/apr/15/wednesday-briefing-why-are-people-turning-global-crises-into-highstakes-bets,Guardian,4
https://www.theguardian.com/world/2026/apr/16/giorgia-meloni-relations-donald-trump-italy,Guardian,0
https://www.theguardian.com/world/2026/apr/16/russia-attack-ukraine-drones-missiles-kyiv-odesa-volodymyr-zelenskyy,Guardian,3
https://www.theguardian.com/world/2026/apr/16/ukraine-war-briefing-netherlands-to-spend-almost-300m-on-making-drones-for-ukraine,Guardian,3
https://www.theguardian.com/world/2026/apr/17/first-edition-friday-briefing-theatre-industry-west-end-ticket-prices,Guardian,2
https://www.theguardian.com/world/2026/apr/17/ukraine-war-briefing-90bn-eu-loan-russia,Guardian,14
https://www.theguardian.com/world/2026/apr/18/pope-leo-donald-trump-iran,Guardian,7
https://www.theguardian.com/world/2026/apr/18/russian-blogger-fierce-kremlin-critique-goes-viral,Guardian,8
https://www.theguardian.com/world/2026/apr/18/terrorist-attack-kyiv-ukraine,Guardian,3
https://www.theguardian.com/world/2026/apr/18/ukraine-hungary-election-magyar-orban-europe,Guardian,0
https://www.theguardian.com/world/2026/apr/18/ukraine-war-briefing-russia-seeking-to-bring-belarus-back-into-the-war-says-zelenskyy,Guardian,3
https://www.theguardian.com/world/2026/apr/18/young-bulgarians-election-wave-of-protests,Guardian,0
https://www.theguardian.com/world/2026/apr/19/bulgaria-election-rumen-radev-boyko-borissov,Guardian,0
https://www.theguardian.com/world/2026/apr/19/ukraine-soldiers-confront-addiction-struggles,Guardian,2
https://www.theguardian.com/world/2026/apr/19/ukraine-war-briefing-search-for-motive-after-gunman-kills-six-in-kyiv,Guardian,3
https://www.theguardian.com/world/2026/apr/20/ukraine-war-briefing-europe-needs-homegrown-missile-defence-in-a-year-zelenskyy,Guardian,3
https://www.theguardian.com/world/2026/apr/21/ukraine-war-briefing-eu-moves-to-unlock-90bn-loan-as-orban-exits,Guardian,3
https://www.theguardian.com/world/2026/apr/22/eu-unblocks-loan-ukraine-new-sanctions-russia-hungary-lifts-veto,Guardian,14
https://www.theguardian.com/world/2026/apr/22/israel-death-penalty-law-rights-body-council-of-europe,Guardian,5
https://www.theguardian.com/world/2026/apr/22/roman-abramovich-jersey-european-human-rights-court-chelsea-sale-proceeds,Guardian,9
https://www.theguardian.com/world/2026/apr/22/ukraine-war-briefing-quick-loan-in-pipeline-as-druzhba-reopens,Guardian,3
https://www.theguardian.com/world/2026/apr/23/eu-approves-ukraine-loan-sanctions-russia,Guardian,14
https://www.theguardian.com/world/2026/apr/23/eu-risks-fallout-with-us-trump-linked-balkans-pipeline-plan-intervention,Guardian,9
https://www.theguardian.com/world/2026/apr/23/ukraine-war-briefing-kyiv-hails-frontline-position-as-strongest-in-a-year,Guardian,3
https://www.theguardian.com/world/2026/apr/24/friday-briefing-how-the-boom-in-running-culture-is-reflected-in-the-london-marathon,Guardian,2
https://www.theguardian.com/world/2026/apr/24/ukraine-frontline-soldiers-emaciated-lack-of-food-and-water,Guardian,3
https://www.theguardian.com/world/2026/apr/24/ukraine-war-briefing-trump-bristles-at-prince-harrys-passionate-plea-for-ukraine,Guardian,3
https://www.theguardian.com/world/2026/apr/25/russian-airstrikes-ukraine-dnipro-odesa-kharkiv,Guardian,3
https://www.theguardian.com/world/2026/apr/25/ukraine-war-briefing-zelenskyy-holds-talks-in-azerbaijan-saudi-arabia-on-security-and-energy,Guardian,3
https://www.theguardian.com/world/2026/apr/26/ukraine-war-briefing-zelenskyy-signs-agreement-with-azerbaijan-as-death-tolls-from-russian-attacks-rises-to-10,Guardian,3
https://www.theguardian.com/world/2026/apr/26/ukrainian-action-thriller-billed-as-saving-private-ryan-for-the-drone-age,Guardian,2
https://www.theguardian.com/world/2026/apr/27/mali-attacks-insurgents-seize-towns-kill-defence-minister,Guardian,7
https://www.theguardian.com/world/2026/apr/27/mali-militant-attacks-putin-russia-africa,Guardian,5
https://www.theguardian.com/world/2026/apr/27/ukraine-war-briefing-kim-jong-un-north-korea-russia-military-agreement,Guardian,3
https://www.theguardian.com/world/2026/apr/28/journalist-andrzej-poczobut-freed-prison-belarus-us-brokered-swap-deal,Guardian,9
https://www.theguardian.com/world/2026/apr/28/russia-claims-its-africa-corps-group-prevented-coup-in-mali-after-rebels-seize-towns,Guardian,7
https://www.theguardian.com/world/2026/apr/28/ukraine-war-briefing-arrests-russian-gru-linked-plots-lithuania,Guardian,3
https://www.theguardian.com/world/2026/apr/29/from-jakarta-to-manila-south-east-asia-turns-to-russia-to-plug-fuel-fertiliser-gaps-caused-by-iran-war,Guardian,13
https://www.theguardian.com/world/2026/apr/29/kim-north-korea-soldiers-blow-themselves-up-ukraine,Guardian,3
https://www.theguardian.com/world/2026/apr/29/russia-to-scale-back-victory-day-parade-as-ukraine-extends-its-drone-attacks,Guardian,3
https://www.theguardian.com/world/2026/apr/29/trump-and-putin-discuss-iran-war-and-float-temporary-ukraine-ceasefire-in-call,Guardian,14
https://www.theguardian.com/world/2026/apr/29/ukraine-asks-israel-to-seize-vessel-it-claims-is-carrying-grain-stolen-by-russia,Guardian,3
https://www.theguardian.com/world/2026/apr/29/ukraine-war-briefing-more-woe-russian-oil-tuapse-refinery-hit-again,Guardian,3
https://www.theguardian.com/world/2026/apr/29/us-ambassador-ukraine-trump-steps-down-julie-davis,Guardian,14
https://www.theguardian.com/world/2026/apr/30/bomb-butcher-bucha-military-town-east-russia,Guardian,5
https://www.theguardian.com/world/2026/apr/30/trump-tells-merz-to-fix-his-broken-country-in-new-attack-on-german-chancellor,Guardian,6
https://www.theguardian.com/world/2026/apr/30/trump-threatens-to-reduce-troop-numbers-in-germany-amid-growing-row-with-nato-allies,Guardian,7
https://www.theguardian.com/world/2026/apr/30/ukraine-war-briefing-enough-of-our-homegrown-weapons-to-go-around-says-zelenskyy,Guardian,3
https://www.theguardian.com/world/2026/feb/01/ukraine-war-briefing-us-reports-constructive-peace-talks-with-russia,Guardian,3
https://www.theguardian.com/world/2026/feb/02/monday-briefing-the-community-solidarity-driving-the-fightback-against-ice-in-minneapolis,Guardian,2
https://www.theguardian.com/world/2026/feb/02/ukraine-war-briefing-kyiv-reschedules-peace-talks-battered-power-grid-strains-cold-snaps,Guardian,3
https://www.theguardian.com/world/2026/feb/03/expiry-nuclear-weapons-pact-us-russia-arms-race,Guardian,6
https://www.theguardian.com/world/2026/feb/03/thousands-without-heating-ukraine-russia-winter-attacks-before-talks,Guardian,3
https://www.theguardian.com/world/2026/feb/03/ukraine-war-briefing-kyiv-under-russian-missile-attack,Guardian,3
https://www.theguardian.com/world/2026/feb/04/eu-deal-on-ukraine-loan-could-boost-uk-if-it-agrees-to-help-pay-costs,Guardian,14
https://www.theguardian.com/world/2026/feb/04/ukraine-russia-second-round-peace-talks-abu-dhabi,Guardian,14
https://www.theguardian.com/world/2026/feb/04/ukraine-russia-talks-how-close-is-a-peace-deal-and-what-does-each-side-want,Guardian,14
https://www.theguardian.com/world/2026/feb/04/ukraine-war-briefing-second-round-talks-abu-dhabi-russia-strike,Guardian,3
https://www.theguardian.com/world/2026/feb/04/wednesday-briefing-how-outdated-rules-on-reporting-fuel-misinformation-in-high-profile-trials,Guardian,4
https://www.theguardian.com/world/2026/feb/05/dubai-real-estate-fortune-hunters-entrepreneurs-population,Guardian,1
https://www.theguardian.com/world/2026/feb/05/i-wondered-if-i-would-be-a-coward-or-not-five-ukrainian-men-on-how-war-has-changed-them,Guardian,2
https://www.theguardian.com/world/2026/feb/05/russia-us-nuclear-new-start-treaty-expires-un-warning,Guardian,6
https://www.theguardian.com/world/2026/feb/05/sanctions-significant-impact-russian-economy-interview-eu-special-envoy-david-osullivan,Guardian,8
https://www.theguardian.com/world/2026/feb/05/second-day-of-ukraine-russia-peace-talks-in-uae-end-without-breakthrough,Guardian,14
https://www.theguardian.com/world/2026/feb/05/ukraine-war-briefing-russia-us-talks-abu-dhabi-zelenskyy-hopes-for-prisoner-exchange,Guardian,14
https://www.theguardian.com/world/2026/feb/05/ukrainian-sumo-star-aonishiki-arata-japan-top-competition,Guardian,2
https://www.theguardian.com/world/2026/feb/06/friday-briefing-gaza,Guardian,4
https://www.theguardian.com/world/2026/feb/06/russia-military-general-vladimir-alekseyev,Guardian,5
https://www.theguardian.com/world/2026/feb/06/ukraine-war-briefing-kyiv-and-moscow-hold-major-prisoner-exchange,Guardian,14
https://www.theguardian.com/world/2026/feb/07/uk-threatens-to-seize-russia-linked-shadow-fleet-tanker-in-escalatory-move,Guardian,3
https://www.theguardian.com/world/2026/feb/07/ukraine-war-briefing-zelenskyy-calls-for-faster-action-to-boost-air-defences-as-trump-hails-very-good-peace-talks,Guardian,3
https://www.theguardian.com/world/2026/feb/07/volodymyr-zelenskyy-us-june-deadline-ukraine-russia-peace-deal,Guardian,14
https://www.theguardian.com/world/2026/feb/08/russia-says-man-suspected-of-shooting-general-detained-in-dubai,Guardian,5
https://www.theguardian.com/world/2026/feb/08/ukraine-war-briefing-zelenskyy-hints-june-deadline-for-peace-with-russia-could-be-linked-to-us-midterms,Guardian,14
https://www.theguardian.com/world/2026/feb/09/air-canada-cancels-cuba-flights-fuel,Guardian,1
https://www.theguardian.com/world/2026/feb/09/europe-us-munich-security-conference-report,Guardian,6
https://www.theguardian.com/world/2026/feb/09/russia-scrambles-starlink-access-deactivated-elon-musk-space-x,Guardian,5
https://www.theguardian.com/world/2026/feb/09/ukraine-war-briefing-zelenskyy-says-russian-energy-sites-are-legitimate-targets,Guardian,3
https://www.theguardian.com/world/2026/feb/10/norway-defence-chief-russia-nuclear-assets,Guardian,6
https://www.theguardian.com/world/2026/feb/10/ukraine-war-briefing-france-to-start-making-weapons-with-kyiv,Guardian,3
https://www.theguardian.com/world/2026/feb/11/russian-crackdown-telegram-app-criticism-soldiers-pro-war-bloggers,Guardian,5
https://www.theguardian.com/world/2026/feb/11/russian-tourists-evacuate-cuba-us-oil-blockade,Guardian,3
https://www.theguardian.com/world/2026/feb/11/ukraine-war-briefing-uk-promises-to-double-troop-numbers-in-norway-to-deter-putin,Guardian,3
https://www.theguardian.com/world/2026/feb/12/pentagon-policy-chief-tells-european-nato-members-to-step-up-combat-capabilities,Guardian,6
https://www.theguardian.com/world/2026/feb/12/russia-attempt-block-whatsapp-meta-says,Guardian,9
https://www.theguardian.com/world/2026/feb/12/thursday-briefing-britain-is-flooding-so-why-is-support-for-net-zero-drying-up,Guardian,4
https://www.theguardian.com/world/2026/feb/12/ukraine-war-briefing-elections-only-after-ceasefire-zelenskyy,Guardian,3
https://www.theguardian.com/world/2026/feb/13/everything-is-frozen-bitter-winter-drags-on-for-kyiv-residents-as-russia-wipes-out-power,Guardian,3
https://www.theguardian.com/world/2026/feb/13/ukraine-war-briefing-marco-rubio-meet-volodymyr-zelenskyy-munich,Guardian,3
https://www.theguardian.com/world/2026/feb/13/us-not-powerful-enough-to-go-it-alone-merz-tells-munich-conference,Guardian,6
https://www.theguardian.com/world/2026/feb/14/alexei-navalny-poisoning-death-russia-frog-toxin,Guardian,9
https://www.theguardian.com/world/2026/feb/14/soviet-era-heating-system-ukraine-russia-visual-guide,Guardian,3
https://www.theguardian.com/world/2026/feb/14/ukraine-wants-20-year-us-security-guarantee-to-sign-peace-deal,Guardian,14
https://www.theguardian.com/world/2026/feb/14/ukraine-war-briefing-conflict-could-end-if-russia-economically-or-militarily-exhausted-says-germanys-merz,Guardian,14
https://www.theguardian.com/world/2026/feb/15/eu-foreign-policy-chief-criticises-fashionable-euro-bashing-by-the-us,Guardian,14
https://www.theguardian.com/world/2026/feb/15/offer-to-join-trumps-new-era-is-met-with-growing-sense-of-european-steeliness,Guardian,6
https://www.theguardian.com/world/2026/feb/15/ukraine-war-briefing-zelenskyy-denounces-vladimir-putin-as-slave-to-war-at-munich-conference,Guardian,14
https://www.theguardian.com/world/2026/feb/16/munich-security-conference-greenland-ukraine,Guardian,6
https://www.theguardian.com/world/2026/feb/16/north-korea-housing-ukraine-war-families,Guardian,3
https://www.theguardian.com/world/2026/feb/16/ukraine-russia-second-round-talks-fourth-anniversary-war,Guardian,14
https://www.theguardian.com/world/2026/feb/16/ukraine-war-briefing-drone-attack-on-russian-port-sparks-fires-ahead-of-fresh-peace-talks,Guardian,14
https://www.theguardian.com/world/2026/feb/16/ukrainian-civilian-casualties-surged-by-26-in-2025-say-researchers,Guardian,5
https://www.theguardian.com/world/2026/feb/17/russia-threatens-to-deploy-navy-vessels-shadow-fleet-europe,Guardian,3
https://www.theguardian.com/world/2026/feb/17/ukraine-war-briefing-kyivs-forces-made-fastest-battlefield-gains-since-2023-analysis-finds,Guardian,3
https://www.theguardian.com/world/2026/feb/18/latest-russia-ukraine-peace-talks-geneva-no-breakthrough,Guardian,14
https://www.theguardian.com/world/2026/feb/18/ukraine-war-briefing-zelenskyy-says-trump-pressure-geneva-talks,Guardian,3
https://www.theguardian.com/world/2026/feb/19/kenyan-soldiers-russia-ukraine-war-intelligence-report,Guardian,5
https://www.theguardian.com/world/2026/feb/19/kyiv-ukraine-zoo-blackouts-bombardment-animals-warm,Guardian,11
https://www.theguardian.com/world/2026/feb/19/ukraine-war-briefing-trump-sees-conflict-as-very-unfair-for-war-dead-and-us-taxpayers-says-white-house,Guardian,14
https://www.theguardian.com/world/2026/feb/20/ukraine-war-briefing-eu-eager-for-membership-talks-with-kyiv-to-begin-as-soon-as-possible,Guardian,14
https://www.theguardian.com/world/2026/feb/21/ukraine-war-briefing-hungary-threatens-to-block-90bn-eu-loan-to-kyiv-in-oil-row,Guardian,3
https://www.theguardian.com/world/2026/feb/22/erik-prince-drone-company-ukraine,Guardian,13
https://www.theguardian.com/world/2026/feb/22/russia-missiles-ukraine-hungary-block-eu-sanctions,Guardian,3
https://www.theguardian.com/world/2026/feb/22/ukraine-war-briefing-kyiv-condemns-hungary-slovakia-energy-supply-dispute,Guardian,3
https://www.theguardian.com/world/2026/feb/22/ukraine-war-russia-birthrates-families-parents-children,Guardian,2
https://www.theguardian.com/world/2026/feb/23/chickens-coming-home-to-roost-in-eastern-europe,Guardian,6
https://www.theguardian.com/world/2026/feb/23/diplomatic-failure-in-the-run-up-to-war-in-ukraine,Guardian,5
https://www.theguardian.com/world/2026/feb/23/eu-leaders-accuse-hungary-sabotaging-support-ukraine,Guardian,14
https://www.theguardian.com/world/2026/feb/23/monday-briefing-will-the-new-send-reforms-work-for-englands-children,Guardian,4
https://www.theguardian.com/world/2026/feb/23/ukraine-economic-resilience-eu-business-tie-ups,Guardian,8
https://www.theguardian.com/world/2026/feb/23/ukraine-war-briefing-russian-embassy-raises-victory-will-be-ours-banner-over-seoul-embassy-drawing-complaints,Guardian,3
https://www.theguardian.com/world/2026/feb/24/four-years-ukraine-invasion-russia-gains-small-ukraine-remains-resilient,Guardian,3
https://www.theguardian.com/world/2026/feb/24/russia-criminal-case-telegram-founder-pavel-durov,Guardian,5
https://www.theguardian.com/world/2026/feb/24/russia-fighting-ukraine-war-throughout-2026-military-thinktank,Guardian,3
https://www.theguardian.com/world/2026/feb/24/tuesday-briefing-long-and-winding-road-of-war-in-ukraine,Guardian,4
https://www.theguardian.com/world/2026/feb/24/ukraine-war-briefing-russia-exporting-more-oil-now-than-before-war-despite-sanctions-report,Guardian,3
https://www.theguardian.com/world/2026/feb/24/zelenskyy-trump-putin-invasion-anniversary-speech,Guardian,14
https://www.theguardian.com/world/2026/feb/25/russian-firms-have-routed-8bn-of-trade-through-british-island-territories-since-invasion-of-ukraine,Guardian,5
https://www.theguardian.com/world/2026/feb/25/ukraine-war-briefing-four-years-un-secretary-general-guterres,Guardian,14
https://www.theguardian.com/world/2026/feb/26/the-base-far-right-terror-group-ukraine-russia,Guardian,5
https://www.theguardian.com/world/2026/feb/26/ukraine-war-briefing-kyiv-to-accelerate-placement-of-anti-drone-nets-across-frontline,Guardian,3
https://www.theguardian.com/world/2026/feb/27/ghana-men-killed-fight-russia-ukraine,Guardian,5
https://www.theguardian.com/world/2026/feb/27/hungarys-viktor-orban-seeking-to-drum-up-votes-by-doing-down-ukraine,Guardian,0
https://www.theguardian.com/world/2026/feb/27/ukraine-museum-opens-berlin-air-raid-bunker,Guardian,2
https://www.theguardian.com/world/2026/feb/27/ukraine-war-briefing-imf-approves-81bn-loan-for-kyiv,Guardian,3
https://www.theguardian.com/world/2026/feb/28/novelist-james-meek-returns-to-kyiv-ukraine,Guardian,2
https://www.theguardian.com/world/2026/feb/28/ukraine-war-briefing-sweden-jammed-russian-drone-near-french-aircraft-carrier-amid-hybrid-war-fears,Guardian,3
https://www.theguardian.com/world/2026/jan/01/australian-reportedly-killed-fighting-with-ukrainian-forces-against-russia-ntwnfb,Guardian,4
https://www.theguardian.com/world/2026/jan/01/new-year-drone-strike-kills-24-in-russian-occupied-ukraine-moscow-says,Guardian,3
https://www.theguardian.com/world/2026/jan/01/ukraine-war-briefing-10-away-from-peace-zelenskyy-tells-ukrainians,Guardian,3
https://www.theguardian.com/world/2026/jan/02/uk-medics-helping-ukrainian-amputees-rehabilitation-centre,Guardian,2
https://www.theguardian.com/world/2026/jan/02/ukraine-war-briefing-kyivs-gur-faked-russian-ordered-killing-and-bagged-500k-kremlin-reward,Guardian,3
https://www.theguardian.com/world/2026/jan/03/colombia-sends-armed-forces-venezuela-border-concern-refugee-influx,Guardian,6
https://www.theguardian.com/world/2026/jan/03/is-there-any-legal-justification-for-the-us-attack-on-venezuela-trump-maduro,Guardian,6
https://www.theguardian.com/world/2026/jan/03/putin-russia-us-foreign-policy-venezuela,Guardian,6
https://www.theguardian.com/world/2026/jan/03/ukraine-2026-peace-deal-elusive,Guardian,14
https://www.theguardian.com/world/2026/jan/03/ukraine-war-briefing-russia-makes-biggest-battleground-gains-since-first-year-of-war-analysis-shows,Guardian,3
https://www.theguardian.com/world/2026/jan/04/business-as-usual-boss-bombed-ukrainian-vodka-maker-intent-on-expanding-exports,Guardian,2
https://www.theguardian.com/world/2026/jan/04/leading-uk-far-right-activist-russian-nationalist-event-mark-collett,Guardian,9
https://www.theguardian.com/world/2026/jan/04/ukraine-war-briefing-ukraine-will-fight-on-if-peace-talks-fail-zelenskyy-vows,Guardian,14
https://www.theguardian.com/world/2026/jan/05/chrystia-freeland-economic-adviser-ukraine-canada,Guardian,14
https://www.theguardian.com/world/2026/jan/05/keir-starmer-masterclass-hedging-bets-venezuela-raid,Guardian,6
https://www.theguardian.com/world/2026/jan/05/mps-across-parties-criticise-ministers-for-stance-on-trump-attack-on-venezuela,Guardian,6
https://www.theguardian.com/world/2026/jan/05/russia-weighs-up-fall-of-nicolas-maduro-venezuela,Guardian,6
https://www.theguardian.com/world/2026/jan/05/ukraine-war-briefing-kyiv-escalating-drone-attacks-on-russia-moscow-claims,Guardian,3
https://www.theguardian.com/world/2026/jan/05/un-security-council-trump-attack-venezuela,Guardian,6
https://www.theguardian.com/world/2026/jan/05/us-planes-monitor-tanker-ireland-clampdown-venezuelan-oil,Guardian,3
https://www.theguardian.com/world/2026/jan/05/volodymr-zelenskyy-sacks-ukrainian-spy-chief-vasyl-malyuk,Guardian,5
https://www.theguardian.com/world/2026/jan/05/yulia-lemeshchenko-weightlifting-champion-jailed-by-russia-for-plotting-sabotage-and-assassinations,Guardian,5
https://www.theguardian.com/world/2026/jan/06/how-us-takeover-greenland-undermine-nato,Guardian,6
https://www.theguardian.com/world/2026/jan/06/stephen-miller-donald-trump-threats-take-over-greenland,Guardian,6
https://www.theguardian.com/world/2026/jan/06/uk-france-ready-to-deploy-troops-to-ukraine-after-ceasefire,Guardian,14
https://www.theguardian.com/world/2026/jan/06/ukraine-war-briefing-russian-strikes-kill-two-and-trigger-hospital-fire-ahead-of-paris-peace-talks,Guardian,3
https://www.theguardian.com/world/2026/jan/06/yvette-cooper-criticise-trump-venezuela-ukraine,Guardian,6
https://www.theguardian.com/world/2026/jan/07/how-is-it-possible-berliners-demand-answers-after-sabotage-causes-blackout,Guardian,1
https://www.theguardian.com/world/2026/jan/07/marinera-seized-tanker-atlantic-us-uk-russia,Guardian,3
https://www.theguardian.com/world/2026/jan/07/russia-submarine-escort-shadow-fleet-tanker-us-sanctions,Guardian,3
https://www.theguardian.com/world/2026/jan/07/ukraine-war-briefing-us-backs-european-ceasefire-security-guarantees-for-first-time,Guardian,14
https://www.theguardian.com/world/2026/jan/07/wednesday-briefing-what-europes-silence-over-venezuela-says-about-its-fear-of-trump,Guardian,6
https://www.theguardian.com/world/2026/jan/08/aldrich-ames-obituary,Guardian,5
https://www.theguardian.com/world/2026/jan/08/coalition-of-the-willing-must-be-robust-to-deal-with-russia-warns-ex-us-general,Guardian,14
https://www.theguardian.com/world/2026/jan/08/eu-accused-of-fuelling-putins-war-by-importing-russian-liquefied-natural-gas,Guardian,13
https://www.theguardian.com/world/2026/jan/08/thursday-briefing-why-skinny-jabs-short-term-fix-comes-with-long-term-concerns,Guardian,2
https://www.theguardian.com/world/2026/jan/08/ukraine-war-briefing-allies-no-cast-iron-security-guarantees-yet,Guardian,14
https://www.theguardian.com/world/2026/jan/09/russia-ukraine-hypersonic-oreshnik-missile-attack,Guardian,3
https://www.theguardian.com/world/2026/jan/09/ukraine-war-briefing-kremlin-denounces-european-troops-plan-as-kyiv-warns-of-massive-russian-attack,Guardian,3
https://www.theguardian.com/world/2026/jan/10/ukraine-war-briefing-uk-earmarks-200m-to-prepare-for-possible-ukraine-deployment,Guardian,3
https://www.theguardian.com/world/2026/jan/11/ukraine-war-briefing-kyiv-struggles-to-stablise-ruined-power-grid-after-major-russian-attack,Guardian,3
https://www.theguardian.com/world/2026/jan/12/ukraine-war-briefing-nightfall-britain-races-to-develop-ballistic-missile-for-kyiv,Guardian,3
https://www.theguardian.com/world/2026/jan/12/what-can-the-eu-and-nato-do-to-stop-trump-from-trying-to-claim-greenland,Guardian,6
https://www.theguardian.com/world/2026/jan/13/i-made-the-biggest-mistake-young-yemeni-men-lured-into-russian-army-with-empty-promises,Guardian,2
https://www.theguardian.com/world/2026/jan/13/russia-working-to-circumvent-sanctions-to-ensure-india-oil-imports-continue,Guardian,8
https://www.theguardian.com/world/2026/jan/13/russian-strikes-kyiv-energy-grid-darkest-days,Guardian,3
https://www.theguardian.com/world/2026/jan/13/ukraine-war-briefing-oreshnik-missile-sparks-anger-at-un-security-council,Guardian,3
https://www.theguardian.com/world/2026/jan/14/ukraine-buy-weapons-non-european-suppliers-90bn-eu-loan,Guardian,14
https://www.theguardian.com/world/2026/jan/14/ukraine-war-briefing-estonia-leads-with-entry-ban-on-russians-who-fought-in-ukraine,Guardian,3
https://www.theguardian.com/world/2026/jan/14/us-invasion-threat-greenland-trump-denmark,Guardian,6
https://www.theguardian.com/world/2026/jan/14/yulia-tymoshenko-reportedly-accused-bribe-mps-ukraine,Guardian,9
https://www.theguardian.com/world/2026/jan/15/british-diplomat-expelled-russia-accused-spy,Guardian,5
https://www.theguardian.com/world/2026/jan/15/greenland-new-shipping-routes-hidden-minerals-and-a-frontline-between-the-us-and-russia,Guardian,6
https://www.theguardian.com/world/2026/jan/15/thursday-briefing-is-your-body-really-full-of-microplastics,Guardian,2
https://www.theguardian.com/world/2026/jan/15/ukraine-war-briefing-zelenskyy-declares-state-of-emergency-as-cities-shiver-from-energy-attacks,Guardian,14
https://www.theguardian.com/world/2026/jan/16/rightwing-leaders-endorse-viktor-orban-video-election,Guardian,0
https://www.theguardian.com/world/2026/jan/16/ukraine-war-briefing-russian-attack-destroys-kharkiv-energy-facility-as-uk-announces-emergency-support,Guardian,3
https://www.theguardian.com/world/2026/jan/16/urkraine-bucha-russia-weaponisation-winter-air-strikes-power-plants,Guardian,3
https://www.theguardian.com/world/2026/jan/17/greenland-crisis-europe-needs-trump-but-it-also-needs-to-stand-up-to-him,Guardian,6
https://www.theguardian.com/world/2026/jan/17/macron-no-amount-of-intimidation-will-change-eu-nations-course-on-greenland,Guardian,6
https://www.theguardian.com/world/2026/jan/17/ukraine-war-briefing-czechs-offer-drone-hunting-jets-as-zelenskyy-flags-air-defence-shortages,Guardian,14
https://www.theguardian.com/world/2026/jan/18/chinese-mega-embassy-london-british-spies-mi5-analysis,Guardian,5
https://www.theguardian.com/world/2026/jan/18/eu-weighs-tough-restrictions-in-face-of-trump-tariffs-but-appeasement-remains-most-likely-path,Guardian,6
https://www.theguardian.com/world/2026/jan/18/europe-diplomats-crisis-talks-trump-tariffs-greenland,Guardian,6
https://www.theguardian.com/world/2026/jan/18/tariffs-nato-allies-keir-starmer-donald-trump-greenland-crisis-call,Guardian,6
https://www.theguardian.com/world/2026/jan/18/ukraine-war-briefing-russia-readying-strikes-on-nuclear-power-system-zelenskyy-warns,Guardian,3
https://www.theguardian.com/world/2026/jan/19/kremlin-says-putin-invited-join-trump-gaza-board-of-peace,Guardian,14
https://www.theguardian.com/world/2026/jan/19/monday-news-briefing-greenland-denmark-us-donald-trump,Guardian,6
https://www.theguardian.com/world/2026/jan/19/ukraine-war-briefing-russian-attacks-kill-two-as-ukrainian-strikes-trigger-blackouts-in-occupied-south,Guardian,3
https://www.theguardian.com/world/2026/jan/20/ukraine-war-briefing-zelenskyy-says-military-innovation-will-transform-air-defences,Guardian,3
https://www.theguardian.com/world/2026/jan/21/body-seekers-ukraine-platzdarm-soldiers-bodies-frontline,Guardian,2
https://www.theguardian.com/world/2026/jan/21/china-strategic-opportunity-greenland-us-donald-trump,Guardian,6
https://www.theguardian.com/world/2026/jan/21/how-badenoch-meeting-with-mike-johnson-led-to-trump-chagos-deal-rant,Guardian,6
https://www.theguardian.com/world/2026/jan/21/the-spy-who-came-in-from-the-bus-stop,Guardian,2
https://www.theguardian.com/world/2026/jan/21/trump-us-stranglehold-eu-uk-energy-supply-lng,Guardian,8
https://www.theguardian.com/world/2026/jan/21/ukraine-war-briefing-kyiv-to-replace-chinese-made-mavic-drones,Guardian,3
https://www.theguardian.com/world/2026/jan/21/what-is-nato-explained-in-30-seconds,Guardian,6
https://www.theguardian.com/world/2026/jan/22/denmark-pm-calls-for-constructive-greenland-negotiation-with-trump,Guardian,6
https://www.theguardian.com/world/2026/jan/22/eu-leaders-meet-in-brussels-to-discuss-new-reality-of-relations-with-us,Guardian,6
https://www.theguardian.com/world/2026/jan/22/french-navy-intercepts-suspected-russian-shadow-fleet-tanker-mediterranean,Guardian,3
https://www.theguardian.com/world/2026/jan/22/trump-board-of-peace-launch-davos,Guardian,14
https://www.theguardian.com/world/2026/jan/22/ukraine-war-briefing-zelenskyy-expected-in-davos-after-all-to-meet-trump,Guardian,14
https://www.theguardian.com/world/2026/jan/22/whats-in-trump-greenland-deal-and-will-it-last,Guardian,6
https://www.theguardian.com/world/2026/jan/22/zelenskyy-accuses-eu-leaders-waiting-direction-donald-trump-greenland,Guardian,14
https://www.theguardian.com/world/2026/jan/23/friday-briefing-what-the-mood-at-davos-can-tell-us-about-a-changing-world-order,Guardian,2
https://www.theguardian.com/world/2026/jan/23/russia-deploys-new-high-speed-drones-amid-claims-they-contain-western-parts,Guardian,13
https://www.theguardian.com/world/2026/jan/23/ukraine-war-briefing-zelenskyy-russia-must-compromise,Guardian,14
https://www.theguardian.com/world/2026/jan/23/us-ukraine-russia-abu-dhabi-talks-putin-witkoff-kushner,Guardian,14
https://www.theguardian.com/world/2026/jan/23/weather-tracker-record-snowfall-eastern-russia-people-stranded,Guardian,3
https://www.theguardian.com/world/2026/jan/24/distraction-threat-how-ukrainians-view-greenland-crisis,Guardian,6
https://www.theguardian.com/world/2026/jan/24/russia-launches-deadly-strikes-on-kyiv-and-kharkiv-ahead-of-day-two-of-peace-talks,Guardian,3
https://www.theguardian.com/world/2026/jan/24/ukraine-war-briefing-russia-launches-strikes-on-kyiv-and-kharkhiv-during-abu-dhabi-talks,Guardian,3
https://www.theguardian.com/world/2026/jan/25/ukraine-war-briefing-kyiv-and-moscow-set-to-hold-more-face-to-face-talks-as-us-hails-big-step-forward,Guardian,3
https://www.theguardian.com/world/2026/jan/26/african-men-tricked-into-fighting-ukraine-for-russia,Guardian,5
https://www.theguardian.com/world/2026/jan/26/ukraine-war-briefing-us-security-agreement-volodymyr-zelenskyy,Guardian,3
https://www.theguardian.com/world/2026/jan/27/keir-starmer-walks-tightrope-over-myriad-issues-in-quest-to-bolster-china-ties,Guardian,6
https://www.theguardian.com/world/2026/jan/27/ukraine-war-briefing-mark-rutte-nato-russian-attack-kharkiv-power-outages-kyiv-monastery,Guardian,3
https://www.theguardian.com/world/2026/jan/28/odesa-russia-crosshairs-war-pivots-back-to-black-sea,Guardian,3
https://www.theguardian.com/world/2026/jan/28/russia-ukraine-military-casualties-war-study,Guardian,5
https://www.theguardian.com/world/2026/jan/28/ukraine-war-briefing-nearly-2-million-military-casualties-to-date-study,Guardian,3
https://www.theguardian.com/world/2026/jan/29/eu-formally-designates-iran-irgc-revolutionary-guards-terrorist-organisation,Guardian,7
https://www.theguardian.com/world/2026/jan/29/trump-claims-putin-agreed-to-halt-ukraine-energy-strikes-amid-extreme-cold,Guardian,14
https://www.theguardian.com/world/2026/jan/29/ukraine-war-briefing-russia-pounds-cities-across-country-ahead-of-fresh-round-of-peace-talks,Guardian,3
https://www.theguardian.com/world/2026/jan/30/ukraine-war-briefing-zelenskyy-and-merz-welcome-trump-truce-claim-and-condemn-russia-attacks,Guardian,3
https://www.theguardian.com/world/2026/jan/30/zelenskyy-cautious-russian-bombing-pause-extreme-cold-weather-ukraine,Guardian,14
https://www.theguardian.com/world/2026/jan/31/concerns-over-chinese-cctv-cameras-guarding-magna-carta,Guardian,5
https://www.theguardian.com/world/2026/jan/31/european-defence-disarray-future-nato-trump,Guardian,9
https://www.theguardian.com/world/2026/jan/31/ukraine-war-briefing-rising-us-iran-tensions-key-peace-talks-in-uae,Guardian,14
https://www.theguardian.com/world/2026/mar/01/ayatollah-ali-khamenei-obituary,Guardian,7
https://www.theguardian.com/world/2026/mar/01/dubai-missile-drone-attack-iran-us-israel-war-middle-east,Guardian,3
https://www.theguardian.com/world/2026/mar/01/iran-military-options-limited-us-israel-attack,Guardian,7
https://www.theguardian.com/world/2026/mar/01/suspected-russian-shadow-fleet-tanker-seized-north-sea,Guardian,3
https://www.theguardian.com/world/2026/mar/01/ukraine-war-briefing-zelenskyy-says-russia-peace-talks-will-depend-on-situation-in-middle-east,Guardian,14
https://www.theguardian.com/world/2026/mar/01/us-allies-foes-scrambling-trump-off-guard-iran,Guardian,6
https://www.theguardian.com/world/2026/mar/02/france-increase-nuclear-arsenal-european-weapons-cooperation-macron-says,Guardian,6
https://www.theguardian.com/world/2026/mar/02/iran-strait-hormuz-oil-global-prices-cost-of-living,Guardian,13
https://www.theguardian.com/world/2026/mar/02/iran-strait-of-hormuz-oil-gas-visualized,Guardian,13
https://www.theguardian.com/world/2026/mar/02/iran-unleashes-hundreds-of-drones-aimed-at-targets-across-middle-east,Guardian,13
https://www.theguardian.com/world/2026/mar/02/monday-briefing-what-does-the-escalation-in-the-middle-east-mean-for-global-stability,Guardian,7
https://www.theguardian.com/world/2026/mar/02/ukraine-war-briefing-drone-experts-to-stop-iran-drone-attacks-starmer,Guardian,3
https://www.theguardian.com/world/2026/mar/03/british-expats-dubai-iran-war,Guardian,1
https://www.theguardian.com/world/2026/mar/03/trump-says-he-fears-irans-next-leader-could-be-as-bad-as-the-previous-person,Guardian,6
https://www.theguardian.com/world/2026/mar/03/trump-us-iran-middle-east-china,Guardian,13
https://www.theguardian.com/world/2026/mar/03/ukraine-war-briefing-russia-army-records-slowest-advance-since-2024-amid-starlink-cut-data-shows,Guardian,3
https://www.theguardian.com/world/2026/mar/04/how-the-us-israeli-war-on-iran-created-a-massive-hole-in-global-airspace,Guardian,13
https://www.theguardian.com/world/2026/mar/04/middle-east-conflict-offers-economic-lifeline-to-russias-flagging-war-machine,Guardian,13
https://www.theguardian.com/world/2026/mar/04/putin-accuses-ukraine-of-attacking-gas-tanker-that-exploded-and-sank-off-libya,Guardian,3
https://www.theguardian.com/world/2026/mar/04/ukraine-war-briefing-merz-tells-trump-ukraine-must-not-give-up-more-territory,Guardian,14
https://www.theguardian.com/world/2026/mar/05/globalisation-under-threat-britain-economy-iran-conflict,Guardian,8
https://www.theguardian.com/world/2026/mar/05/iran-war-briefing-israel-us-support-kurds-conflict-what-we-know-so-far-day-six,Guardian,7
https://www.theguardian.com/world/2026/mar/05/roma-families-ukraine-war-families-military-compensation,Guardian,2
https://www.theguardian.com/world/2026/mar/05/ukraine-war-briefing-putin-blames-ukraine-for-sinking-of-tanker-off-coast-of-libya,Guardian,3
https://www.theguardian.com/world/2026/mar/06/hungary-seizes-millions-euros-cash-gold-ukrainian-convoy,Guardian,0
https://www.theguardian.com/world/2026/mar/06/pedro-sanchez-spain-european-leader-take-on-trump,Guardian,6
https://www.theguardian.com/world/2026/mar/06/revealed-the-ukrainian-facility-where-uk-engineers-help-fix-vital-weapons,Guardian,5
https://www.theguardian.com/world/2026/mar/06/ukraine-war-briefing-trump-urges-zelenskyy-to-get-a-deal-done-with-russia,Guardian,3
https://www.theguardian.com/world/2026/mar/07/baba-vanga-mystic-prophecies-fuel-online-propaganda-conspiracy-theories,Guardian,2
https://www.theguardian.com/world/2026/mar/07/iran-us-israel-war-regime-change,Guardian,7
https://www.theguardian.com/world/2026/mar/07/ukraine-war-briefing-nationwide-air-alert-issued-after-10-wounded-in-kharkiv-strikes,Guardian,3
https://www.theguardian.com/world/2026/mar/08/russia-ukraine-war-rural-communities,Guardian,2
https://www.theguardian.com/world/2026/mar/08/ukraine-struggles-us-focus-iran-putin,Guardian,14
https://www.theguardian.com/world/2026/mar/08/ukraine-war-briefing-zelenskyy-offers-help-to-saudi-crown-prince-on-combatting-iranian-drones,Guardian,3
https://www.theguardian.com/world/2026/mar/08/us-drivers-oil-prices-iran,Guardian,13
https://www.theguardian.com/world/2026/mar/09/roman-abramovich-ready-to-fight-uk-government-over-proceeds-from-chelsea-sale,Guardian,9
https://www.theguardian.com/world/2026/mar/09/ukraine-sent-drone-experts-protect-us-bases-jordan-zelenskyy,Guardian,13
https://www.theguardian.com/world/2026/mar/09/ukraine-war-briefing-drone-experts-will-be-in-middle-east-in-coming-days-says-zelenskyy,Guardian,14
https://www.theguardian.com/world/2026/mar/10/how-eu-member-states-reacting-energy-crisis-iran-war,Guardian,13
https://www.theguardian.com/world/2026/mar/10/how-the-us-israeli-war-in-iran-parallels-russia-invasion-of-ukraine,Guardian,6
https://www.theguardian.com/world/2026/mar/10/trump-free-flow-energy-fails-restart-shipping-strait-hormuz,Guardian,13
https://www.theguardian.com/world/2026/mar/10/ukraine-war-briefing-trump-set-to-ease-oil-related-sanctions-following-putin-call,Guardian,3
https://www.theguardian.com/world/2026/mar/11/how-iran-has-used-the-strait-of-hormuz-to-throttle-oil-and-gas-a-visual-guide,Guardian,13
https://www.theguardian.com/world/2026/mar/11/investigation-roman-abramovich-chelsea-sale-cash,Guardian,9
https://www.theguardian.com/world/2026/mar/11/nigel-farage-iran-us-war-putin-russia-new-statesman-interview-reform,Guardian,10
https://www.theguardian.com/world/2026/mar/11/ukraine-war-briefing-zelenskyy-accuses-hungary-of-banditry-over-82m-of-seized-gold,Guardian,3
https://www.theguardian.com/world/2026/mar/12/iran-using-russian-drone-tactics-uk-defence-secretary-john-healey,Guardian,7
https://www.theguardian.com/world/2026/mar/12/orban-ukraine-claims-hungary-election,Guardian,0
https://www.theguardian.com/world/2026/mar/12/russia-fossil-fuels-revenue-us-israel-war-iran-data,Guardian,13
https://www.theguardian.com/world/2026/mar/12/russia-internet-blackouts-walkie-talkies-moscow,Guardian,5
https://www.theguardian.com/world/2026/mar/12/ukraine-war-briefing-row-between-kyiv-and-hungary-over-pipeline-carrying-russian-oil-deepens,Guardian,3
https://www.theguardian.com/world/2026/mar/13/everything-is-a-political-weapon-since-trumps-re-election-says-germanys-ex-economy-minister,Guardian,1
https://www.theguardian.com/world/2026/mar/13/iran-war-oil-prices-russian-sanctions-lifted,Guardian,13
https://www.theguardian.com/world/2026/mar/13/ukraine-war-briefing-putin-envoy-says-us-better-understands-importance-of-russian-oil-amid-energy-crisis,Guardian,14
https://www.theguardian.com/world/2026/mar/13/unfamiliar-netflix-germany-spy-agency-bnd,Guardian,5
https://www.theguardian.com/world/2026/mar/14/cnn-frederik-pleitgen-journalist-iran,Guardian,11
https://www.theguardian.com/world/2026/mar/14/jurgen-habermas-german-philosopher-and-sociologist-dies-aged-96,Guardian,2
https://www.theguardian.com/world/2026/mar/14/negatives-are-photographic-truths-the-collector-who-fled-russia-with-a-haul-of-second-world-war-images,Guardian,2
https://www.theguardian.com/world/2026/mar/14/ukraine-war-briefing-war-in-the-middle-east-is-bad-news-for-ukraine-says-zelenskyy,Guardian,3
https://www.theguardian.com/world/2026/mar/15/ukraine-war-briefing-six-people-killed-as-russia-unleashes-missile-and-drone-attacks-officials-say,Guardian,3
https://www.theguardian.com/world/2026/mar/16/belgian-pm-bart-de-wever-call-repair-relations-russia-energy-costs-condemned,Guardian,14
https://www.theguardian.com/world/2026/mar/16/donald-trump-nato-threats-glaring-absence-iran-strategy,Guardian,7
https://www.theguardian.com/world/2026/mar/16/starmer-distances-uk-from-iran-war-as-eu-leaders-rule-out-sending-warships,Guardian,7
https://www.theguardian.com/world/2026/mar/16/strait-of-hormuz-australia-japan-no-ships,Guardian,7
https://www.theguardian.com/world/2026/mar/16/ukraine-war-briefing-zelenskyy-wants-new-system-to-control-ukraine-drone-sales,Guardian,14
https://www.theguardian.com/world/2026/mar/17/europe-must-prepare-for-drone-strikes-volodymyr-zelenskyy,Guardian,13
https://www.theguardian.com/world/2026/mar/17/uk-prepares-to-sue-abramovich-over-24bn-proceeds-of-chelsea-fc-sale,Guardian,9
https://www.theguardian.com/world/2026/mar/17/ukraine-war-briefing-russia-agrees-stop-recruiting-kenyans,Guardian,3
https://www.theguardian.com/world/2026/mar/18/pro-kremlin-loyalist-turns-on-putin-ilya-remeslo-russia,Guardian,5
https://www.theguardian.com/world/2026/mar/18/ukraine-war-briefing-kyiv-deploys-200-anti-drone-experts-to-middle-east,Guardian,14
https://www.theguardian.com/world/2026/mar/19/concerns-over-role-ex-putin-interpreter-hungary-daria-boyarskaya,Guardian,5
https://www.theguardian.com/world/2026/mar/19/hungary-orban-ukraine-loan-veto-eu-summit-europe,Guardian,14
https://www.theguardian.com/world/2026/mar/19/ukraine-war-briefing-ukraine-strikes-russian-aircraft-sites-800km-from-border,Guardian,3
https://www.theguardian.com/world/2026/mar/20/hungary-officials-gave-ukrainian-forced-injection-after-bank-vehicles-raid-sources-say,Guardian,0
https://www.theguardian.com/world/2026/mar/20/iran-war-shocks-across-globe-effects-key-takeaways,Guardian,13
https://www.theguardian.com/world/2026/mar/20/uk-ministers-begin-contingency-planning-amid-fears-for-economic-effects-of-iran-war,Guardian,8
https://www.theguardian.com/world/2026/mar/20/ukraine-war-briefing-eu-president-von-der-leyen-vows-to-pay-loan-to-kyiv-despite-block-by-hungary,Guardian,14
https://www.theguardian.com/world/2026/mar/21/iran-reportedly-fires-missiles-towards-uk-us-base-on-diego-garcia,Guardian,7
https://www.theguardian.com/world/2026/mar/21/ukraine-war-briefing-children-ordered-to-leave-key-ukrainian-stronghold-as-russians-advance,Guardian,3
https://www.theguardian.com/world/2026/mar/22/trump-lauds-viktor-orban-far-right-leaders-gather-budapest,Guardian,0
https://www.theguardian.com/world/2026/mar/22/ukraine-war-briefing-us-ukrainian-negotiators-meet-in-florida-as-russian-attacks-kill-more-civilians,Guardian,3
https://www.theguardian.com/world/2026/mar/23/hungarian-election-candidate-peter-magyar-viktor-orban-alleged-leak-eu-russia,Guardian,0
https://www.theguardian.com/world/2026/mar/23/ukraine-war-briefing-russia-trying-to-intensify-attacks-us-ukraine-talks-end,Guardian,14
https://www.theguardian.com/world/2026/mar/23/viktor-orban-celebrated-europe-far-right-hungary-election,Guardian,0
https://www.theguardian.com/world/2026/mar/24/irish-metals-refinery-is-in-supply-chain-that-feeds-russian-war-machine-records-suggest,Guardian,5
https://www.theguardian.com/world/2026/mar/24/russia-strikes-civilian-areas-ukraine,Guardian,3
https://www.theguardian.com/world/2026/mar/24/tuesday-briefing-with-the-horror-of-conflict-throughout-the-globe-how-likely-is-world-war-three,Guardian,4
https://www.theguardian.com/world/2026/mar/24/ukraine-war-briefing-russia-setting-up-long-range-drone-bases-in-belarus-zelenskyy-says,Guardian,3
https://www.theguardian.com/world/2026/mar/25/ukraine-war-briefing-moldova-declares-emergency-after-russian-attack-cuts-key-power-line,Guardian,3
https://www.theguardian.com/world/2026/mar/26/a-toxic-punch-fears-russia-war-black-sea-dolphins,Guardian,3
https://www.theguardian.com/world/2026/mar/26/hungary-charges-journalist-szabolcs-panyi-following-claims-minister-was-in-touch-with-moscow,Guardian,0
https://www.theguardian.com/world/2026/mar/26/putin-asks-oligarchs-to-donate-to-russias-dwindling-defence-budget,Guardian,14
https://www.theguardian.com/world/2026/mar/26/ukraine-war-briefing-zelenskyy-says-us-has-linked-security-guarantees-to-ceding-of-donbas,Guardian,3
https://www.theguardian.com/world/2026/mar/27/european-intelligence-agencies-russia-supplying-drones-iran,Guardian,7
https://www.theguardian.com/world/2026/mar/27/ukraine-war-briefing-pentagon-reportedly-considering-whether-to-divert-aid-from-ukraine-to-middle-east,Guardian,3
https://www.theguardian.com/world/2026/mar/28/houthi-forces-enter-iran-conflict-with-missile-attacks-on-israeli-military-sites,Guardian,7
https://www.theguardian.com/world/2026/mar/28/ukraine-war-briefing-rubio-zelenskyy-deal-donbas-to-russia,Guardian,14
https://www.theguardian.com/world/2026/mar/29/ukraine-war-briefing-zelenskyy-drums-up-defence-agreements-with-gulf-states-on-countering-missiles-and-drones,Guardian,3
https://www.theguardian.com/world/2026/mar/30/ivanna-maszczak-obituary,Guardian,2
https://www.theguardian.com/world/2026/mar/30/putin-salisbury-style-attack-exiled-oligarch-mikhail-khodorkovsky,Guardian,9
https://www.theguardian.com/world/2026/mar/30/ukraine-war-briefing-german-defence-giant-sparks-row-after-comparing-ukraine-drone-makers-to-housewives,Guardian,3
https://www.theguardian.com/world/2026/mar/31/destruction-us-radar-plane-saudi-base-raises-surveillance-concerns,Guardian,13
https://www.theguardian.com/world/2026/mar/31/polish-irish-leaders-condemn-hungarian-foreign-minister-alleged-links-to-russia,Guardian,0
https://www.theguardian.com/world/2026/mar/31/ukraine-war-briefing-allies-asked-kyiv-about-reducing-attacks-on-russian-energy-sector-zelenskyy-says,Guardian,3
https://www.theguardian.com/world/2026/may/01/ukraine-war-briefing-kyiv-claims-victory-over-shadow-grain-fleet-shipment-to-israel,Guardian,3
https://www.theguardian.com/world/2026/may/02/dark-era-trump-creating-new-approach-global-politics,Guardian,6
https://www.theguardian.com/world/2026/may/02/ukraine-war-briefing-russian-oil-hub-of-tuapse-hit-for-fourth-time-as-environmental-disaster-mounts,Guardian,3
https://www.theguardian.com/world/2026/may/03/canada-first-non-european-nation-epc-summit-mark-carney-allies-trump,Guardian,14
https://www.theguardian.com/world/2026/may/03/nato-meets-tv-and-film-makers-causing-concerns-it-seeks-propaganda,Guardian,2
https://www.theguardian.com/world/2026/may/03/ukraine-war-briefing-russia-tries-for-a-foothold-in-ukraines-eastern-fortress-belt-continues-attacks-on-civilians,Guardian,3
https://www.theguardian.com/world/2026/may/04/eu-closer-ties-armenia-counter-russian-interference,Guardian,10
https://www.theguardian.com/world/2026/may/04/europe-must-face-up-to-tensions-with-trump-keir-starmer-says,Guardian,14
https://www.theguardian.com/world/2026/may/04/monday-briefing-will-a-new-alliance-of-nations-be-able-to-guide-the-world-towards-a-post-fossil-fuel-future,Guardian,1
https://www.theguardian.com/world/2026/may/04/ukraine-war-briefing-strikes-on-russias-primorsk-oil-port-and-ships,Guardian,3
https://www.theguardian.com/world/2026/may/05/macron-backs-armenia-pro-europe-pm-nikol-pashinyan-re-election,Guardian,10
https://www.theguardian.com/world/2026/may/05/moscow-russia-shuts-down-airports-mobile-signals-may-9-victory-day-parade-security,Guardian,3
https://www.theguardian.com/world/2026/may/05/ukraine-war-briefing-duelling-ceasefires-as-zelenskyy-floats-open-ended-truce,Guardian,3
https://www.theguardian.com/world/2026/may/05/zelenskyy-russia-parade-truce-poltava-attack,Guardian,3
https://www.theguardian.com/world/2026/may/06/pussy-riot-protest-at-venice-biennale-forces-russian-pavilion-to-briefly-close,Guardian,5
https://www.theguardian.com/world/2026/may/06/russia-ukraine-missiles-24-hour-ceasefire-military-parade,Guardian,3
https://www.theguardian.com/world/2026/may/06/ukraine-drone-supply-chain-taiwan,Guardian,13
https://www.theguardian.com/world/2026/may/06/ukraine-war-briefing-death-toll-ukraine-rises-russia-shunned-venice-biennale,Guardian,3
https://www.theguardian.com/world/2026/may/07/germany-pupils-strike-rearmament-policy-protest-boycott,Guardian,7
https://www.theguardian.com/world/2026/may/07/peter-magyar-climate-lgbtq-progressive-hungary,Guardian,0
https://www.theguardian.com/world/2026/may/07/revealed-russia-top-secret-spy-school-hacking-western-electoral-interference,Guardian,5
https://www.theguardian.com/world/2026/may/07/ukraine-war-briefing-putin-threat-foreign-embassies-kyiv,Guardian,3
https://www.theguardian.com/world/2026/may/08/madyar-robert-brovdi-ukraine-military-vladimir-putin,Guardian,3
https://www.theguardian.com/world/2026/may/08/trump-russia-ukraine-three-day-ceasefire-9-may,Guardian,14
https://www.theguardian.com/world/2026/may/08/ukraine-war-briefing-distant-strike-on-russian-missile-ship-in-caspian-sea,Guardian,3
https://www.theguardian.com/world/2026/may/09/russia-putin-moscow-victory-day-parade-scaled-back,Guardian,14
https://www.theguardian.com/world/2026/may/09/ukraine-war-briefing-zelenskyy-hereby-decrees-moscow-can-hold-victory-day-parade,Guardian,3
https://www.theguardian.com/world/2026/may/10/defence-sovereignty-europe-builds-low-cost-weapons-drones,Guardian,13
https://www.theguardian.com/world/2026/may/10/ukraine-war-briefing-moscow-and-kyiv-trade-accusations-of-violating-ceasefire,Guardian,3
https://www.theguardian.com/world/2026/may/10/vladimir-putin-suggests-ukraine-war-is-coming-to-an-end,Guardian,14
https://www.theguardian.com/world/2026/may/11/alberta-voter-data-breach-separatists-referendum,Guardian,9
https://www.theguardian.com/world/2026/may/11/eu-rejects-putin-call-gerhard-schroder-role-ukraine-peace-talks,Guardian,14
https://www.theguardian.com/world/2026/may/11/greece-explosive-packed-drone-lefkada-western-coast,Guardian,3
https://www.theguardian.com/world/2026/may/11/ukraine-war-briefing-berlin-reaction-gerhard-schroder-peace-mediator-putin,Guardian,14
https://www.theguardian.com/world/2026/may/11/why-is-putin-now-talking-about-the-war-in-ukraine-coming-to-an-end,Guardian,13
https://www.theguardian.com/world/2026/may/12/bosnia-and-herzegovina-vulnerable-policy-clash-us-representative-says,Guardian,9
https://www.theguardian.com/world/2026/may/12/how-hezbollah-3d-printed-drones-challenging-israeli-military,Guardian,13
https://www.theguardian.com/world/2026/may/12/russian-ship-ursa-major-sank-spain-nuclear-reactors-north-korea,Guardian,3
https://www.theguardian.com/world/2026/may/12/teen-bedroom-art-installation-shines-spotlight-on-ukraines-stolen-children,Guardian,2
https://www.theguardian.com/world/2026/may/12/ukraine-war-briefing-eu-sanctions-officials-accused-helping-russia-abduct-ukrainian-children,Guardian,14
https://www.theguardian.com/world/2026/may/13/russia-targets-ukraine-with-more-than-200-drones-in-daytime-assault,Guardian,3
https://www.theguardian.com/world/2026/may/13/ukraine-war-briefing-deadly-russian-bombing-spree-end-of-ceasefire,Guardian,3
https://www.theguardian.com/world/2026/may/14/evika-silina-latvian-prime-minister-resigns-drone-incursions,Guardian,3
https://www.theguardian.com/world/2026/may/14/thursday-briefing-is-this-starmers-last-stand,Guardian,4
https://www.theguardian.com/world/2026/may/14/ukraine-second-day-large-scale-russian-missile-drone-strikes,Guardian,3
https://www.theguardian.com/world/2026/may/14/ukraine-war-briefing-hungary-peter-magyar-signals-shift-from-russia-after-drone-attack,Guardian,3
https://www.theguardian.com/world/2026/may/15/friday-briefing-is-there-any-way-keir-starmer-can-keep-hold-of-his-job,Guardian,2
https://www.theguardian.com/world/2026/may/15/friedrich-merz-germany-children-study-work-us-politics,Guardian,6
https://www.theguardian.com/world/2026/may/15/ukraine-attacks-russia-with-drones-after-suffering-three-days-of-strikes,Guardian,3
https://www.theguardian.com/world/2026/may/15/ukraine-war-briefing-putin-escalating-war-not-seeking-an-end-merz,Guardian,3
https://www.theguardian.com/world/2026/may/16/ukraine-war-briefing-zelenskyy-vows-retribution-over-deadly-russian-bombardments,Guardian,3
https://www.theguardian.com/world/2026/may/17/people-killed-in-russia-ukraine-retaliatory-strikes-moscow,Guardian,3
https://www.theguardian.com/world/2026/may/17/ukraine-war-briefing-us-allows-russian-oil-sanctions-waiver-to-lapse,Guardian,3
https://www.theguardian.com/world/2026/may/18/disposable-terrorists-for-hire-menace-western-countries,Guardian,5
https://www.theguardian.com/world/2026/may/18/drones-war-colombia-civilians-farc-acled,Guardian,3
https://www.theguardian.com/world/2026/may/18/ukraine-war-briefing-the-drones-that-bombarded-moscow-region,Guardian,3
https://www.theguardian.com/world/2026/may/18/xi-jinping-vladimir-putin-china-russia-four-days-after-donald-trump-us-visit,Guardian,14
https://www.theguardian.com/world/2026/may/19/russia-china-border-increase-trade-ukraine-war,Guardian,8
https://www.theguardian.com/world/2026/may/19/russian-jamming-blamed-nato-jet-downs-ukrainian-drone-estonia,Guardian,3
https://www.theguardian.com/world/2026/may/19/strike-near-uae-reactor-concerns-nuclear-plant-safety-iran-war-middle-east,Guardian,3
https://www.theguardian.com/world/2026/may/19/ukraine-war-briefing-chinese-ship-hit-odesa-port-zelenskyy,Guardian,3
https://www.theguardian.com/world/2026/may/19/vladimir-putin-beijing-china-state-visit-xi-jinping-russia,Guardian,5
https://www.theguardian.com/world/2026/may/20/china-russia-xi-jinping-vladimir-putin-meet-beijing-after-trump-visit,Guardian,6
https://www.theguardian.com/world/2026/may/20/how-xi-jinping-china-welcomed-donald-trump-vladimir-putin,Guardian,6
https://www.theguardian.com/world/2026/may/20/lithuania-vilnius-drone-alert-leaders-bunkers,Guardian,3
https://www.theguardian.com/world/2026/may/20/uk-struggles-to-reassure-ukraine-after-easing-new-sanctions-on-russian-oil,Guardian,14
https://www.theguardian.com/world/2026/may/20/ukraine-war-briefing-britain-to-buy-diesel-and-jet-fuel-made-from-russian-crude-oil,Guardian,3
https://www.theguardian.com/world/2026/may/21/hungary-limit-prime-ministers-maximum-eight-year-terms-magyar-orban,Guardian,0
https://www.theguardian.com/world/2026/may/21/oil-markets-nearing-red-zone-as-holiday-season-nears-warns-iea-chief,Guardian,7
https://www.theguardian.com/world/2026/may/22/camp-humphreys-south-korea-us-military-base,Guardian,6
https://www.theguardian.com/world/2026/may/22/czech-president-petr-pavel-nato-show-teeth-russia-provocations,Guardian,14
https://www.theguardian.com/world/2026/may/22/friday-briefing-as-israels-coalition-collapses-can-its-prime-minister-hang-on-to-power,Guardian,4
https://www.theguardian.com/world/2026/may/22/jailing-daria-egereva-plight-russia-indigenous-people,Guardian,5
https://www.theguardian.com/world/2026/may/22/trump-5000-troops-poland-military-support,Guardian,9
https://www.theguardian.com/world/2026/may/22/ukraine-war-briefing-oil-plant-strikes-all-going-to-plan-says-zelenskyy,Guardian,3
https://www.theguardian.com/world/2026/may/23/ukraine-war-briefing-putin-promises-revenge-after-blaming-kyiv-for-luhansk-attack-he-says-killed-six,Guardian,3
https://www.theguardian.com/world/2026/may/24/gps-jammed-on-raf-jet-carrying-uk-defence-secretary-close-to-russian-border,Guardian,3
https://www.theguardian.com/world/2026/may/24/russia-hits-kyiv-ukraine-hypersonic-ballistic-missile,Guardian,3
https://www.theguardian.com/world/2026/may/24/ukraine-war-briefing-zelenskyy-sounds-warning-after-russia-strikes-kyiv-with-oreshnik-missile,Guardian,3
https://www.theguardian.com/world/2026/may/25/armenia-election-crossroads-between-east-west,Guardian,10
https://www.theguardian.com/world/2026/may/25/monday-briefing-why-public-patience-with-privatisation-has-finally-run-out,Guardian,4
https://www.theguardian.com/world/2026/may/25/trump-tower-georgia-tbilisi-land-part-owned-son-us-sanctions-leader,Guardian,9
https://www.theguardian.com/world/live/2025/dec/01/zelenskyy-macron-us-ukraine-russia-steve-witkoff-jared-kushner-moscow-europe-live-latest-news-updates,Guardian,14
https://www.theguardian.com/world/live/2025/dec/02/ukraine-war-live-trump-peace-deal-witkoff-to-meet-putin,Guardian,14
https://www.theguardian.com/world/live/2025/dec/03/nato-vladimir-putin-russia-rejects-ukraine-peace-deal-volodymyr-zelenskyy-europe-live-latest-news-updates,Guardian,14
https://www.theguardian.com/world/live/2025/dec/04/german-chancellor-ukraine-russia-future-of-europe-live-latest-news,Guardian,14
https://www.theguardian.com/world/live/2025/dec/05/vladimir-putin-narendra-modi-russia-india-us-ukraine-trade-latest-news-updates,Guardian,14
https://www.theguardian.com/world/live/2025/dec/08/ukraine-zelenskyy-starmer-merz-macron-london-trump-russia-europe-news-latest-updates,Guardian,14
https://www.theguardian.com/world/live/2025/dec/09/ukraine-russia-lithuania-czech-republic-france-europe-latest-news-updates,Guardian,14
https://www.theguardian.com/world/live/2025/dec/10/volodymyr-zelenskyy-ukraine-election-russia-europe-latest-news-updates,Guardian,14
https://www.theguardian.com/world/live/2025/dec/11/ukraine-war-meeting-coalition-donald-trump-europe-russia-latest-updates-news,Guardian,14
https://www.theguardian.com/world/live/2025/dec/12/von-der-leyen-trump-ukraine-belgium-russian-assets-starmer-latest-news-updates,Guardian,14
https://www.theguardian.com/world/live/2025/dec/15/ukraine-us-russia-berlin-nato-eu-russian-funds-steve-witkoff-volodymyr-zelenskyy-vladimir-putin-europe-live-news,Guardian,14
https://www.theguardian.com/world/live/2025/dec/16/ukraine-peace-talks-russia-europe-us-trump-latest-news-updates,Guardian,14
https://www.theguardian.com/world/live/2025/dec/17/ukraine-russia-war-eu-european-council-frozen-assets-zelenskyy-europe-live-news,Guardian,14
https://www.theguardian.com/world/live/2025/dec/18/eu-frozen-russian-assets-ukraine-war-europe-latest-news-updates,Guardian,14
https://www.theguardian.com/world/live/2025/dec/19/ukraine-war-live-zelenskyy-european-union-agreement-90bn-loan-deal-kyiv,Guardian,14
https://www.theguardian.com/world/live/2025/dec/22/ukraine-russia-car-bomb-general-europe-latest-news-updates,Guardian,14
https://www.theguardian.com/world/live/2025/dec/28/ukraine-war-live-russia-zelenskyy-trump-meeting-florida-kyiv-latest-news-updates,Guardian,14
https://www.theguardian.com/world/live/2025/dec/29/ukraine-war-russia-us-zelenskyy-trump-security-guarantees-latest-news-updates,Guardian,14
https://www.theguardian.com/world/live/2025/dec/30/ukraine-russia-war-zelenskyy-putin-us-trump-eu-latest-updates,Guardian,14
https://www.theguardian.com/world/live/2025/nov/04/european-union-eu-latest-news-updates-live,Guardian,9
https://www.theguardian.com/world/live/2025/nov/07/europe-latest-news-updates-belgium-airports-brussels-liege-drones-russia-orban-trump-ukraine,Guardian,9
https://www.theguardian.com/world/live/2025/nov/12/ukraine-energy-corruption-scandal-zelenskyy-eu-europe-news-latest-updates,Guardian,9
https://www.theguardian.com/world/live/2025/nov/13/volodymyr-zelenskyy-ukraine-russia-corruption-brussels-news-updates-europe-live,Guardian,14
https://www.theguardian.com/world/live/2025/nov/18/poland-russia-ukraine-rail-sabotage-incidents-zelenskyy-macron-merz-starmer-europe-live-news,Guardian,9
https://www.theguardian.com/world/live/2025/nov/19/russia-ukraine-poland-zelenskyy-germany-sweden-turkey-europe-live-latest-news-updates,Guardian,9
https://www.theguardian.com/world/live/2025/nov/20/ukraine-russia-peace-plan-european-union-donald-trump-vladimir-putin-kaja-kallas-europe-live-news-updates,Guardian,14
https://www.theguardian.com/world/live/2025/nov/21/europe-latest-news-russia-ukraine-war-updates-zelenskyy-putin-g20,Guardian,14
https://www.theguardian.com/world/live/2025/nov/22/russia-ukraine-war-trump-peace-plan-g20-zelenskyy-putin-europe-latest-news-updates,Guardian,14
https://www.theguardian.com/world/live/2025/nov/23/ukrainian-us-emergency-talks-plan-war-russia-live,Guardian,14
https://www.theguardian.com/world/live/2025/nov/24/ukraine-russia-war-peace-talks-europe-us-trump-germany-latest-updates,Guardian,14
https://www.theguardian.com/world/live/2025/nov/25/us-russia-ukraine-peace-talks-abu-dhabi-kyiv-strikes-zelenskyy-putin-europe-live-news,Guardian,14
https://www.theguardian.com/world/live/2025/nov/26/russia-ukraine-war-peace-plan-europe-latest-news-updates,Guardian,14
https://www.theguardian.com/world/live/2025/nov/28/europe-latest-news-andriy-yermak-anti-corruption-zelenskyy-ukraine-russia-war-peace-talks-putin,Guardian,14
https://www.theguardian.com/world/live/2025/oct/01/mette-frederiksen-denmark-europe-russia-vladimir-putin-volodymyr-zelenskyy-ukraine-hybrid-war-security-europe-live-news,Guardian,14
https://www.theguardian.com/world/live/2025/oct/02/epc-european-political-community-leaders-copenhagen-denmark-ukraine-russia-europe-live,Guardian,14
https://www.theguardian.com/world/live/2025/oct/09/russia-attacks-ukraine-energy-france-germany-europe-live-news-updates,Guardian,3
https://www.theguardian.com/world/live/2025/oct/10/kyiv-ukraine-russia-france-europe-latest-live-news-updates,Guardian,3
https://www.theguardian.com/world/live/2025/oct/17/viktor-orban-vladimir-putin-volodymyr-zelenskyy-donald-trump-europe-latest-news-updates-russia-ukraine-war,Guardian,14
https://www.theguardian.com/world/live/2025/oct/20/zelenskyy-trump-putin-russia-ukraine-war-eu-france-latest-news-updates,Guardian,14
https://www.theguardian.com/world/live/2025/oct/21/nicolas-sarkozy-france-jail-russia-ukraine-europe-news-live-updates,Guardian,9
https://www.theguardian.com/world/live/2025/oct/22/russia-ukraine-war-kyiv-attack-latest-news-updates-europe,Guardian,3
https://www.theguardian.com/world/live/2025/oct/23/russia-sanctions-ukraine-loan-assets-zelenskyy-putin-european-council-latest-news-updates,Guardian,14
https://www.theguardian.com/world/live/2025/oct/24/volodmyr-zelenskyy-ukraine-russia-vladimir-putin-sanctions-keir-starmer-coalition-of-the-willing-military-support-europe-live-news,Guardian,14
https://www.theguardian.com/world/live/2025/oct/27/lithuania-airport-russia-belarus-viktor-orban-pope-leo-europe-live-news-updates,Guardian,9
https://www.theguardian.com/world/live/2025/oct/28/zelenskyy-ukraine-peace-talks-putin-russia-alexander-lukashenko-belarus-europe-live-news-latest-updates,Guardian,14
https://www.theguardian.com/world/live/2025/sep/30/europe-russia-drones-ukraine-rutte-von-der-leyen-poland-kellogg-latest-updates,Guardian,9
https://www.theguardian.com/world/live/2026/apr/02/europe-nato-rutte-trump-criticisms-iran-ukraine-latest-news-updates,Guardian,9
https://www.theguardian.com/world/live/2026/apr/14/hungary-peter-magyar-viktor-orban-eu-ukraine-russia-europe-live-news-updates,Guardian,0
https://www.theguardian.com/world/live/2026/apr/15/peter-magyar-hungary-president-media-viktor-orban-european-union-europe-latest,Guardian,0
https://www.theguardian.com/world/live/2026/apr/16/europe-russia-zelenskyy-ukraine-nato-rutte-merz-magyar-latest-updates,Guardian,14
https://www.theguardian.com/world/live/2026/apr/17/middle-east-crisis-live-news-israel-lebanon-ceasefire-iran-war-us-latest-updates,Guardian,7
https://www.theguardian.com/world/live/2026/apr/21/eu-foreign-ministers-meet-to-discuss-ukraine-russia-and-the-middle-east-europe-live,Guardian,14
https://www.theguardian.com/world/live/2026/apr/22/ukraine-eu-90bn-loan-russia-war-hungary-zelenskyy-putin-magyar-orban-europe-latest-news-updates,Guardian,14
https://www.theguardian.com/world/live/2026/apr/23/eu-ukraine-loan-russia-sanctions-zelenskyy-cyprus-latest-news-updates,Guardian,14
https://www.theguardian.com/world/live/2026/apr/27/europe-ukraine-russia-poland-germany-eu-latest-news-updates,Guardian,9
https://www.theguardian.com/world/live/2026/feb/03/russia-ukraine-europe-live-eu-us-military-plan-response-latest-news,Guardian,14
https://www.theguardian.com/world/live/2026/feb/04/ukraine-russia-europe-live-eu-us-abu-dhabi-talks-latest-news-europe-live,Guardian,3
https://www.theguardian.com/world/live/2026/feb/05/ukraine-russia-us-talk-end-war-abu-dhabi-live-updates-latest-news,Guardian,14
https://www.theguardian.com/world/live/2026/feb/06/russian-military-intelligence-chief-shot-moscow-vladimir-alekseyev-ukraine-europe-live-news-updates,Guardian,9
https://www.theguardian.com/world/live/2026/feb/09/europe-eu-jimmy-lai-ukraine-russia-us-portugal-latest-news-updates,Guardian,9
https://www.theguardian.com/world/live/2026/feb/11/europe-live-latest-news-updates-eu-ukraine-russia,Guardian,9
https://www.theguardian.com/world/live/2026/feb/12/ukraine-russia-strikes-odesa-power-drone-strikes-zelenskyy-putin-portugal-floods-europe-live-news,Guardian,9
https://www.theguardian.com/world/live/2026/feb/13/munich-security-conference-rubio-flies-in-amid-testing-times-for-us-europe-ties-live,Guardian,14
https://www.theguardian.com/world/live/2026/feb/17/ukraine-talks-geneva-russia-zelenskyy-putin-orban-rubio-latest-news-updates,Guardian,9
https://www.theguardian.com/world/live/2026/feb/18/ukraine-russia-peace-talks-zelenskyy-trump-putin-denmark-greenland-europe-live,Guardian,14
https://www.theguardian.com/world/live/2026/feb/19/ukraine-russia-zelenskyy-putin-peace-talks-deal-donald-trump-europe-latest-news-updates,Guardian,14
https://www.theguardian.com/world/live/2026/feb/20/european-defence-meeting-ukraine-war-russia-latest-news,Guardian,14
https://www.theguardian.com/world/live/2026/feb/23/russia-ukraine-war-sanctions-hungary-eu-europe-latest-news-updates,Guardian,14
https://www.theguardian.com/world/live/2026/feb/24/russia-ukraine-war-four-year-anniversary-invasion-zelenskyy-putin-europe-latest-news,Guardian,14
https://www.theguardian.com/world/live/2026/jan/06/coalition-willing-paris-ukraine-zelenskyy-greenland-denmark-venezuela-trump-latest-news-updates,Guardian,14
https://www.theguardian.com/world/live/2026/jan/12/greenland-denmark-us-donald-trump-ukraine-russia-europe-latest-news-updates,Guardian,6
https://www.theguardian.com/world/live/2026/jan/18/greenland-eu-donald-trump-tariffs-keir-starmer-europe-live-latest-updates,Guardian,6
https://www.theguardian.com/world/live/2026/jan/20/europe-greenland-donald-trump-davos-europe-live-latest-updates,Guardian,6
https://www.theguardian.com/world/live/2026/jan/21/europe-donald-trump-davos-speech-greenland-denmark-latest-updates,Guardian,6
https://www.theguardian.com/world/live/2026/jan/23/ukraine-war-russia-us-trilateral-talks-latest-updates-news,Guardian,14
https://www.theguardian.com/world/live/2026/jan/24/ukraine-russia-war-us-talks-uae-europe-live-latest-news-updates,Guardian,14
https://www.theguardian.com/world/live/2026/jan/28/europe-defence-kallas-greenland-frederiksen-macron-ukraine-netherlands-latest-news-updates,Guardian,9
https://www.theguardian.com/world/live/2026/jan/30/europe-ukraine-russia-eu-zelenskyy-latest-news-updates,Guardian,14
https://www.theguardian.com/world/live/2026/mar/06/ukraine-russia-hungary-orban-zelenskyy-putin-middle-east-iran-cyprus-europe-latest-news-updates,Guardian,9
https://www.theguardian.com/world/live/2026/mar/19/europe-ukraine-russian-eu-loan-orban-hungary-tariffs-iran-nato-latest-news-updates,Guardian,14
https://www.theguardian.com/world/live/2026/mar/20/spain-tax-france-elections-pope-leo-eu-iran-war-energy-costs-europe-latest-news-updates,Guardian,14
https://www.theguardian.com/world/live/2026/mar/26/us-eu-trade-tariff-trade-deal-ukraine-iran-rutte-denmark-europe-live-news-updates,Guardian,14
https://www.theguardian.com/world/live/2026/mar/31/europe-ukraine-bucha-eu-russia-hungary-iran-denmark-latest-news-updates,Guardian,14
https://www.theguardian.com/world/live/2026/may/04/iran-war-live-updates-trump-hormuz-us-operation-tanker-strikes,Guardian,7
https://www.theguardian.com/world/live/2026/may/11/ukraine-russia-eu-ministers-brussels-putin-zelenskyy-hantavirus-spain-europe-latest-news-updates,Guardian,14
https://www.theguardian.com/world/live/2026/may/12/europe-defence-ukraine-russia-hungary-latest-news-updates,Guardian,9
https://www.theguardian.com/world/live/2026/may/13/ukraine-russia-war-sergei-lavrov-mark-rutte-bucharest-europe-latest-news-updates,Guardian,9
https://www.theguardian.com/world/live/2026/may/15/russian-attack-kyiv-ukraine-europe-live-updates-latest,Guardian,14
https://www.theguardian.com/world/live/2026/may/18/europe-eu-ukraine-russia-greenland-bulgaria-germany-latest-news-updates,Guardian,9
https://www.theguardian.com/world/live/2026/may/19/europe-ukraine-russia-belarus-nuclear-drills-un-security-council-eu-us-hungary-peter-magyar-poland-nato-latest-news-updates,Guardian,9
https://www.theguardian.com/world/live/2026/may/20/lithuania-ukraine-belarus-estonia-baltcis-drones-air-alert-europe-vladimir-putin-xi-jinping-china-eu-nato-latest-news-updates,Guardian,9
https://www.theguardian.com/world/live/2026/may/21/czech-republic-petr-pavel-ukraine-baltics-drones-russia-nato-security-latest-news-updates,Guardian,9
https://www.theguardian.com/world/live/2026/may/22/nato-mark-rutte-us-donald-trump-troops-poland-summit-russia-baltics-drones-tensions-ukraine-latest-news-updates,Guardian,14
https://www.theguardian.com/world/ng-interactive/2025/dec/03/which-areas-is-russia-demanding-as-its-price-for-peace-in-ukraine-visual-explainer,Guardian,5
https://www.theguardian.com/world/ng-interactive/2025/dec/08/id-defend-our-nation-poles-prepare-for-growing-threat-of-war,Guardian,9
https://www.theguardian.com/world/ng-interactive/2025/dec/14/south-africans-tricked-fighting-for-russia-ukraine,Guardian,5
https://www.theguardian.com/world/ng-interactive/2025/nov/16/how-britain-became-russia-villain-us-ukraine,Guardian,6
https://www.theguardian.com/world/ng-interactive/2026/feb/06/the-russian-economy-is-finally-stagnating-what-does-it-mean-for-the-war-and-for-putin,Guardian,8
https://www.theguardian.com/world/ng-interactive/2026/feb/13/these-charts-show-how-trump-is-isolating-the-us-on-the-world-stage,Guardian,6
https://www.theguardian.com/world/ng-interactive/2026/feb/20/a-war-foretold-cia-mi6-putin-ukraine-plans-russia,Guardian,14
https://www.theguardian.com/world/ng-interactive/2026/may/16/down-and-then-out-in-paris-and-london-why-starmer-isnt-the-only-one-with-a-popularity-problem,Guardian,9
https://www.theguardian.com/world/ng-interactive/2026/may/24/there-is-profound-disappointment-in-him-mood-in-russia-turns-against-putin,Guardian,14
r_876bc5a8a6e3,Reddit_Commento,2
r_f9fcf890260e,Reddit_Commento,13
r_78ecc488fd4c,Reddit_Commento,14
r_69283cd5eddd,Reddit_Commento,13
r_8c25cc40c274,Reddit_Commento,10
r_7747457a9429,Reddit_Commento,0
r_81ed27208ee2,Reddit_Commento,13
r_107e28daefab,Reddit_Commento,2
r_46a965791841,Reddit_Commento,12
r_6a2dbad44650,Reddit_Commento,11
r_cb0a84867c65,Reddit_Commento,11
r_d460432d9e29,Reddit_Commento,11
r_541a021cef2e,Reddit_Commento,3
r_089757b9d79d,Reddit_Commento,11
r_5c3b36b62acc,Reddit_Commento,3
r_280c3e4df862,Reddit_Commento,11
r_d2e4a91b73a4,Reddit_Commento,11
r_b07a26ec01cd,Reddit_Commento,11
r_1151d1652cf4,Reddit_Commento,13
r_5edc1ebda392,Reddit_Commento,6
r_b9e8444b4b1f,Reddit_Commento,11
r_8c0f82c2b394,Reddit_Commento,11
r_d384d5547e7d,Reddit_Commento,11
r_5f26314564a6,Reddit_Commento,13
r_d52a6bdaac1a,Reddit_Commento,6
r_b60485233ad2,Reddit_Commento,11
r_ef717620f30c,Reddit_Commento,11
r_a288f7d7c539,Reddit_Commento,11
r_553463414551,Reddit_Commento,11
r_2f50a5244aee,Reddit_Commento,13
r_af0f2834d5c0,Reddit_Commento,11
r_4fa5ee7cd2f6,Reddit_Commento,3
r_bc378b5524e3,Reddit_Commento,11
r_db5e0b0a5a3e,Reddit_Commento,6
r_aef92c469a36,Reddit_Commento,11
r_e07ee08a2c76,Reddit_Commento,11
r_768d983fbdb6,Reddit_Commento,11
r_1a6ecbbe6135,Reddit_Commento,11
r_cb3d361bf65b,Reddit_Commento,11
r_0b97f04dcfbc,Reddit_Commento,11
r_7784256acdd8,Reddit_Commento,13
r_2d0ec44e2aef,Reddit_Commento,13
r_644b026a6687,Reddit_Commento,11
r_fdda06656f9d,Reddit_Commento,11
r_975d336602e6,Reddit_Commento,10
r_423b85f56cfd,Reddit_Commento,11
r_23d77f420862,Reddit_Commento,13
r_f9bdd81d95cb,Reddit_Commento,11
r_4033097e143c,Reddit_Commento,2
r_d1aed09ac9ce,Reddit_Commento,13
r_067af7991d28,Reddit_Commento,3
r_6baa9977e9ac,Reddit_Commento,14
r_9a802ed76c08,Reddit_Commento,11
r_77bc8123fc84,Reddit_Commento,2
r_37d0535f98d4,Reddit_Commento,10
r_695a1f7b231f,Reddit_Commento,2
r_4e551d5b7bb0,Reddit_Commento,11
r_32779c4b9dad,Reddit_Commento,0
r_15ab300ddaf0,Reddit_Commento,11
r_58ca1b18e8db,Reddit_Commento,11
r_425d6b5f571a,Reddit_Commento,5
r_b7fef8b0ba20,Reddit_Commento,11
r_89001c8310e8,Reddit_Commento,10
r_42db6ae1f5f8,Reddit_Commento,13
r_34a860412368,Reddit_Commento,2
r_80a3d1b0d772,Reddit_Commento,11
r_5412e823f76a,Reddit_Commento,3
r_696f88fbe7c0,Reddit_Commento,11
r_3a72db064de5,Reddit_Commento,11
r_8a2ede148798,Reddit_Commento,11
r_b0bb787b386c,Reddit_Commento,2
r_25d61fec7a1a,Reddit_Commento,12
r_025b71083717,Reddit_Commento,13
r_923db19618ee,Reddit_Commento,0
r_8dfffdb161ca,Reddit_Commento,14
r_4a14da9e8715,Reddit_Commento,3
r_b8907328db95,Reddit_Commento,3
r_2363f6770104,Reddit_Commento,11
r_fabe88a6beeb,Reddit_Commento,11
r_1572cece725e,Reddit_Commento,13
r_ca59f937d4fc,Reddit_Commento,11
r_1382f59c68ca,Reddit_Commento,11
r_e5fd8b1b1096,Reddit_Commento,11
r_8ca273632630,Reddit_Commento,11
r_8d2f8a37e7d3,Reddit_Commento,2
r_882d39fe8850,Reddit_Commento,7
r_218f3dfb9a2a,Reddit_Commento,10
r_0b7688707a20,Reddit_Commento,10
r_f50867fb5426,Reddit_Commento,11
r_9d82707e5359,Reddit_Commento,11
r_01647f701a7b,Reddit_Commento,11
r_985308872c49,Reddit_Commento,13
r_21c91e6df50c,Reddit_Commento,11
r_4d6e426a35c3,Reddit_Commento,11
r_fac38d277180,Reddit_Commento,11
r_c57b0879ab65,Reddit_Commento,13
r_18bb03e3fe4c,Reddit_Commento,5
r_e811525cdbc8,Reddit_Commento,11
r_3b44ee558a35,Reddit_Commento,13
r_cf51b2c51e1a,Reddit_Commento,10
r_be8dbc2a9488,Reddit_Commento,11
r_cd63d89e1a95,Reddit_Commento,2
r_5e9251c4f232,Reddit_Commento,10
r_444100abc370,Reddit_Commento,5
r_a3e157f26af3,Reddit_Commento,14
r_32a3d0afa7de,Reddit_Commento,12
r_fa81274f6671,Reddit_Commento,10
r_8104bc382406,Reddit_Commento,6
r_d6c74a1301d9,Reddit_Commento,11
r_40f8fd63808a,Reddit_Commento,11
r_b67d9d7f3356,Reddit_Commento,11
r_625fd24eca83,Reddit_Commento,14
r_d411068b74b4,Reddit_Commento,8
r_94f2a728abee,Reddit_Commento,11
r_79db7b384999,Reddit_Commento,11
r_383a11c9df07,Reddit_Commento,11
r_a405142d183f,Reddit_Commento,13
r_fa0c536a0c5c,Reddit_Commento,13
r_285e87c394b8,Reddit_Commento,11
r_f70054494f12,Reddit_Commento,11
r_1b12140d71dd,Reddit_Commento,6
r_9783cf9afdca,Reddit_Commento,11
r_367d9864e4d9,Reddit_Commento,11
r_25b28c7b37e7,Reddit_Commento,6
r_d00a43fe9077,Reddit_Commento,11
r_a266ec5a3486,Reddit_Commento,11
r_f8a2136f5416,Reddit_Commento,13
r_a0605ab20508,Reddit_Commento,2
r_6d6a7571d1cc,Reddit_Commento,13
r_197db61302cc,Reddit_Commento,5
r_ac1c025838fa,Reddit_Commento,13
r_10fe61efb972,Reddit_Commento,11
r_47faa0bc633c,Reddit_Commento,11
r_ec20f0870f98,Reddit_Commento,10
r_86d765670e49,Reddit_Commento,13
r_357f628b1c3d,Reddit_Commento,11
r_56dec2081f1c,Reddit_Commento,11
r_3b94aff71ff7,Reddit_Commento,11
r_361edae1b388,Reddit_Commento,11
r_4d407a83045b,Reddit_Commento,2
r_039cee046529,Reddit_Commento,3
r_16009f2b5d13,Reddit_Commento,11
r_d5400ec2956a,Reddit_Commento,13
r_dfcf5193d706,Reddit_Commento,11
r_76c57c7fa192,Reddit_Commento,11
r_c0f5f8199a70,Reddit_Commento,8
r_a59276731275,Reddit_Commento,5
r_06928dc79367,Reddit_Commento,11
r_6db33e7ca604,Reddit_Commento,10
r_830efcb0c725,Reddit_Commento,13
r_ebb4af864de0,Reddit_Commento,5
r_38b032c0dee8,Reddit_Commento,13
r_65fbbb824ba8,Reddit_Commento,6
r_196c2d28eb2a,Reddit_Commento,11
r_a63b86747770,Reddit_Commento,11
r_97f8da8f6632,Reddit_Commento,11
r_c0dec2eda9ee,Reddit_Commento,10
r_51c7eb9d7b30,Reddit_Commento,11
r_7250174a8558,Reddit_Commento,11
r_d77883087bbc,Reddit_Commento,11
r_e1f3edd49314,Reddit_Commento,11
r_1dadf7b0d706,Reddit_Commento,11
r_b970e2a225fe,Reddit_Commento,11
r_485d73f1d7bb,Reddit_Commento,11
r_7e285914cc4e,Reddit_Commento,12
r_ea9884638552,Reddit_Commento,11
r_4772f84444af,Reddit_Commento,13
r_b89594ee06a2,Reddit_Commento,10
r_1e7679b7b781,Reddit_Commento,3
r_d1466cc68cc4,Reddit_Commento,3
r_ac843a26eb85,Reddit_Commento,12
r_033f477c60fc,Reddit_Commento,3
r_d1d2f58a410c,Reddit_Commento,3
r_8de42c40eff9,Reddit_Commento,1
r_ec0fb334d3d9,Reddit_Commento,2
r_8b44de96ad02,Reddit_Commento,11
r_e12cca41c828,Reddit_Commento,11
r_356208e048fb,Reddit_Commento,11
r_c13cdebd554a,Reddit_Commento,3
r_e71457b81b6b,Reddit_Commento,11
r_8e2fdd8f8209,Reddit_Commento,13
r_e6030faeb18a,Reddit_Commento,0
r_fcaddf9f0891,Reddit_Commento,11
r_edd942c9df54,Reddit_Commento,12
r_4b8da054aeb8,Reddit_Commento,2
r_6144b9a2b66e,Reddit_Commento,3
r_01c92201c690,Reddit_Commento,11
r_c6582f1035fd,Reddit_Commento,11
r_dc840f80e539,Reddit_Commento,13
r_6bf4e5e586de,Reddit_Commento,14
r_9d28dbd0ced5,Reddit_Commento,11
r_9a296e636158,Reddit_Commento,10
r_0800cd3ba0ba,Reddit_Commento,11
r_92edd8da1087,Reddit_Commento,11
r_173274e73d50,Reddit_Commento,3
r_89d218566b87,Reddit_Commento,11
r_776b25558e7a,Reddit_Commento,13
r_ba2991edf49e,Reddit_Commento,3
r_434d4efbb933,Reddit_Commento,11
r_b91b70aec637,Reddit_Commento,11
r_30cc4b2d3ca8,Reddit_Commento,11
r_79d5fcd034d2,Reddit_Commento,12
r_5c7f9cf89dae,Reddit_Commento,4
r_ce8add8dc694,Reddit_Commento,6
r_43cb49cd0f86,Reddit_Commento,6
r_8fffc0d6d498,Reddit_Commento,11
r_f52d5a122069,Reddit_Commento,5
r_7bed2e8c0dca,Reddit_Commento,6
r_9608234a1c4e,Reddit_Commento,9
r_d12544cdb296,Reddit_Commento,11
r_059a503ffc7e,Reddit_Commento,2
r_da0b5b5f7cb2,Reddit_Commento,11
r_4b33689ae081,Reddit_Commento,14
r_28216a883f9e,Reddit_Commento,11
r_4b9522c1d99c,Reddit_Commento,2
r_27d1a57c071f,Reddit_Commento,12
r_19c0df39c5cb,Reddit_Commento,11
r_d64667c89136,Reddit_Commento,5
r_4bdd9e2b9f90,Reddit_Commento,11
r_7a3e44eaba8e,Reddit_Commento,11
r_2c47e68fc7a6,Reddit_Commento,11
r_1612b81965dd,Reddit_Commento,2
r_95e6a396718f,Reddit_Commento,11
r_e0765309eec8,Reddit_Commento,2
r_929e9175f353,Reddit_Commento,2
r_c13b05e7a76e,Reddit_Commento,10
r_72a39ec3c24a,Reddit_Commento,5
r_030afd1069b9,Reddit_Commento,11
r_b8ebb7cf41bf,Reddit_Commento,10
r_d29fb59cac2d,Reddit_Commento,13
r_5e9bc62d450f,Reddit_Commento,11
r_8193ab9664ea,Reddit_Commento,11
r_c40ed3054f5d,Reddit_Commento,10
r_e2c9f36b337f,Reddit_Commento,11
r_f73b12502d77,Reddit_Commento,11
r_c3de49a6c839,Reddit_Commento,13
r_d6acf801d829,Reddit_Commento,11
r_c52b9625df3c,Reddit_Commento,10
r_d1fbd42e8f23,Reddit_Commento,11
r_2590f6c99d05,Reddit_Commento,11
r_2a70d25f96ee,Reddit_Commento,11
r_bf36f4cf5248,Reddit_Commento,11
r_2cf1659df090,Reddit_Commento,2
r_199a5e05e8b7,Reddit_Commento,9
r_62dbce1358e2,Reddit_Commento,11
r_c7f6c1765a35,Reddit_Commento,3
r_205b3559cf41,Reddit_Commento,5
r_31fc7826b6f7,Reddit_Commento,2
r_946f070ad7f3,Reddit_Commento,2
r_e9ae919fabff,Reddit_Commento,11
r_34e2d5995c0c,Reddit_Commento,9
r_2299d3b2939c,Reddit_Commento,5
r_8aed83917df0,Reddit_Commento,13
r_9130ae1d7b2b,Reddit_Commento,11
r_059e9af2f5a7,Reddit_Commento,1
r_dc0b3a245544,Reddit_Commento,11
r_2455192ae9d2,Reddit_Commento,10
r_ade00b4bf327,Reddit_Commento,11
r_55403da1226f,Reddit_Commento,5
r_9d79a777f9e0,Reddit_Commento,3
r_7c55e97a2883,Reddit_Commento,2
r_53d54ee05d4f,Reddit_Commento,11
r_f91c207c941f,Reddit_Commento,11
r_9f56bafd47d6,Reddit_Commento,11
r_cd4cb1f54df3,Reddit_Commento,5
r_e59d8590960f,Reddit_Commento,11
r_b9e0f2b0a267,Reddit_Commento,13
r_d3430d27d53f,Reddit_Commento,12
r_668bd2b828a1,Reddit_Commento,12
r_781de7727ee6,Reddit_Commento,4
r_cdf0a0502d15,Reddit_Commento,11
r_8b608e2512e1,Reddit_Commento,11
r_887bcd1d722a,Reddit_Commento,10
r_85b281f4cf47,Reddit_Commento,2
r_7f61b27d5907,Reddit_Commento,10
r_8b8e133388f2,Reddit_Commento,10
r_a1e32658d231,Reddit_Commento,6
r_d16556d57967,Reddit_Commento,5
r_3fb785b441be,Reddit_Commento,11
r_828117f2932d,Reddit_Commento,10
r_69e7a9939a89,Reddit_Commento,6
r_82e7cc5f8fa7,Reddit_Commento,11
r_3aeade85c853,Reddit_Commento,11
r_d22db590ff4d,Reddit_Commento,11
r_720c3d8b491e,Reddit_Commento,5
r_a8bce9bb417a,Reddit_Commento,7
r_b4478e9e97f8,Reddit_Commento,12
r_e83fb8a9ef60,Reddit_Commento,11
r_8298343e441c,Reddit_Commento,4
r_79bf201b0a9a,Reddit_Commento,13
r_12522fcc9e07,Reddit_Commento,11
r_4333007ae129,Reddit_Commento,10
r_4ed5846b74c1,Reddit_Commento,1
r_d80e3ae39e02,Reddit_Commento,5
r_355c9954edbf,Reddit_Commento,12
r_81aaea67d40d,Reddit_Commento,6
r_ce28e3ea2275,Reddit_Commento,7
r_89aa05d2e13a,Reddit_Commento,10
r_c2a612a9f8c6,Reddit_Commento,2
r_6bfd0c6e9180,Reddit_Commento,14
r_0d5f1a13f5d3,Reddit_Commento,11
r_3cc9d9016af9,Reddit_Commento,2
r_63225c03c2d2,Reddit_Commento,12
r_ffcf77a207e6,Reddit_Commento,3
r_a227625ee948,Reddit_Commento,10
r_21a0d58f70e7,Reddit_Commento,2
r_90e5e306dfcb,Reddit_Commento,0
r_d1def7a6da32,Reddit_Commento,14
r_4ab4252f384c,Reddit_Commento,10
r_3205c1580194,Reddit_Commento,11
r_ebf7b30a4d89,Reddit_Commento,11
r_8dd6d184f6ff,Reddit_Commento,5
r_23b94c2c7e5c,Reddit_Commento,11
r_22d882e0c5ff,Reddit_Commento,10
r_8a3d4745111b,Reddit_Commento,12
r_0adb81c66992,Reddit_Commento,12
r_f090c2f6b666,Reddit_Commento,11
r_25ace1b6cc85,Reddit_Commento,12
r_ad852d572b56,Reddit_Commento,11
r_17de5757c45d,Reddit_Commento,13
r_060e36677055,Reddit_Commento,12
r_11d453b7f84f,Reddit_Commento,11
r_32299fdb326f,Reddit_Commento,11
r_d5e30f1e1724,Reddit_Commento,2
r_3acfa56c0219,Reddit_Commento,12
r_e0431a85da8c,Reddit_Commento,11
r_93fc784a263f,Reddit_Commento,10
r_f6d93006d8f6,Reddit_Commento,11
r_04052937df68,Reddit_Commento,2
r_8bea366b2ff9,Reddit_Commento,11
r_4f6be8189691,Reddit_Commento,5
r_a5ce97fdae75,Reddit_Commento,12
r_750d325561d4,Reddit_Commento,12
r_2e4ea507164c,Reddit_Commento,11
r_a1981e058c59,Reddit_Commento,12
r_66eae613fee8,Reddit_Commento,10
r_a5f1fcf8deab,Reddit_Commento,12
r_42c439ae3c96,Reddit_Commento,11
r_da86f7727f9f,Reddit_Commento,11
r_17e684d30b0c,Reddit_Commento,11
r_5135dcb30a1f,Reddit_Commento,2
r_745f6ba9b216,Reddit_Commento,11
r_9eb5782b563e,Reddit_Commento,2
r_2393af51024b,Reddit_Commento,11
r_886cc9a1ce9e,Reddit_Commento,10
r_4e1c0b856879,Reddit_Commento,1
r_da79530b5b8b,Reddit_Commento,13
r_b251ed5c1fbb,Reddit_Commento,11
r_8d7ee648a7fd,Reddit_Commento,11
r_59cf1e194bb4,Reddit_Commento,11
r_186d0da745bb,Reddit_Commento,10
r_a8ba6e7e7ec6,Reddit_Commento,5
r_0f115218ec71,Reddit_Commento,11
r_26dce45b58fe,Reddit_Commento,11
r_3959b3890e00,Reddit_Commento,9
r_c2626f6b2992,Reddit_Commento,5
r_70fe3326e860,Reddit_Commento,11
r_ecc59385a39f,Reddit_Commento,11
r_4529698b2dd4,Reddit_Commento,11
r_e5f13561b47c,Reddit_Commento,12
r_fcb7e0ccea53,Reddit_Commento,5
r_b26b0429c8ac,Reddit_Commento,10
r_2f37c060aab1,Reddit_Commento,11
r_ce4aedf68a52,Reddit_Commento,11
r_be3a30c67116,Reddit_Commento,2
r_b368235e9022,Reddit_Commento,11
r_273b9c344b20,Reddit_Commento,11
r_52454dcc7e4e,Reddit_Commento,10
r_a8bbed6e8733,Reddit_Commento,10
r_64760369aaed,Reddit_Commento,11
r_ff5b44a7368f,Reddit_Commento,13
r_299a08abde72,Reddit_Commento,11
r_c3ab03a1d309,Reddit_Commento,11
r_b0d8ffe9dab0,Reddit_Commento,1
r_f6ba7dc5aa6d,Reddit_Commento,11
r_05b415c75b26,Reddit_Commento,11
r_367ca542b9fe,Reddit_Commento,12
r_407cd8c5fdb1,Reddit_Commento,11
r_fd58ef391f6f,Reddit_Commento,12
r_e7a92da40a7a,Reddit_Commento,2
r_077991aa9d0a,Reddit_Commento,11
r_2d0bd82f87e9,Reddit_Commento,11
r_39e962b8d57d,Reddit_Commento,11
r_44e4f880fdd3,Reddit_Commento,5
r_3b857180004f,Reddit_Commento,11
r_e07997d3ee82,Reddit_Commento,2
r_1fdec99df05b,Reddit_Commento,5
r_ffda18d1ce85,Reddit_Commento,8
r_83a0bb543cfc,Reddit_Commento,8
r_0fdafc8bd846,Reddit_Commento,11
r_b30bfb3e55a0,Reddit_Commento,3
r_2489329d8921,Reddit_Commento,11
r_3c3bbf73e833,Reddit_Commento,7
r_96216dc8009d,Reddit_Commento,12
r_7be82e1c9a4d,Reddit_Commento,2
r_73f8e12f2b23,Reddit_Commento,13
r_19a9ba38422d,Reddit_Commento,10
r_7a39b015e97e,Reddit_Commento,8
r_025870f61315,Reddit_Commento,10
r_0a6515590e11,Reddit_Commento,11
r_7d6fd4b015c7,Reddit_Commento,2
r_1a478803bd62,Reddit_Commento,11
r_5179aea934ab,Reddit_Commento,12
r_9b78960d6816,Reddit_Commento,13
r_3989aa1905e8,Reddit_Commento,5
r_3ac9216da7f3,Reddit_Commento,11
r_8ad01f263ac0,Reddit_Commento,11
r_bfc7f9173392,Reddit_Commento,3
r_787a62de1546,Reddit_Commento,11
r_7718a056de0a,Reddit_Commento,11
r_a921963993db,Reddit_Commento,11
r_bef354c0d2fe,Reddit_Commento,13
r_06508ee1de06,Reddit_Commento,11
r_49929e45ed1e,Reddit_Commento,10
r_ed5ec387e3d8,Reddit_Commento,11
r_22c8ada2db34,Reddit_Commento,11
r_3312ff1c5213,Reddit_Commento,12
r_6281eafe2f12,Reddit_Commento,13
r_403a46ea424e,Reddit_Commento,8
r_d51765815d8d,Reddit_Commento,9
r_c91fb4dcef3a,Reddit_Commento,10
r_042d35f9f65c,Reddit_Commento,11
r_ed1d31c97472,Reddit_Commento,12
r_da66358d21d3,Reddit_Commento,2
r_b8986417e5b8,Reddit_Commento,11
r_c9d79a0e3299,Reddit_Commento,3
r_4ee567edb7b9,Reddit_Commento,11
r_5b635988069b,Reddit_Commento,11
r_3bf2357c77d6,Reddit_Commento,11
r_45632cfa7a2d,Reddit_Commento,11
r_2b3a0199976f,Reddit_Commento,5
r_606c9516a08e,Reddit_Commento,10
r_1312752460a3,Reddit_Commento,11
r_3d96f32b1a3e,Reddit_Commento,11
r_6353685757a0,Reddit_Commento,11
r_19f33e66ad9e,Reddit_Commento,11
r_5f7058237493,Reddit_Commento,11
r_cbb84707e668,Reddit_Commento,11
r_dbdaba97c34e,Reddit_Commento,2
r_f09fba223a8e,Reddit_Commento,13
r_6dbdec18ec25,Reddit_Commento,11
r_6c451fce38d3,Reddit_Commento,2
r_1b788d8e63b2,Reddit_Commento,2
r_dd5d6d65977e,Reddit_Commento,11
r_cfd2bbfdb90a,Reddit_Commento,3
r_6939d85f4515,Reddit_Commento,2
r_d37c219643a9,Reddit_Commento,11
r_f7cd82c6a9a0,Reddit_Commento,13
r_2af8e9c7d02d,Reddit_Commento,11
r_49de300016bf,Reddit_Commento,2
r_b7a8439894b3,Reddit_Commento,12
r_3b4b7aaf8fbc,Reddit_Commento,10
r_88bce48e034d,Reddit_Commento,2
r_c16a7280c63e,Reddit_Commento,8
r_a58f39a3e374,Reddit_Commento,5
r_0279f8c90db1,Reddit_Commento,11
r_fb832ff5e987,Reddit_Commento,11
r_2eb76a9ffc37,Reddit_Commento,1
r_b550c05e64c7,Reddit_Commento,12
r_09416febca76,Reddit_Commento,11
r_587ebc4d35a2,Reddit_Commento,11
r_9a2dca26b0e4,Reddit_Commento,5
r_77c7045ff1f5,Reddit_Commento,10
r_ca5434c64a2e,Reddit_Commento,11
r_5dc585d41ad4,Reddit_Commento,11
r_83c266147e41,Reddit_Commento,11
r_f5c7a364c3ea,Reddit_Commento,11
r_3acc1119c709,Reddit_Commento,5
r_69f5146fa695,Reddit_Commento,10
r_799811cf268e,Reddit_Commento,10
r_fc31b2da1423,Reddit_Commento,11
r_31cf1286300a,Reddit_Commento,11
r_a691f7938f9f,Reddit_Commento,11
r_73177d94f7dc,Reddit_Commento,11
r_30521eb230c3,Reddit_Commento,10
r_8bd7c0b200a2,Reddit_Commento,11
r_8ca585a5b993,Reddit_Commento,11
r_a36e61c4c593,Reddit_Commento,11
r_d879989ec0ee,Reddit_Commento,11
r_382c99cfd01a,Reddit_Commento,4
r_4902b18f6686,Reddit_Commento,2
r_3ccb1766d702,Reddit_Commento,11
r_9a74c80cf838,Reddit_Commento,11
r_ceabc5fe9f38,Reddit_Commento,2
r_4ca60b9e52a4,Reddit_Commento,3
r_3fa2be0bdcc7,Reddit_Commento,11
r_99fa45de3e27,Reddit_Commento,11
r_9e3168234171,Reddit_Commento,11
r_709816a3a171,Reddit_Commento,11
r_6d165470ca1a,Reddit_Commento,11
r_89525cff873a,Reddit_Commento,11
r_b2202b6154d4,Reddit_Commento,10
r_e8e9873c1d5c,Reddit_Commento,11
r_746fee673462,Reddit_Commento,11
r_8bdc2015f98e,Reddit_Commento,2
r_d3211fdc5247,Reddit_Commento,2
r_06666770bf7d,Reddit_Commento,10
r_d900333afdd1,Reddit_Commento,3
r_3e72fc8de5f1,Reddit_Commento,3
r_e44d4593155b,Reddit_Commento,11
r_1191976b23cd,Reddit_Commento,11
r_0deaaf956451,Reddit_Commento,3
r_35f362cf635a,Reddit_Commento,11
r_1918ad34ac75,Reddit_Commento,13
r_2811a2ab1ac7,Reddit_Commento,11
r_c5c4cb2ee0be,Reddit_Commento,2
r_6fd4aa2c9a51,Reddit_Commento,11
r_a866e8a9c9e6,Reddit_Commento,11
r_0f8a4f410136,Reddit_Commento,2
r_8962c3b9308d,Reddit_Commento,3
r_41a3342877ff,Reddit_Commento,10
r_f161d4c8de45,Reddit_Commento,11
r_eb089f0463b3,Reddit_Commento,11
r_1da54015f406,Reddit_Commento,11
r_1fdfaec7b51f,Reddit_Commento,11
r_9420b1bc5e4b,Reddit_Commento,11
r_02570bf4580d,Reddit_Commento,3
r_a34f82d727cd,Reddit_Commento,11
r_e262f992374d,Reddit_Commento,1
r_0174cf62c621,Reddit_Commento,14
r_3e56b8667326,Reddit_Commento,2
r_2174f06f5636,Reddit_Commento,4
r_a7461a439bc0,Reddit_Commento,11
r_ffcb5bb23a10,Reddit_Commento,6
r_e74c478c5b86,Reddit_Commento,4
r_73927f7d95ad,Reddit_Commento,5
r_b7945e2f6f36,Reddit_Commento,11
r_6a9bf5b1ce8d,Reddit_Commento,3
r_20a10bb13da6,Reddit_Commento,3
r_5b6b398288d0,Reddit_Commento,2
r_92ca5550bd70,Reddit_Commento,11
r_e8b2d59286d0,Reddit_Commento,8
r_fb02b07a2d8c,Reddit_Commento,10
r_6d53e373b29b,Reddit_Commento,2
r_e82fd118c8c6,Reddit_Commento,3
r_c6fcfc5b7a29,Reddit_Commento,11
r_29a27f518131,Reddit_Commento,11
r_c35159d099b9,Reddit_Commento,2
r_b296b13fabd5,Reddit_Commento,11
r_a886bdcd25a2,Reddit_Commento,11
r_9065daf90fc7,Reddit_Commento,11
r_68a1892b19b6,Reddit_Commento,11
r_49a78cb40337,Reddit_Commento,5
r_727254b3d7a1,Reddit_Commento,11
r_2cdc1924570d,Reddit_Commento,11
r_4cd75e67b80b,Reddit_Commento,2
r_c72e10ab9b4a,Reddit_Commento,3
r_bba4be7b7b5f,Reddit_Commento,11
r_56d8c7fdc372,Reddit_Commento,3
r_5eb666b549ca,Reddit_Commento,11
r_c1b74534fa39,Reddit_Commento,8
r_c56a79f53ffb,Reddit_Commento,11
r_340babd172bb,Reddit_Commento,13
r_23114de29622,Reddit_Commento,12
r_d9b561659083,Reddit_Commento,11
r_cba8465ca187,Reddit_Commento,11
r_5ac83c6c5101,Reddit_Commento,11
r_eae2ef85f660,Reddit_Commento,8
r_d5f81fd910dd,Reddit_Commento,11
r_a39d08c08625,Reddit_Commento,11
r_9d809dff74bf,Reddit_Commento,12
r_6b1cecae01d4,Reddit_Commento,13
r_1d40f4098a38,Reddit_Commento,13
r_c37b197cfcf9,Reddit_Commento,11
r_fae4865e9179,Reddit_Commento,3
r_49dac192eca7,Reddit_Commento,3
r_e4ddd2529be7,Reddit_Commento,6
r_205b0a41a691,Reddit_Commento,13
r_f48cefd74f54,Reddit_Commento,2
r_2186ce0dcb21,Reddit_Commento,11
r_cb098b2dd0d7,Reddit_Commento,3
r_9ce80a51112a,Reddit_Commento,2
r_6c2360aadde8,Reddit_Commento,11
r_311e0ef298e8,Reddit_Commento,11
r_52c6c4a8ef84,Reddit_Commento,8
r_fc39ef56918f,Reddit_Commento,13
r_55c5a3f6772a,Reddit_Commento,11
r_79989d18f51d,Reddit_Commento,11
r_aa615c68829c,Reddit_Commento,5
r_6d9881d3ee20,Reddit_Commento,13
r_fb6a6594b61b,Reddit_Commento,11
r_0d15ad901c6f,Reddit_Commento,11
r_1e414118a621,Reddit_Commento,13
r_eee7b1e399fc,Reddit_Commento,3
r_d0745d16f0fc,Reddit_Commento,11
r_20c9c4b56bd1,Reddit_Commento,11
r_395cc6b12395,Reddit_Commento,13
r_76aeec7c40e6,Reddit_Commento,10
r_ff302bd91525,Reddit_Commento,1
r_426f1a5a5de4,Reddit_Commento,11
r_5b61842643ca,Reddit_Commento,11
r_805e342af1ff,Reddit_Commento,13
r_037d8a10f33d,Reddit_Commento,11
r_5ffbcfac8c96,Reddit_Commento,8
r_946ed049f235,Reddit_Commento,11
r_6672736e5e62,Reddit_Commento,11
r_918848464ead,Reddit_Commento,8
r_7ae0e9e6d70b,Reddit_Commento,6
r_9bd613947e51,Reddit_Commento,13
r_601c026068c1,Reddit_Commento,11
r_15e9513701e1,Reddit_Commento,11
r_5889bad553e9,Reddit_Commento,13
r_aa1530df636d,Reddit_Commento,10
r_19f49ce47aa8,Reddit_Commento,13
r_294a06736ff4,Reddit_Commento,11
r_a091b3acc721,Reddit_Commento,3
r_6e9ed44cacad,Reddit_Commento,0
r_7d957ecd7e4e,Reddit_Commento,10
r_8b56fd32f49e,Reddit_Commento,11
r_e31a1c08e6d8,Reddit_Commento,11
r_520464c3405d,Reddit_Commento,12
r_4f707e93f294,Reddit_Commento,11
r_02cae0c296d0,Reddit_Commento,11
r_d378b58edfa3,Reddit_Commento,11
r_055c9b914cc8,Reddit_Commento,11
r_6e02ba2d8134,Reddit_Commento,13
r_c24db27de202,Reddit_Commento,14
r_265178b74996,Reddit_Commento,11
r_12cb573617de,Reddit_Commento,12
r_c4e97c95ef8f,Reddit_Commento,14
r_b3f87c58d43a,Reddit_Commento,11
r_56f1f8aa4753,Reddit_Commento,11
r_84226c1ae44d,Reddit_Commento,10
r_c480a3cba8e7,Reddit_Commento,2
r_56ccf65b0c0e,Reddit_Commento,2
r_f2a14ace36be,Reddit_Commento,2
r_769b943d585a,Reddit_Commento,1
r_09e3ad38b669,Reddit_Commento,11
r_e6e2ec38e799,Reddit_Commento,1
r_8236a76f5d6f,Reddit_Commento,6
r_94704ded9106,Reddit_Commento,10
r_4261f7b02664,Reddit_Commento,2
r_c52cb0b3cc1d,Reddit_Commento,11
r_62549622c6fe,Reddit_Commento,5
r_fd981f39ab5a,Reddit_Commento,11
r_bed718baea56,Reddit_Commento,10
r_493b5da112f3,Reddit_Commento,1
r_bba80db430a9,Reddit_Commento,2
r_df1554ac438c,Reddit_Commento,3
r_0856d0fcb3bd,Reddit_Commento,11
r_fa7036d65059,Reddit_Commento,11
r_d677a9db4bba,Reddit_Commento,11
r_cd3eb89e8185,Reddit_Commento,5
r_9d7f270af7c5,Reddit_Commento,11
r_3af2b4d5e5ea,Reddit_Commento,13
r_6e18c7ad11da,Reddit_Commento,8
r_e16f36a2cf47,Reddit_Commento,11
r_981432564c0d,Reddit_Commento,11
r_69528609e93c,Reddit_Commento,11
r_c3e085555ada,Reddit_Commento,13
r_5f35f4a583b8,Reddit_Commento,2
r_e15987fac41a,Reddit_Commento,11
r_b17eeef4ff8a,Reddit_Commento,10
r_0628cecb8b8f,Reddit_Commento,11
r_ce74f958d6a4,Reddit_Commento,4
r_4705845238ec,Reddit_Commento,6
r_9e1e8643ed03,Reddit_Commento,11
r_14e9563834e8,Reddit_Commento,12
r_4e9d3c76af88,Reddit_Commento,5
r_4edbcc24c768,Reddit_Commento,11
r_ee26193640a1,Reddit_Commento,2
r_9ef4e9784df1,Reddit_Commento,13
r_9b25b2a46c34,Reddit_Commento,14
r_66e9ba787db9,Reddit_Commento,10
r_25958539a584,Reddit_Commento,2
r_5ad10889af0b,Reddit_Commento,11
r_89d710148834,Reddit_Commento,13
r_95f297726124,Reddit_Commento,14
r_d3413209fcde,Reddit_Commento,14
r_ac6bb586d838,Reddit_Commento,11
r_a0ed0456390d,Reddit_Commento,14
r_865b09b4ba49,Reddit_Commento,7
r_bdb856693cfc,Reddit_Commento,11
r_9ad5c435fcf6,Reddit_Commento,11
r_7dcfd1a0ee15,Reddit_Commento,5
r_5db2aeca8aca,Reddit_Commento,2
r_bdd1e392c5d8,Reddit_Commento,11
r_9c8c01eaea63,Reddit_Commento,11
r_1ff10566577c,Reddit_Commento,2
r_a9a9f3c031e4,Reddit_Commento,2
r_d789c899a0b9,Reddit_Commento,2
r_ee4ae316d305,Reddit_Commento,14
r_23e26601e0c5,Reddit_Commento,5
r_9a0a00bb5cdf,Reddit_Commento,3
r_4dd66feff365,Reddit_Commento,4
r_4195287a4f18,Reddit_Commento,9
r_5f33ac9fd4e2,Reddit_Commento,10
r_4b1c38b55c4a,Reddit_Commento,11
r_a4eee9731d35,Reddit_Commento,11
r_c0c5dcb560eb,Reddit_Commento,2
r_bc512baa9e1d,Reddit_Commento,11
r_8dc81872ad34,Reddit_Commento,5
r_02953eba1722,Reddit_Commento,11
r_da2598decb3d,Reddit_Commento,11
r_b285be062490,Reddit_Commento,9
r_fd37b4f5b2d9,Reddit_Commento,11
r_e7fecd9160fd,Reddit_Commento,4
r_fef7ea72a6fd,Reddit_Commento,3
r_00e4fffa1d40,Reddit_Commento,2
r_7de0d0f2e61c,Reddit_Commento,11
r_84431b55c8ce,Reddit_Commento,2
r_ac360feed652,Reddit_Commento,11
r_cd33e90db5e3,Reddit_Commento,2
r_5859699a1f66,Reddit_Commento,10
r_67c250193de5,Reddit_Commento,9
r_cb7a6c3150ec,Reddit_Commento,13
r_8d96bb40142b,Reddit_Commento,2
r_02ff59c3764d,Reddit_Commento,11
r_ca7e4b04fa10,Reddit_Commento,14
r_4d8d0f898a1e,Reddit_Commento,14
r_05c19fda66c3,Reddit_Commento,14
r_978376b3b141,Reddit_Commento,14
r_60a902ec63de,Reddit_Commento,3
r_76ee83458098,Reddit_Commento,11
r_f1b8d6c0c2c3,Reddit_Commento,11
r_6d60fe9caebb,Reddit_Commento,11
r_914926d414ed,Reddit_Commento,11
r_34f82bd3c73b,Reddit_Commento,11
r_3a9b03612ffe,Reddit_Commento,2
r_cab4069f0fcd,Reddit_Commento,11
r_1be549d47e7b,Reddit_Commento,11
r_6b9ba57e9dff,Reddit_Commento,2
r_1103235baa27,Reddit_Commento,10
r_8803be7ec256,Reddit_Commento,11
r_071932ff19dc,Reddit_Commento,10
r_df87d13a3384,Reddit_Commento,5
r_a0bfa5715382,Reddit_Commento,11
r_4d4b1ea59c44,Reddit_Commento,11
r_35e80482c704,Reddit_Commento,11
r_f91601823d15,Reddit_Commento,3
r_36b4b4db637d,Reddit_Commento,11
r_e2013c543bfa,Reddit_Commento,13
r_91e505373853,Reddit_Commento,3
r_b96dd4743213,Reddit_Commento,13
r_3765ee76e21e,Reddit_Commento,10
r_bfa86241d07c,Reddit_Commento,11
r_f4ec2394d1a2,Reddit_Commento,1
r_6676a3538847,Reddit_Commento,3
r_d4377cf4db7b,Reddit_Commento,10
r_52141b23324c,Reddit_Commento,11
r_aba2e99f85ed,Reddit_Commento,10
r_9aea28b474f9,Reddit_Commento,2
r_ca5ccc30cfcd,Reddit_Commento,11
r_96c9271bc450,Reddit_Commento,14
r_691a416349b6,Reddit_Commento,11
r_7bf9640c6ed7,Reddit_Commento,11
r_528368c74253,Reddit_Commento,10
r_ef046261098c,Reddit_Commento,11
r_b80f19b09015,Reddit_Commento,11
r_76332553748f,Reddit_Commento,12
r_2eeba441e949,Reddit_Commento,11
r_5f835b5c20c5,Reddit_Commento,11
r_c4f155afc725,Reddit_Commento,11
r_241ad82cba2e,Reddit_Commento,11
r_7c8adc8c12c0,Reddit_Commento,14
r_f2ea50c0d8cd,Reddit_Commento,5
r_5abf4835b148,Reddit_Commento,12
r_04c136ed95f8,Reddit_Commento,5
r_378322a91e89,Reddit_Commento,10
r_17edd3096eef,Reddit_Commento,11
r_f0a46929a354,Reddit_Commento,11
r_ee9a753ee534,Reddit_Commento,13
r_64fc672b031c,Reddit_Commento,10
r_e6af4a4d5b2e,Reddit_Commento,10
r_6c452e1469f1,Reddit_Commento,11
r_e6639524941e,Reddit_Commento,6
r_fe092accb1f7,Reddit_Commento,11
r_a44e33269cd3,Reddit_Commento,11
r_44effb043652,Reddit_Commento,5
r_acb9951d8a6b,Reddit_Commento,11
r_0afea6281f43,Reddit_Commento,2
r_623dde4259c4,Reddit_Commento,8
r_3114af76ecbb,Reddit_Commento,11
r_04f415572e27,Reddit_Commento,6
r_6c3dce184cd2,Reddit_Commento,13
r_22d6251cfcb6,Reddit_Commento,11
r_e107f33742df,Reddit_Commento,5
r_42f3bf6c503d,Reddit_Commento,11
r_8c5bd60a6ebc,Reddit_Commento,11
r_63c6b1657fa8,Reddit_Commento,11
r_2616da5949e8,Reddit_Commento,11
r_4a07b7222d38,Reddit_Commento,11
r_1f0336fc4821,Reddit_Commento,11
r_6f47243e1132,Reddit_Commento,11
r_6f2b383bd5d7,Reddit_Commento,13
r_914e78f8d85c,Reddit_Commento,2
r_f843b0b36fba,Reddit_Commento,8
r_2cd0c6b3bf24,Reddit_Commento,10
r_9c9dafa060e7,Reddit_Commento,11
r_984cba055295,Reddit_Commento,12
r_66c58adec120,Reddit_Commento,11
r_171be8b7e1a6,Reddit_Commento,6
r_f7c83fda1e43,Reddit_Commento,11
r_dfe5f0735018,Reddit_Commento,11
r_a991b1c79da0,Reddit_Commento,10
r_d1b8dd632b3b,Reddit_Commento,10
r_d85875a38dc5,Reddit_Commento,11
r_cec629ab38d1,Reddit_Commento,1
r_b51f36fc8c63,Reddit_Commento,11
r_5c25dd933d50,Reddit_Commento,12
r_9ffda063819f,Reddit_Commento,7
r_c3cc6cbab882,Reddit_Commento,8
r_d9f3f706ebcc,Reddit_Commento,11
r_1d44fc19fddf,Reddit_Commento,6
r_022d4c54f847,Reddit_Commento,13
r_800969a7a9ba,Reddit_Commento,13
r_9f6aaa399e35,Reddit_Commento,12
r_ef05916ad599,Reddit_Commento,2
r_89179e1d51ac,Reddit_Commento,10
r_22504271a8f2,Reddit_Commento,11
r_526afac4ff4e,Reddit_Commento,10
r_9d524d62eb2c,Reddit_Commento,13
r_df89817fd07b,Reddit_Commento,14
r_6bf6778745b7,Reddit_Commento,10
r_3e3c2eb48eab,Reddit_Commento,13
r_935766036443,Reddit_Commento,2
r_8de434dead6d,Reddit_Commento,11
r_10330cdde48f,Reddit_Commento,2
r_459e079e56f4,Reddit_Commento,13
r_dc691350715e,Reddit_Commento,8
r_0e9a66e2a10f,Reddit_Commento,13
r_d7a2b152ce62,Reddit_Commento,2
r_06683841b394,Reddit_Commento,12
r_f739a218c809,Reddit_Commento,11
r_35c70c031f41,Reddit_Commento,6
r_ecab3ea60446,Reddit_Commento,1
r_ad9243ccc547,Reddit_Commento,11
r_cdbc2491eee8,Reddit_Commento,13
r_9613fa98c328,Reddit_Commento,11
r_9bfe14fda089,Reddit_Commento,11
r_8049de837b77,Reddit_Commento,7
r_684d822f9f9f,Reddit_Commento,10
r_b97ef35ae0ab,Reddit_Commento,11
r_fd7517c72f92,Reddit_Commento,5
r_1f972061e737,Reddit_Commento,12
r_87e8ba0c0b08,Reddit_Commento,4
r_f2eafa016c68,Reddit_Commento,1
r_1b4a32f302f4,Reddit_Commento,13
r_90ee85306527,Reddit_Commento,11
r_eb15d87ace84,Reddit_Commento,8
r_19da7c9ad0b6,Reddit_Commento,2
r_742ae1b16f47,Reddit_Commento,11
r_4583c7436982,Reddit_Commento,11
r_9b996111a3ee,Reddit_Commento,11
r_4f981adc0fad,Reddit_Commento,11
r_137df5c460fc,Reddit_Commento,8
r_f473d6b4a30e,Reddit_Commento,11
r_e4245e95290f,Reddit_Commento,11
r_17e5e0aad768,Reddit_Commento,13
r_77f1558ffa61,Reddit_Commento,2
r_4c82e53a8b27,Reddit_Commento,13
r_9fd415b06be7,Reddit_Commento,8
r_6ceee597d7f5,Reddit_Commento,11
r_e5f52a058936,Reddit_Commento,11
r_599b8bd30d46,Reddit_Commento,11
r_09d439e49ee7,Reddit_Commento,5
r_9d70721b923e,Reddit_Commento,3
r_a8deeb2da85b,Reddit_Commento,1
r_3e323107676c,Reddit_Commento,11
r_fdf5c2814fbb,Reddit_Commento,5
r_7d3461a6a206,Reddit_Commento,11
r_7fb22634a1b3,Reddit_Commento,11
r_1fe70509984a,Reddit_Commento,5
r_4ec4be755808,Reddit_Commento,11
r_b586a84da107,Reddit_Commento,11
r_4980160a2d85,Reddit_Commento,13
r_0b53d798f14f,Reddit_Commento,11
r_ed8a6401324d,Reddit_Commento,10
r_9c7f743f93f3,Reddit_Commento,11
r_98a1dd4d11da,Reddit_Commento,3
r_e5772440f1b7,Reddit_Commento,11
r_f38518979bae,Reddit_Commento,11
r_7215f262d2ba,Reddit_Commento,14
r_07a5b57963b2,Reddit_Commento,10
r_712bc0253bed,Reddit_Commento,11
r_d610401fd255,Reddit_Commento,11
r_50f0e5e20e8c,Reddit_Commento,6
r_c099120c470f,Reddit_Commento,11
r_0be699f733de,Reddit_Commento,5
r_68f1f6a7f6ab,Reddit_Commento,13
r_4bc9957be32d,Reddit_Commento,11
r_a99096a598c7,Reddit_Commento,11
r_cc5533c762fa,Reddit_Commento,11
r_321d9c978942,Reddit_Commento,6
r_c72c768458a6,Reddit_Commento,10
r_531945a72eda,Reddit_Commento,11
r_d0a31aa6be71,Reddit_Commento,11
r_34aa7adcb512,Reddit_Commento,7
r_35ffc0cc38d6,Reddit_Commento,11
r_00dd5fb9f9f6,Reddit_Commento,13
r_8a131345ac58,Reddit_Commento,8
r_1b61025f9ce8,Reddit_Commento,11
r_49e1d2b2ce2b,Reddit_Commento,11
r_23969e09de1d,Reddit_Commento,11
r_0d05842f9a68,Reddit_Commento,13
r_8b4b4948ab2b,Reddit_Commento,11
r_e18c3100ea3f,Reddit_Commento,11
r_fa192e4864b7,Reddit_Commento,1
r_5b9cd42b0b5e,Reddit_Commento,9
r_167c3eb276e6,Reddit_Commento,11
r_2d4026273f2c,Reddit_Commento,11
r_60072e38f383,Reddit_Commento,6
r_e18bc1e75969,Reddit_Commento,13
r_c063c8149415,Reddit_Commento,10
r_309786eda83d,Reddit_Commento,8
r_593f434cf1c4,Reddit_Commento,11
r_02dacbcb058c,Reddit_Commento,11
r_63ce5400d8f2,Reddit_Commento,8
r_0fb051e22700,Reddit_Commento,0
r_ace8468040c6,Reddit_Commento,12
r_71c3abeb44fb,Reddit_Commento,10
r_b125a7dc7fd0,Reddit_Commento,4
r_cc2ad5596716,Reddit_Commento,11
r_30cc5b9520c1,Reddit_Commento,10
r_72b54013c21b,Reddit_Commento,13
r_4269320c32ac,Reddit_Commento,12
r_5f7095f85381,Reddit_Commento,11
r_7fa3e17d6e4c,Reddit_Commento,13
r_4ea709542028,Reddit_Commento,2
r_ffb2b8d46a18,Reddit_Commento,11
r_79da25058406,Reddit_Commento,13
r_4dee86e311a9,Reddit_Commento,11
r_a4a88284b77a,Reddit_Commento,11
r_2b7fca54283c,Reddit_Commento,13
r_b1d92c285f9f,Reddit_Commento,11
r_754679592af5,Reddit_Commento,11
r_f1ee23bde763,Reddit_Commento,8
r_0e2ff1a705af,Reddit_Commento,11
r_a9fc633cc129,Reddit_Commento,11
r_d4d748380051,Reddit_Commento,11
r_ff41e8da228f,Reddit_Commento,5
r_d53c5c55510d,Reddit_Commento,13
r_d5df77088b18,Reddit_Commento,14
r_980826bc27e5,Reddit_Commento,13
r_5d479227fb45,Reddit_Commento,13
r_b4019aa9ef11,Reddit_Commento,3
r_da7dba6dc621,Reddit_Commento,0
r_5df182bd1ed6,Reddit_Commento,10
r_65da5577e214,Reddit_Commento,7
r_5655aa0ee3a6,Reddit_Commento,11
r_6ead7a9f5778,Reddit_Commento,8
r_c44b8574fea1,Reddit_Commento,6
r_69747d0ae893,Reddit_Commento,13
r_8a38374ff8c5,Reddit_Commento,5
r_38a78dc2166b,Reddit_Commento,10
r_cd0c666fd426,Reddit_Commento,13
r_26012882decd,Reddit_Commento,13
r_289040d86517,Reddit_Commento,11
r_3d243d443dc5,Reddit_Commento,11
r_372d244ea6cc,Reddit_Commento,6
r_d28697e03027,Reddit_Commento,11
r_480f53a2b815,Reddit_Commento,13
r_147e1ce2ea08,Reddit_Commento,2
r_b5909c90b14a,Reddit_Commento,11
r_c8f9e3334d22,Reddit_Commento,12
r_e50ed644a191,Reddit_Commento,11
r_4b7e76ba76f1,Reddit_Commento,12
r_f530eae25c05,Reddit_Commento,11
r_98a20c00cdd1,Reddit_Commento,13
r_107e13929fc6,Reddit_Commento,11
r_9eef0ce17ef9,Reddit_Commento,2
r_97cf579d55a0,Reddit_Commento,12
r_9df61a5e6354,Reddit_Commento,11
r_1b1be71006dd,Reddit_Commento,2
r_c029a4e016c4,Reddit_Commento,7
r_fb1696fb0988,Reddit_Commento,11
r_e34275fdca0d,Reddit_Commento,13
r_dc94b4171aef,Reddit_Commento,11
r_ee60d3a7b7e0,Reddit_Commento,2
r_24eeefaadd06,Reddit_Commento,11
r_28e7ecb63e0d,Reddit_Commento,10
r_f5d686ce29ce,Reddit_Commento,5
r_502531c87167,Reddit_Commento,11
r_5e22b7981d16,Reddit_Commento,5
r_718df3ec282f,Reddit_Commento,5
r_88c37d587c5d,Reddit_Commento,5
r_224c4dd63a99,Reddit_Commento,11
r_a36a09ebf3a3,Reddit_Commento,12
r_c8029135be14,Reddit_Commento,6
r_22c86363f0e5,Reddit_Commento,6
r_bcc6fb8cddde,Reddit_Commento,5
r_efdbca15e718,Reddit_Commento,3
r_86b72466c437,Reddit_Commento,8
r_eb3ca704a96e,Reddit_Commento,11
r_68fbf779eb10,Reddit_Commento,5
r_864ba221d7d5,Reddit_Commento,10
r_d2d9522ea014,Reddit_Commento,2
r_06c9ef878d25,Reddit_Commento,11
r_7420b53f9b1f,Reddit_Commento,11
r_e2b5948a3e3b,Reddit_Commento,7
r_e7b6f6ae4f30,Reddit_Commento,3
r_2d065b724901,Reddit_Commento,5
r_de3361afa927,Reddit_Commento,11
r_dcc0547f8608,Reddit_Commento,11
r_d4c469df0cda,Reddit_Commento,5
r_e850fb9d8a61,Reddit_Commento,5
r_066e2e6ff534,Reddit_Commento,12
r_c61000860b5d,Reddit_Commento,14
r_8823eab880df,Reddit_Commento,8
r_eb771a78ba21,Reddit_Commento,12
r_98465f3b28d9,Reddit_Commento,6
r_b613710eca06,Reddit_Commento,6
r_8607020865be,Reddit_Commento,11
r_8e6c26f3d671,Reddit_Commento,12
r_7afafb36a3c1,Reddit_Commento,13
r_aed19d28d629,Reddit_Commento,14
r_110065630ac3,Reddit_Commento,14
r_7c2d9b67ed01,Reddit_Commento,3
r_1825c8bb6506,Reddit_Commento,14
r_f301f26004da,Reddit_Commento,11
r_3d8fc7f8b822,Reddit_Commento,5
r_67be66151752,Reddit_Commento,10
r_88d2eb3a8072,Reddit_Commento,8
r_7983b47debd4,Reddit_Commento,12
r_62ed9c97f9a4,Reddit_Commento,12
r_0ff779e3537f,Reddit_Commento,8
r_a0d66b91af92,Reddit_Commento,6
r_5b9e6f24436d,Reddit_Commento,5
r_879862cd29b9,Reddit_Commento,3
r_436927175bc1,Reddit_Commento,11
r_78458b5694eb,Reddit_Commento,3
r_8f102ef5a448,Reddit_Commento,11
r_d82ea4f5e631,Reddit_Commento,12
r_c59b2cfa31e2,Reddit_Commento,8
r_85f8bf2f9468,Reddit_Commento,2
r_a8d178c0dbc9,Reddit_Commento,11
r_e257d766c1c1,Reddit_Commento,10
r_24dc52194c2e,Reddit_Commento,8
r_ceea893c5592,Reddit_Commento,8
r_4a44455d15f3,Reddit_Commento,11
r_71b3d176acbe,Reddit_Commento,7
r_6ac1d5eab783,Reddit_Commento,7
r_cd37fcb2d13c,Reddit_Commento,8
r_0e514403178c,Reddit_Commento,8
r_7aca0b9934b4,Reddit_Commento,7
r_b9ff7e1d3097,Reddit_Commento,3
r_d65e77f9ace5,Reddit_Commento,11
r_4b15e6b7834e,Reddit_Commento,8
r_ec7657e6bbf8,Reddit_Commento,11
r_0b4ecee20a8d,Reddit_Commento,11
r_dc35ef63eaa0,Reddit_Commento,3
r_1b252ba85b1f,Reddit_Commento,10
r_debb83602b12,Reddit_Commento,11
r_901e916c51fc,Reddit_Commento,11
r_23325ae6635f,Reddit_Commento,10
r_86a4b78bbb21,Reddit_Commento,5
r_0c8e82231446,Reddit_Commento,14
r_a2802cbb290a,Reddit_Commento,6
r_a71bb2915a68,Reddit_Commento,8
r_54130e841d3e,Reddit_Commento,8
r_172c3be3f7eb,Reddit_Commento,10
r_f82703ccb2c0,Reddit_Commento,7
r_4af6bd57e769,Reddit_Commento,11
r_a62e91c91723,Reddit_Commento,14
r_391b4cd42e60,Reddit_Commento,10
r_e0b84631cb4a,Reddit_Commento,11
r_6959b858c482,Reddit_Commento,6
r_200a4b268e55,Reddit_Commento,7
r_3682ba4881e1,Reddit_Commento,1
r_e0b0f6d1e484,Reddit_Commento,8
r_a2efd5963f00,Reddit_Commento,3
r_81fc1274b0cc,Reddit_Commento,8
r_c2010c8d2d02,Reddit_Commento,8
r_7912aacc2bb1,Reddit_Commento,13
r_eaa617749d14,Reddit_Commento,12
r_952d4191f3ab,Reddit_Commento,11
r_41d9d8996af0,Reddit_Commento,10
r_a82703fe9248,Reddit_Commento,8
r_4755da8fd5c4,Reddit_Commento,11
r_a53246faabc8,Reddit_Commento,11
r_6e5f14c64d4e,Reddit_Commento,12
r_87f3bec41a8d,Reddit_Commento,11
r_9b5f7b7a138e,Reddit_Commento,11
r_11aec5866f69,Reddit_Commento,13
r_b6f9609be14c,Reddit_Commento,5
r_8d85f6452bb3,Reddit_Commento,11
r_1a0f16ccf70f,Reddit_Commento,11
r_3a97a058cc3d,Reddit_Commento,10
r_41003d3e9aac,Reddit_Commento,2
r_d09b0738595f,Reddit_Commento,2
r_b4b491ddf4f2,Reddit_Commento,2
r_0ab884391f97,Reddit_Commento,4
r_7642fbb05a5e,Reddit_Commento,5
r_4ad38bc6a897,Reddit_Commento,4
r_a05fcb499652,Reddit_Commento,2
r_1fec4e31701b,Reddit_Commento,10
r_d427e6284832,Reddit_Commento,11
r_85954accd701,Reddit_Commento,11
r_ad22b05facda,Reddit_Commento,11
r_1446e59683f7,Reddit_Commento,7
r_e3d895e577c9,Reddit_Commento,3
r_cff48478f323,Reddit_Commento,2
r_62da88752d11,Reddit_Commento,11
r_0ae31eb144d1,Reddit_Commento,2
r_9dcb54ac0eda,Reddit_Commento,11
r_68ad437c7a4a,Reddit_Commento,3
r_9befe129342d,Reddit_Commento,11
r_8fd28908767e,Reddit_Commento,10
r_f9521728d29e,Reddit_Commento,11
r_7e369be95b66,Reddit_Commento,11
r_8dec9f394611,Reddit_Commento,12
r_f432ab6b4205,Reddit_Commento,11
r_caf0d474fc0a,Reddit_Commento,11
r_b17082746197,Reddit_Commento,11
r_f4be99713e0c,Reddit_Commento,12
r_1ca38e1d2711,Reddit_Commento,11
r_2c4d680d221f,Reddit_Commento,11
r_c90b40ba7f9f,Reddit_Commento,3
r_93fdc78bdd63,Reddit_Commento,1
r_cdf403a32b39,Reddit_Commento,8
r_4701e404ae2a,Reddit_Commento,2
r_dcc9aeb5d252,Reddit_Commento,11
r_d6549f8dd38f,Reddit_Commento,12
r_10dcdcbb9990,Reddit_Commento,11
r_fd862ab3b948,Reddit_Commento,11
r_5d58c50c2ce2,Reddit_Commento,11
r_fc5c7ac5c83a,Reddit_Commento,8
r_4162add6016e,Reddit_Commento,11
r_1c2e22625bee,Reddit_Commento,10
r_30550e6e0de9,Reddit_Commento,11
r_5606ec178b2a,Reddit_Commento,11
r_34a4f1a442fa,Reddit_Commento,11
r_5c2a5b832eb5,Reddit_Commento,2
r_96040e96ea2b,Reddit_Commento,8
r_71369fff583e,Reddit_Commento,7
r_8c975011d6c8,Reddit_Commento,11
r_0d573e243858,Reddit_Commento,11
r_85c447c55be4,Reddit_Commento,11
r_ed2d14cfd4c3,Reddit_Commento,11
r_e185539fe90e,Reddit_Commento,8
r_a068fb436be1,Reddit_Commento,11
r_e725608212aa,Reddit_Commento,10
r_4a09ce951b39,Reddit_Commento,10
r_7c0fbbd368fe,Reddit_Commento,5
r_cb522d768a5b,Reddit_Commento,11
r_0c299d912e11,Reddit_Commento,8
r_9dd04236bf4f,Reddit_Commento,1
r_1e947226e707,Reddit_Commento,11
r_967f9c45326b,Reddit_Commento,11
r_77844b560522,Reddit_Commento,7
r_b2a045a0893c,Reddit_Commento,7
r_3af2524968d4,Reddit_Commento,11
r_d4006efcc05e,Reddit_Commento,11
r_db198696a61d,Reddit_Commento,11
r_4d9a4ba2f445,Reddit_Commento,7
r_5132b3856d14,Reddit_Commento,7
r_4f57bae0140b,Reddit_Commento,7
r_67fec4e8de3f,Reddit_Commento,8
r_01d4d9164e61,Reddit_Commento,3
r_74313bd9f11c,Reddit_Commento,11
r_06c5561a68b1,Reddit_Commento,5
r_977a66f3521c,Reddit_Commento,10
r_ffecb06b3a8e,Reddit_Commento,10
r_8da523e598be,Reddit_Commento,11
r_b777ff6d648b,Reddit_Commento,13
r_6715d6b7373f,Reddit_Commento,6
r_2e6823a5dbc6,Reddit_Commento,5
r_beaee77ea3e1,Reddit_Commento,11
r_6c4f5b66e7e6,Reddit_Commento,11
r_6fc8426464f9,Reddit_Commento,11
r_e71ec239bc3f,Reddit_Commento,14
r_8c043a37bc2a,Reddit_Commento,12
r_c6521cccb04e,Reddit_Commento,11
r_9eef52275ce8,Reddit_Commento,11
r_a8bf34bfdce5,Reddit_Commento,11
r_321d46349667,Reddit_Commento,2
r_ea4518e4a09f,Reddit_Commento,1
r_412958bd6727,Reddit_Commento,11
r_7cdde33de5ec,Reddit_Commento,12
r_be67c54f79a8,Reddit_Commento,1
r_008c9e29c688,Reddit_Commento,6
r_d65ca3acb298,Reddit_Commento,2
r_447edefe490f,Reddit_Commento,9
r_9c8d3cf54a14,Reddit_Commento,11
r_74581eb8a37c,Reddit_Commento,11
r_fd6a2301cd73,Reddit_Commento,11
r_29fa221b4583,Reddit_Commento,11
r_6b437f17b350,Reddit_Commento,10
r_1dce9f00dea7,Reddit_Commento,1
r_6c261f1b2863,Reddit_Commento,12
r_d2d0eb1e5b9f,Reddit_Commento,2
r_bf789059ef1a,Reddit_Commento,5
r_53e8990f983f,Reddit_Commento,5
r_9e83c67f1fe0,Reddit_Commento,10
r_c5494a18fa79,Reddit_Commento,11
r_9c361adff2e7,Reddit_Commento,11
r_cc0295b15e3a,Reddit_Commento,13
r_49a2568ac229,Reddit_Commento,5
r_cc7e63bd700f,Reddit_Commento,12
r_5d48dcf3c48a,Reddit_Commento,11
r_a8915ec5edf8,Reddit_Commento,5
r_08e6e10d5ab6,Reddit_Commento,3
r_65f56b5389cc,Reddit_Commento,11
r_6abbe25da96e,Reddit_Commento,13
r_b691a8fb27d1,Reddit_Commento,3
r_dba306b0d164,Reddit_Commento,11
r_e6e872caed9e,Reddit_Commento,8
r_2ca9fa890aa6,Reddit_Commento,11
r_c7cd2db5509c,Reddit_Commento,5
r_a3f2ea3d7c8c,Reddit_Commento,6
r_ac614329e68d,Reddit_Commento,7
r_d5fc31fe8dc6,Reddit_Commento,5
r_52d65083aebc,Reddit_Commento,5
r_c08f4008a400,Reddit_Commento,5
r_8b4a585704a8,Reddit_Commento,3
r_bea1120ea52f,Reddit_Commento,11
r_3b89ce6a1082,Reddit_Commento,11
r_66bce2f3ccb7,Reddit_Commento,5
r_00f3521cf2e6,Reddit_Commento,11
r_2cfbf337b895,Reddit_Commento,13
r_bf0238cdd52d,Reddit_Commento,11
r_f76e12eff572,Reddit_Commento,11
r_c9d630793d94,Reddit_Commento,2
r_217724b294d3,Reddit_Commento,7
r_1e73e06c2ee5,Reddit_Commento,5
r_fa582240058b,Reddit_Commento,12
r_afb4c900d63a,Reddit_Commento,2
r_e9c43f9f35ff,Reddit_Commento,12
r_26c3381f83b1,Reddit_Commento,2
r_4174a4f6a010,Reddit_Commento,2
r_06061ade0f71,Reddit_Commento,8
r_5758930ef257,Reddit_Commento,2
r_da9c722f39ec,Reddit_Commento,12
r_39ae3d56fd32,Reddit_Commento,11
r_c8c7ace682aa,Reddit_Commento,5
r_cb7c2d135750,Reddit_Commento,8
r_6dcc2c7c78c1,Reddit_Commento,2
r_1da25c75d140,Reddit_Commento,10
r_b2d81abf071e,Reddit_Commento,11
r_aa4d9fc67459,Reddit_Commento,6
r_02a3e8093464,Reddit_Commento,11
r_22e098eb674f,Reddit_Commento,7
r_b1e31cfd117a,Reddit_Commento,11
r_f8949ac78bf7,Reddit_Commento,11
r_e371db1d1d13,Reddit_Commento,13
r_d7ba7fa6b9e5,Reddit_Commento,3
r_7522dd20aae2,Reddit_Commento,14
r_b386592d9fe2,Reddit_Commento,11
r_510da30558dc,Reddit_Commento,9
r_f2455c507153,Reddit_Commento,7
r_5dc2aab6c16a,Reddit_Commento,8
r_0156f4f2bc81,Reddit_Commento,5
r_3b3d18e3e117,Reddit_Commento,1
r_ec431fa1ed78,Reddit_Commento,11
r_9c2bc9bc69db,Reddit_Commento,11
r_3e4db993b15d,Reddit_Commento,11
r_9759bbc9d9cf,Reddit_Commento,11
r_aeb39f4ddc6a,Reddit_Commento,11
r_735f5026f3f1,Reddit_Commento,0
r_07c81dffdef4,Reddit_Commento,1
r_36c9cf0f0fc3,Reddit_Commento,7
r_372422677ecf,Reddit_Commento,11
r_c648a45a8b8f,Reddit_Commento,11
r_fddf8812ca5b,Reddit_Commento,5
r_fdb580e6dca8,Reddit_Commento,11
r_646c6252afe2,Reddit_Commento,8
r_df33b3fc66f0,Reddit_Commento,12
r_71876ed39eba,Reddit_Commento,13
r_f03c6b56d78a,Reddit_Commento,11
r_a2c1944cc45b,Reddit_Commento,5
r_96596b98bc17,Reddit_Commento,2
r_b731d30bdd73,Reddit_Commento,2
r_c77a1771cae9,Reddit_Commento,5
r_33424b7073aa,Reddit_Commento,10
r_0f54d60aafad,Reddit_Commento,13
r_eb33c65dae4e,Reddit_Commento,2
r_d92c62580e97,Reddit_Commento,11
r_2d205a01f8e8,Reddit_Commento,13
r_fd3072a07555,Reddit_Commento,11
r_3ec9579fbaa8,Reddit_Commento,2
r_8cd4b21cdd49,Reddit_Commento,10
r_5f670497e709,Reddit_Commento,3
r_3a5178217623,Reddit_Commento,12
r_f4f32e780187,Reddit_Commento,13
r_8f72397d6832,Reddit_Commento,8
r_e00a959716c2,Reddit_Commento,11
r_4434c3436269,Reddit_Commento,11
r_8385f9c35232,Reddit_Commento,11
r_111f9153f4f0,Reddit_Commento,13
r_6942ab1f419f,Reddit_Commento,11
r_b50cbb69fa4d,Reddit_Commento,4
r_499a993febf6,Reddit_Commento,12
r_b34219b2db26,Reddit_Commento,2
r_bf73e1dac80e,Reddit_Commento,11
r_09d40cbc780c,Reddit_Commento,11
r_05a6d339a2de,Reddit_Commento,14
r_b732ad6baa65,Reddit_Commento,10
r_7f1d3be3167d,Reddit_Commento,11
r_c7989a8dd246,Reddit_Commento,13
r_cc334adf6584,Reddit_Commento,12
r_a0e23eb686e2,Reddit_Commento,5
r_2bc64b8d274b,Reddit_Commento,11
r_71fc80da24a7,Reddit_Commento,7
r_0353104eee7d,Reddit_Commento,11
r_2d7e960b5e92,Reddit_Commento,10
r_0e7129905c7f,Reddit_Commento,11
r_009f4cd3ebc5,Reddit_Commento,1
r_d7b240f81a93,Reddit_Commento,11
r_1129e7a3f085,Reddit_Commento,7
r_4573bfba26f6,Reddit_Commento,2
r_7347a3e2fdab,Reddit_Commento,8
r_ca0a858604da,Reddit_Commento,3
r_6e248e37c46c,Reddit_Commento,11
r_09b3b19b69ad,Reddit_Commento,1
r_eee4043d035f,Reddit_Commento,6
r_2d0792132c57,Reddit_Commento,11
r_09455e625dd4,Reddit_Commento,12
r_0a3de2ac1bba,Reddit_Commento,3
r_1509cbc8568a,Reddit_Commento,5
r_863c8411d419,Reddit_Commento,12
r_94836b508389,Reddit_Commento,3
r_74389629a4d3,Reddit_Commento,5
r_1f587845fc72,Reddit_Commento,10
r_ce7c6f3887f0,Reddit_Commento,11
r_81e3a43e4b3e,Reddit_Commento,14
r_dc594619733f,Reddit_Commento,5
r_69082bc0d6f4,Reddit_Commento,11
r_b1c242b390b8,Reddit_Commento,11
r_1b205afe42c6,Reddit_Commento,7
r_83b35878e1c1,Reddit_Commento,12
r_bf10149625d5,Reddit_Commento,14
r_3b5551784395,Reddit_Commento,11
r_5fc5db7a7aa5,Reddit_Commento,11
r_59c16add78d0,Reddit_Commento,10
r_314da7394c26,Reddit_Commento,5
r_4de9e3015f60,Reddit_Commento,2
r_2c29b4922dba,Reddit_Commento,14
r_4fac30e0b4ab,Reddit_Commento,2
r_7df6d0c57a54,Reddit_Commento,5
r_4c70b58c8ed0,Reddit_Commento,11
r_205ea806539e,Reddit_Commento,12
r_8bfd1f068f7e,Reddit_Commento,3
r_e964d740239c,Reddit_Commento,7
r_672b9ec4250a,Reddit_Commento,4
r_c5dc82e39f40,Reddit_Commento,12
r_0aa7bee5eafe,Reddit_Commento,11
r_a020f2359a5c,Reddit_Commento,13
r_0e437c0a0fac,Reddit_Commento,5
r_1ff9f3660318,Reddit_Commento,4
r_dc2922dbe4fe,Reddit_Commento,11
r_dc45c43b3729,Reddit_Commento,11
r_1ba5d98deeea,Reddit_Commento,11
r_798baf165abc,Reddit_Commento,11
r_d50910eeeef2,Reddit_Commento,3
r_6f8fa86d04d6,Reddit_Commento,3
r_e08d7f55130d,Reddit_Commento,7
r_3c3dc6534a91,Reddit_Commento,11
r_10670cba812d,Reddit_Commento,4
r_b2baab6a7eeb,Reddit_Commento,12
r_79c8134fffb8,Reddit_Commento,14
r_d51f1cf5b554,Reddit_Commento,11
r_828512230103,Reddit_Commento,10
r_07cada49ec59,Reddit_Commento,6
r_8636e179db93,Reddit_Commento,11
r_bd59eee5c2f0,Reddit_Commento,13
r_3addad977297,Reddit_Commento,11
r_21e430003e21,Reddit_Commento,13
r_869c5ac35e78,Reddit_Commento,1
r_cedb869ca3aa,Reddit_Commento,7
r_03df4d7182e2,Reddit_Commento,10
r_29c6953a4c7b,Reddit_Commento,11
r_570fa8ae0b33,Reddit_Commento,3
r_80541aaebb5b,Reddit_Commento,9
r_7c830acbdc2e,Reddit_Commento,10
r_e1362423409e,Reddit_Commento,11
r_a0a811310c77,Reddit_Commento,10
r_e968d10dbcc7,Reddit_Commento,10
r_bcc5f8d37aa2,Reddit_Commento,11
r_1af2775b153a,Reddit_Commento,7
r_c6481c3b30f8,Reddit_Commento,2
r_6b7eb0a1e4cc,Reddit_Commento,3
r_6b918570630c,Reddit_Commento,10
r_0932abaffbd8,Reddit_Commento,11
r_0a89aa47c966,Reddit_Commento,13
r_76b5af9eae35,Reddit_Commento,7
r_3981401b7d2a,Reddit_Commento,5
r_ddc392ef7df6,Reddit_Commento,12
r_24e6142cd7df,Reddit_Commento,5
r_b507ad70cfc9,Reddit_Commento,11
r_9215fa05ff36,Reddit_Commento,3
r_af99a7177153,Reddit_Commento,13
r_8c73b870e805,Reddit_Commento,11
r_e51edb9cbb3b,Reddit_Commento,14
r_c90a1fd582b5,Reddit_Commento,13
r_9512f5770357,Reddit_Commento,11
r_a6b3a47ba840,Reddit_Commento,8
r_c20e06ce54b4,Reddit_Commento,11
r_123c363c902a,Reddit_Commento,7
r_0fe1ad50bc0e,Reddit_Commento,11
r_b4c44d246f78,Reddit_Commento,10
r_022253dbd4c1,Reddit_Commento,9
r_129b9f57a5cf,Reddit_Commento,11
r_471d6df3e641,Reddit_Commento,10
r_7d389a0a3aa3,Reddit_Commento,11
r_65a53214154e,Reddit_Commento,11
r_9b87854e49ea,Reddit_Commento,11
r_c23445fa8cab,Reddit_Commento,5
r_f881d1dfc45a,Reddit_Commento,10
r_1ffcfc9c18e5,Reddit_Commento,11
r_25948ce5dcc7,Reddit_Commento,12
r_34acaf45eeb3,Reddit_Commento,2
r_5433e080c77f,Reddit_Commento,8
r_6f3d04372a31,Reddit_Commento,8
r_2f42a240a908,Reddit_Commento,11
r_740b7e05a9c0,Reddit_Commento,12
r_b911cba56e22,Reddit_Commento,2
r_2dfbad7e1f18,Reddit_Commento,10
r_36061f94317c,Reddit_Commento,12
r_50c8b0e784d2,Reddit_Commento,13
r_8eba279fce1b,Reddit_Commento,5
r_4b944cc35312,Reddit_Commento,7
r_becff468952f,Reddit_Commento,11
r_58260e74986c,Reddit_Commento,11
r_1053f2ed1042,Reddit_Commento,11
r_c69ff21a7189,Reddit_Commento,11
r_284287a801db,Reddit_Commento,11
r_e667fc1609a9,Reddit_Commento,11
r_2bd8ea5e5e86,Reddit_Commento,11
r_acc34f83429b,Reddit_Commento,2
r_c02db82db2a2,Reddit_Commento,8
r_4bb763cb0250,Reddit_Commento,12
r_5e51da1a73a3,Reddit_Commento,13
r_ceb10af2319d,Reddit_Commento,11
r_a48346e5b8df,Reddit_Commento,11
r_eed520d9fe42,Reddit_Commento,11
r_842ab98adf3b,Reddit_Commento,2
r_7771c777aa60,Reddit_Commento,2
r_32480e80c2e3,Reddit_Commento,11
r_2f87f7b01093,Reddit_Commento,10
r_e71bb6b706c4,Reddit_Commento,11
r_ceddfa31c1de,Reddit_Commento,3
r_8d192e63659e,Reddit_Commento,13
r_006782b24703,Reddit_Commento,9
r_f55475e9eecb,Reddit_Commento,5
r_f0082b90dcdb,Reddit_Commento,13
r_833a86492ba1,Reddit_Commento,11
r_a2801658f6bd,Reddit_Commento,10
r_4620f67a245c,Reddit_Commento,13
r_d17361a24642,Reddit_Commento,10
r_50fd10b57b1b,Reddit_Commento,14
r_d24eaca4c764,Reddit_Commento,3
r_c7515f147a2d,Reddit_Commento,11
r_ecbabc734d95,Reddit_Commento,5
r_e0faadca1701,Reddit_Commento,11
r_cc3016be7a3d,Reddit_Commento,11
r_48d02e8bf3f0,Reddit_Commento,11
r_88519b35bfe5,Reddit_Commento,11
r_32646c4d26b0,Reddit_Commento,11
r_2f9a83e5a011,Reddit_Commento,2
r_5c75805f3939,Reddit_Commento,3
r_524f257e8516,Reddit_Commento,11
r_b855bff3f740,Reddit_Commento,10
r_00c450e3a218,Reddit_Commento,10
r_2a56d7dabd51,Reddit_Commento,11
r_4fb328fd1774,Reddit_Commento,11
r_43139b14180d,Reddit_Commento,11
r_1f102afca4b6,Reddit_Commento,10
r_a491a72120cd,Reddit_Commento,13
r_1195fb012b4a,Reddit_Commento,3
r_9c9163ac8d24,Reddit_Commento,13
r_c759c70e1c64,Reddit_Commento,3
r_09980b81347f,Reddit_Commento,13
r_57e1e2b3c9a3,Reddit_Commento,11
r_64a9fb9c860f,Reddit_Commento,14
r_514fb4786d89,Reddit_Commento,13
r_a75e6dfe20c3,Reddit_Commento,3
r_2b37f2ded772,Reddit_Commento,13
r_09da794146b6,Reddit_Commento,6
r_76a35e712848,Reddit_Commento,14
r_0338b4266a48,Reddit_Commento,13
r_25aa36ab215e,Reddit_Commento,13
r_085b262ab801,Reddit_Commento,11
r_e5ddb04875bc,Reddit_Commento,5
r_e95551269fcf,Reddit_Commento,11
r_b8bc28e0e049,Reddit_Commento,11
r_461e19232477,Reddit_Commento,2
r_a47188d06c48,Reddit_Commento,11
r_9c37b1c721b6,Reddit_Commento,13
r_a7ac14df39ac,Reddit_Commento,10
r_b2cd9e78fd06,Reddit_Commento,11
r_3c958ecaf23b,Reddit_Commento,14
r_1be5fecf4cbe,Reddit_Commento,3
r_564c96966343,Reddit_Commento,8
r_e2826315a07a,Reddit_Commento,8
r_3ec070f29925,Reddit_Commento,5
r_40ffcc5ea31d,Reddit_Commento,2
r_7fe8da8d11dd,Reddit_Commento,14
r_384db964f2df,Reddit_Commento,1
r_1c98b9ceb8c5,Reddit_Commento,2
r_43982181c609,Reddit_Commento,11
r_ec6563588cb8,Reddit_Commento,0
r_aefdf4e254d9,Reddit_Commento,3
r_283aff3cf8c9,Reddit_Commento,11
r_a0e5fc32784a,Reddit_Commento,11
r_2ffd525d3ad6,Reddit_Commento,6
r_fda59ccb3268,Reddit_Commento,11
r_949d447c4899,Reddit_Commento,12
r_a0118c319c61,Reddit_Commento,13
r_da28e0f565ca,Reddit_Commento,2
r_03afaa6b21d7,Reddit_Commento,13
r_efbbec71dae1,Reddit_Commento,7
r_29f26db6a8fd,Reddit_Commento,11
r_d4a8b9bc7624,Reddit_Commento,6
r_f9b6fa689a47,Reddit_Commento,11
r_b4755fcee29f,Reddit_Commento,8
r_071054259cad,Reddit_Commento,11
r_05828b12c409,Reddit_Commento,11
r_336f67eeb554,Reddit_Commento,12
r_764a738d57c0,Reddit_Commento,8
r_8e2edd42b1b7,Reddit_Commento,11
r_48d44eda241a,Reddit_Commento,11
r_ab28770e2b71,Reddit_Commento,0
r_f7fc89cae88d,Reddit_Commento,11
r_65e3af1f7315,Reddit_Commento,13
r_fe2803e77118,Reddit_Commento,12
r_d1065f393156,Reddit_Commento,6
r_d2d2992faa0d,Reddit_Commento,4
r_421fbf3a632b,Reddit_Commento,7
r_963c25ac355e,Reddit_Commento,10
r_bbc7cf39dd36,Reddit_Commento,8
r_61a9c3148ea3,Reddit_Commento,3
r_6c0ce023c091,Reddit_Commento,8
r_67f5229b1c49,Reddit_Commento,0
r_5a851d8ce042,Reddit_Commento,6
r_efbdabc46f6a,Reddit_Commento,14
r_dad11758c0cc,Reddit_Commento,11
r_5f2ad886a141,Reddit_Commento,11
r_72648c515d60,Reddit_Commento,11
r_b5a178abd15f,Reddit_Commento,5
r_bb5b274006f2,Reddit_Commento,11
r_287763207a39,Reddit_Commento,13
r_f977cba32252,Reddit_Commento,12
r_3f229e871a2e,Reddit_Commento,7
r_168bdadeeba0,Reddit_Commento,11
r_5f9479a995e7,Reddit_Commento,7
r_ac65f591ea7c,Reddit_Commento,12
r_fb6d41cd7861,Reddit_Commento,11
r_2b467154e5a5,Reddit_Commento,11
r_5726e26dc4a4,Reddit_Commento,5
r_d6046e540a92,Reddit_Commento,14
r_cef6b7b8dd36,Reddit_Commento,5
r_4f9a2f009329,Reddit_Commento,11
r_e3c71cf1a01f,Reddit_Commento,6
r_87ab5e6c3eb1,Reddit_Commento,10
r_856673c5473c,Reddit_Commento,2
r_ac0fb87f251e,Reddit_Commento,3
r_be215024f2ef,Reddit_Commento,11
r_a1ada38ca9c4,Reddit_Commento,7
r_b82838dfcf5b,Reddit_Commento,11
r_4e370067aa7e,Reddit_Commento,13
r_e211ddb6ff11,Reddit_Commento,11
r_06322f27483c,Reddit_Commento,12
r_cd363f3f24e3,Reddit_Commento,5
r_158bdcb1e7d2,Reddit_Commento,1
r_987a5a5d7c10,Reddit_Commento,11
r_ff48cdbd681c,Reddit_Commento,11
r_6abe9fffc6c6,Reddit_Commento,11
r_897ec7b5d0d8,Reddit_Commento,11
r_6a4963d566c8,Reddit_Commento,11
r_353fb3ecd52b,Reddit_Commento,0
r_664819db835a,Reddit_Commento,10
r_8a7314d014c6,Reddit_Commento,4
r_861fa813c694,Reddit_Commento,1
r_e8e98bf4fbc2,Reddit_Commento,13
r_3c77d4617f61,Reddit_Commento,11
r_35de1a85b54d,Reddit_Commento,11
r_59f8c4624370,Reddit_Commento,1
r_137506e8b00e,Reddit_Commento,11
r_c90b6bb1c146,Reddit_Commento,11
r_f23b52bac71c,Reddit_Commento,2
r_457e1c212395,Reddit_Commento,11
r_52e09092ad79,Reddit_Commento,11
r_22cbd5ab0401,Reddit_Commento,2
r_27b1d8d10656,Reddit_Commento,13
r_f117e0bf8520,Reddit_Commento,10
r_a5d0c37d7f4c,Reddit_Commento,11
r_ac3d7198118d,Reddit_Commento,11
r_be6c84554a72,Reddit_Commento,5
r_7da3037cd9a1,Reddit_Commento,2
r_c62090bded32,Reddit_Commento,11
r_c29da85d4c90,Reddit_Commento,7
r_340c1d67dd09,Reddit_Commento,4
r_8c5ad5228788,Reddit_Commento,11
r_b7afdd8e1775,Reddit_Commento,11
r_db72209c0a26,Reddit_Commento,4
r_13668cd15a5b,Reddit_Commento,13
r_5446f59becca,Reddit_Commento,11
r_ceaeba00cf92,Reddit_Commento,11
r_138de99ff57c,Reddit_Commento,11
r_59688dab44b5,Reddit_Commento,11
r_add3377dab2d,Reddit_Commento,11
r_167d12dc6f10,Reddit_Commento,11
r_cbf9405d2150,Reddit_Commento,11
r_5fc18f31ad53,Reddit_Commento,11
r_50878619e03c,Reddit_Commento,14
r_f2ed5937df7c,Reddit_Commento,11
r_47ae02f93c88,Reddit_Commento,5
r_734dc4953ce0,Reddit_Commento,5
r_41ce8d7fc12c,Reddit_Commento,0
r_439991ddec77,Reddit_Commento,7
r_ee0b4f3bd226,Reddit_Commento,13
r_02361e002cce,Reddit_Commento,10
r_965ae362715a,Reddit_Commento,11
r_cb1cfab57294,Reddit_Commento,10
r_aaf5835c4b54,Reddit_Commento,10
r_a37163033d41,Reddit_Commento,13
r_27ed1eb48682,Reddit_Commento,11
r_4bf5ce853fe1,Reddit_Commento,10
r_85743176008a,Reddit_Commento,11
r_f70628eaecd2,Reddit_Commento,11
r_fbb564b83362,Reddit_Commento,2
r_77748cf47a49,Reddit_Commento,13
r_11d9e23f14aa,Reddit_Commento,11
r_7e997bd6b911,Reddit_Commento,6
r_5eb49223d895,Reddit_Commento,11
r_a207de5e97d7,Reddit_Commento,3
r_24e9b858cfa9,Reddit_Commento,11
r_de857f4545e3,Reddit_Commento,11
r_9ab66597d57b,Reddit_Commento,2
r_bc284fe23f6a,Reddit_Commento,5
r_f0b0c362572d,Reddit_Commento,13
r_9d494d587c60,Reddit_Commento,13
r_9af7fa9e0940,Reddit_Commento,11
r_7697678b72ee,Reddit_Commento,8
r_50808a3550bf,Reddit_Commento,13
r_705fc4469016,Reddit_Commento,12
r_67a61d15695a,Reddit_Commento,11
r_24812140632a,Reddit_Commento,5
r_c2be42041cdc,Reddit_Commento,2
r_9ab3b36318cd,Reddit_Commento,11
r_1b8619d8b2cf,Reddit_Commento,12
r_debff5814341,Reddit_Commento,12
r_2416eeca3405,Reddit_Commento,11
r_f404d5d62d6f,Reddit_Commento,3
r_115422f1ecf2,Reddit_Commento,8
r_5bc8b3788810,Reddit_Commento,11
r_ba54fe851a6b,Reddit_Commento,13
r_0d65093fc4fe,Reddit_Commento,12
r_7caebfd2616d,Reddit_Commento,3
r_70889a2e1a4d,Reddit_Commento,11
r_ff412cff7720,Reddit_Commento,11
r_9f405cf9bb4b,Reddit_Commento,11
r_22251d6e38ae,Reddit_Commento,11
r_6542303d4481,Reddit_Commento,10
r_53394a124557,Reddit_Commento,10
r_e64218ff15c2,Reddit_Commento,11
r_5b86df05f28b,Reddit_Commento,11
r_a4df222ea218,Reddit_Commento,11
r_0992cede976b,Reddit_Commento,12
r_b18aac217bbd,Reddit_Commento,11
r_6928a1afbc7b,Reddit_Commento,2
r_29766adc0c91,Reddit_Commento,11
r_01e34ec1c217,Reddit_Commento,11
r_1b86992e6531,Reddit_Commento,11
r_07766b0b813f,Reddit_Commento,11
r_25f7c26b3245,Reddit_Commento,13
r_5b9c3d7c5039,Reddit_Commento,2
r_c9dc0fe67516,Reddit_Commento,14
r_b09dff16309d,Reddit_Commento,11
r_cc7d9fd8cca1,Reddit_Commento,13
r_97a517596eb2,Reddit_Commento,4
r_1ae7c238d5d2,Reddit_Commento,2
r_f0c71296c07c,Reddit_Commento,11
r_23dafcf9bc6b,Reddit_Commento,11
r_692aecfc14e9,Reddit_Commento,2
r_6d4b75e98035,Reddit_Commento,11
r_623dab8dd63f,Reddit_Commento,2
r_f260a1b664bc,Reddit_Commento,11
r_2a951ae76d9c,Reddit_Commento,11
r_8f10d5c787d2,Reddit_Commento,5
r_a99ab790d864,Reddit_Commento,5
r_159806f24529,Reddit_Commento,10
r_cc1711c8e0eb,Reddit_Commento,10
r_1cd681ffd7f8,Reddit_Commento,11
r_b2386221ac67,Reddit_Commento,14
r_8265c47b4126,Reddit_Commento,2
r_1f6d90f802ea,Reddit_Commento,2
r_fde525c2dd09,Reddit_Commento,11
r_43d280e52fbb,Reddit_Commento,11
r_6fc8f9a3d21e,Reddit_Commento,13
r_ea6d65504b36,Reddit_Commento,10
r_8192978a90ec,Reddit_Commento,11
r_ebfefec7c4ed,Reddit_Commento,10
r_d6c7132fb719,Reddit_Commento,4
r_aaf7020f1205,Reddit_Commento,3
r_8d70e552a9c6,Reddit_Commento,11
r_2a58bc13eca2,Reddit_Commento,3
r_cfed23659bfd,Reddit_Commento,11
r_723495e81186,Reddit_Commento,11
r_c835bcf35d9d,Reddit_Commento,4
r_eb4b126eec9b,Reddit_Commento,13
r_aa5ef5565f08,Reddit_Commento,11
r_17f3a57b4b1b,Reddit_Commento,10
r_d628ae8fbb8a,Reddit_Commento,6
r_8edad9478fcf,Reddit_Commento,14
r_5880e538b345,Reddit_Commento,5
r_02850132a84f,Reddit_Commento,11
r_a5a78e4a07b3,Reddit_Commento,3
r_1d15257fea2c,Reddit_Commento,11
r_f1453f8e15b6,Reddit_Commento,11
r_86dcded17203,Reddit_Commento,11
r_7df510eef334,Reddit_Commento,8
r_19d872e1be7d,Reddit_Commento,11
r_6dc46a6b4e5d,Reddit_Commento,11
r_ae7368f1bd43,Reddit_Commento,6
r_3a2a9ae3c608,Reddit_Commento,9
r_d6fc790fa601,Reddit_Commento,8
r_a58d28dc8150,Reddit_Commento,2
r_b3dfefa10306,Reddit_Commento,11
r_aad9a91e39ff,Reddit_Commento,11
r_25873fca6d0b,Reddit_Commento,11
r_2e09ad7b2c67,Reddit_Commento,8
r_5372d2d65702,Reddit_Commento,10
r_eb8cd18e6d5d,Reddit_Commento,12
r_7c5e1a8a3fa1,Reddit_Commento,11
r_e2f2f46e7554,Reddit_Commento,10
r_28530c5df198,Reddit_Commento,6
r_67e0d68ae411,Reddit_Commento,11
r_43604ef6211b,Reddit_Commento,8
r_2b4ec71742ad,Reddit_Commento,12
r_a2a049e3eddb,Reddit_Commento,11
r_918d7e843808,Reddit_Commento,13
r_3669e2466839,Reddit_Commento,11
r_c944313ce3af,Reddit_Commento,1
r_7c38f05dac50,Reddit_Commento,11
r_b9d1a1c40b26,Reddit_Commento,10
r_0cd96a706d93,Reddit_Commento,14
r_2bfbb2980829,Reddit_Commento,11
r_38e0f9d5aa70,Reddit_Commento,11
r_301f22814b5e,Reddit_Commento,11
r_ae1666162d64,Reddit_Commento,5
r_eeb6ba772e99,Reddit_Commento,11
r_a3df77511dc3,Reddit_Commento,5
r_a6fd80d5bcaf,Reddit_Commento,13
r_e39bce2b9876,Reddit_Commento,5
r_289b5a12a431,Reddit_Commento,11
r_04f14c723901,Reddit_Commento,10
r_964334bf6375,Reddit_Commento,10
r_b0b05bab9190,Reddit_Commento,6
r_688454248f09,Reddit_Commento,13
r_6d4e91b0e8fb,Reddit_Commento,13
r_c53a3d7a662e,Reddit_Commento,11
r_abfed78b5040,Reddit_Commento,11
r_54d77b8cc445,Reddit_Commento,10
r_f260f1d18f9a,Reddit_Commento,3
r_454bf987d8a7,Reddit_Commento,14
r_f92fc3e80751,Reddit_Commento,11
r_03654804a5da,Reddit_Commento,13
r_e9e72deff88f,Reddit_Commento,10
r_299be47ac483,Reddit_Commento,11
r_8a413e85740f,Reddit_Commento,6
r_51f135126f18,Reddit_Commento,13
r_2a304e9ed1cb,Reddit_Commento,11
r_9d799a29e3b4,Reddit_Commento,11
r_79d177c2599c,Reddit_Commento,9
r_9956cf524269,Reddit_Commento,11
r_7d1dcb05beff,Reddit_Commento,11
r_93e16cfd6099,Reddit_Commento,11
r_c0218e6263bf,Reddit_Commento,11
r_56fa3e256169,Reddit_Commento,11
r_22f91cca8832,Reddit_Commento,12
r_3a84e1a5601c,Reddit_Commento,12
r_9b70bcea5763,Reddit_Commento,3
r_9e59ac7a7bb1,Reddit_Commento,9
r_1ad8440452f0,Reddit_Commento,6
r_5de95ae7b899,Reddit_Commento,11
r_a803d6418326,Reddit_Commento,2
r_7063e88b4991,Reddit_Commento,3
r_bc76a0339c8c,Reddit_Commento,11
r_b1203ce07e9e,Reddit_Commento,2
r_dcebd7380c5f,Reddit_Commento,0
r_299d0b7a4eb1,Reddit_Commento,11
r_84ad12df58ad,Reddit_Commento,11
r_af1e14abf8a8,Reddit_Commento,11
r_78cf71b7bbf6,Reddit_Commento,13
r_e28aa369e518,Reddit_Commento,11
r_6c607caa9166,Reddit_Commento,5
r_685703f970d6,Reddit_Commento,13
r_1b10ede7589d,Reddit_Commento,11
r_04dd7086d59b,Reddit_Commento,8
r_9e184cd7ded1,Reddit_Commento,12
r_77b24ff4f7f6,Reddit_Commento,7
r_db7b4a434405,Reddit_Commento,11
r_abc06668769a,Reddit_Commento,11
r_aa2a187b2f3d,Reddit_Commento,11
r_32fad9aa30d2,Reddit_Commento,13
r_ee0d5f61e2f3,Reddit_Commento,11
r_56c749b54af1,Reddit_Commento,6
r_7871f3f9b131,Reddit_Commento,11
r_d714a1c1fcc5,Reddit_Commento,3
r_8c3ae5a3835c,Reddit_Commento,11
r_1b4d7af6acde,Reddit_Commento,11
r_d12416a89ec3,Reddit_Commento,11
r_dfb301eddd74,Reddit_Commento,14
r_8dcc8bf6d0fa,Reddit_Commento,11
r_67262759aa2c,Reddit_Commento,11
r_9eff0a1814f2,Reddit_Commento,11
r_9c8d87f23601,Reddit_Commento,0
r_7d1e04e43ce6,Reddit_Commento,10
r_0fb33379d688,Reddit_Commento,2
r_d50bf9b61c46,Reddit_Commento,10
r_0252b1c27b0c,Reddit_Commento,13
r_916d68024cb8,Reddit_Commento,11
r_c2534c06a60f,Reddit_Commento,2
r_fa597809c786,Reddit_Commento,11
r_f8c4903f3923,Reddit_Commento,2
r_b03d37537e37,Reddit_Commento,13
r_7af5b0299593,Reddit_Commento,13
r_84ce456c1627,Reddit_Commento,11
r_54b4fd54a659,Reddit_Commento,11
r_5412608c3fba,Reddit_Commento,2
r_5fc37507d095,Reddit_Commento,8
r_b55679f6c16b,Reddit_Commento,11
r_6812c1b5db79,Reddit_Commento,10
r_1f2063767422,Reddit_Commento,2
r_22ded41b4eee,Reddit_Commento,2
r_cbaa25b35051,Reddit_Commento,9
r_c9939d709a0f,Reddit_Commento,11
r_421964d8e270,Reddit_Commento,12
r_fe4490f48542,Reddit_Commento,9
r_ff4167d83e0e,Reddit_Commento,2
r_ba3748729a0d,Reddit_Commento,14
r_53b408639d01,Reddit_Commento,9
r_068fd2ad7736,Reddit_Commento,11
r_bf4937bdf5d5,Reddit_Commento,8
r_54651b9691f5,Reddit_Commento,11
r_779184d9970a,Reddit_Commento,11
r_78683fc72c6b,Reddit_Commento,13
r_729ce9c28805,Reddit_Commento,14
r_980af9da6f1c,Reddit_Commento,11
r_ebf6b1bd5c0a,Reddit_Commento,0
r_5d71f004ee88,Reddit_Commento,2
r_fc5c90655a57,Reddit_Commento,11
r_ab4ab33ffd9d,Reddit_Commento,11
r_ad6368c29eca,Reddit_Commento,11
r_f2c5e9ac3d59,Reddit_Commento,11
r_040ae2277302,Reddit_Commento,11
r_723b90becf89,Reddit_Commento,6
r_63f78ae26227,Reddit_Commento,10
r_47822e0e1f22,Reddit_Commento,3
r_fcefa5450fcf,Reddit_Commento,13
r_47b6c104500c,Reddit_Commento,11
r_20e1bf9eb09d,Reddit_Commento,11
r_2e6953546304,Reddit_Commento,6
r_003b01c6c18d,Reddit_Commento,11
r_77c10bfa7270,Reddit_Commento,11
r_1b7cfd06f718,Reddit_Commento,11
r_3d86a0ade9e1,Reddit_Commento,2
r_72546688ac77,Reddit_Commento,11
r_8005b01d54ab,Reddit_Commento,13
r_623dbd7f150f,Reddit_Commento,5
r_e29061467e1f,Reddit_Commento,2
r_d9fb30fee966,Reddit_Commento,11
r_ff489c552d64,Reddit_Commento,11
r_65c8fa38d7d0,Reddit_Commento,14
r_3932cf8fb6a7,Reddit_Commento,12
r_6a5fa5291314,Reddit_Commento,13
r_271fc6c4984e,Reddit_Commento,7
r_33e10663866e,Reddit_Commento,5
r_995e27530c06,Reddit_Commento,7
r_67429b35288a,Reddit_Commento,11
r_fe2c625b110e,Reddit_Commento,5
r_f1e30bee0dd1,Reddit_Commento,11
r_79863d5b1162,Reddit_Commento,11
r_e135e60fd072,Reddit_Commento,2
r_e285b9639c52,Reddit_Commento,11
r_075fd2cf806f,Reddit_Commento,11
r_324d79153b50,Reddit_Commento,11
r_f4139c0a8fd4,Reddit_Commento,5
r_661efed4a637,Reddit_Commento,13
r_a5ebba54ca52,Reddit_Commento,11
r_4b0131792b7f,Reddit_Commento,3
r_4d83ec3f5306,Reddit_Commento,10
r_3dd9af715e37,Reddit_Commento,11
r_4b844b19eb46,Reddit_Commento,11
r_e4ec8e51dbe4,Reddit_Commento,13
r_7d2a0e2fb80a,Reddit_Commento,13
r_0dbf430f3bac,Reddit_Commento,2
r_f6bce56c5f31,Reddit_Commento,13
r_10b27e70160d,Reddit_Commento,12
r_f69468a04862,Reddit_Commento,11
r_6d6e29e9db39,Reddit_Commento,1
r_1b10ab4be4b2,Reddit_Commento,11
r_c0272beb98c5,Reddit_Commento,10
r_dc0f56169852,Reddit_Commento,11
r_1e5b6744b78e,Reddit_Commento,12
r_b9d21286f901,Reddit_Commento,1
r_9756f0191d4f,Reddit_Commento,11
r_486f78ef15e3,Reddit_Commento,2
r_bdd5137329e8,Reddit_Commento,10
r_3c621d56db43,Reddit_Commento,3
r_6154cdc11b38,Reddit_Commento,11
r_5b78475343dc,Reddit_Commento,11
r_f52de417d35a,Reddit_Commento,11
r_a299f4fde1d3,Reddit_Commento,11
r_49acd559eb0c,Reddit_Commento,11
r_ab42776e6ea9,Reddit_Commento,6
r_75d616e387d2,Reddit_Commento,12
r_562c92734ee4,Reddit_Commento,11
r_24ad3b132ce7,Reddit_Commento,13
r_037c00a8d63a,Reddit_Commento,11
r_fde46bebf5ca,Reddit_Commento,11
r_47f40bfd38fe,Reddit_Commento,13
r_69eb3a928d66,Reddit_Commento,2
r_e05facf29e68,Reddit_Commento,11
r_a77aff038aec,Reddit_Commento,10
r_b8f1c244d54b,Reddit_Commento,11
r_acce962a5f03,Reddit_Commento,13
r_8ad2d7bf4bd1,Reddit_Commento,11
r_68695d94c8da,Reddit_Commento,11
r_aa80e088647e,Reddit_Commento,5
r_141f674b134c,Reddit_Commento,11
r_d5b35661ba21,Reddit_Commento,5
r_c7cc4f0c5527,Reddit_Commento,11
r_749810e4fb90,Reddit_Commento,5
r_09bd9d2ee071,Reddit_Commento,13
r_500d9bd28470,Reddit_Commento,11
r_33b55f77943e,Reddit_Commento,12
r_6b663ba5432d,Reddit_Commento,10
r_6a06fdcbc860,Reddit_Commento,3
r_567d9f438167,Reddit_Commento,5
r_94defce7a3cc,Reddit_Commento,12
r_e536b235b425,Reddit_Commento,2
r_3d5bbee3d6eb,Reddit_Commento,2
r_5b2a37bdf4e6,Reddit_Commento,11
r_b42b060b2cf0,Reddit_Commento,11
r_7761d78411ec,Reddit_Commento,11
r_9ad3101ee0b7,Reddit_Commento,3
r_b1d3ec0c4de6,Reddit_Commento,13
r_1c2f6bafbd92,Reddit_Commento,14
r_8cc8533771f6,Reddit_Commento,12
r_0833416a7501,Reddit_Commento,11
r_a003f5a1b9ee,Reddit_Commento,11
r_12401d73af0a,Reddit_Commento,12
r_63eb9964443e,Reddit_Commento,11
r_5b419ce2aff6,Reddit_Commento,11
r_41aaffbf3de6,Reddit_Commento,11
r_08898f2993e6,Reddit_Commento,11
r_d8e17233299e,Reddit_Commento,6
r_463686cd84fb,Reddit_Commento,11
r_c31223882c83,Reddit_Commento,13
r_515083da1b02,Reddit_Commento,12
r_cb8d4601c75f,Reddit_Commento,11
r_58921d0fa431,Reddit_Commento,11
r_e8aa6386bef6,Reddit_Commento,10
r_2dd788c05545,Reddit_Commento,13
r_59e91dda6691,Reddit_Commento,13
r_e28f139f3436,Reddit_Commento,11
r_8ab581a08daa,Reddit_Commento,6
r_342f33d15820,Reddit_Commento,11
r_6fa52b2420aa,Reddit_Commento,11
r_4f84f0f4a711,Reddit_Commento,11
r_f79cb94739d2,Reddit_Commento,12
r_153b3f69b5c3,Reddit_Commento,11
r_83943b539ac4,Reddit_Commento,11
r_41d2159edbcd,Reddit_Commento,8
r_a4481a86aab8,Reddit_Commento,10
r_f696c0efc90d,Reddit_Commento,11
r_7505fecce8a9,Reddit_Commento,11
r_4f431109366a,Reddit_Commento,11
r_03e5cc253709,Reddit_Commento,10
r_a6511175a058,Reddit_Commento,13
r_bcd30a650a8e,Reddit_Commento,6
r_fccde949191d,Reddit_Commento,11
r_9c877ed3122c,Reddit_Commento,11
r_d2e62f7e71b8,Reddit_Commento,12
r_21c31570289a,Reddit_Commento,11
r_92afabc90beb,Reddit_Commento,10
r_211dd70fb994,Reddit_Commento,12
r_e393bf682d08,Reddit_Commento,2
r_9d0ad4c534d3,Reddit_Commento,11
r_6ce06cf1b31f,Reddit_Commento,10
r_43c127a5ee8a,Reddit_Commento,14
r_0a8e7df6b405,Reddit_Commento,11
r_3293b1357f1e,Reddit_Commento,13
r_9293d8982200,Reddit_Commento,1
r_0aecd72fc384,Reddit_Commento,11
r_4d30f3e7d159,Reddit_Commento,8
r_55ca8b457f3e,Reddit_Commento,5
r_bf2829d71817,Reddit_Commento,1
r_d0ed8015a68a,Reddit_Commento,11
r_ab8552f39a48,Reddit_Commento,11
r_41dc8eec3625,Reddit_Commento,11
r_9a271fc3fee7,Reddit_Commento,5
r_4fde3051ca04,Reddit_Commento,7
r_23c2c6a48033,Reddit_Commento,13
r_6b4b061a797f,Reddit_Commento,3
r_1ef578fd11f0,Reddit_Commento,12
r_144c11fec726,Reddit_Commento,13
r_c26850e68338,Reddit_Commento,14
r_f0196663d293,Reddit_Commento,11
r_c905749561e5,Reddit_Commento,12
r_5b95a39cc6d7,Reddit_Commento,1
r_a81af3ec36d7,Reddit_Commento,2
r_acc4d6bfab80,Reddit_Commento,1
r_8a55ffda99a5,Reddit_Commento,8
r_6f6a5e471936,Reddit_Commento,3
r_45ffd3421bd5,Reddit_Commento,11
r_0997d7564fe8,Reddit_Commento,11
r_c0e8f79f461f,Reddit_Commento,13
r_3955a49b7f9e,Reddit_Commento,11
r_36d8d0fb6899,Reddit_Commento,13
r_0cb1b4aca4e4,Reddit_Commento,11
r_4ce5d126febf,Reddit_Commento,11
r_cf42fdea9ca9,Reddit_Commento,11
r_eabb73da7aa5,Reddit_Commento,10
r_91e1e1927b5d,Reddit_Commento,11
r_793bad39dc94,Reddit_Commento,1
r_86d7c845c9d9,Reddit_Commento,11
r_1351ef28ef66,Reddit_Commento,11
r_32a33be4d027,Reddit_Commento,13
r_a648e0622172,Reddit_Commento,12
r_a96834d4fa13,Reddit_Commento,6
r_ddc07ac9710e,Reddit_Commento,12
r_9b699e85082b,Reddit_Commento,9
r_59669b39d35b,Reddit_Commento,11
r_df56fd65cdf7,Reddit_Commento,7
r_4d555d7ef7c6,Reddit_Commento,12
r_8b640f992343,Reddit_Commento,12
r_c79c9d93da67,Reddit_Commento,11
r_ffda0facb188,Reddit_Commento,11
r_e6adccccc7e8,Reddit_Commento,10
r_291cdbce75db,Reddit_Commento,9
r_f886b54021bd,Reddit_Commento,1
r_5711c4802cb0,Reddit_Commento,12
r_3a342c9abffe,Reddit_Commento,11
r_5be6cb61bf4f,Reddit_Commento,13
r_bee651ea68e6,Reddit_Commento,12
r_389e8260501b,Reddit_Commento,2
r_c4f15dc3be9f,Reddit_Commento,14
r_5a52a611cb97,Reddit_Commento,1
r_7efd74ccb7dc,Reddit_Commento,11
r_104d73bb4767,Reddit_Commento,11
r_071e27ea29fd,Reddit_Commento,11
r_939213249d39,Reddit_Commento,13
r_b54e72e8f97e,Reddit_Commento,4
r_a7bf2e239710,Reddit_Commento,11
r_9131933b8f6c,Reddit_Commento,12
r_0ea5bcfcf67f,Reddit_Commento,11
r_183c96883c66,Reddit_Commento,11
r_7e3a7f2ff2c8,Reddit_Commento,11
r_deade59b8004,Reddit_Commento,13
r_70a93876aa71,Reddit_Commento,13
r_bed68fbfdc3b,Reddit_Commento,11
r_8af31ebd7dab,Reddit_Commento,11
r_2fcb947e9c73,Reddit_Commento,2
r_3d8159aacc2d,Reddit_Commento,11
r_e1548934cd13,Reddit_Commento,12
r_ea6294276ce2,Reddit_Commento,12
r_ae636537f9bc,Reddit_Commento,3
r_2705251c4a13,Reddit_Commento,0
r_395d48647f17,Reddit_Commento,11
r_4911dc2e22aa,Reddit_Commento,6
r_7a1392a808b8,Reddit_Commento,0
r_a7d1ed3fb236,Reddit_Commento,11
r_037384b83369,Reddit_Commento,2
r_bbbf0aaa8448,Reddit_Commento,1
r_ecb28648464a,Reddit_Commento,2
r_0f87790f98a4,Reddit_Commento,3
r_ec08b87741b9,Reddit_Commento,0
r_8e2c5f952dc9,Reddit_Commento,11
r_5020f3cbac8c,Reddit_Commento,11
r_b9423342a959,Reddit_Commento,11
r_465f5dce9c23,Reddit_Commento,5
r_77c97080f444,Reddit_Commento,11
r_5904a711d767,Reddit_Commento,11
r_aa4467c16e40,Reddit_Commento,10
r_d57920ece7f0,Reddit_Commento,12
r_5fe7568c85e6,Reddit_Commento,11
r_fb9bed985e5b,Reddit_Commento,6
r_643a3f0343e6,Reddit_Commento,11
r_f56a4987e94a,Reddit_Commento,6
r_15eb77a9b14e,Reddit_Commento,14
r_e338241e0311,Reddit_Commento,6
r_a276299c666b,Reddit_Commento,12
r_d39e37fe53a4,Reddit_Commento,6
r_35b85760927a,Reddit_Commento,11
r_6836df1188fe,Reddit_Commento,13
r_b402b9d8fbd2,Reddit_Commento,11
r_fec2ff8c5ae9,Reddit_Commento,11
r_675c5139aa59,Reddit_Commento,11
r_4e7e745399a2,Reddit_Commento,10
r_a26c14d2ff49,Reddit_Commento,8
r_33952e43724b,Reddit_Commento,8
r_91796dc971d0,Reddit_Commento,11
r_14f419d8753b,Reddit_Commento,13
r_2c86e33057d1,Reddit_Commento,10
r_93ad2be1007d,Reddit_Commento,12
r_3a6745bbc0aa,Reddit_Commento,1
r_b67e3e190840,Reddit_Commento,10
r_2f1826c2c47e,Reddit_Commento,7
r_f3c1bf6fbdbe,Reddit_Commento,13
r_7e0306369ee1,Reddit_Commento,11
r_e3ad9a682063,Reddit_Commento,11
r_880658107f3d,Reddit_Commento,13
r_333961e6bfb1,Reddit_Commento,11
r_7d3dd8f7aa59,Reddit_Commento,1
r_7b2152c22b6f,Reddit_Commento,11
r_f69f41c5e403,Reddit_Commento,13
r_17fb20167688,Reddit_Commento,0
r_80ac2f95b7c7,Reddit_Commento,11
r_288059711514,Reddit_Commento,11
r_d676e513e97b,Reddit_Commento,13
r_fc1d8278e414,Reddit_Commento,14
r_8b65baa94095,Reddit_Commento,11
r_855e1dc5d918,Reddit_Commento,10
r_c51858ab4d74,Reddit_Commento,5
r_6141aa79b319,Reddit_Commento,13
r_f4746b171ad8,Reddit_Commento,14
r_53daa16925a4,Reddit_Commento,1
r_f6d61ec02c5a,Reddit_Commento,2
r_e391e527aed8,Reddit_Commento,8
r_838f68af0a48,Reddit_Commento,12
r_71053c13170b,Reddit_Commento,8
r_4180361e4fe8,Reddit_Commento,11
r_a831bd085da5,Reddit_Commento,14
r_b08f7825f805,Reddit_Commento,3
r_e4261b4e389a,Reddit_Commento,13
r_e71301d34c0f,Reddit_Commento,3
r_20c983f50f3c,Reddit_Commento,6
r_c65396e090a6,Reddit_Commento,10
r_ad2bc669db99,Reddit_Commento,11
r_bec37fdcf387,Reddit_Commento,11
r_8c6ce22dd4fa,Reddit_Commento,10
r_50ef4ff09760,Reddit_Commento,2
r_82c1866a8de4,Reddit_Commento,2
r_b2bf6a3975d8,Reddit_Commento,1
r_9469cd79382b,Reddit_Commento,11
r_50b428e5a8fe,Reddit_Commento,13
r_1cd239c42dc6,Reddit_Commento,10
r_93df6bb7079f,Reddit_Commento,10
r_2a29bbc3bd67,Reddit_Commento,11
r_c34b0ea38570,Reddit_Commento,10
r_dd85ead7fad6,Reddit_Commento,7
r_75ea5ac631ad,Reddit_Commento,14
r_ffd3c30c2ec2,Reddit_Commento,6
r_9b85ad58edfd,Reddit_Commento,11
r_d19671bdda85,Reddit_Commento,13
r_2d6b8537d411,Reddit_Commento,2
r_8a3f61c67c99,Reddit_Commento,5
r_6b0972ccb31a,Reddit_Commento,0
r_ceb99311af89,Reddit_Commento,0
r_ec5093545492,Reddit_Commento,3
r_22ebb9562924,Reddit_Commento,2
r_0923799b59ae,Reddit_Commento,14
r_8b259f4f375d,Reddit_Commento,11
r_652837a8b833,Reddit_Commento,14
r_86876ffa8511,Reddit_Commento,14
r_9f4c46570f17,Reddit_Commento,6
r_1dc391ed8c72,Reddit_Commento,11
r_4cd5e20d1fe2,Reddit_Commento,14
r_17c736c22ae6,Reddit_Commento,13
r_d373976029a6,Reddit_Commento,3
r_024cc4870cbb,Reddit_Commento,13
r_4bd04d05b635,Reddit_Commento,14
r_1fcde4e5d434,Reddit_Commento,10
r_dd98aef1737d,Reddit_Commento,4
r_c2d34781e621,Reddit_Commento,11
r_3fda31ba2c55,Reddit_Commento,11
r_9b4eab5ae2c8,Reddit_Commento,2
r_e2cf647e1eb5,Reddit_Commento,11
r_3944e5207a76,Reddit_Commento,2
r_427daa996659,Reddit_Commento,13
r_c9ff8be4a88d,Reddit_Commento,11
r_3e0a48840b0b,Reddit_Commento,14
r_2ab613c8d068,Reddit_Commento,10
r_f1e49b506cde,Reddit_Commento,11
r_aaca086a97dc,Reddit_Commento,6
r_d43250e58f3d,Reddit_Commento,10
r_82f258f25166,Reddit_Commento,11
r_ee47f141e163,Reddit_Commento,11
r_8aff3599bf92,Reddit_Commento,11
r_79f26e0fdcdf,Reddit_Commento,12
r_dbe917f2d5be,Reddit_Commento,5
r_e68d58272e86,Reddit_Commento,11
r_44a5dbabc009,Reddit_Commento,3
r_18b5a550b4e6,Reddit_Commento,11
r_8d59991c0c3d,Reddit_Commento,2
r_e2406c4b2d0d,Reddit_Commento,6
r_c341b9a26588,Reddit_Commento,2
r_fbe2347679a9,Reddit_Commento,11
r_c5b3a65d4a3e,Reddit_Commento,10
r_1d77ff4388e8,Reddit_Commento,3
r_0dbccf6d521a,Reddit_Commento,2
r_a992529dbd62,Reddit_Commento,8
r_24a2131a256f,Reddit_Commento,14
r_76a483107134,Reddit_Commento,10
r_40f1e503dde7,Reddit_Commento,10
r_3e3548b97d95,Reddit_Commento,10
r_12a277382fdc,Reddit_Commento,11
r_2b1127ad8862,Reddit_Commento,10
r_8cc78fab9dc8,Reddit_Commento,2
r_949ccc49410f,Reddit_Commento,11
r_db4adafcce39,Reddit_Commento,11
r_44ac0b079133,Reddit_Commento,6
r_8a715501802b,Reddit_Commento,10
r_90a32d26e8ed,Reddit_Commento,11
r_a6a278b04746,Reddit_Commento,0
r_4ea1c3c582c9,Reddit_Commento,5
r_f6799533cba0,Reddit_Commento,6
r_fa77302099c7,Reddit_Commento,5
r_00880da1b6e1,Reddit_Commento,8
r_7d1989d4729b,Reddit_Commento,11
r_640ca86c6d85,Reddit_Commento,10
r_54d4760ca463,Reddit_Commento,3
r_866cd5af0b97,Reddit_Commento,11
r_a94190d2f2af,Reddit_Commento,11
r_857eba58c993,Reddit_Commento,11
r_23d20fd61868,Reddit_Commento,3
r_4f7f8df85def,Reddit_Commento,0
r_810cb11587fe,Reddit_Commento,14
r_dba200b868c5,Reddit_Commento,5
r_b6b81529c015,Reddit_Commento,11
r_4cdb4e07fe5d,Reddit_Commento,11
r_aee206323ff6,Reddit_Commento,3
r_9715262f09aa,Reddit_Commento,10
r_f6ecbce9ea87,Reddit_Commento,3
r_932023a69389,Reddit_Commento,11
r_4650659d2c15,Reddit_Commento,6
r_b1a3392197f0,Reddit_Commento,12
r_270b6c7d8994,Reddit_Commento,11
r_9e5e9afe57d9,Reddit_Commento,13
r_4ba36ba6c8fb,Reddit_Commento,8
r_76b706f62fc1,Reddit_Commento,7
r_b44b34afc9ae,Reddit_Commento,10
r_7278003964b9,Reddit_Commento,11
r_1c0412832cd3,Reddit_Commento,11
r_96012be8f750,Reddit_Commento,5
r_00709877c9b7,Reddit_Commento,11
r_d259d7cea027,Reddit_Commento,11
r_94df8bfd386c,Reddit_Commento,6
r_88528d9a5da6,Reddit_Commento,12
r_cfd4256726eb,Reddit_Commento,13
r_fe129689a6ce,Reddit_Commento,12
r_72b7e99a1f50,Reddit_Commento,10
r_7924f6cea0e9,Reddit_Commento,8
r_3f0ff946d187,Reddit_Commento,11
r_c4ead6d1b4d3,Reddit_Commento,5
r_97b01ea12a60,Reddit_Commento,11
r_6a4b6fc40048,Reddit_Commento,10
r_79be16f556db,Reddit_Commento,1
r_6944a4987fac,Reddit_Commento,2
r_4c9b77ca3dbb,Reddit_Commento,5
r_44d7014c9672,Reddit_Commento,12
r_ab020464ffa7,Reddit_Commento,11
r_8068ac9df941,Reddit_Commento,10
r_eeca1872e82b,Reddit_Commento,13
r_50464514ef56,Reddit_Commento,13
r_caae0004f8db,Reddit_Commento,11
r_85804b52b4c7,Reddit_Commento,6
r_ef08aad82d37,Reddit_Commento,11
r_48180b5cb32b,Reddit_Commento,3
r_661d8e4ec646,Reddit_Commento,2
r_390e6b6d0a09,Reddit_Commento,11
r_eae2e15cefcc,Reddit_Commento,11
r_3af0d3b71032,Reddit_Commento,13
r_a587a757a5ce,Reddit_Commento,11
r_6aaf9615db96,Reddit_Commento,6
r_536ad79144de,Reddit_Commento,11
r_909ee218bd78,Reddit_Commento,1
r_30ca3ed02ee1,Reddit_Commento,2
r_bf288548c33e,Reddit_Commento,12
r_ebd3390b704e,Reddit_Commento,11
r_64712169d877,Reddit_Commento,11
r_7ea99912c14e,Reddit_Commento,12
r_e45266ad9713,Reddit_Commento,11
r_8b65956b868e,Reddit_Commento,11
r_4246149daf61,Reddit_Commento,12
r_99bdf4ec79f2,Reddit_Commento,11
r_b37861331bf8,Reddit_Commento,10
r_69421e89f0c1,Reddit_Commento,11
r_64a5eac2fccd,Reddit_Commento,11
r_565457d1236b,Reddit_Commento,11
r_b567a6d65f21,Reddit_Commento,13
r_1200bbbefde8,Reddit_Commento,11
r_22f2a31fc4f5,Reddit_Commento,11
r_582ec6c6de67,Reddit_Commento,11
r_9bc25b129297,Reddit_Commento,11
r_4740e9532d14,Reddit_Commento,11
r_179d99e7fce5,Reddit_Commento,11
r_b11f518420d0,Reddit_Commento,4
r_9ebc0b559f81,Reddit_Commento,8
r_de7eb357f4ea,Reddit_Commento,10
r_34d0c2153843,Reddit_Commento,2
r_73cb3df88fd7,Reddit_Commento,14
r_17ed7f81b7ba,Reddit_Commento,11
r_4b7335f2e3a8,Reddit_Commento,3
r_50e42b0e0807,Reddit_Commento,11
r_2f0f66395634,Reddit_Commento,12
r_13a3725daf6e,Reddit_Commento,14
r_3062c5bc8ac0,Reddit_Commento,10
r_d0c745ff7a6e,Reddit_Commento,11
r_f2693a5332fb,Reddit_Commento,8
r_bf9b969a9246,Reddit_Commento,11
r_8dfaeb30036f,Reddit_Commento,11
r_9dc36d5f8f37,Reddit_Commento,10
r_6f2b0037524a,Reddit_Commento,11
r_95b0da0861f7,Reddit_Commento,11
r_acb4bfca54f3,Reddit_Commento,2
r_3fc8e44c7738,Reddit_Commento,11
r_a753dbc1c46d,Reddit_Commento,13
r_93b9e1a8e8e8,Reddit_Commento,8
r_cc8c73fadd2e,Reddit_Commento,10
r_fe3e04bfc141,Reddit_Commento,2
r_1625fb29905c,Reddit_Commento,5
r_2da0b9697062,Reddit_Commento,11
r_347d2fb72758,Reddit_Commento,5
r_305fa70cea5c,Reddit_Commento,10
r_6605825743bf,Reddit_Commento,11
r_79ea0e94cbd0,Reddit_Commento,2
r_854bd5a17769,Reddit_Commento,10
r_c15c0a4d0de5,Reddit_Commento,11
r_4ebac5899b06,Reddit_Commento,10
r_191e8ef4db47,Reddit_Commento,2
r_5049badb64a2,Reddit_Commento,11
r_32069e499ace,Reddit_Commento,11
r_40e1a0cc0e35,Reddit_Commento,2
r_252556c5485a,Reddit_Commento,11
r_fbdab894161a,Reddit_Commento,11
r_3b14651e8df8,Reddit_Commento,11
r_8e65d705edb8,Reddit_Commento,11
r_89393250782b,Reddit_Commento,6
r_ce8ed992c121,Reddit_Commento,1
r_4e4f469434a3,Reddit_Commento,11
r_c88dfa0751bf,Reddit_Commento,11
r_6ec6b19912d0,Reddit_Commento,11
r_121ded2a0aab,Reddit_Commento,11
r_590b11d1a658,Reddit_Commento,11
r_dad379ec1a02,Reddit_Commento,11
r_949c89dabe01,Reddit_Commento,3
r_0ce70098a0cd,Reddit_Commento,2
r_478bef92cbc1,Reddit_Commento,11
r_cc78554ec3ae,Reddit_Commento,2
r_d7fef6f683ae,Reddit_Commento,2
r_10c8e8275ad2,Reddit_Commento,11
r_7be80016e1f3,Reddit_Commento,10
r_eca31510c7fe,Reddit_Commento,6
r_ba73f6c609a6,Reddit_Commento,12
r_65cd65a7185c,Reddit_Commento,13
r_c411de53f9e2,Reddit_Commento,5
r_6f5fbac6a4c9,Reddit_Commento,11
r_278edf245e69,Reddit_Commento,8
r_cc7b6cb5e757,Reddit_Commento,5
r_1e66387067d5,Reddit_Commento,10
r_dbdde117c86a,Reddit_Commento,6
r_b978dbdcfcaf,Reddit_Commento,11
r_1e9c0c94fea5,Reddit_Commento,5
r_c2b0e8d887a2,Reddit_Commento,2
r_963d1790862c,Reddit_Commento,13
r_8731a1dc0340,Reddit_Commento,11
r_54aa2c4e3ed7,Reddit_Commento,11
r_b0f702881abb,Reddit_Commento,10
r_3675e686b48c,Reddit_Commento,4
r_030087bf4925,Reddit_Commento,11
r_d0e1204cd9bc,Reddit_Commento,6
r_6bb43897d2f9,Reddit_Commento,11
r_b1e6c0a74f94,Reddit_Commento,11
r_adc6b68496b8,Reddit_Commento,2
r_ae35ebac308c,Reddit_Commento,11
r_02a1dc8fcb13,Reddit_Commento,2
r_615d85363d32,Reddit_Commento,11
r_6b122948b326,Reddit_Commento,1
r_b42f42ac65ca,Reddit_Commento,13
r_b521077da521,Reddit_Commento,5
r_f7a105ad62c9,Reddit_Commento,11
r_3af8b7666152,Reddit_Commento,8
r_d9e5e4700a36,Reddit_Commento,11
r_b09739a04e17,Reddit_Commento,2
r_27a8eedab489,Reddit_Commento,11
r_58b58dbbeeb5,Reddit_Commento,2
r_96d53be510ed,Reddit_Commento,2
r_ce8e61f3610a,Reddit_Commento,3
r_e9512c68039b,Reddit_Commento,6
r_b2d439ca0e58,Reddit_Commento,8
r_3984137c215c,Reddit_Commento,11
r_dcadf327c0ee,Reddit_Commento,14
r_537aad53ddf4,Reddit_Commento,10
r_4c5142eb4588,Reddit_Commento,10
r_52e8d12f1218,Reddit_Commento,11
r_f6add523ca05,Reddit_Commento,11
r_8cfda0aa30ac,Reddit_Commento,10
r_5075075050e7,Reddit_Commento,10
r_8c1ec7c144f4,Reddit_Commento,11
r_2dc0408a406b,Reddit_Commento,14
r_0d907a1aef7d,Reddit_Commento,3
r_53dc14a4aa79,Reddit_Commento,11
r_7f8582e068ef,Reddit_Commento,13
r_889f9fe8eb3e,Reddit_Commento,10
r_a546ad6a152d,Reddit_Commento,11
r_6ed34c735b2f,Reddit_Commento,2
r_5b53530e0862,Reddit_Commento,0
r_ba2510628417,Reddit_Commento,10
r_c9ed13e99988,Reddit_Commento,11
r_098823c80a93,Reddit_Commento,6
r_741f9d68e6dd,Reddit_Commento,11
r_527d53ec3f74,Reddit_Commento,0
r_c5308ecd017b,Reddit_Commento,10
r_d4b3eef16595,Reddit_Commento,10
r_4c29b27017cc,Reddit_Commento,10
r_6fe7381cb475,Reddit_Commento,5
r_305ba2e0c77a,Reddit_Commento,11
r_2dea01ed6e23,Reddit_Commento,2
r_dbce08442c40,Reddit_Commento,5
r_62223ea464a1,Reddit_Commento,11
r_eac7bd664eae,Reddit_Commento,3
r_51c9b579cf3e,Reddit_Commento,3
r_3ed3136cb3f4,Reddit_Commento,12
r_c480d6734f9d,Reddit_Commento,11
r_2336dbacb25e,Reddit_Commento,13
r_cb5e4b2d1c9f,Reddit_Commento,10
r_792ebd153e67,Reddit_Commento,10
r_6a9873fb0f33,Reddit_Commento,11
r_dbf72fe9b47c,Reddit_Commento,11
r_0f4dedaeb050,Reddit_Commento,1
r_0f650e79dba3,Reddit_Commento,11
r_82802062b1e6,Reddit_Commento,13
r_4ada5e09f642,Reddit_Commento,2
r_40f73c0ec18c,Reddit_Commento,2
r_10fdfc48c9b2,Reddit_Commento,2
r_24477a8a3f2c,Reddit_Commento,11
r_5ae842c137d2,Reddit_Commento,10
r_a3a760e6b111,Reddit_Commento,10
r_fd5c71b5a4ac,Reddit_Commento,10
r_f3175e32d659,Reddit_Commento,1
r_fb18306f45a3,Reddit_Commento,2
r_e2f18958d63c,Reddit_Commento,5
r_34213d1105f9,Reddit_Commento,11
r_8ef22a16aa10,Reddit_Commento,4
r_b7015cfc93c3,Reddit_Commento,14
r_c220cd9fb9aa,Reddit_Commento,11
r_297bb226a800,Reddit_Commento,6
r_00e661734129,Reddit_Commento,6
r_5d75f4af9ef4,Reddit_Commento,11
r_b085b73c7c11,Reddit_Commento,11
r_c394b37fa058,Reddit_Commento,11
r_29361082c0b9,Reddit_Commento,11
r_ae5ace31ae80,Reddit_Commento,6
r_db84b1931c4e,Reddit_Commento,3
r_4e6617384797,Reddit_Commento,11
r_623430bc12a2,Reddit_Commento,11
r_c51c28ac03a0,Reddit_Commento,0
r_cdfceeb88125,Reddit_Commento,11
r_0de75ad56991,Reddit_Commento,2
r_fa58b23a4cbd,Reddit_Commento,3
r_762bce3f3d44,Reddit_Commento,2
r_a43bda97caeb,Reddit_Commento,5
r_588aca32c8e1,Reddit_Commento,11
r_36c142c171a0,Reddit_Commento,0
r_c2682550c255,Reddit_Commento,13
r_2162b4de5d1d,Reddit_Commento,3
r_f41d65cc7768,Reddit_Commento,11
r_1c48d68dc08f,Reddit_Commento,1
r_6d8e4200e21e,Reddit_Commento,11
r_14c5055e9629,Reddit_Commento,11
r_1d2cbaf1f55b,Reddit_Commento,13
r_ec5c42c8cdd2,Reddit_Commento,2
r_37346ebed8e8,Reddit_Commento,2
r_7bb60cf55e2f,Reddit_Commento,2
r_37bdfd3086cc,Reddit_Commento,10
r_5ee03fc8a53e,Reddit_Commento,11
r_a35df5d4b258,Reddit_Commento,2
r_d0981684610b,Reddit_Commento,2
r_13deb36048a0,Reddit_Commento,5
r_f51cd7245555,Reddit_Commento,11
r_9f41503e3f2a,Reddit_Commento,11
r_9fd3586bb19a,Reddit_Commento,5
r_358ceda789b2,Reddit_Commento,6
r_ac8cb4a971df,Reddit_Commento,5
r_a3c078f28def,Reddit_Commento,11
r_4bca7e1886f1,Reddit_Commento,1
r_de82060908cf,Reddit_Commento,3
r_b00076df9009,Reddit_Commento,2
r_4c8906639cca,Reddit_Commento,5
r_f3e54deb9baf,Reddit_Commento,2
r_d1a4a5846ba9,Reddit_Commento,11
r_a07bf6b565dc,Reddit_Commento,5
r_04a483043043,Reddit_Commento,11
r_5b5f12e15dc9,Reddit_Commento,11
r_92744abe6a9e,Reddit_Commento,3
r_6c116ca02b5d,Reddit_Commento,11
r_cda08a49c2e7,Reddit_Commento,5
r_59e418a64f12,Reddit_Commento,0
r_83fabd586b8d,Reddit_Commento,3
r_834dd28be9cc,Reddit_Commento,2
r_b679aa617ebd,Reddit_Commento,10
r_0c879a6c9a82,Reddit_Commento,10
r_5fe6bbfa3484,Reddit_Commento,13
r_06d1b6f566c6,Reddit_Commento,11
r_d523e3dd7647,Reddit_Commento,12
r_fc6e41e1d9ed,Reddit_Commento,11
r_a7bdab5731b0,Reddit_Commento,11
r_862356b9e493,Reddit_Commento,11
r_91c39bc5ee23,Reddit_Commento,13
r_a6bcb9c46c2f,Reddit_Commento,13
r_65474e26d935,Reddit_Commento,11
r_077546727522,Reddit_Commento,10
r_aceadef30f51,Reddit_Commento,2
r_65382055772d,Reddit_Commento,11
r_7ce9ef49fc28,Reddit_Commento,12
r_4a8a6e042dca,Reddit_Commento,2
r_c3a22d043adf,Reddit_Commento,14
r_14f1387aef21,Reddit_Commento,11
r_265f5d98686f,Reddit_Commento,11
r_4c5610234cb9,Reddit_Commento,2
r_4a09dcae20c9,Reddit_Commento,2
r_c6a1a6bb3102,Reddit_Commento,11
r_7aaafb4d9a65,Reddit_Commento,11
r_dcbb3d5ec962,Reddit_Commento,11
r_f8d114d59bfb,Reddit_Commento,11
r_578cfade9b4d,Reddit_Commento,7
r_6091643604c1,Reddit_Commento,4
r_9dbbe78adf62,Reddit_Commento,11
r_087581edd165,Reddit_Commento,11
r_cca8c706fb1e,Reddit_Commento,11
r_7d58c1465be1,Reddit_Commento,1
r_9afb387bd21d,Reddit_Commento,2
r_c996fa6cf615,Reddit_Commento,13
r_b37fccff02a0,Reddit_Commento,11
r_d6562183e60f,Reddit_Commento,2
r_cf41fae4eb06,Reddit_Commento,2
r_e42b16a193e8,Reddit_Commento,11
r_74ae08ceaf81,Reddit_Commento,10
r_66209c8332e3,Reddit_Commento,5
r_2b237efe9b1b,Reddit_Commento,12
r_50f1e83ce1a6,Reddit_Commento,11
r_0a49642a48a1,Reddit_Commento,5
r_f42b1b1d2093,Reddit_Commento,11
r_ae5f6c1b8854,Reddit_Commento,12
r_33fa647f3bb4,Reddit_Commento,1
r_616281c92ca4,Reddit_Commento,11
r_f3a7da93fb11,Reddit_Commento,11
r_acfe551ad725,Reddit_Commento,2
r_fbd0885df202,Reddit_Commento,13
r_2cd5a81e3a12,Reddit_Commento,5
r_815b045be273,Reddit_Commento,11
r_7e46c9544f95,Reddit_Commento,11
r_c3d72d8b1bff,Reddit_Commento,6
r_6d741ee1cc5c,Reddit_Commento,13
r_dfd08f4057a9,Reddit_Commento,2
r_813ed34c0d17,Reddit_Commento,10
r_ec966e3007d0,Reddit_Commento,2
r_84a5bfa37abc,Reddit_Commento,2
r_0cc891be50f0,Reddit_Commento,3
r_42f29b6217a3,Reddit_Commento,10
r_3ef12fd2854b,Reddit_Commento,11
r_af55e0bd9ca3,Reddit_Commento,11
r_02f9c41a4391,Reddit_Commento,13
r_37186ef7cf31,Reddit_Commento,11
r_3144f7ba0a04,Reddit_Commento,2
r_044599e853fc,Reddit_Commento,11
r_72ee8c1c8a98,Reddit_Commento,11
r_2cb37b007b77,Reddit_Commento,2
r_e308c54c7c01,Reddit_Commento,11
r_5a596a0e7546,Reddit_Commento,11
r_c949bdf06473,Reddit_Commento,11
r_bb2d2eb1dc88,Reddit_Commento,1
r_0bd3afd32f61,Reddit_Commento,10
r_4fe4da3e3aaa,Reddit_Commento,2
r_af7ec6ad74da,Reddit_Commento,5
r_c80354f4dde8,Reddit_Commento,11
r_0ae308d6124f,Reddit_Commento,2
r_040d7a9b6d4a,Reddit_Commento,11
r_17b72e2af0e0,Reddit_Commento,11
r_48ce9fca63a2,Reddit_Commento,11
r_f4594e312cd8,Reddit_Commento,2
r_2579333215c5,Reddit_Commento,10
r_5280ca7ff049,Reddit_Commento,13
r_79ce5dc3dfaf,Reddit_Commento,10
r_bc59984ce9df,Reddit_Commento,13
r_c06235eb2b53,Reddit_Commento,5
r_f8428e7c0b2c,Reddit_Commento,3
r_89063a871659,Reddit_Commento,10
r_de1b597a610d,Reddit_Commento,13
r_7e309304cf05,Reddit_Commento,11
r_9cd89e1ce016,Reddit_Commento,2
r_96ce2d8249f5,Reddit_Commento,11
r_0283ace8ca01,Reddit_Commento,14
r_f6cbc2b04b56,Reddit_Commento,11
r_e8dcca24270f,Reddit_Commento,10
r_a05c7db65b5b,Reddit_Commento,3
r_ffe7981639a4,Reddit_Commento,11
r_0e9bc2036baf,Reddit_Commento,12
r_56b0498afea8,Reddit_Commento,11
r_30a513579490,Reddit_Commento,11
r_16c8cb9ed23f,Reddit_Commento,0
r_857b67aa2651,Reddit_Commento,10
r_b095f12188eb,Reddit_Commento,2
r_fac5f75b926b,Reddit_Commento,11
r_1efaaa6c404e,Reddit_Commento,3
r_625014301f1d,Reddit_Commento,5
r_3317c539e145,Reddit_Commento,5
r_1a7640cb1a51,Reddit_Commento,2
r_d927f335fd0a,Reddit_Commento,13
r_9d0afe44bc42,Reddit_Commento,11
r_ceb44f2dab4b,Reddit_Commento,5
r_4de6607f59e7,Reddit_Commento,2
r_69369f858f4c,Reddit_Commento,12
r_16c6c7e14b40,Reddit_Commento,3
r_f5e6072bd648,Reddit_Commento,10
r_11e0b892e917,Reddit_Commento,11
r_291fc70c0ef6,Reddit_Commento,13
r_fb0b2d1ae1a7,Reddit_Commento,11
r_5991166e5d69,Reddit_Commento,11
r_69d4c3cea2c5,Reddit_Commento,3
r_ce3887043458,Reddit_Commento,11
r_ade112c0d722,Reddit_Commento,2
r_3371af2b5fd7,Reddit_Commento,9
r_e087efb63d62,Reddit_Commento,5
r_db2c0463c547,Reddit_Commento,4
r_46498e33f597,Reddit_Commento,2
r_5a4316503f59,Reddit_Commento,11
r_4f641fa42d80,Reddit_Commento,11
r_1625755bf194,Reddit_Commento,6
r_e4849fbe4e74,Reddit_Commento,11
r_a7689d710c10,Reddit_Commento,3
r_78f3c831882d,Reddit_Commento,11
r_2b4ac791f73b,Reddit_Commento,10
r_486532f777c9,Reddit_Commento,3
r_40b04dfa3fa1,Reddit_Commento,12
r_2c33e5170265,Reddit_Commento,11
r_059e0e0efd4e,Reddit_Commento,5
r_47f3688e5583,Reddit_Commento,11
r_5e4883ad727c,Reddit_Commento,11
r_95f5ba441359,Reddit_Commento,11
r_6d300983e86a,Reddit_Commento,2
r_07935e6b04d8,Reddit_Commento,3
r_9a545ff4e667,Reddit_Commento,1
r_e9d147c490e4,Reddit_Commento,11
r_406ff9de944b,Reddit_Commento,11
r_e1fab1a1e2ae,Reddit_Commento,3
r_6fdda8fd5418,Reddit_Commento,11
r_06379b30c594,Reddit_Commento,4
r_fdce26c9cb0a,Reddit_Commento,11
r_b8cfce34da30,Reddit_Commento,11
r_700f902be154,Reddit_Commento,10
r_27db0d2fd76e,Reddit_Commento,7
r_4ffb8111ae2a,Reddit_Commento,3
r_0ea5982b2547,Reddit_Commento,5
r_80f78d081337,Reddit_Commento,13
r_296a372dba96,Reddit_Commento,7
r_a7a17586e0ff,Reddit_Commento,3
r_5ae389bc7955,Reddit_Commento,11
r_ef38682676e1,Reddit_Commento,11
r_7132ece1997d,Reddit_Commento,11
r_2b0376bc5195,Reddit_Commento,3
r_dbcb41847335,Reddit_Commento,6
r_3bfd1ac234f3,Reddit_Commento,2
r_3784bee0f932,Reddit_Commento,11
r_681b4dfc8d17,Reddit_Commento,4
r_873d391bd901,Reddit_Commento,11
r_ff7676506e7f,Reddit_Commento,11
r_151f1ed1eb0b,Reddit_Commento,11
r_8717cd8bda84,Reddit_Commento,10
r_d190bbe358d6,Reddit_Commento,10
r_28d41bc38dc5,Reddit_Commento,13
r_f8a52091d5ea,Reddit_Commento,10
r_bc5c47677dd9,Reddit_Commento,14
r_7912a2883718,Reddit_Commento,11
r_890de4448052,Reddit_Commento,12
r_e56a4c2bb975,Reddit_Commento,13
r_ce4d5eaebb6a,Reddit_Commento,5
r_aac32a03ad56,Reddit_Commento,10
r_77991acdfbaf,Reddit_Commento,11
r_c4568ff939e4,Reddit_Commento,11
r_9f6a1acd8697,Reddit_Commento,11
r_e4491f2e1d2d,Reddit_Commento,12
r_cd40e85405c9,Reddit_Commento,11
r_dc1eccfd3768,Reddit_Commento,11
r_d77af825a7b0,Reddit_Commento,11
r_dbaca8daa8a0,Reddit_Commento,12
r_db558da0dd78,Reddit_Commento,3
r_93f564d014e4,Reddit_Commento,2
r_c8729b20b437,Reddit_Commento,11
r_2fb79ae590c2,Reddit_Commento,10
r_c982225d5214,Reddit_Commento,11
r_a1400a84c96f,Reddit_Commento,4
r_bd331b5cb56f,Reddit_Commento,11
r_becbe24cd6af,Reddit_Commento,11
r_fb867357f071,Reddit_Commento,11
r_76467abe3d10,Reddit_Commento,2
r_cd591018cbcd,Reddit_Commento,11
r_54d20fe1c22b,Reddit_Commento,11
r_818a3da7f928,Reddit_Commento,12
r_3fd3289d27fb,Reddit_Commento,13
r_1e02fb92cd91,Reddit_Commento,13
r_057980863169,Reddit_Commento,5
r_488a3a0f90bf,Reddit_Commento,10
r_0e464f52b704,Reddit_Commento,2
r_8e3cc6a9d3f3,Reddit_Commento,10
r_372543c29c5a,Reddit_Commento,10
r_2ca659c55055,Reddit_Commento,11
r_f23154100c86,Reddit_Commento,11
r_f581d033a9dd,Reddit_Commento,13
r_2ba3a5526fcb,Reddit_Commento,11
r_112db261df68,Reddit_Commento,11
r_8894f264151e,Reddit_Commento,11
r_6b64dfdfec5f,Reddit_Commento,11
r_fc5e520b5b6a,Reddit_Commento,2
r_2af3b685fe40,Reddit_Commento,11
r_5baf2ae19b48,Reddit_Commento,11
r_2a0439d6d69a,Reddit_Commento,11
r_90cdccff6a91,Reddit_Commento,11
r_c47c59fc4292,Reddit_Commento,11
r_c356e2b4a7f4,Reddit_Commento,10
r_4ac2e6b06158,Reddit_Commento,2
r_3c997e91ff61,Reddit_Commento,11
r_10f2a5bacb53,Reddit_Commento,11
r_45b5626d0139,Reddit_Commento,8
r_c95f5e4f3349,Reddit_Commento,5
r_1289a754da4a,Reddit_Commento,2
r_8baee8194b19,Reddit_Commento,11
r_1aa8093491e8,Reddit_Commento,11
r_d35f51b60aa1,Reddit_Commento,11
r_725a67efd4d1,Reddit_Commento,6
r_db9e70e088d0,Reddit_Commento,12
r_54e1fa6d1db6,Reddit_Commento,5
r_3e4993436eff,Reddit_Commento,1
r_41ac0cd8930d,Reddit_Commento,11
r_243123d62fe5,Reddit_Commento,11
r_a46396303b5b,Reddit_Commento,11
r_d885d7f8cf7e,Reddit_Commento,11
r_7831b52c7994,Reddit_Commento,11
r_4152fe6bda6c,Reddit_Commento,10
r_76bfa5b2371f,Reddit_Commento,1
r_5610630c5e28,Reddit_Commento,13
r_630d68e36a47,Reddit_Commento,7
r_c2e1ed445905,Reddit_Commento,11
r_8bc7bcda3ad2,Reddit_Commento,10
r_258df859e59f,Reddit_Commento,11
r_ddbf49ba5c09,Reddit_Commento,12
r_fdfb475df387,Reddit_Commento,2
r_3be05ea34925,Reddit_Commento,3
r_1459315cb778,Reddit_Commento,11
r_9c75f09b60ef,Reddit_Commento,11
r_27f176debb7c,Reddit_Commento,11
r_c563917aa6f2,Reddit_Commento,11
r_c8914856c309,Reddit_Commento,11
r_00ac600b3eb1,Reddit_Commento,2
r_e2c2f0fb6b88,Reddit_Commento,10
r_6f6e023d3956,Reddit_Commento,11
r_da1c0b284203,Reddit_Commento,11
r_ecd025bf379f,Reddit_Commento,10
r_4806f97bf6ee,Reddit_Commento,2
r_35e0b79f75a9,Reddit_Commento,1
r_2a71a9c64ba2,Reddit_Commento,11
r_1e9a1891c656,Reddit_Commento,11
r_3d2b43e0b083,Reddit_Commento,10
r_f865bd97a848,Reddit_Commento,5
r_c5ddbd7b0d2e,Reddit_Commento,12
r_fcc0843adbc9,Reddit_Commento,9
r_9047fbb2ce56,Reddit_Commento,11
r_9bae436d36e8,Reddit_Commento,8
r_0826e121ebdd,Reddit_Commento,11
r_a28f1cc4b0a5,Reddit_Commento,11
r_30b4725406e3,Reddit_Commento,11
r_6ce1eccd6752,Reddit_Commento,12
r_e7a12822e88b,Reddit_Commento,11
r_31098ac94b11,Reddit_Commento,10
r_dd03946a4d4b,Reddit_Commento,12
r_7959210a7f38,Reddit_Commento,11
r_065cd9b6f75e,Reddit_Commento,11
r_d8ff13961ef9,Reddit_Commento,11
r_e471b16c8e27,Reddit_Commento,10
r_ada17b321d53,Reddit_Commento,3
r_291ff5b4e476,Reddit_Commento,11
r_7db5868b30f6,Reddit_Commento,11
r_784eb18e94ec,Reddit_Commento,5
r_42cf5951f867,Reddit_Commento,11
r_01d4a781cea4,Reddit_Commento,0
r_69d04dd40e2e,Reddit_Commento,11
r_a4c06997fe75,Reddit_Commento,13
r_59991e5c2d2f,Reddit_Commento,11
r_22f31568ac9b,Reddit_Commento,11
r_36cd728b128e,Reddit_Commento,2
r_f66fa360258d,Reddit_Commento,3
r_f13c0adf15f2,Reddit_Commento,11
r_9396ba4134f5,Reddit_Commento,11
r_59ecae11274a,Reddit_Commento,12
r_42a6656009fd,Reddit_Commento,11
r_fd8f906310ab,Reddit_Commento,11
r_d13b5d08eacb,Reddit_Commento,11
r_ab9c7ad8ee97,Reddit_Commento,5
r_5fd379f1dfe4,Reddit_Commento,3
r_55c3a311c75b,Reddit_Commento,5
r_2f13788c9b57,Reddit_Commento,11
r_cbe93aa44402,Reddit_Commento,11
r_483dc882379a,Reddit_Commento,10
r_0d45c9550326,Reddit_Commento,2
r_fa59f0610972,Reddit_Commento,13
r_9953866d6421,Reddit_Commento,11
r_f1af25bbe47d,Reddit_Commento,6
r_4ed1ebf27065,Reddit_Commento,11
r_8f490318a3e7,Reddit_Commento,6
r_6501317ec837,Reddit_Commento,3
r_b5dd0d6406c7,Reddit_Commento,14
r_8a88d7cdd8f8,Reddit_Commento,3
r_123003a0a018,Reddit_Commento,10
r_1c6ed1b104a9,Reddit_Commento,10
r_ce5bd9840dfc,Reddit_Commento,11
r_f93bdae23810,Reddit_Commento,10
r_50980894a7f4,Reddit_Commento,11
r_357b280a3768,Reddit_Commento,10
r_a6c362861398,Reddit_Commento,8
r_4709c47b31a7,Reddit_Commento,11
r_3ca1de09c8a0,Reddit_Commento,11
r_740fb9c65d5c,Reddit_Commento,10
r_0e09a9320609,Reddit_Commento,2
r_588703e84f7d,Reddit_Commento,2
r_1debb404f0b0,Reddit_Commento,11
r_5aad61993d5f,Reddit_Commento,2
r_c484f89ff8cf,Reddit_Commento,6
r_ff390cc7ae18,Reddit_Commento,11
r_6d0c14bcd366,Reddit_Commento,7
r_f15fd0ea5377,Reddit_Commento,13
r_d77dec27da7f,Reddit_Commento,2
r_f6e83ce2edda,Reddit_Commento,1
r_6b77c74df6eb,Reddit_Commento,11
r_205ecd0b92d9,Reddit_Commento,10
r_5f9dcdc3a32e,Reddit_Commento,7
r_faa5cfb527b2,Reddit_Commento,5
r_165c29c1d404,Reddit_Commento,13
r_ee62bd4a7713,Reddit_Commento,10
r_90970bf9648c,Reddit_Commento,11
r_4941f759b0b6,Reddit_Commento,11
r_ab6a84aa1ea2,Reddit_Commento,3
r_301364843709,Reddit_Commento,6
r_0179bc28862e,Reddit_Commento,11
r_520b707b5a27,Reddit_Commento,10
r_ef116ad380c4,Reddit_Commento,11
r_92232fe0f5ab,Reddit_Commento,11
r_2e069546e4f9,Reddit_Commento,11
r_b04fd6e7f9fb,Reddit_Commento,12
r_fb1b76e516e3,Reddit_Commento,6
r_95e862170885,Reddit_Commento,11
r_4c0fc5a6b2ba,Reddit_Commento,9
r_edbf69dbe6d3,Reddit_Commento,10
r_b669153f4af7,Reddit_Commento,9
r_a2fe4f86bb7f,Reddit_Commento,9
r_1d843e68090d,Reddit_Commento,10
r_b90dd3361396,Reddit_Commento,13
r_5591ebc9048f,Reddit_Commento,14
r_a87e0463ba0b,Reddit_Commento,13
r_d3aba67d0126,Reddit_Commento,10
r_a552e00f54f8,Reddit_Commento,6
r_b9a42110eb6d,Reddit_Commento,11
r_0d2d8004b66c,Reddit_Commento,10
r_fd12def11f39,Reddit_Commento,13
r_259eee7563d6,Reddit_Commento,2
r_de78940a4d80,Reddit_Commento,7
r_471586a6be33,Reddit_Commento,11
r_410f2610aa8a,Reddit_Commento,14
r_c83eff371410,Reddit_Commento,13
r_bc4ee5e4fb17,Reddit_Commento,5
r_4011eb53e768,Reddit_Commento,1
r_afb30f720b6e,Reddit_Commento,11
r_da1d1ffe321b,Reddit_Commento,6
r_f8bfbe5a1023,Reddit_Commento,12
r_f084d12c4845,Reddit_Commento,5
r_d2507783fe8f,Reddit_Commento,3
r_02cf00ba2da5,Reddit_Commento,11
r_b8c991ea2290,Reddit_Commento,11
r_19f0616b0945,Reddit_Commento,2
r_dae078515dfd,Reddit_Commento,5
r_6b01de882a77,Reddit_Commento,13
r_c4dceec70ee0,Reddit_Commento,13
r_d8cce913b72c,Reddit_Commento,3
r_02fdf3994d0d,Reddit_Commento,10
r_32026e524a55,Reddit_Commento,12
r_de2d861b4f26,Reddit_Commento,11
r_d7b04cd2ef9a,Reddit_Commento,11
r_d52fafbce63b,Reddit_Commento,12
r_a31ec1092ccf,Reddit_Commento,5
r_45443b477f0a,Reddit_Commento,11
r_34e0007a15e1,Reddit_Commento,13
r_5d08ed1db305,Reddit_Commento,0
r_8c406b7a91c9,Reddit_Commento,0
r_ee597a3c4f03,Reddit_Commento,12
r_af612eadbf10,Reddit_Commento,13
r_0e80d24956a4,Reddit_Commento,11
r_3d2c9349e3a4,Reddit_Commento,11
r_214243e024fb,Reddit_Commento,11
r_6a1aeb28fda7,Reddit_Commento,11
r_64270be9fcfb,Reddit_Commento,1
r_57018d664cb2,Reddit_Commento,10
r_8e541cc64c26,Reddit_Commento,2
r_6f81eb68d9ed,Reddit_Commento,11
r_783bf02a3d00,Reddit_Commento,8
r_b7d058130aa5,Reddit_Commento,11
r_09fd39e08667,Reddit_Commento,11
r_d671ce61619b,Reddit_Commento,14
r_5e9a2bc3b4a8,Reddit_Commento,11
r_989736e58e67,Reddit_Commento,0
r_b09fa38859c8,Reddit_Commento,2
r_f397ea99dcb5,Reddit_Commento,11
r_0269a1e7600c,Reddit_Commento,11
r_09e00ec34bd0,Reddit_Commento,3
r_586eada5786b,Reddit_Commento,14
r_0effe2cf407e,Reddit_Commento,11
r_95149608ccb8,Reddit_Commento,10
r_f72750d1ffc2,Reddit_Commento,3
r_b90fc5cf22e3,Reddit_Commento,13
r_c9df10f32a15,Reddit_Commento,13
r_0ebb77047668,Reddit_Commento,13
r_7ff1c58b8f69,Reddit_Commento,13
r_64a22faaa29a,Reddit_Commento,11
r_69627390099c,Reddit_Commento,1
r_7e4142268950,Reddit_Commento,10
r_7506893743cd,Reddit_Commento,14
r_32d6e82cd21f,Reddit_Commento,2
r_5496e7d1cb33,Reddit_Commento,2
r_1ab2ffea4f14,Reddit_Commento,11
r_573de6c247f2,Reddit_Commento,3
r_a7b0f7086b1c,Reddit_Commento,11
r_a65c7dae55ce,Reddit_Commento,10
r_a908df8df353,Reddit_Commento,10
r_2ff012cc680d,Reddit_Commento,11
r_2849bebce61a,Reddit_Commento,10
r_635986f64abe,Reddit_Commento,10
r_44bd23b0ea44,Reddit_Commento,13
r_70a2fd516e91,Reddit_Commento,6
r_e0932c83000f,Reddit_Commento,11
r_66441e2891ab,Reddit_Commento,11
r_51a309714b41,Reddit_Commento,11
r_87f9b6c49afd,Reddit_Commento,2
r_fb3062e7f87f,Reddit_Commento,10
r_015d529a4e62,Reddit_Commento,12
r_2d06b4399484,Reddit_Commento,11
r_191018fe02de,Reddit_Commento,11
r_33a847e8b553,Reddit_Commento,6
r_9a2e2a15ae09,Reddit_Commento,1
r_f7173c0ff635,Reddit_Commento,11
r_e8876e1d6158,Reddit_Commento,9
r_5502a47f775a,Reddit_Commento,13
r_7d6ac12be911,Reddit_Commento,2
r_be85a87b98e3,Reddit_Commento,11
r_3cef5ce397b4,Reddit_Commento,2
r_5c1b81707a82,Reddit_Commento,11
r_1000faa449f4,Reddit_Commento,10
r_8a583a300d0c,Reddit_Commento,10
r_d8d5b94110e5,Reddit_Commento,2
r_040b5fee9b03,Reddit_Commento,12
r_91d138aa8eef,Reddit_Commento,11
r_5aa08f57ff98,Reddit_Commento,5
r_d6b7ba592e58,Reddit_Commento,11
r_bd5d73b4bf52,Reddit_Commento,11
r_cc8568e029c6,Reddit_Commento,11
r_56edf767f3dc,Reddit_Commento,2
r_14bd7d9efeb8,Reddit_Commento,13
r_560e528b4198,Reddit_Commento,11
r_2fd671a65e6c,Reddit_Commento,10
r_1ad993ed06f5,Reddit_Commento,1
r_1af88a5a587d,Reddit_Commento,0
r_9079f29cadf8,Reddit_Commento,13
r_95c2b7c7abb0,Reddit_Commento,8
r_f71498b136f9,Reddit_Commento,11
r_7fb57df00e65,Reddit_Commento,10
r_f3914ef803ae,Reddit_Commento,5
r_31e771085ee0,Reddit_Commento,11
r_3c914c47db57,Reddit_Commento,4
r_231262b82ce9,Reddit_Commento,8
r_8cc7907772e0,Reddit_Commento,6
r_0af4f1d5baf7,Reddit_Commento,6
r_253470ba6d33,Reddit_Commento,11
r_2100daff7b8a,Reddit_Commento,11
r_9433b0e2ba85,Reddit_Commento,10
r_3765cc6cf9c4,Reddit_Commento,11
r_83584e0bc6e2,Reddit_Commento,7
r_7ddb0ac6b266,Reddit_Commento,11
r_97c57dd9a427,Reddit_Commento,12
r_8e86f5057cb4,Reddit_Commento,11
r_9807ae8bb685,Reddit_Commento,10
r_d5ea4ea5063a,Reddit_Commento,12
r_717f782951c3,Reddit_Commento,13
r_b62d374365aa,Reddit_Commento,11
r_ccdd9efaf394,Reddit_Commento,11
r_4197744fb19f,Reddit_Commento,5
r_fa4394e65757,Reddit_Commento,6
r_7cfdeda39821,Reddit_Commento,8
r_65df4a376cde,Reddit_Commento,9
r_06abe9662ab4,Reddit_Commento,11
r_29a23b1dbfc3,Reddit_Commento,11
r_ab47a3f16ac4,Reddit_Commento,0
r_1dd11af42013,Reddit_Commento,2
r_8379d09bbbce,Reddit_Commento,10
r_61542d29e318,Reddit_Commento,2
r_5f2d33c00d48,Reddit_Commento,13
r_6607eff4b2f3,Reddit_Commento,2
r_d2bafd093652,Reddit_Commento,11
r_fe8af7bca744,Reddit_Commento,12
r_85dde1ec9981,Reddit_Commento,13
r_e68f7363e1ef,Reddit_Commento,3
r_743ba52cb8b6,Reddit_Commento,13
r_6453faeb42e0,Reddit_Commento,11
r_cb388acbb039,Reddit_Commento,13
r_3a7e03567e4f,Reddit_Commento,11
r_86d4b0111a79,Reddit_Commento,11
r_8653f314e90e,Reddit_Commento,10
r_45e9d79ed56b,Reddit_Commento,3
r_0ce676d349f1,Reddit_Commento,14
r_d7dcc64161be,Reddit_Commento,11
r_8d2f2d1c622c,Reddit_Commento,10
r_5c9751140ef6,Reddit_Commento,12
r_c760c99f9ab9,Reddit_Commento,11
r_cb423b4dfb75,Reddit_Commento,11
r_9b4bb44362a2,Reddit_Commento,3
r_b2cbb7b739cd,Reddit_Commento,10
r_f34b0597d502,Reddit_Commento,14
r_fb8102f74d06,Reddit_Commento,13
r_cf5c8075c62b,Reddit_Commento,10
r_204327289d2f,Reddit_Commento,11
r_65558f8b92a0,Reddit_Commento,11
r_c69310098f0e,Reddit_Commento,1
r_01a74cca0b62,Reddit_Commento,10
r_34e0ba12af71,Reddit_Commento,13
r_4656dbfc89e1,Reddit_Commento,10
r_36b61b6b4ea7,Reddit_Commento,6
r_1faf24de7835,Reddit_Commento,13
r_ce13bc11f43e,Reddit_Commento,11
r_50865135cf86,Reddit_Commento,7
r_f388e100aae0,Reddit_Commento,11
r_bae804c88c7a,Reddit_Commento,13
r_c342832d6617,Reddit_Commento,11
r_9e3303706fbc,Reddit_Commento,11
r_d8c7d8b10288,Reddit_Commento,11
r_a52a37052231,Reddit_Commento,10
r_24c965881af5,Reddit_Commento,14
r_6786381026ef,Reddit_Commento,2
r_77bc18860dc5,Reddit_Commento,2
r_eb385b8368c7,Reddit_Commento,8
r_88f5955996b9,Reddit_Commento,11
r_dbdd6aaeaeac,Reddit_Commento,2
r_b069c6164524,Reddit_Commento,11
r_1f0e9ccdefdb,Reddit_Commento,3
r_a5cf810afa5d,Reddit_Commento,2
r_757c0ed34408,Reddit_Commento,10
r_338af3387786,Reddit_Commento,2
r_e6b6450df678,Reddit_Commento,6
r_a40a37e258f7,Reddit_Commento,5
r_ece0ebbd209d,Reddit_Commento,5
r_c4ba69632852,Reddit_Commento,11
r_5dfbc8f19976,Reddit_Commento,5
r_ceeb54ef484e,Reddit_Commento,11
r_73268bfe6795,Reddit_Commento,11
r_cd1027170f36,Reddit_Commento,8
r_f16a7b0c5b85,Reddit_Commento,12
r_81ade94d3f72,Reddit_Commento,13
r_3b454518f0a9,Reddit_Commento,11
r_0a3bd3dd004f,Reddit_Commento,8
r_efefe803da5d,Reddit_Commento,3
r_115270d026cd,Reddit_Commento,11
r_e3f9cac95e50,Reddit_Commento,11
r_ea7cdc8238de,Reddit_Commento,11
r_a7fe07efeeb4,Reddit_Commento,11
r_df1d3d1b4250,Reddit_Commento,12
r_8fd24124b785,Reddit_Commento,13
r_c618a095436c,Reddit_Commento,2
r_27e96e9cb456,Reddit_Commento,13
r_20a68b992ec4,Reddit_Commento,10
r_da6891104550,Reddit_Commento,5
r_841605930a12,Reddit_Commento,14
r_cfa56d59aaa6,Reddit_Commento,12
r_d373679911bd,Reddit_Commento,13
r_697253dcac79,Reddit_Commento,2
r_3150a70817f5,Reddit_Commento,5
r_71077b26c3cc,Reddit_Commento,10
r_847ccec8befe,Reddit_Commento,13
r_7165ac2d5587,Reddit_Commento,11
r_4009fc46a4a5,Reddit_Commento,13
r_5b801bc99758,Reddit_Commento,3
r_57c93c9d2b6a,Reddit_Commento,10
r_e205c54cbe43,Reddit_Commento,3
r_df22e0a86818,Reddit_Commento,9
r_ee2fd047ca42,Reddit_Commento,11
r_26c0cd192127,Reddit_Commento,11
r_36d95e3c4e0a,Reddit_Commento,10
r_ca82484991ca,Reddit_Commento,9
r_fb8726c7d0f2,Reddit_Commento,11
r_766c63b3fece,Reddit_Commento,11
r_6a737cbdf762,Reddit_Commento,2
r_6f241d9e2a80,Reddit_Commento,14
r_3888e6fb5097,Reddit_Commento,11
r_31290d3c0885,Reddit_Commento,11
r_c399e93c4a91,Reddit_Commento,12
r_ce74f9df0cf7,Reddit_Commento,11
r_db5ccf672697,Reddit_Commento,13
r_d7beba463391,Reddit_Commento,13
r_00fde418a0f7,Reddit_Commento,11
r_792dd8f70e71,Reddit_Commento,11
r_313dd4ef1351,Reddit_Commento,5
r_932cf0834621,Reddit_Commento,5
r_92d407f91f9e,Reddit_Commento,3
r_e699a89b9e44,Reddit_Commento,11
r_3055999c806b,Reddit_Commento,13
r_5621b0025035,Reddit_Commento,11
r_ab3f526bc82e,Reddit_Commento,5
r_7cf649e2fc8b,Reddit_Commento,13
r_975a56912ec1,Reddit_Commento,11
r_1039c7e46009,Reddit_Commento,13
r_2a7f23a815e0,Reddit_Commento,1
r_f994a82476fd,Reddit_Commento,3
r_3bf03ed46286,Reddit_Commento,13
r_967683fd72a5,Reddit_Commento,13
r_beabcb98242b,Reddit_Commento,11
r_650bba831b90,Reddit_Commento,11
r_f4b534ba91b0,Reddit_Commento,4
r_b5006df16d5f,Reddit_Commento,11
r_c8ef91967e0e,Reddit_Commento,13
r_8ca17971445a,Reddit_Commento,11
r_d3e9b3fc7588,Reddit_Commento,13
r_b418419fb27f,Reddit_Commento,9
r_5b923ece2be7,Reddit_Commento,3
r_771938525fe3,Reddit_Commento,11
r_deec875c45a2,Reddit_Commento,13
r_0bc8d99d58a4,Reddit_Commento,13
r_da06892b4f59,Reddit_Commento,11
r_68eb76b4b3f1,Reddit_Commento,2
r_3ef07df03d64,Reddit_Commento,3
r_b4090bca3d04,Reddit_Commento,8
r_92a36d61dc92,Reddit_Commento,11
r_6e1391503c8f,Reddit_Commento,8
r_94a8de8941cf,Reddit_Commento,11
r_53e75bbdb3fa,Reddit_Commento,6
r_bb8d0e456586,Reddit_Commento,11
r_8a46efb627fb,Reddit_Commento,11
r_8bbd8743a4d6,Reddit_Commento,2
r_53aeddddb18f,Reddit_Commento,11
r_8a1e9c0e7280,Reddit_Commento,11
r_4ea3a44103f6,Reddit_Commento,11
r_e5aafcd1d1e1,Reddit_Commento,13
r_511eae8c7594,Reddit_Commento,13
r_b63a76432008,Reddit_Commento,11
r_93911abfcdb3,Reddit_Commento,6
r_ddbff51e6b3f,Reddit_Commento,13
r_38f60f742d3f,Reddit_Commento,11
r_e909bb2f1769,Reddit_Commento,1
r_40afe9bd9c7d,Reddit_Commento,6
r_184318afef79,Reddit_Commento,11
r_d562c947a6ad,Reddit_Commento,11
r_9277c706b106,Reddit_Commento,13
r_87ead04df00c,Reddit_Commento,11
r_5b69f8308a61,Reddit_Commento,13
r_0339acc9973d,Reddit_Commento,11
r_d1ccf7aa1897,Reddit_Commento,2
r_8938a4e7de21,Reddit_Commento,13
r_05d3fc0fc24f,Reddit_Commento,11
r_52437da4d125,Reddit_Commento,10
r_908a22e78424,Reddit_Commento,10
r_d8dc2e89b602,Reddit_Commento,11
r_5fcd8c3e134f,Reddit_Commento,2
r_4d1e7e651a90,Reddit_Commento,11
r_73db1b7aa4b3,Reddit_Commento,11
r_f6b051268a26,Reddit_Commento,8
r_9591f1c6d215,Reddit_Commento,11
r_f9c9e7bc79c1,Reddit_Commento,13
r_83c51589cf96,Reddit_Commento,11
r_509fd9e65576,Reddit_Commento,10
r_e5359d229509,Reddit_Commento,11
r_d1d8cdb7b7b6,Reddit_Commento,11
r_57b2765f6839,Reddit_Commento,10
r_c68c64d85014,Reddit_Commento,11
r_89397c5ca8c5,Reddit_Commento,11
r_6cd838f240e2,Reddit_Commento,13
r_c5eb2b065774,Reddit_Commento,11
r_f1759d49f6a8,Reddit_Commento,5
r_951504107322,Reddit_Commento,9
r_2a48e83c5ed4,Reddit_Commento,11
r_2d45070ceffb,Reddit_Commento,3
r_5fd40bdb7e99,Reddit_Commento,11
r_1eee885ab0bd,Reddit_Commento,5
r_6f054dfaa6b8,Reddit_Commento,11
r_408a0a4565d5,Reddit_Commento,13
r_1bde6c5f0b84,Reddit_Commento,2
r_2255ffc8e688,Reddit_Commento,11
r_9b93943b581a,Reddit_Commento,2
r_ab0f81667609,Reddit_Commento,8
r_b4d0beb8bee9,Reddit_Commento,10
r_f0cc65e5fea6,Reddit_Commento,2
r_ae2d2a26c8d0,Reddit_Commento,11
r_2462595a6fd3,Reddit_Commento,13
r_1a5042590727,Reddit_Commento,3
r_bf0c2e3d6f99,Reddit_Commento,11
r_9d738f7428df,Reddit_Commento,13
r_4be21b6369a9,Reddit_Commento,1
r_2d9a633abac9,Reddit_Commento,13
r_dab0c1bf74a0,Reddit_Commento,13
r_d6b64fb024a0,Reddit_Commento,11
r_5c2b0556dc50,Reddit_Commento,11
r_a5a7af912882,Reddit_Commento,11
r_5a12f28bbb69,Reddit_Commento,11
r_697ec3ec9c8e,Reddit_Commento,12
r_334c012f39bd,Reddit_Commento,11
r_b593d1e0beb9,Reddit_Commento,11
r_402fe40d97d0,Reddit_Commento,3
r_36250d20c4ec,Reddit_Commento,11
r_bc45a6578d1f,Reddit_Commento,11
r_e78fab145496,Reddit_Commento,9
r_5243c734698f,Reddit_Commento,11
r_78cf960bf03d,Reddit_Commento,3
r_2ffec71548d2,Reddit_Commento,11
r_96fa8ea11815,Reddit_Commento,11
r_6d57388ffb16,Reddit_Commento,12
r_3b21313718ea,Reddit_Commento,9
r_5196756d2529,Reddit_Commento,2
r_e02cf8786722,Reddit_Commento,11
r_28639a948754,Reddit_Commento,11
r_39704d8e7288,Reddit_Commento,7
r_a83133d0169e,Reddit_Commento,11
r_7495e85ab47a,Reddit_Commento,11
r_35c9541e0a60,Reddit_Commento,3
r_d55c0b71c69e,Reddit_Commento,5
r_c7971026fdb7,Reddit_Commento,11
r_94a8f0cab63a,Reddit_Commento,2
r_972535282bc7,Reddit_Commento,14
r_1eb8187d3301,Reddit_Commento,3
r_84efd70dd21c,Reddit_Commento,4
r_7cd9455b0ed8,Reddit_Commento,11
r_11dd3c30aeb7,Reddit_Commento,11
r_9cbee9198572,Reddit_Commento,11
r_bf16d8b50ab7,Reddit_Commento,14
r_e8d342381638,Reddit_Commento,11
r_fc0ceb113a9b,Reddit_Commento,14
r_ff71e5b31d42,Reddit_Commento,5
r_44e40fa9d9c6,Reddit_Commento,13
r_d0bb90aa6e9c,Reddit_Commento,2
r_f9fb8d3b0af4,Reddit_Commento,13
r_d41c524d2205,Reddit_Commento,11
r_d5491a6e63b3,Reddit_Commento,11
r_eb41273da936,Reddit_Commento,11
r_5baa7c27b94f,Reddit_Commento,11
r_5de34c010ec9,Reddit_Commento,10
r_61d4ab155a62,Reddit_Commento,4
r_a328dd27b778,Reddit_Commento,13
r_85f30e8e720a,Reddit_Commento,5
r_b749ab796c49,Reddit_Commento,9
r_90d01b3d993c,Reddit_Commento,2
r_437cb7e16891,Reddit_Commento,11
r_b8a7e9fc566f,Reddit_Commento,3
r_7386e1cde557,Reddit_Commento,10
r_5d061dd740ec,Reddit_Commento,9
r_683bd94a959c,Reddit_Commento,11
r_6fb8241fbf1f,Reddit_Commento,2
r_dba363ff544e,Reddit_Commento,11
r_352740ca98d7,Reddit_Commento,14
r_c2e18b0905a3,Reddit_Commento,11
r_cc672dd28654,Reddit_Commento,11
r_097d71ecefc4,Reddit_Commento,10
r_5b5996c67e42,Reddit_Commento,11
r_3e0a251e3d1c,Reddit_Commento,6
r_70639ed0bc22,Reddit_Commento,5
r_d666ba009edb,Reddit_Commento,10
r_ef2f0df076b3,Reddit_Commento,13
r_7bcd93c94611,Reddit_Commento,3
r_e6dcccecd456,Reddit_Commento,11
r_1cfcd31af13f,Reddit_Commento,10
r_1c6a64e6a851,Reddit_Commento,11
r_27fa6a2856c1,Reddit_Commento,11
r_658fdd720cfc,Reddit_Commento,11
r_b7ee0c23ffc7,Reddit_Commento,11
r_de0cb8eeb6cf,Reddit_Commento,11
r_7ed97e1763e9,Reddit_Commento,11
r_ff0906376b3f,Reddit_Commento,6
r_0403a2a3973f,Reddit_Commento,10
r_9cba1e61e075,Reddit_Commento,11
r_509b4b4e0907,Reddit_Commento,10
r_2b04cf6109b5,Reddit_Commento,11
r_d1824f69656c,Reddit_Commento,14
r_07e2da6b6e69,Reddit_Commento,11
r_d319aa240571,Reddit_Commento,6
r_cbe4f591af43,Reddit_Commento,4
r_e0b465addc62,Reddit_Commento,10
r_0395acd4e825,Reddit_Commento,11
r_08c243e71895,Reddit_Commento,11
r_8126049f5559,Reddit_Commento,11
r_d7f892e08a28,Reddit_Commento,11
r_9805421610e3,Reddit_Commento,11
r_2859499080ee,Reddit_Commento,11
r_401785acfde2,Reddit_Commento,6
r_4821b7f4107b,Reddit_Commento,11
r_e6b0edbdc08b,Reddit_Commento,10
r_9522b26474c5,Reddit_Commento,11
r_37f0f71867b7,Reddit_Commento,11
r_1c26578ff534,Reddit_Commento,1
r_cb40a39c6d57,Reddit_Commento,11
r_eec10f1733be,Reddit_Commento,11
r_1d43198af8aa,Reddit_Commento,5
r_31192ab4a0d6,Reddit_Commento,11
r_eb9cfee91dee,Reddit_Commento,11
r_cb57bad54038,Reddit_Commento,5
r_7b99c86f54df,Reddit_Commento,11
r_dbec1b2f3f28,Reddit_Commento,11
r_5be9a47648cc,Reddit_Commento,11
r_4e47bcae9281,Reddit_Commento,11
r_091a769abbab,Reddit_Commento,2
r_142102ecf6ff,Reddit_Commento,11
r_aeb534851ee3,Reddit_Commento,5
r_df6bd0526727,Reddit_Commento,2
r_23816fbf3887,Reddit_Commento,11
r_18aa78124a13,Reddit_Commento,7
r_4006e7cbecab,Reddit_Commento,5
r_2eb60f562c67,Reddit_Commento,11
r_9946e2fcfa28,Reddit_Commento,10
r_0c227a9edb7a,Reddit_Commento,11
r_c521dfc97f7e,Reddit_Commento,12
r_6e95af7d5e7c,Reddit_Commento,13
r_c304e2d28df1,Reddit_Commento,11
r_89ddcb3d2c8c,Reddit_Commento,12
r_443f6d477da9,Reddit_Commento,12
r_e5597c7b08ce,Reddit_Commento,2
r_d1144576af0b,Reddit_Commento,11
r_821102449c93,Reddit_Commento,11
r_0769fe31a43f,Reddit_Commento,8
r_b8e4d7ad90fe,Reddit_Commento,3
r_d38256859ff8,Reddit_Commento,11
r_537dffb998ac,Reddit_Commento,6
r_1228b525d82f,Reddit_Commento,11
r_6fc249774fa0,Reddit_Commento,11
r_90439b42e7e9,Reddit_Commento,10
r_1338c22806d8,Reddit_Commento,11
r_2ce738a92319,Reddit_Commento,13
r_30925db8f3cb,Reddit_Commento,13
r_e0db781f292e,Reddit_Commento,11
r_7c23d960c68e,Reddit_Commento,11
r_aff7dbf48d9b,Reddit_Commento,11
r_954e29a1c295,Reddit_Commento,11
r_4f3ffdd93cdf,Reddit_Commento,2
r_0ec29d408d07,Reddit_Commento,11
r_ccb4b7b25787,Reddit_Commento,11
r_04b08de836c2,Reddit_Commento,11
r_ea9bfdafe20a,Reddit_Commento,11
r_1f4f43eb667e,Reddit_Commento,9
r_ba709f0f544f,Reddit_Commento,13
r_243bf24a064a,Reddit_Commento,11
r_c3c6402aa518,Reddit_Commento,11
r_a4c6121810f3,Reddit_Commento,11
r_b34b3b025791,Reddit_Commento,12
r_2e344cbdd492,Reddit_Commento,0
r_f669235bc533,Reddit_Commento,11
r_35c6ce6558e1,Reddit_Commento,10
r_5dbc5167c8d1,Reddit_Commento,2
r_0d4af39138ea,Reddit_Commento,11
r_7666b76f09d7,Reddit_Commento,11
r_a33077a7f597,Reddit_Commento,12
r_df9841d6816b,Reddit_Commento,11
r_89ed600b6aac,Reddit_Commento,11
r_d11153cc992f,Reddit_Commento,11
r_64ef4819c926,Reddit_Commento,11
r_426baf8189f2,Reddit_Commento,12
r_f585a81b7cbc,Reddit_Commento,11
r_4777246937d3,Reddit_Commento,7
r_8a5a95a45e20,Reddit_Commento,11
r_483ce3579899,Reddit_Commento,11
r_8d88dee2f6c5,Reddit_Commento,11
r_e1e7fa57359c,Reddit_Commento,14
r_d80d37d2de9a,Reddit_Commento,11
r_94f2d9205ea9,Reddit_Commento,11
r_495e55c0e922,Reddit_Commento,10
r_80828373befa,Reddit_Commento,7
r_41e697fa193e,Reddit_Commento,13
r_75bdb02dfca6,Reddit_Commento,11
r_c34cb3599cc3,Reddit_Commento,11
r_d35a0287d367,Reddit_Commento,2
r_13d7315a970b,Reddit_Commento,12
r_68c18dd0c836,Reddit_Commento,7
r_9cd7e337664a,Reddit_Commento,11
r_10af27abf47d,Reddit_Commento,11
r_073ceb31d5ef,Reddit_Commento,11
r_6c668c2ebec3,Reddit_Commento,11
r_d898c4e44551,Reddit_Commento,2
r_30d306c20d67,Reddit_Commento,8
r_4789796ac466,Reddit_Commento,11
r_878d13532eb8,Reddit_Commento,11
r_21ad106327b6,Reddit_Commento,13
r_145f7fdb6700,Reddit_Commento,10
r_69a32591b8dc,Reddit_Commento,1
r_755b3d95230c,Reddit_Commento,11
r_dd6577c79d19,Reddit_Commento,10
r_b7de45b1340b,Reddit_Commento,13
r_a63dc65ce303,Reddit_Commento,11
r_c64ba77966ba,Reddit_Commento,11
r_d926fcf10ce0,Reddit_Commento,11
r_3594a2634880,Reddit_Commento,2
r_9b2358ab4db1,Reddit_Commento,6
r_455e83520f5f,Reddit_Commento,11
r_826b5737026d,Reddit_Commento,10
r_10d2ef4d5c48,Reddit_Commento,10
r_7b87b8603be3,Reddit_Commento,10
r_d6dda6198f68,Reddit_Commento,11
r_0bca23fd9827,Reddit_Commento,14
r_abe192209ae8,Reddit_Commento,11
r_03403d0a8216,Reddit_Commento,10
r_d39aee9f95bb,Reddit_Commento,6
r_092250ec3e44,Reddit_Commento,11
r_763fec670c47,Reddit_Commento,10
r_a4a464a45d68,Reddit_Commento,3
r_8b3689335816,Reddit_Commento,5
r_5dd8c5e7d919,Reddit_Commento,11
r_178588c61581,Reddit_Commento,6
r_57ec2d13cf19,Reddit_Commento,11
r_2357ea6c8be5,Reddit_Commento,12
r_97ba759f7309,Reddit_Commento,2
r_d62ea5aa2311,Reddit_Commento,13
r_f14d5cd13c75,Reddit_Commento,13
r_bf1d969d785f,Reddit_Commento,11
r_721b7ae302d5,Reddit_Commento,11
r_314a9e0d98dd,Reddit_Commento,14
r_ca77a1927f7b,Reddit_Commento,11
r_c68e0303d830,Reddit_Commento,11
r_6ddd10ed4283,Reddit_Commento,13
r_b1628bd8f21f,Reddit_Commento,10
r_fea4190dcbe7,Reddit_Commento,12
r_9a707907fdd6,Reddit_Commento,11
r_4d5955005153,Reddit_Commento,10
r_bfac64a335a4,Reddit_Commento,3
r_84ebc007bea3,Reddit_Commento,2
r_7e8bf77392ea,Reddit_Commento,11
r_bf7874176dc8,Reddit_Commento,3
r_f34058a71e4e,Reddit_Commento,13
r_9201a775606e,Reddit_Commento,4
r_e976a506a7ca,Reddit_Commento,6
r_f10c920b0420,Reddit_Commento,11
r_e4ef59efefb6,Reddit_Commento,11
r_72ad63beabb9,Reddit_Commento,5
r_fe98dcd773bf,Reddit_Commento,12
r_54c238e2dc2f,Reddit_Commento,11
r_dc4bb50808a7,Reddit_Commento,14
r_3631d99ee60f,Reddit_Commento,10
r_1e60ee171e7d,Reddit_Commento,11
r_ab42b8db8e29,Reddit_Commento,10
r_efe5da472889,Reddit_Commento,11
r_9814b1e0079d,Reddit_Commento,10
r_89ef98fa6241,Reddit_Commento,8
r_c2b3940a7af3,Reddit_Commento,11
r_e1cf02a77ba6,Reddit_Commento,6
r_71905889044f,Reddit_Commento,11
r_fd7d8aa3ed67,Reddit_Commento,11
r_1428fc1460c3,Reddit_Commento,5
r_921cd98af666,Reddit_Commento,11
r_27f88048e728,Reddit_Commento,13
r_9ead9784ee77,Reddit_Commento,11
r_a19cbca6ede0,Reddit_Commento,2
r_50f2f4a63526,Reddit_Commento,11
r_c327fa4e6065,Reddit_Commento,11
r_6637d154ed81,Reddit_Commento,11
r_a878d6c1a695,Reddit_Commento,11
r_77912d19998b,Reddit_Commento,12
r_0153470d9468,Reddit_Commento,11
r_5b7a28c19612,Reddit_Commento,2
r_f01d62b7ae2b,Reddit_Commento,11
r_e41c92f7b22e,Reddit_Commento,11
r_fb837917b485,Reddit_Commento,6
r_8dd00dae6cbe,Reddit_Commento,11
r_281681ffb973,Reddit_Commento,6
r_bd96e1912671,Reddit_Commento,11
r_1ae057d9d250,Reddit_Commento,12
r_f098069bea9a,Reddit_Commento,11
r_b03421c030dc,Reddit_Commento,11
r_65bab1065750,Reddit_Commento,12
r_8dae1e18b42b,Reddit_Commento,5
r_50d0fe9c9b57,Reddit_Commento,11
r_25a4c6b32dc0,Reddit_Commento,2
r_9563302a6a86,Reddit_Commento,10
r_60b3df1c7ea1,Reddit_Commento,11
r_2038396566f4,Reddit_Commento,2
r_39df8cbe8e44,Reddit_Commento,11
r_f790fec621e6,Reddit_Commento,11
r_110d4919dc99,Reddit_Commento,11
r_8bec29b3a3dd,Reddit_Commento,11
r_e40156ff22af,Reddit_Commento,11
r_0e5f1db7aa86,Reddit_Commento,11
r_8e86cc7df052,Reddit_Commento,11
r_bc05be54c423,Reddit_Commento,11
r_8314d026e807,Reddit_Commento,10
r_ff891a780eca,Reddit_Commento,9
r_810c3454634b,Reddit_Commento,3
r_f29023f97c5b,Reddit_Commento,11
r_a7025f2b1300,Reddit_Commento,3
r_ca6cbb30db2b,Reddit_Commento,11
r_c7b94aa8b78e,Reddit_Commento,2
r_738de1d8d347,Reddit_Commento,2
r_ed7fdd635f7a,Reddit_Commento,2
r_199e976fb7a5,Reddit_Commento,11
r_b950711d1df8,Reddit_Commento,11
r_98937d37f8ca,Reddit_Commento,11
r_1be06245436c,Reddit_Commento,12
r_91602df7a392,Reddit_Commento,3
r_39d0366b3fc9,Reddit_Commento,8
r_146750653f74,Reddit_Commento,3
r_b0214b48eb54,Reddit_Commento,14
r_e96b46136e14,Reddit_Commento,11
r_f9c8d749a630,Reddit_Commento,11
r_6e5809310205,Reddit_Commento,2
r_720fa7b396a5,Reddit_Commento,2
r_0bfed169de5b,Reddit_Commento,2
r_4e4712691ef8,Reddit_Commento,2
r_ba2e38711230,Reddit_Commento,12
r_825b9db3eb4d,Reddit_Commento,2
r_5a8c1c4c3a8f,Reddit_Commento,11
r_625a116ec4c9,Reddit_Commento,5
r_756daf642ad6,Reddit_Commento,10
r_bf5611e28e3a,Reddit_Commento,11
r_2532dc795feb,Reddit_Commento,9
r_f8817bf0f050,Reddit_Commento,13
r_8c0e286c1580,Reddit_Commento,2
r_4419fd0b99d1,Reddit_Commento,13
r_cb7e04d91466,Reddit_Commento,11
r_af204e36812b,Reddit_Commento,8
r_71d31913409b,Reddit_Commento,10
r_616b2240133b,Reddit_Commento,11
r_899783b74ba6,Reddit_Commento,3
r_1325a26bdb10,Reddit_Commento,10
r_1118a650cb22,Reddit_Commento,13
r_38221a5f2ada,Reddit_Commento,11
r_c949545da097,Reddit_Commento,11
r_075b9cbe141c,Reddit_Commento,10
r_51a73fd343d6,Reddit_Commento,13
r_059087e7627d,Reddit_Commento,1
r_d60098da5f75,Reddit_Commento,2
r_ec2bd2a12746,Reddit_Commento,5
r_6a1970510b28,Reddit_Commento,11
r_5abe0f781ca5,Reddit_Commento,11
r_019d1d67c818,Reddit_Commento,11
r_4222cba9dc2d,Reddit_Commento,3
r_f4358bd7ec4e,Reddit_Commento,8
r_97f366fea157,Reddit_Commento,11
r_2b6147e0234f,Reddit_Commento,3
r_b3662e31a5b1,Reddit_Commento,11
r_7f78f4a53e79,Reddit_Commento,13
r_cde0fa58c208,Reddit_Commento,11
r_5e3998006650,Reddit_Commento,3
r_6c73f1a1ee38,Reddit_Commento,11
r_888dfd975208,Reddit_Commento,14
r_d4642557d634,Reddit_Commento,3
r_2d07ff33fd95,Reddit_Commento,3
r_63495b7e25f4,Reddit_Commento,11
r_94742aa16528,Reddit_Commento,11
r_35b2a2a924e0,Reddit_Commento,0
r_3aff8cbfeef0,Reddit_Commento,11
r_414f712b93f4,Reddit_Commento,13
r_641bd5620b4c,Reddit_Commento,3
r_1edc7c59afdc,Reddit_Commento,2
r_86a5fdbfab4d,Reddit_Commento,2
r_b0d57575f44f,Reddit_Commento,2
r_88aa4f05ef98,Reddit_Commento,11
r_c7ded22a3f7c,Reddit_Commento,3
r_0a26d6435fb2,Reddit_Commento,6
r_c80e5c06f8dd,Reddit_Commento,2
r_9c5cb7f4f313,Reddit_Commento,13
r_e6b6a73db773,Reddit_Commento,5
r_790cc773057e,Reddit_Commento,2
r_716a642af60c,Reddit_Commento,11
r_56bc81fd65d4,Reddit_Commento,11
r_58e06083e210,Reddit_Commento,11
r_622adb5d5767,Reddit_Commento,5
r_29129ee4ad34,Reddit_Commento,3
r_a0ec04b663d5,Reddit_Commento,3
r_7ca274c86fb5,Reddit_Commento,2
r_4eab0bdc3dd6,Reddit_Commento,2
r_b48bef51c220,Reddit_Commento,13
r_ae1060398c78,Reddit_Commento,11
r_34e48407e38a,Reddit_Commento,10
r_4016036c3387,Reddit_Commento,13
r_94b03b993f2e,Reddit_Commento,11
r_cc21ec841555,Reddit_Commento,13
r_9854c85cb87d,Reddit_Commento,11
r_8cf301e95002,Reddit_Commento,11
r_438c25e5a25e,Reddit_Commento,11
r_09b795f4090f,Reddit_Commento,13
r_2f5688ddfe43,Reddit_Commento,12
r_ec7f2e77e4a3,Reddit_Commento,10
r_2075b01832c7,Reddit_Commento,11
r_19957a3bd241,Reddit_Commento,11
r_3a89435ae337,Reddit_Commento,11
r_7a5fc0b01910,Reddit_Commento,11
r_500408f72528,Reddit_Commento,11
r_1a1bc23c37af,Reddit_Commento,12
r_04e2fa8d67e0,Reddit_Commento,11
r_66ebd84696d6,Reddit_Commento,11
r_8c9484f40c93,Reddit_Commento,10
r_d6f5bd404e23,Reddit_Commento,11
r_bfd1e56bbf94,Reddit_Commento,11
r_ae6e37175632,Reddit_Commento,2
r_e9f733341624,Reddit_Commento,2
r_50694bcea958,Reddit_Commento,11
r_449b4f8e89be,Reddit_Commento,5
r_6eddfc6a07f7,Reddit_Commento,11
r_a3b5fcf3f3be,Reddit_Commento,11
r_3cb5f0ff85a9,Reddit_Commento,3
r_0f15f9f49b14,Reddit_Commento,10
r_afa82cb631bc,Reddit_Commento,5
r_0b80872f76b6,Reddit_Commento,5
r_33921fa6bd16,Reddit_Commento,5
r_64a8803587aa,Reddit_Commento,11
r_2785f16117c5,Reddit_Commento,11
r_32312aa035ef,Reddit_Commento,2
r_9187ea52a246,Reddit_Commento,13
r_795d2732b047,Reddit_Commento,8
r_b5875ef2603a,Reddit_Commento,11
r_88a9b3ebd13f,Reddit_Commento,11
r_f7a5d9775c25,Reddit_Commento,11
r_a7c01475fab5,Reddit_Commento,11
r_07bfb6a7c417,Reddit_Commento,11
r_2e388998cfad,Reddit_Commento,11
r_3e692f3c7e80,Reddit_Commento,11
r_e8f981e7a28d,Reddit_Commento,10
r_69292ba08ba1,Reddit_Commento,13
r_c406e0da368a,Reddit_Commento,11
r_426871e53f7a,Reddit_Commento,11
r_a5a4590c3b5f,Reddit_Commento,11
r_25df52ac63ad,Reddit_Commento,11
r_d8a265777b66,Reddit_Commento,11
r_40f3fa6d75b7,Reddit_Commento,11
r_9d8e2c5f26e7,Reddit_Commento,11
r_f68ba9fc7b0a,Reddit_Commento,10
r_2bd595200fda,Reddit_Commento,5
r_a63cfc1cd9ff,Reddit_Commento,11
r_1d5af28ee2da,Reddit_Commento,14
r_c40c05b3ee66,Reddit_Commento,3
r_475e7cea95e2,Reddit_Commento,11
r_532d66eb54f6,Reddit_Commento,2
r_e7a3178d844b,Reddit_Commento,11
r_3eb2f4b8d850,Reddit_Commento,11
r_7a007ddbd939,Reddit_Commento,2
r_4ce62f09b0b6,Reddit_Commento,11
r_44172aebf8ff,Reddit_Commento,11
r_2c97740bbd3e,Reddit_Commento,10
r_8cdc4737a59c,Reddit_Commento,13
r_4be250c44c44,Reddit_Commento,5
r_ca8a99ef157f,Reddit_Commento,11
r_0c14fc2c1fbd,Reddit_Commento,2
r_5198d2459f4e,Reddit_Commento,2
r_a358894ac873,Reddit_Commento,11
r_0de9df7e5ce2,Reddit_Commento,11
r_f0378cba3dc6,Reddit_Commento,11
r_fc47e7ebdaf3,Reddit_Commento,11
r_d348d8d6d6c9,Reddit_Commento,14
r_d605b811461a,Reddit_Commento,11
r_765a2dfe048b,Reddit_Commento,4
r_c927009420ad,Reddit_Commento,10
r_2926b23a7ba9,Reddit_Commento,11
r_5360a43a6e84,Reddit_Commento,10
r_acfa54825943,Reddit_Commento,9
r_f5decb5adabc,Reddit_Commento,11
r_41c1bc0faa5e,Reddit_Commento,12
r_3ef2229d9041,Reddit_Commento,5
r_a94718e7ed7b,Reddit_Commento,2
r_40057325675e,Reddit_Commento,13
r_3c5fdb78b5ab,Reddit_Commento,11
r_4accd1941eea,Reddit_Commento,6
r_0679d817d8e3,Reddit_Commento,13
r_0e9893a7f72f,Reddit_Commento,11
r_39b7e2922850,Reddit_Commento,13
r_9ca15021d915,Reddit_Commento,13
r_2def42d1f518,Reddit_Commento,11
r_5f0b46f4fe95,Reddit_Commento,11
r_05b684528de7,Reddit_Commento,5
r_89b6dbac4f4b,Reddit_Commento,2
r_1108efa8e8b6,Reddit_Commento,7
r_24fd35b1940b,Reddit_Commento,11
r_dd6181a8904d,Reddit_Commento,10
r_2fd10cda4075,Reddit_Commento,3
r_426334628d11,Reddit_Commento,2
r_8bc56098cc92,Reddit_Commento,14
r_389c1f2a3af2,Reddit_Commento,2
r_431d0ce4490c,Reddit_Commento,6
r_d418f9406e18,Reddit_Commento,13
r_18f32bad8acd,Reddit_Commento,5
r_a0bf3398227d,Reddit_Commento,11
r_a8889cd51daa,Reddit_Commento,6
r_91e47df01db0,Reddit_Commento,4
r_cbea35744db5,Reddit_Commento,11
r_1cbf84b94e7f,Reddit_Commento,13
r_e1b8184a163a,Reddit_Commento,2
r_ae17c2620207,Reddit_Commento,11
r_e13da2c3b4d7,Reddit_Commento,11
r_a191e5ac1f48,Reddit_Commento,3
r_abd7f97ead07,Reddit_Commento,13
r_84c94f065dfb,Reddit_Commento,11
r_4e284f215dab,Reddit_Commento,0
r_1d72625f0134,Reddit_Commento,11
r_9668a06e9684,Reddit_Commento,11
r_ec6b071cdc90,Reddit_Commento,2
r_b04974a09732,Reddit_Commento,12
r_afec34beaa36,Reddit_Commento,3
r_c49760da2736,Reddit_Commento,7
r_319a0135196c,Reddit_Commento,5
r_c49cc609e092,Reddit_Commento,13
r_f367fef7179c,Reddit_Commento,10
r_ba2d932544c8,Reddit_Commento,5
r_0c78e22299c7,Reddit_Commento,11
r_a785de785c0b,Reddit_Commento,3
r_134b3bf424a5,Reddit_Commento,11
r_d86e6fa8115a,Reddit_Commento,11
r_844d3d7a69c4,Reddit_Commento,11
r_0c5748987a1d,Reddit_Commento,12
r_b3677b5c277e,Reddit_Commento,2
r_a6a079579268,Reddit_Commento,11
r_1fe610e0fcb2,Reddit_Commento,11
r_d524e599ce75,Reddit_Commento,2
r_40ae11e9934b,Reddit_Commento,13
r_dbd41c10c798,Reddit_Commento,13
r_11767cbe2fcc,Reddit_Commento,11
r_15e4fe438d44,Reddit_Commento,11
r_d17ac655821a,Reddit_Commento,2
r_07d6376d898a,Reddit_Commento,11
r_6bdb63775597,Reddit_Commento,11
r_c0c9a59df665,Reddit_Commento,4
r_8892af5b0fed,Reddit_Commento,13
r_1dcc049825a2,Reddit_Commento,11
r_0c7d645915d2,Reddit_Commento,12
r_0b2c037ef9cd,Reddit_Commento,8
r_bee39b6a94da,Reddit_Commento,11
r_b9e1b0012c08,Reddit_Commento,11
r_ee568fde67c3,Reddit_Commento,11
r_32186c4462ec,Reddit_Commento,14
r_bcdf7de3af78,Reddit_Commento,11
r_5c05bff72395,Reddit_Commento,11
r_30f86ea21725,Reddit_Commento,11
r_1213c8b53975,Reddit_Commento,2
r_33c756cc300e,Reddit_Commento,2
r_ab9aa1c9a9fc,Reddit_Commento,11
r_ef47ee5a9dd5,Reddit_Commento,3
r_7f67b8a700c0,Reddit_Commento,10
r_c23fb056a1f0,Reddit_Commento,13
r_d1b1bf3e697b,Reddit_Commento,11
r_4d38295b7ce4,Reddit_Commento,3
r_b914f56064de,Reddit_Commento,0
r_d35dfe16ca60,Reddit_Commento,2
r_cce5e326c546,Reddit_Commento,11
r_bc811b12fe01,Reddit_Commento,13
r_f1608b6742a5,Reddit_Commento,11
r_a0de44b65439,Reddit_Commento,11
r_5c32c818a688,Reddit_Commento,11
r_88ffae1fbefe,Reddit_Commento,11
r_4a22a551e636,Reddit_Commento,11
r_bfda6e63884d,Reddit_Commento,13
r_774d5bb22a53,Reddit_Commento,11
r_d62264b247cf,Reddit_Commento,12
r_cda6016b5536,Reddit_Commento,12
r_5394217d59f3,Reddit_Commento,11
r_7b9f24daa8cf,Reddit_Commento,11
r_7a7ceff3326d,Reddit_Commento,11
r_ca7243a03ba7,Reddit_Commento,11
r_4388fc79a241,Reddit_Commento,11
r_288b4991ec48,Reddit_Commento,11
r_13df1ea162ca,Reddit_Commento,2
r_0aa044b1ced5,Reddit_Commento,4
r_4ba5e81f419a,Reddit_Commento,11
r_c31727f814c3,Reddit_Commento,3
r_0c13e2e2bb1b,Reddit_Commento,8
r_ed71a91328f3,Reddit_Commento,11
r_5873aa2f442b,Reddit_Commento,13
r_80e5da383cdd,Reddit_Commento,10
r_7704b6582b02,Reddit_Commento,8
r_2573a813af92,Reddit_Commento,11
r_051c54f8444a,Reddit_Commento,2
r_88e0c9ffe1fd,Reddit_Commento,11
r_154c7c52c686,Reddit_Commento,13
r_005ea6cd3eb2,Reddit_Commento,11
r_c0d13da2562f,Reddit_Commento,5
r_1e277e5848c4,Reddit_Commento,10
r_db3292911e0a,Reddit_Commento,2
r_a05bae6f5c20,Reddit_Commento,11
r_4c553d960ff8,Reddit_Commento,11
r_550e46e83df2,Reddit_Commento,3
r_d522df49b15e,Reddit_Commento,10
r_bd5de7a58cba,Reddit_Commento,2
r_da1b415ed322,Reddit_Commento,2
r_1111e60c217e,Reddit_Commento,6
r_2792b8b7b0e9,Reddit_Commento,11
r_6db9d2d627b1,Reddit_Commento,11
r_068cd2853612,Reddit_Commento,11
r_ce5fa2154e74,Reddit_Commento,2
r_227be86ec090,Reddit_Commento,11
r_776c60945f2f,Reddit_Commento,13
r_61a0ccc05bfe,Reddit_Commento,14
r_46c015da8e53,Reddit_Commento,11
r_cd459e24267e,Reddit_Commento,11
r_72f20492b8b2,Reddit_Commento,11
r_8c4dc8977ec0,Reddit_Commento,11
r_4dbff8371e8d,Reddit_Commento,10
r_db5c1b32ac3a,Reddit_Commento,7
r_24a9e763193d,Reddit_Commento,11
r_6408a3bd1400,Reddit_Commento,13
r_396e33bc8b9f,Reddit_Commento,5
r_cd0047822486,Reddit_Commento,2
r_26043345cceb,Reddit_Commento,11
r_aca8c95ffa39,Reddit_Commento,10
r_6bffad6a65bd,Reddit_Commento,10
r_49cb232318e7,Reddit_Commento,2
r_84ce6a2f13c4,Reddit_Commento,4
r_81360eeddb08,Reddit_Commento,10
r_96dacba8a573,Reddit_Commento,11
r_83069c1a404d,Reddit_Commento,2
r_ee9766d58f1a,Reddit_Commento,11
r_94af5d687d14,Reddit_Commento,11
r_9da87ccd6cd7,Reddit_Commento,11
r_03f7df92e956,Reddit_Commento,13
r_97293efbb017,Reddit_Commento,10
r_4e9ec213e086,Reddit_Commento,2
r_c1d922c5353e,Reddit_Commento,14
r_b755536cc3db,Reddit_Commento,14
r_49060e7a966d,Reddit_Commento,11
r_42741315eb39,Reddit_Commento,14
r_b45db388fedc,Reddit_Commento,11
r_0057c4ac4f24,Reddit_Commento,12
r_7154200a5760,Reddit_Commento,11
r_9303cd9f64ec,Reddit_Commento,0
r_678dea7a2114,Reddit_Commento,11
r_9bfdbea14fa3,Reddit_Commento,11
r_ecdcf4826f22,Reddit_Commento,2
r_4628dd844782,Reddit_Commento,10
r_27e1da6a523b,Reddit_Commento,2
r_32b6cc709566,Reddit_Commento,11
r_ffb76db689e4,Reddit_Commento,11
r_17f9384bfd05,Reddit_Commento,11
r_4ef4c80dfc5d,Reddit_Commento,11
r_2c56981483af,Reddit_Commento,11
r_d9b0d805ccb2,Reddit_Commento,12
r_4b25c3960d3d,Reddit_Commento,1
r_c27ab475e7a9,Reddit_Commento,5
r_caa1c7fc994a,Reddit_Commento,11
r_23e350ccaa95,Reddit_Commento,11
r_35661f335221,Reddit_Commento,11
r_f59a08a6bb06,Reddit_Commento,5
r_6e69e816aee6,Reddit_Commento,11
r_da178541dabe,Reddit_Commento,11
r_7c4bf9e99efa,Reddit_Commento,11
r_00d39f8017de,Reddit_Commento,11
r_b6f205b162f4,Reddit_Commento,2
r_cfc859332d8a,Reddit_Commento,14
r_70f83caa2da3,Reddit_Commento,13
r_10e1e3d228e3,Reddit_Commento,11
r_e25ab3ac5489,Reddit_Commento,1
r_d2ea0de46e3b,Reddit_Commento,13
r_2d7b3aab71f5,Reddit_Commento,11
r_fa4efb3823bd,Reddit_Commento,11
r_100b6785385e,Reddit_Commento,3
r_6c020bf85892,Reddit_Commento,11
r_144ea04461d3,Reddit_Commento,11
r_e98ae86cd4c5,Reddit_Commento,11
r_660e89359f47,Reddit_Commento,11
r_23a4dc530a0a,Reddit_Commento,11
r_c9b47741d456,Reddit_Commento,11
r_37e28b0b5d1e,Reddit_Commento,11
r_babc2c86d761,Reddit_Commento,14
r_f07a9ba844f7,Reddit_Commento,7
r_02330af48b53,Reddit_Commento,11
r_f206a81393af,Reddit_Commento,11
r_f3fd5495b2d2,Reddit_Commento,11
r_a2c8b840fd43,Reddit_Commento,11
r_fd6cfcd803ef,Reddit_Commento,10
r_8220d125ed5e,Reddit_Commento,12
r_63c5ea2d0a23,Reddit_Commento,14
r_e6204ed84afa,Reddit_Commento,12
r_fc38973c5dcc,Reddit_Commento,11
r_3f158f3d431d,Reddit_Commento,12
r_0ee4f1d221f8,Reddit_Commento,11
r_4cf5e6e3d0a7,Reddit_Commento,10
r_01827127e403,Reddit_Commento,13
r_e25864b3b716,Reddit_Commento,6
r_0282a118fcf9,Reddit_Commento,0
r_0d87281b6bde,Reddit_Commento,11
r_073016a22240,Reddit_Commento,11
r_53dcb0eb7e92,Reddit_Commento,11
r_d709b85d6436,Reddit_Commento,2
r_a718b62a3151,Reddit_Commento,12
r_af03228ab277,Reddit_Commento,10
r_4813d5e37783,Reddit_Commento,11
r_c474bbea21a4,Reddit_Commento,10
r_e1958df9744f,Reddit_Commento,11
r_49d8c27a3a05,Reddit_Commento,3
r_c23ef5001c2a,Reddit_Commento,10
r_2d699279d960,Reddit_Commento,13
r_c0cc4f861abb,Reddit_Commento,11
r_932d42696151,Reddit_Commento,3
r_57d28f29d12f,Reddit_Commento,11
r_dfab09308d25,Reddit_Commento,11
r_90ab8b8e6499,Reddit_Commento,10
r_7b74401f1142,Reddit_Commento,2
r_ca1c73efda12,Reddit_Commento,11
r_ff326dbf9839,Reddit_Commento,11
r_0f955ea27027,Reddit_Commento,2
r_9f90f8e72545,Reddit_Commento,11
r_4c2f99a166ec,Reddit_Commento,11
r_6d1dd18d501b,Reddit_Commento,12
r_bba20c6221e6,Reddit_Commento,10
r_df4abe1159bd,Reddit_Commento,10
r_7820f6242d37,Reddit_Commento,10
r_f9387fade28f,Reddit_Commento,11
r_0fc5873f1208,Reddit_Commento,10
r_ece625fd7715,Reddit_Commento,11
r_1f7f016e87ac,Reddit_Commento,11
r_2d6752c13ad6,Reddit_Commento,11
r_f30fdb9ab372,Reddit_Commento,14
r_2997ffd1f024,Reddit_Commento,11
r_9dd222ec4f80,Reddit_Commento,13
r_0ec1de71e059,Reddit_Commento,10
r_7bdaccfbbf04,Reddit_Commento,8
r_818e245c269c,Reddit_Commento,10
r_c21db5747f30,Reddit_Commento,11
r_4a9f39da9252,Reddit_Commento,10
r_a7f1d82d6a9d,Reddit_Commento,11
r_098643a27f85,Reddit_Commento,11
r_9fd997889737,Reddit_Commento,10
r_af4abbb3a33c,Reddit_Commento,11
r_f12c352ad773,Reddit_Commento,10
r_e875b6a20be5,Reddit_Commento,9
r_9302bbee8c2a,Reddit_Commento,11
r_b86cfc5d4aa3,Reddit_Commento,5
r_42b726914fd5,Reddit_Commento,10
r_7bb699310f5c,Reddit_Commento,11
r_d9b811887bc2,Reddit_Commento,11
r_1c43c25b1a7b,Reddit_Commento,13
r_d6785af4371f,Reddit_Commento,11
r_482de3a9f4be,Reddit_Commento,14
r_ab6b5a196f4d,Reddit_Commento,11
r_074da62dbf3f,Reddit_Commento,11
r_395589bf8f0d,Reddit_Commento,12
r_49f86e452b64,Reddit_Commento,12
r_a59bca569754,Reddit_Commento,10
r_9ceebfb00bb2,Reddit_Commento,1
r_f09a11ed45c2,Reddit_Commento,12
r_cd9bb93614d4,Reddit_Commento,11
r_101e15e06184,Reddit_Commento,11
r_c0959d41e6ad,Reddit_Commento,11
r_24e6d899eddb,Reddit_Commento,10
r_ccde97752805,Reddit_Commento,11
r_a40edd66d273,Reddit_Commento,11
r_29340c75c4dd,Reddit_Commento,11
r_82577bcd4f49,Reddit_Commento,2
r_41c547593378,Reddit_Commento,5
r_041358cf9556,Reddit_Commento,10
r_39738592717c,Reddit_Commento,13
r_82b4293ace16,Reddit_Commento,8
r_26abc85b102c,Reddit_Commento,11
r_a995829f321b,Reddit_Commento,13
r_8fa5c6c4b118,Reddit_Commento,11
r_2bd15d941a4f,Reddit_Commento,11
r_26fae0140827,Reddit_Commento,11
r_0a17a85cc1f5,Reddit_Commento,2
r_19772216fab2,Reddit_Commento,11
r_b0d145b2c96b,Reddit_Commento,13
r_382b8806359d,Reddit_Commento,10
r_e90c1c15e4a5,Reddit_Commento,10
r_58f9539c2838,Reddit_Commento,5
r_14270c65e5ab,Reddit_Commento,6
r_28862a1e3d8b,Reddit_Commento,11
r_89c938cbc1f9,Reddit_Commento,2
r_5adfbd24a3cf,Reddit_Commento,2
r_68f773e94839,Reddit_Commento,11
r_45e37d3974ba,Reddit_Commento,4
r_e90f4ea2ac46,Reddit_Commento,12
r_d3f664a46159,Reddit_Commento,11
r_9c71eb512f49,Reddit_Commento,10
r_d41d4bec84ac,Reddit_Commento,13
r_fbd4f968febb,Reddit_Commento,11
r_b301a56fcb27,Reddit_Commento,14
r_4d22155f5ebd,Reddit_Commento,2
r_108b631983cb,Reddit_Commento,11
r_59e46c076fef,Reddit_Commento,11
r_20ec6fd97533,Reddit_Commento,10
r_90327f29e030,Reddit_Commento,14
r_429c0537577a,Reddit_Commento,11
r_df5b83de50e5,Reddit_Commento,11
r_acbae9dc0462,Reddit_Commento,11
r_35a9a17dd285,Reddit_Commento,13
r_c6aa901d9a04,Reddit_Commento,10
r_999e193381f8,Reddit_Commento,10
r_b6f973a92cbb,Reddit_Commento,11
r_4af8855f1a89,Reddit_Commento,3
r_ca905d4b417d,Reddit_Commento,11
r_a573431d2581,Reddit_Commento,13
r_120110eb2a49,Reddit_Commento,8
r_548e79aa1b4a,Reddit_Commento,11
r_a6c74feac97c,Reddit_Commento,7
r_b81fa96962e8,Reddit_Commento,11
r_2cb5d0b1081d,Reddit_Commento,5
r_f8cc30d17356,Reddit_Commento,4
r_b32616b1f03e,Reddit_Commento,12
r_38c936385d9e,Reddit_Commento,5
r_d9b4cfce18dd,Reddit_Commento,13
r_4ea73eef42cb,Reddit_Commento,11
r_bcde7e3eaeee,Reddit_Commento,6
r_ef7dcb8da135,Reddit_Commento,4
r_3a45c74014dd,Reddit_Commento,11
r_ef62c9ca697f,Reddit_Commento,12
r_288175073c34,Reddit_Commento,3
r_d2fb9b889582,Reddit_Commento,11
r_cb2958cdf3f9,Reddit_Commento,11
r_99d6cd8de586,Reddit_Commento,7
r_2e0e8df5b989,Reddit_Commento,10
r_e0193d540f0e,Reddit_Commento,11
r_305154c6e9f2,Reddit_Commento,12
r_f7ac11c4d35c,Reddit_Commento,10
r_2ed87044e472,Reddit_Commento,11
r_5cd1df4f8a5d,Reddit_Commento,11
r_1e659b0f74d3,Reddit_Commento,5
r_06564c803e7a,Reddit_Commento,8
r_8eb0479c6db5,Reddit_Commento,11
r_d6f25e523765,Reddit_Commento,12
r_856312a585f6,Reddit_Commento,11
r_8b296cc6f6d3,Reddit_Commento,2
r_c4b7308c71d1,Reddit_Commento,2
r_c0cd395a06a5,Reddit_Commento,10
r_f656e6aad122,Reddit_Commento,14
r_9e07dbd5237a,Reddit_Commento,2
r_c79067e2e3c0,Reddit_Commento,11
r_6c62218ee49e,Reddit_Commento,11
r_f6d66ee21b65,Reddit_Commento,11
r_ae66ac220707,Reddit_Commento,13
r_97522d26ea70,Reddit_Commento,11
r_c37d1e82da75,Reddit_Commento,4
r_8b1ef3df7926,Reddit_Commento,0
r_d05718907553,Reddit_Commento,13
r_1ac035cb3034,Reddit_Commento,0
r_d73a67a69be7,Reddit_Commento,10
r_e28c54d1d9cc,Reddit_Commento,11
r_5a06d091e5b2,Reddit_Commento,11
r_4c75e446c0d3,Reddit_Commento,11
r_d19bdac9ad74,Reddit_Commento,13
r_5802628ac378,Reddit_Commento,10
r_802a2db8b1f5,Reddit_Commento,14
r_d7f177ac5d2e,Reddit_Commento,10
r_5bbce58ca056,Reddit_Commento,10
r_952526134d5b,Reddit_Commento,7
r_172c3ca898ae,Reddit_Commento,3
r_366e2b5aefad,Reddit_Commento,2
r_2e2c4da66877,Reddit_Commento,11
r_05de59a51787,Reddit_Commento,12
r_f27f5eb25341,Reddit_Commento,10
r_72e074cf7fd0,Reddit_Commento,11
r_1efb9c2a3111,Reddit_Commento,2
r_093f72d842de,Reddit_Commento,3
r_fb4891922a0a,Reddit_Commento,11
r_6aabe347e062,Reddit_Commento,13
r_ffc8d5755bfd,Reddit_Commento,10
r_1db768587d65,Reddit_Commento,14
r_5ab80b2be90b,Reddit_Commento,11
r_6480dd24e042,Reddit_Commento,11
r_7b45e0244c64,Reddit_Commento,11
r_12c8c4c2a44f,Reddit_Commento,6
r_413c879d6f4f,Reddit_Commento,11
r_9b73fce4da02,Reddit_Commento,11
r_8766aaae7f3e,Reddit_Commento,11
r_2172e340d919,Reddit_Commento,11
r_d59a0fbeebdf,Reddit_Commento,1
r_88410c376a35,Reddit_Commento,11
r_fd56b0c3e123,Reddit_Commento,10
r_fe01443b76ae,Reddit_Commento,10
r_d2ec759e91fa,Reddit_Commento,3
r_ec3eaa9842be,Reddit_Commento,7
r_8ffc67c120b8,Reddit_Commento,10
r_27dccf81ddae,Reddit_Commento,11
r_47a589ef1b8e,Reddit_Commento,2
r_785340c4cfe7,Reddit_Commento,10
r_6d273af777aa,Reddit_Commento,2
r_5df61be58238,Reddit_Commento,12
r_d7d7964d29d9,Reddit_Commento,13
r_8b75cc5f7667,Reddit_Commento,4
r_dbf6ecc65904,Reddit_Commento,11
r_27a2442fd44c,Reddit_Commento,3
r_d65b3dacd23f,Reddit_Commento,5
r_9089e280b938,Reddit_Commento,11
r_e13509bf7a30,Reddit_Commento,2
r_01cda1d69a8d,Reddit_Commento,8
r_f7b74b67036b,Reddit_Commento,11
r_44ebb7ec83da,Reddit_Commento,13
r_ab0610732bf2,Reddit_Commento,2
r_e07466a56003,Reddit_Commento,13
r_42cfee316a45,Reddit_Commento,5
r_b5a7428700d7,Reddit_Commento,11
r_1d0043c3e79c,Reddit_Commento,14
r_c85f98a7cdd4,Reddit_Commento,9
r_42861f13412c,Reddit_Commento,5
r_3d7904e3db4e,Reddit_Commento,11
r_dc1f8a4ee453,Reddit_Commento,12
r_9032dbbb31c9,Reddit_Commento,11
r_f5bad9ceef3e,Reddit_Commento,5
r_e6aa8ee817e3,Reddit_Commento,8
r_431e424bb471,Reddit_Commento,11
r_1fb5654637cd,Reddit_Commento,11
r_c1a52724c7df,Reddit_Commento,2
r_79685033debd,Reddit_Commento,8
r_ca148d4477d6,Reddit_Commento,11
r_388417b65c0f,Reddit_Commento,7
r_63cfd014453e,Reddit_Commento,12
r_29c138bae36c,Reddit_Commento,11
r_9cf2d59edec1,Reddit_Commento,13
r_c89ff53dee72,Reddit_Commento,10
r_d1b1e6fe7fc8,Reddit_Commento,3
r_2ac195dc9a1b,Reddit_Commento,2
r_9a5c70b0e22d,Reddit_Commento,11
r_d3d5be4be7a8,Reddit_Commento,2
r_edaad74c72b1,Reddit_Commento,11
r_d8dc4813e06f,Reddit_Commento,3
r_8c6bb6279d0a,Reddit_Commento,6
r_400a13c160a5,Reddit_Commento,2
r_4eff8af1517f,Reddit_Commento,14
r_a59603567ecc,Reddit_Commento,5
r_4bbee5b2ae38,Reddit_Commento,11
r_06458b2e1f8c,Reddit_Commento,11
r_012e78ed04b2,Reddit_Commento,6
r_f7672c88eb78,Reddit_Commento,2
r_4391770be4e6,Reddit_Commento,11
r_9adafa136d6f,Reddit_Commento,10
r_3af7f8c33734,Reddit_Commento,6
r_7aa5a4d072f2,Reddit_Commento,11
r_3a63693aa61d,Reddit_Commento,3
r_0cac31c755db,Reddit_Commento,11
r_5463a0f3fd47,Reddit_Commento,11
r_8bf003fdc441,Reddit_Commento,14
r_1dfaa612941d,Reddit_Commento,7
r_c810fb9e117f,Reddit_Commento,11
r_1f89bdfe289e,Reddit_Commento,4
r_d88b2c695ed8,Reddit_Commento,11
r_8c35cccee7de,Reddit_Commento,11
r_2dee18fdf78e,Reddit_Commento,11
r_ba6fab157bd1,Reddit_Commento,2
r_0eaa65fa423f,Reddit_Commento,11
r_95602aa3055b,Reddit_Commento,3
r_8852ff7dc0b2,Reddit_Commento,11
r_9dd4dde5b145,Reddit_Commento,11
r_a95d53aa5456,Reddit_Commento,3
r_4bf623027536,Reddit_Commento,11
r_fb4e7ad4af84,Reddit_Commento,11
r_aeed68111663,Reddit_Commento,0
r_768e59e19a3e,Reddit_Commento,11
r_a38cd8775caa,Reddit_Commento,3
r_f11cdced8664,Reddit_Commento,11
r_c5497c8714c4,Reddit_Commento,11
r_1e75b188434b,Reddit_Commento,11
r_ff8805dfaf1a,Reddit_Commento,11
r_4f8523060d74,Reddit_Commento,11
r_da84899c091b,Reddit_Commento,11
r_12737ab9b99c,Reddit_Commento,11
r_9fe4dd345782,Reddit_Commento,11
r_099eb6b0412d,Reddit_Commento,2
r_4cdfdab461b3,Reddit_Commento,11
r_578b70ac372d,Reddit_Commento,12
r_bd8ca593ff33,Reddit_Commento,11
r_28b2412d9575,Reddit_Commento,7
r_3395670e7051,Reddit_Commento,6
r_1faeb758a9b4,Reddit_Commento,13
r_230bd7e7d573,Reddit_Commento,12
r_72697b4589cd,Reddit_Commento,1
r_9b8970dbad89,Reddit_Commento,10
r_fd28181e5f04,Reddit_Commento,11
r_189da86d31d0,Reddit_Commento,11
r_6c5abab385bb,Reddit_Commento,12
r_9e77b718a511,Reddit_Commento,3
r_77816b43c877,Reddit_Commento,10
r_c4a50f00625b,Reddit_Commento,11
r_2cceece8924a,Reddit_Commento,11
r_548e9746b9af,Reddit_Commento,12
r_74deb8aafbd5,Reddit_Commento,11
r_c261c62fb024,Reddit_Commento,2
r_f9872250a62c,Reddit_Commento,11
r_9e8130cd33f7,Reddit_Commento,1
r_ed0281585fe8,Reddit_Commento,3
r_56e908ccc3e0,Reddit_Commento,8
r_9478eabbf649,Reddit_Commento,3
r_72ed7ba30979,Reddit_Commento,13
r_f02b3f100cd4,Reddit_Commento,11
r_d2fbc04e6580,Reddit_Commento,12
r_f1d28985e8c1,Reddit_Commento,5
r_849cf4c17cb1,Reddit_Commento,13
r_fe5054879571,Reddit_Commento,12
r_c99d57481581,Reddit_Commento,11
r_abfe650b3803,Reddit_Commento,7
r_c1cd22b0c870,Reddit_Commento,12
r_cadc698b6801,Reddit_Commento,1
r_6f73c04770e9,Reddit_Commento,7
r_d6ec33ae0790,Reddit_Commento,11
r_37b99f240216,Reddit_Commento,11
r_7ce7b85ea866,Reddit_Commento,13
r_7fc0ffdbbb43,Reddit_Commento,2
r_f7f6ddab067c,Reddit_Commento,1
r_41cb5bec3ff3,Reddit_Commento,13
r_52ad05b54cd1,Reddit_Commento,11
r_d565d10ca09b,Reddit_Commento,12
r_1ea2d5eaa64c,Reddit_Commento,10
r_e3d2d9eca814,Reddit_Commento,10
r_a883a3664acc,Reddit_Commento,3
r_7823c031c4e3,Reddit_Commento,3
r_8679cdfac49e,Reddit_Commento,3
r_ee6b7a985771,Reddit_Commento,13
r_72ff563753b2,Reddit_Commento,11
r_77f4278f2b0a,Reddit_Commento,11
r_072b6c509e0d,Reddit_Commento,11
r_47baf2e81abe,Reddit_Commento,11
r_eafa65c0355e,Reddit_Commento,13
r_7dc21a188692,Reddit_Commento,13
r_858b0b51b6de,Reddit_Commento,6
r_aaab0aba30d1,Reddit_Commento,10
r_41d6b44301ab,Reddit_Commento,6
r_ba9323efb9c8,Reddit_Commento,11
r_4eb4726959cf,Reddit_Commento,13
r_48015036eb33,Reddit_Commento,14
r_52159611c55c,Reddit_Commento,10
r_d92d54bcd0a7,Reddit_Commento,2
r_42fc6c499b90,Reddit_Commento,13
r_92464a02cd4e,Reddit_Commento,6
r_870e226cec61,Reddit_Commento,7
r_d49978b77fcd,Reddit_Commento,13
r_53471886c9aa,Reddit_Commento,7
r_34c65edb8be5,Reddit_Commento,13
r_840724cc7a81,Reddit_Commento,11
r_163c219a38d6,Reddit_Commento,5
r_2ea4d74f8120,Reddit_Commento,13
r_9fdee11800db,Reddit_Commento,8
r_2c2e7fe1ad93,Reddit_Commento,13
r_0eabcf327cf6,Reddit_Commento,10
r_e7b004facf27,Reddit_Commento,11
r_5987b2e6aabb,Reddit_Commento,11
r_bb80b401f958,Reddit_Commento,5
r_9761f501d47b,Reddit_Commento,13
r_8ad7981a74bf,Reddit_Commento,11
r_451e39262129,Reddit_Commento,7
r_cf3335245fc0,Reddit_Commento,2
r_2fc75525074a,Reddit_Commento,13
r_73a68a06117e,Reddit_Commento,2
r_bd24abb8ccef,Reddit_Commento,7
r_d9809dc5a748,Reddit_Commento,7
r_dc663c55416a,Reddit_Commento,13
r_c1f2430d7aac,Reddit_Commento,8
r_c7e2ca901f08,Reddit_Commento,1
r_47cae8838804,Reddit_Commento,4
r_a829eab2778d,Reddit_Commento,11
r_2b6ded08a684,Reddit_Commento,11
r_19147b75e0d7,Reddit_Commento,3
r_71d122a69bae,Reddit_Commento,12
r_2ca0df3abfcd,Reddit_Commento,2
r_183ab0b8fe31,Reddit_Commento,14
r_6c2c81c50253,Reddit_Commento,2
r_d7ecf574a457,Reddit_Commento,11
r_387cba77ce1d,Reddit_Commento,13
r_ab676736a6d1,Reddit_Commento,3
r_b65ded6cff97,Reddit_Commento,11
r_2693c7ca798b,Reddit_Commento,2
r_72c7c3cca3a4,Reddit_Commento,11
r_0ee9c50cd73d,Reddit_Commento,2
r_15f6d6ad1ac5,Reddit_Commento,6
r_98aa37565629,Reddit_Commento,10
r_8fdd56fa7b97,Reddit_Commento,3
r_5bf459fac70a,Reddit_Commento,9
r_c56485435838,Reddit_Commento,11
r_8111c30cc51b,Reddit_Commento,2
r_4680f2c87354,Reddit_Commento,3
r_d18b7d7450e0,Reddit_Commento,11
r_e4a1a39f0782,Reddit_Commento,11
r_75012d833e57,Reddit_Commento,12
r_5fe032682499,Reddit_Commento,11
r_f9d8122aecd3,Reddit_Commento,4
r_69f4758c6292,Reddit_Commento,13
r_09e93d3ca0af,Reddit_Commento,13
r_97b1529b8011,Reddit_Commento,1
r_a0dd173584c4,Reddit_Commento,7
r_bbe25fb45331,Reddit_Commento,11
r_33a5e7794d0a,Reddit_Commento,11
r_12f05298d1ba,Reddit_Commento,1
r_f5c3e85a84d8,Reddit_Commento,13
r_12472b1e501f,Reddit_Commento,10
r_48601f820700,Reddit_Commento,7
r_bbf42cfd40fb,Reddit_Commento,4
r_e744f0341b6a,Reddit_Commento,8
r_c2bd97df8fe4,Reddit_Commento,10
r_2a9c55456f5f,Reddit_Commento,13
r_23288665a8ef,Reddit_Commento,10
r_a3c3b0b15c46,Reddit_Commento,3
r_e8a9a5608d91,Reddit_Commento,11
r_13a2acaeec07,Reddit_Commento,2
r_363f9977bfbd,Reddit_Commento,11
r_7e4a129d65d7,Reddit_Commento,2
r_a4f34ff8d96d,Reddit_Commento,5
r_a864a6f128f8,Reddit_Commento,13
r_b39f3e8edf91,Reddit_Commento,3
r_44e817320fa2,Reddit_Commento,2
r_103f253861a9,Reddit_Commento,11
r_42836f5f25f7,Reddit_Commento,3
r_437999990c3d,Reddit_Commento,11
r_1c404cbc30e9,Reddit_Commento,11
r_f95ce000a603,Reddit_Commento,11
r_b72e1072bb10,Reddit_Commento,9
r_efaeccfce1a1,Reddit_Commento,13
r_cfe80ec770ed,Reddit_Commento,2
r_883fc6464134,Reddit_Commento,11
r_d66ea97743ef,Reddit_Commento,11
r_b089870bd5d0,Reddit_Commento,11
r_583865ffaa78,Reddit_Commento,11
r_7187aa3057e7,Reddit_Commento,10
r_f2be911cee56,Reddit_Commento,13
r_89ec34b7af32,Reddit_Commento,7
r_7a4f642e115e,Reddit_Commento,5
r_aaf2fd161f05,Reddit_Commento,11
r_5e4788f5596d,Reddit_Commento,11
r_eaeab9910849,Reddit_Commento,13
r_bf97075ec649,Reddit_Commento,11
r_187db3c6e5c6,Reddit_Commento,11
r_0e741b727206,Reddit_Commento,7
r_950f099aa415,Reddit_Commento,11
r_f8ee07d3e070,Reddit_Commento,11
r_64a8f6b45702,Reddit_Commento,11
r_6816b369f13e,Reddit_Commento,11
r_027e197a63e4,Reddit_Commento,5
r_ff843e3a7ece,Reddit_Commento,11
r_c0673c91caee,Reddit_Commento,2
r_23e32dab5d56,Reddit_Commento,11
r_9745edcf139c,Reddit_Commento,11
r_d976e555a13a,Reddit_Commento,8
r_53d590a4173d,Reddit_Commento,11
r_833fde0929a9,Reddit_Commento,5
r_0ef08a325b5c,Reddit_Commento,11
r_66c2585f20c0,Reddit_Commento,11
r_24885c55eee7,Reddit_Commento,11
r_8c303afeb86d,Reddit_Commento,3
r_9dc9e7acd5d5,Reddit_Commento,11
r_078526f887f4,Reddit_Commento,10
r_6846d542b25a,Reddit_Commento,3
r_4252f23d4e57,Reddit_Commento,11
r_6bffeb37d3c8,Reddit_Commento,13
r_d52203974396,Reddit_Commento,3
r_6e2f7d80fa18,Reddit_Commento,1
r_eebe9fa6774c,Reddit_Commento,2
r_986a8bf27011,Reddit_Commento,0
r_f6e3bf931e98,Reddit_Commento,2
r_b72b70bf330f,Reddit_Commento,8
r_5604a805cb9b,Reddit_Commento,11
r_db1a92d21d70,Reddit_Commento,11
r_4874cabc0ef8,Reddit_Commento,3
r_5c9e80bc9c31,Reddit_Commento,5
r_5c2d4eb39d8e,Reddit_Commento,11
r_bbb7f8075c7e,Reddit_Commento,8
r_44292a67b2ba,Reddit_Commento,14
r_a579ff008052,Reddit_Commento,11
r_976fc8076e09,Reddit_Commento,11
r_91840559ac3f,Reddit_Commento,8
r_167af396dfa8,Reddit_Commento,10
r_2015f8922991,Reddit_Commento,14
r_5c4eb4d6a5f0,Reddit_Commento,11
r_65782e23de2d,Reddit_Commento,10
r_6e571e761d09,Reddit_Commento,11
r_3e9c0da7d91e,Reddit_Commento,3
r_30fc83103cf0,Reddit_Commento,5
r_9233653a1b4f,Reddit_Commento,11
r_6e9614ee7924,Reddit_Commento,13
r_7cfbb3a88302,Reddit_Commento,6
r_01839b5bb216,Reddit_Commento,11
r_3fafedc97e41,Reddit_Commento,10
r_04b5a5bebaf3,Reddit_Commento,11
r_4485db49dd90,Reddit_Commento,11
r_5625a38be564,Reddit_Commento,13
r_b0c16dab66f6,Reddit_Commento,10
r_9f2636139757,Reddit_Commento,11
r_56a6858dc328,Reddit_Commento,11
r_7f060d746eff,Reddit_Commento,7
r_8fb22faba706,Reddit_Commento,11
r_1e46dc736152,Reddit_Commento,13
r_3f2fe16f9285,Reddit_Commento,3
r_d29ec4fbf200,Reddit_Commento,0
r_37a4c53b18b7,Reddit_Commento,13
r_df719b13db2e,Reddit_Commento,3
r_05127ec27f5b,Reddit_Commento,11
r_7065d67729d8,Reddit_Commento,11
r_d6875920fe7f,Reddit_Commento,11
r_a1175ad632cb,Reddit_Commento,10
r_79e187cdef26,Reddit_Commento,6
r_ffe448dffaea,Reddit_Commento,3
r_1e20ed0c5e1a,Reddit_Commento,13
r_68184951575d,Reddit_Commento,11
r_3cf09db74314,Reddit_Commento,11
r_20f68cd7fad8,Reddit_Commento,13
r_32ba6c76ce7d,Reddit_Commento,10
r_4c28457df102,Reddit_Commento,11
r_f0dfd60324bd,Reddit_Commento,6
r_1752fb207cc0,Reddit_Commento,12
r_384cb29c0dc2,Reddit_Commento,11
r_8903633458f0,Reddit_Commento,8
r_abab0272432c,Reddit_Commento,11
r_6fe35fb0d866,Reddit_Commento,11
r_66df9888e306,Reddit_Commento,11
r_070d6d89909e,Reddit_Commento,11
r_f08d6a691d19,Reddit_Commento,11
r_f0573bee2617,Reddit_Commento,11
r_f01b9ac1d02a,Reddit_Commento,2
r_e8f213fcf9bc,Reddit_Commento,11
r_ac24d2d6da84,Reddit_Commento,2
r_f74e173e90d6,Reddit_Commento,11
r_3e2419091199,Reddit_Commento,11
r_b829d00e9905,Reddit_Commento,5
r_3c736a8bdc5b,Reddit_Commento,10
r_a2361e333d0c,Reddit_Commento,13
r_3fea66333cb8,Reddit_Commento,2
r_2bca4e850473,Reddit_Commento,13
r_fca470cb9b16,Reddit_Commento,11
r_d1aee6f43023,Reddit_Commento,11
r_61299dfeb93b,Reddit_Commento,12
r_0c93073bf915,Reddit_Commento,11
r_71c719b02b08,Reddit_Commento,12
r_962736aed788,Reddit_Commento,11
r_ab7a089a7329,Reddit_Commento,13
r_7526ce9f4d05,Reddit_Commento,3
r_77ed2ed32439,Reddit_Commento,11
r_1e138955190a,Reddit_Commento,11
r_ca444527640e,Reddit_Commento,2
r_0f5f9a4c466a,Reddit_Commento,11
r_3e1caf754b7e,Reddit_Commento,12
r_18a43464f6f8,Reddit_Commento,11
r_a6830f5e0471,Reddit_Commento,13
r_d57cbbd5f18f,Reddit_Commento,11
r_1f078d72bf32,Reddit_Commento,2
r_5a6804759f57,Reddit_Commento,11
r_1b4c379a6896,Reddit_Commento,13
r_4c18bebb8bab,Reddit_Commento,10
r_474d4256decb,Reddit_Commento,11
r_ee4c05ccd7a9,Reddit_Commento,11
r_d50adea624c3,Reddit_Commento,11
r_237bb78b0681,Reddit_Commento,2
r_0b7aed9430a7,Reddit_Commento,11
r_709610d1788f,Reddit_Commento,11
r_c9bc7ddad38e,Reddit_Commento,11
r_865483cc0da3,Reddit_Commento,13
r_d81ac82d4690,Reddit_Commento,11
r_6c24b651fd2a,Reddit_Commento,3
r_453a2250dbf5,Reddit_Commento,5
r_ab32404d86e8,Reddit_Commento,2
r_fce2659ef6a2,Reddit_Commento,11
r_3babcbb8aa3e,Reddit_Commento,11
r_a270bb060005,Reddit_Commento,11
r_843ca9ccc9bd,Reddit_Commento,13
r_26aeec72d486,Reddit_Commento,8
r_59958ee5994d,Reddit_Commento,11
r_81f5561781f6,Reddit_Commento,3
r_15a89560ae2b,Reddit_Commento,2
r_c409020f8e73,Reddit_Commento,11
r_ab9d132e4a36,Reddit_Commento,11
r_20065d73ddfa,Reddit_Commento,11
r_693cb0bbd265,Reddit_Commento,3
r_15a352b5a9fa,Reddit_Commento,11
r_261791d6317c,Reddit_Commento,11
r_afaa2f6dfa21,Reddit_Commento,12
r_b7d88a1775f3,Reddit_Commento,11
r_837ba5ae97ac,Reddit_Commento,11
r_65d6a49c842e,Reddit_Commento,3
r_cf5e97938d85,Reddit_Commento,10
r_e358184e3bb9,Reddit_Commento,10
r_ecc494c81f46,Reddit_Commento,11
r_ff016180ddf9,Reddit_Commento,2
r_86ff9cf5522a,Reddit_Commento,11
r_3c45ba3de16a,Reddit_Commento,11
r_71b5ca417aee,Reddit_Commento,8
r_fbdc69c2aebc,Reddit_Commento,11
r_c829ecdbefb5,Reddit_Commento,11
r_86f052dd3d05,Reddit_Commento,3
r_87584e031389,Reddit_Commento,13
r_4350e2b47067,Reddit_Commento,10
r_dddf3c70c562,Reddit_Commento,8
r_5434cc66a023,Reddit_Commento,11
r_1be0a0d21f40,Reddit_Commento,11
r_22db25395ce9,Reddit_Commento,11
r_5d470c9afac8,Reddit_Commento,2
r_3964a420bcc0,Reddit_Commento,11
r_343a82304fbd,Reddit_Commento,11
r_9fcea56a9c49,Reddit_Commento,11
r_58bc723e373c,Reddit_Commento,13
r_420b46f37fbf,Reddit_Commento,11
r_74690449cf1d,Reddit_Commento,2
r_7ecf80060117,Reddit_Commento,6
r_d0154005834e,Reddit_Commento,11
r_8e528f716e85,Reddit_Commento,13
r_3573b173a83b,Reddit_Commento,5
r_711e6d778ec5,Reddit_Commento,11
r_1b4838a203b2,Reddit_Commento,11
r_5e4a91ee93af,Reddit_Commento,12
r_13a390809067,Reddit_Commento,5
r_81f334fa19c3,Reddit_Commento,11
r_9ed6f61faab1,Reddit_Commento,3
r_d719368fadc5,Reddit_Commento,2
r_3fb37bd1ed88,Reddit_Commento,8
r_b1d64caf6d22,Reddit_Commento,2
r_ee899721459d,Reddit_Commento,3
r_28b92ea0c56d,Reddit_Commento,2
r_4200459c63d7,Reddit_Commento,11
r_cc0d53fed579,Reddit_Commento,2
r_c8ba0c1ef94a,Reddit_Commento,6
r_370a044b3586,Reddit_Commento,11
r_0691373c5f61,Reddit_Commento,11
r_2178509f6f0e,Reddit_Commento,10
r_df44c6b48c58,Reddit_Commento,11
r_9b9112a3c54f,Reddit_Commento,10
r_6b24a00280fe,Reddit_Commento,11
r_e6b83d7ce5ab,Reddit_Commento,3
r_c83d4434cae3,Reddit_Commento,11
r_4ac241ade2b3,Reddit_Commento,2
r_622cbc6407ac,Reddit_Commento,11
r_d658b95b9d41,Reddit_Commento,11
r_0a0795b65d81,Reddit_Commento,2
r_5445de7b6f46,Reddit_Commento,6
r_6a127c475f2d,Reddit_Commento,11
r_e729c36fbde7,Reddit_Commento,11
r_350d7d3e3a85,Reddit_Commento,5
r_4d7462ff9f46,Reddit_Commento,10
r_4267a3407e8e,Reddit_Commento,11
r_3ec62d89c4f0,Reddit_Commento,8
r_e3df9d989c8b,Reddit_Commento,11
r_f6ecb32aae08,Reddit_Commento,11
r_41ac2db38b67,Reddit_Commento,6
r_b19d83ae68b4,Reddit_Commento,12
r_ae90983826d5,Reddit_Commento,11
r_3e3143034ed0,Reddit_Commento,11
r_37874aead230,Reddit_Commento,11
r_665f7e8823a7,Reddit_Commento,11
r_0be8de876924,Reddit_Commento,3
r_403c7d881eee,Reddit_Commento,11
r_2ef8119d7434,Reddit_Commento,2
r_b1bb5e3284e1,Reddit_Commento,11
r_25c80b4eebef,Reddit_Commento,9
r_121cfa6450ed,Reddit_Commento,2
r_d41b9830a741,Reddit_Commento,11
r_cee35a48a3fe,Reddit_Commento,11
r_d3a7b85c93bf,Reddit_Commento,11
r_00f39a1bfd83,Reddit_Commento,11
r_c55541b6643f,Reddit_Commento,2
r_de819bafc0ea,Reddit_Commento,11
r_e16704e05e14,Reddit_Commento,10
r_ca26a41dce88,Reddit_Commento,5
r_d72e60d97605,Reddit_Commento,4
r_5f427d17d84c,Reddit_Commento,5
r_7cb12de674df,Reddit_Commento,11
r_114c01d6c420,Reddit_Commento,11
r_0fd33346c480,Reddit_Commento,6
r_b3ccbfadbe30,Reddit_Commento,11
r_8b109ab6f62b,Reddit_Commento,11
r_d88815e1f5d7,Reddit_Commento,5
r_9673aabe104b,Reddit_Commento,13
r_594d5a4662ad,Reddit_Commento,11
r_d60149597513,Reddit_Commento,3
r_7d9359118901,Reddit_Commento,4
r_68db56af9a25,Reddit_Commento,2
r_30303734da63,Reddit_Commento,4
r_fba6cdfac6f2,Reddit_Commento,11
r_5b5cc1b8178e,Reddit_Commento,11
r_1db7d77f308b,Reddit_Commento,6
r_465badffdc1d,Reddit_Commento,2
r_d601dfd4c69f,Reddit_Commento,11
r_1da39db9408a,Reddit_Commento,12
r_7d160c42a723,Reddit_Commento,8
r_02fc50335c52,Reddit_Commento,8
r_ee7c308be259,Reddit_Commento,12
r_4674dbec4bc1,Reddit_Commento,11
r_a61a42fe4fea,Reddit_Commento,11
r_01e933569c71,Reddit_Commento,11
r_e08754db2e2c,Reddit_Commento,3
r_850b105d1915,Reddit_Commento,11
r_9ec74186b352,Reddit_Commento,11
r_7425bc0ea9e9,Reddit_Commento,10
r_25f8286f1625,Reddit_Commento,11
r_7c30048709b5,Reddit_Commento,13
r_28665cba2636,Reddit_Commento,12
r_8a92b4f538dd,Reddit_Commento,11
r_1963c643e607,Reddit_Commento,10
r_7e46aca6305b,Reddit_Commento,14
r_1a7b8f8eff36,Reddit_Commento,3
r_d55bf3ad4e04,Reddit_Commento,11
r_258fb29a913a,Reddit_Commento,11
r_c137ac9007ba,Reddit_Commento,11
r_80d0e7098086,Reddit_Commento,11
r_0d8bbb682c23,Reddit_Commento,11
r_ef06d10a9559,Reddit_Commento,3
r_85117324bae9,Reddit_Commento,11
r_decdac3afa75,Reddit_Commento,8
r_4990d9324429,Reddit_Commento,11
r_f2ab5522716d,Reddit_Commento,11
r_a587be18ca90,Reddit_Commento,10
r_830e0384209d,Reddit_Commento,10
r_4689c452e1d4,Reddit_Commento,10
r_3e245db0abc6,Reddit_Commento,5
r_15e09666f444,Reddit_Commento,11
r_f3fc27d6e10f,Reddit_Commento,2
r_95feba08602d,Reddit_Commento,13
r_ef15c6e32311,Reddit_Commento,14
r_e82ce7015171,Reddit_Commento,10
r_ee7a4e9677c0,Reddit_Commento,13
r_13c3cc09d266,Reddit_Commento,10
r_9c80f04c74cf,Reddit_Commento,11
r_8e0408ca57bd,Reddit_Commento,11
r_7954e1014568,Reddit_Commento,11
r_3a00a2141fd1,Reddit_Commento,11
r_4884aa5775e4,Reddit_Commento,11
r_ed083412867e,Reddit_Commento,11
r_48d503511811,Reddit_Commento,11
r_2d8092b91fbe,Reddit_Commento,13
r_dd5147e52545,Reddit_Commento,11
r_ddd6900750d9,Reddit_Commento,11
r_aa7bb8a31988,Reddit_Commento,11
r_3691f694c6d7,Reddit_Commento,10
r_ed2af686843b,Reddit_Commento,2
r_b24f1a8fbf43,Reddit_Commento,11
r_6f43a5ce9245,Reddit_Commento,10
r_606300a39203,Reddit_Commento,4
r_7e53f4b45956,Reddit_Commento,0
r_0aeebc54ad0c,Reddit_Commento,1
r_28d4a45ac9ca,Reddit_Commento,13
r_17835b77b48f,Reddit_Commento,11
r_6efd7e78752f,Reddit_Commento,11
r_67223f5ca1d2,Reddit_Commento,3
r_60491149cd3c,Reddit_Commento,5
r_c21538ee8c10,Reddit_Commento,11
r_1aaa2bd28c68,Reddit_Commento,11
r_47327b59f5a3,Reddit_Commento,12
r_a56b3b69ba0d,Reddit_Commento,5
r_65a612d25c49,Reddit_Commento,11
r_ebdf376182bb,Reddit_Commento,2
r_1486c4af5109,Reddit_Commento,11
r_d014bf0e179a,Reddit_Commento,3
r_7822cdd3c88a,Reddit_Commento,11
r_48aa10120589,Reddit_Commento,11
r_05c9a3d35342,Reddit_Commento,12
r_94665287277a,Reddit_Commento,11
r_51986bf48683,Reddit_Commento,9
r_7dea226d0da1,Reddit_Commento,10
r_885f63872bc4,Reddit_Commento,10
r_c1fe4ce146f1,Reddit_Commento,2
r_187fb34e4674,Reddit_Commento,13
r_60ca96747e4b,Reddit_Commento,13
r_bbe98d115022,Reddit_Commento,11
r_ea83a7924c38,Reddit_Commento,12
r_6bf817b805c1,Reddit_Commento,2
r_5ab5fd894746,Reddit_Commento,11
r_0e2a315559e8,Reddit_Commento,13
r_d716c830dc1b,Reddit_Commento,11
r_f35bd3950f1f,Reddit_Commento,2
r_e9d35a8b1138,Reddit_Commento,7
r_6a1ca5ff1573,Reddit_Commento,3
r_d2a591e73b03,Reddit_Commento,10
r_c83a814c2c07,Reddit_Commento,2
r_852808062822,Reddit_Commento,3
r_8900b9366834,Reddit_Commento,10
r_38d8f7f3327c,Reddit_Commento,10
r_67cffc7ae651,Reddit_Commento,6
r_95fff7f11767,Reddit_Commento,11
r_2e014ef44c9c,Reddit_Commento,11
r_4c568f76e861,Reddit_Commento,13
r_9055adeba6aa,Reddit_Commento,11
r_0124681c4b42,Reddit_Commento,2
r_65ff2cc9eb90,Reddit_Commento,13
r_1317f7eb90e9,Reddit_Commento,5
r_4231eac0d95f,Reddit_Commento,12
r_9fcc9121f225,Reddit_Commento,3
r_1a7d2decf15f,Reddit_Commento,10
r_35c52628c542,Reddit_Commento,13
r_eb0ac03887c2,Reddit_Commento,2
r_dbfe6d59b4e3,Reddit_Commento,12
r_90beadc461e7,Reddit_Commento,11
r_45c42ed3c88b,Reddit_Commento,5
r_c88acdf23fe5,Reddit_Commento,2
r_29e459e27a65,Reddit_Commento,11
r_efa9770e042e,Reddit_Commento,13
r_195712b42fd4,Reddit_Commento,11
r_82770ebc97b8,Reddit_Commento,3
r_50c2804430eb,Reddit_Commento,11
r_fe1cb0e7b411,Reddit_Commento,11
r_1953ebe608c0,Reddit_Commento,11
r_bc9f4dfaa954,Reddit_Commento,11
r_a21fd1ebf4e0,Reddit_Commento,12
r_e637cd6df091,Reddit_Commento,11
r_57221078ae6e,Reddit_Commento,12
r_27b1b3e6ca8f,Reddit_Commento,10
r_7d8c8b26b51c,Reddit_Commento,11
r_ecf17539cd00,Reddit_Commento,10
r_8cc05791803e,Reddit_Commento,8
r_7a14493e87aa,Reddit_Commento,11
r_65972bc3d9a5,Reddit_Commento,0
r_0ebac601eeeb,Reddit_Commento,10
r_a97799274576,Reddit_Commento,11
r_db0332581db6,Reddit_Commento,14
r_0dc702d93749,Reddit_Commento,13
r_f36be423eea1,Reddit_Commento,3
r_2926ab06dea2,Reddit_Commento,11
r_e4c0ae0e1611,Reddit_Commento,2
r_afe54960e95a,Reddit_Commento,11
r_c537c1e07f4e,Reddit_Commento,11
r_76598538203b,Reddit_Commento,13
r_3b4f32e7ca5e,Reddit_Commento,3
r_2ef822186fd3,Reddit_Commento,10
r_7af70f9499f1,Reddit_Commento,11
r_8254a4924008,Reddit_Commento,3
r_d88d30fded52,Reddit_Commento,10
r_5a11c704c6eb,Reddit_Commento,10
r_a33aa4752889,Reddit_Commento,11
r_67608b8066de,Reddit_Commento,13
r_b6a5b869a944,Reddit_Commento,14
r_a273c788e7c5,Reddit_Commento,2
r_932110e581da,Reddit_Commento,11
r_1f6560032ea8,Reddit_Commento,11
r_51d8117e5cd2,Reddit_Commento,11
r_5b7ade361d81,Reddit_Commento,11
r_700fce7684a2,Reddit_Commento,11
r_337cd3583fe4,Reddit_Commento,13
r_8e590f004692,Reddit_Commento,3
r_7164592f28b1,Reddit_Commento,11
r_814e778b7a37,Reddit_Commento,11
r_c97d21cfd352,Reddit_Commento,9
r_6fb7042f15b9,Reddit_Commento,6
r_d9d9b162e08a,Reddit_Commento,5
r_fed5e8bc1526,Reddit_Commento,2
r_5e623a2bc607,Reddit_Commento,3
r_c3fd50010f10,Reddit_Commento,11
r_134d5af47001,Reddit_Commento,5
r_78daa6afd4c9,Reddit_Commento,10
r_57f707fd44fd,Reddit_Commento,11
r_3393f50580ee,Reddit_Commento,8
r_4a4e29edd944,Reddit_Commento,11
r_7bc1b5002fd4,Reddit_Commento,11
r_421d9204c1b3,Reddit_Commento,6
r_5624cd84d0c5,Reddit_Commento,2
r_4aa8d6614ebe,Reddit_Commento,13
r_1346907e484f,Reddit_Commento,11
r_d3431c1f16a8,Reddit_Commento,11
r_b71794e97aca,Reddit_Commento,2
r_09927183f86c,Reddit_Commento,10
r_f96b4857a06b,Reddit_Commento,2
r_18405710d0cf,Reddit_Commento,3
r_531e972f1347,Reddit_Commento,3
r_72cafe445a10,Reddit_Commento,11
r_e54ab006ef15,Reddit_Commento,5
r_aa2c25013117,Reddit_Commento,3
r_6f8d2652a083,Reddit_Commento,2
r_88bc34a276aa,Reddit_Commento,10
r_0516cfd342cf,Reddit_Commento,11
r_cafe16ed75be,Reddit_Commento,13
r_11219422b110,Reddit_Commento,11
r_ae441a99ddc4,Reddit_Commento,11
r_0acd45bd9f75,Reddit_Commento,11
r_a54d0d379826,Reddit_Commento,11
r_46c4ce095154,Reddit_Commento,5
r_5ed755c9febb,Reddit_Commento,11
r_689551300b52,Reddit_Commento,13
r_c6c33eac1f4b,Reddit_Commento,10
r_a02d063ef2e6,Reddit_Commento,11
r_6a1cf84b8553,Reddit_Commento,11
r_f94ee822e029,Reddit_Commento,11
r_1957f816ec47,Reddit_Commento,10
r_701735952b0d,Reddit_Commento,10
r_6d57a85dfb5b,Reddit_Commento,11
r_5cd430ed06be,Reddit_Commento,11
r_e07e6972305f,Reddit_Commento,13
r_1f605f34b3b7,Reddit_Commento,12
r_ba88f31c7076,Reddit_Commento,11
r_0c0198d291e5,Reddit_Commento,11
r_4340becfd9f3,Reddit_Commento,11
r_a30cca4e5a0b,Reddit_Commento,12
r_320d63b3b5ba,Reddit_Commento,11
r_142272284ab4,Reddit_Commento,11
r_30da6507abf6,Reddit_Commento,11
r_654d533f4956,Reddit_Commento,10
r_7605561de46f,Reddit_Commento,5
r_d0ee1afcc6a1,Reddit_Commento,13
r_1431b6bca3be,Reddit_Commento,13
r_4c935046ba97,Reddit_Commento,8
r_c49be74bf570,Reddit_Commento,8
r_30aa6cc2ab08,Reddit_Commento,10
r_4ceaca64d2b8,Reddit_Commento,11
r_63f31e5b0604,Reddit_Commento,2
r_bbb02fae918e,Reddit_Commento,11
r_1abac50339e1,Reddit_Commento,2
r_55e772f3dcf6,Reddit_Commento,13
r_9c45f242873f,Reddit_Commento,3
r_7fa52afc30d3,Reddit_Commento,11
r_ddb6e783fe03,Reddit_Commento,11
r_d34e8fbd5205,Reddit_Commento,3
r_5aff28513582,Reddit_Commento,12
r_35374862e336,Reddit_Commento,13
r_b5f25429815b,Reddit_Commento,1
r_e3e67a55dd06,Reddit_Commento,11
r_ff831dbb7fb0,Reddit_Commento,11
r_ac3d30ca64cf,Reddit_Commento,11
r_5f870494aedf,Reddit_Commento,11
r_86e7f068e30e,Reddit_Commento,13
r_087748b065f9,Reddit_Commento,2
r_69dd145fb72b,Reddit_Commento,14
r_641133bc9022,Reddit_Commento,11
r_34be704296b0,Reddit_Commento,2
r_d1d45bfba15f,Reddit_Commento,11
r_ca6ed2052dbc,Reddit_Commento,11
r_a5af0dcb29a4,Reddit_Commento,11
r_e288713b1092,Reddit_Commento,11
r_713f4b84f009,Reddit_Commento,11
r_379d3f509013,Reddit_Commento,3
r_7de7c56da24e,Reddit_Commento,11
r_315a39f246dc,Reddit_Commento,11
r_561265af4732,Reddit_Commento,11
r_41933a9aa460,Reddit_Commento,11
r_18a7908e44e1,Reddit_Commento,13
r_680c0c563059,Reddit_Commento,11
r_e0e6b3713bad,Reddit_Commento,4
r_dfe04450dcc7,Reddit_Commento,13
r_67097480a62f,Reddit_Commento,3
r_99977f942934,Reddit_Commento,6
r_7f64fc6e25a4,Reddit_Commento,11
r_d7f02358e399,Reddit_Commento,5
r_87d0381b6c85,Reddit_Commento,5
r_5862720aa4eb,Reddit_Commento,11
r_f56ee48dd443,Reddit_Commento,11
r_61d88d34d786,Reddit_Commento,8
r_8aa988c66486,Reddit_Commento,13
r_5e62dd1ea453,Reddit_Commento,11
r_c63b0f1dc9ef,Reddit_Commento,2
r_4a80fa993c41,Reddit_Commento,11
r_ac859036bfff,Reddit_Commento,5
r_439b0c0bac6e,Reddit_Commento,10
r_b2360eeb8f54,Reddit_Commento,11
r_991e0852c4f6,Reddit_Commento,2
r_6a9b418818dd,Reddit_Commento,11
r_6204a6abb58c,Reddit_Commento,11
r_46046568a510,Reddit_Commento,8
r_42173da478f6,Reddit_Commento,6
r_7e918d01a718,Reddit_Commento,7
r_1882d2c8d921,Reddit_Commento,13
r_004faf1e8555,Reddit_Commento,14
r_7c27ddaee0e5,Reddit_Commento,2
r_374f0ba5bf75,Reddit_Commento,5
r_50e72b060418,Reddit_Commento,11
r_b6eafc149f08,Reddit_Commento,13
r_ad381af7f5b6,Reddit_Commento,11
r_96271db90fd5,Reddit_Commento,11
r_8de4267b6117,Reddit_Commento,11
r_7a291f4895dd,Reddit_Commento,2
r_cc8f622d7c50,Reddit_Commento,11
r_7dd5fbbb7d31,Reddit_Commento,9
r_111f72b90228,Reddit_Commento,11
r_160c91ea3868,Reddit_Commento,11
r_61ff53c96a86,Reddit_Commento,2
r_5afd5f963711,Reddit_Commento,13
r_603165884e55,Reddit_Commento,12
r_9d578da249a9,Reddit_Commento,8
r_69bb98cdaa79,Reddit_Commento,2
r_80f3302f514d,Reddit_Commento,11
r_baa30af5d69e,Reddit_Commento,11
r_ad6c1fd48695,Reddit_Commento,10
r_c996cd58c96c,Reddit_Commento,5
r_f889080605e6,Reddit_Commento,10
r_eac66d1876a7,Reddit_Commento,11
r_f0299bceeef6,Reddit_Commento,11
r_db50cce53516,Reddit_Commento,11
r_cf7a85e1efe6,Reddit_Commento,11
r_799bb481304b,Reddit_Commento,11
r_2879f3fac81a,Reddit_Commento,11
r_2600053d8219,Reddit_Commento,5
r_bbb34aaca1c8,Reddit_Commento,5
r_88867cea2730,Reddit_Commento,11
r_d573ac8a41aa,Reddit_Commento,11
r_022d0894a833,Reddit_Commento,10
r_7ddcb546bb3b,Reddit_Commento,11
r_e030b9a5f1f9,Reddit_Commento,2
r_28fa32de6891,Reddit_Commento,2
r_387277597ec8,Reddit_Commento,11
r_0aa77b4d0f10,Reddit_Commento,8
r_a45688f794fc,Reddit_Commento,2
r_5de86fb7d8f2,Reddit_Commento,5
r_2a5bab6a2966,Reddit_Commento,2
r_7aec1251338a,Reddit_Commento,8
r_1c07201a40f6,Reddit_Commento,11
r_ec471d44cf94,Reddit_Commento,10
r_c1ff3e576c8e,Reddit_Commento,2
r_dbd94a2e3b53,Reddit_Commento,2
r_cb92ffe30ca4,Reddit_Commento,11
r_a958af127c4e,Reddit_Commento,11
r_361428ef76b8,Reddit_Commento,3
r_c66b05167669,Reddit_Commento,11
r_daad6d3eaf8e,Reddit_Commento,2
r_ac292dddb8bb,Reddit_Commento,11
r_eec536d6509f,Reddit_Commento,3
r_d4ebdd602eb6,Reddit_Commento,13
r_31e61512ab25,Reddit_Commento,8
r_fc8db47dab3c,Reddit_Commento,13
r_ab04da0cf79e,Reddit_Commento,11
r_fdd3062e4ddc,Reddit_Commento,6
r_4dc324f5f2ea,Reddit_Commento,10
r_1df7a04c7e34,Reddit_Commento,11
r_54747c3fbd7e,Reddit_Commento,2
r_9422a25f9094,Reddit_Commento,11
r_3455bb7eb743,Reddit_Commento,3
r_cb8ad639669a,Reddit_Commento,11
r_329a4d01df4f,Reddit_Commento,11
r_7c2dbb41691a,Reddit_Commento,2
r_411054792c0f,Reddit_Commento,14
r_251edd237328,Reddit_Commento,11
r_43217e3e72e9,Reddit_Commento,11
r_cde46608b402,Reddit_Commento,11
r_b8b87003e08f,Reddit_Commento,10
r_12f15462b139,Reddit_Commento,11
r_3a1a65b7e73c,Reddit_Commento,12
r_598dc9d188e8,Reddit_Commento,5
r_0853abc828de,Reddit_Commento,13
r_aefc1e153e6d,Reddit_Commento,3
r_523dab9e671e,Reddit_Commento,11
r_2ede1be1fc23,Reddit_Commento,2
r_ca4f95544313,Reddit_Commento,11
r_dcf9c344fd6b,Reddit_Commento,11
r_75ed39bc2aaa,Reddit_Commento,13
r_ed0d327c9369,Reddit_Commento,11
r_83cd993b268d,Reddit_Commento,5
r_8873971620b1,Reddit_Commento,3
r_ce6c79232adb,Reddit_Commento,3
r_d9b054819634,Reddit_Commento,11
r_a1a03b3f05ce,Reddit_Commento,3
r_bda3c9d5731e,Reddit_Commento,12
r_231053fad836,Reddit_Commento,14
r_cd6e5a7caed8,Reddit_Commento,11
r_137410bbf369,Reddit_Commento,2
r_cf5db5cffc58,Reddit_Commento,11
r_2d9c51a007e5,Reddit_Commento,1
r_e2c5a6068b4d,Reddit_Commento,7
r_c20d440201e7,Reddit_Commento,11
r_fa801338ebbc,Reddit_Commento,10
r_bf27c7f4563c,Reddit_Commento,11
r_f246fa1ecaf4,Reddit_Commento,11
r_b1c06fbfc43a,Reddit_Commento,1
r_b58f4cfb9fdf,Reddit_Commento,11
r_51391868103d,Reddit_Commento,3
r_19386b8827ad,Reddit_Commento,10
r_06962efddf46,Reddit_Commento,11
r_3635fa6d2350,Reddit_Commento,11
r_f9a87d64225c,Reddit_Commento,11
r_290542abce53,Reddit_Commento,11
r_463ed32601be,Reddit_Commento,14
r_6b91f28ba14c,Reddit_Commento,4
r_de357a108ba2,Reddit_Commento,11
r_cb437ea0f6f1,Reddit_Commento,10
r_bdbe03040e4a,Reddit_Commento,3
r_5104b87ba2c0,Reddit_Commento,11
r_a4b4cf9ddd4e,Reddit_Commento,14
r_bc7387d5f5c0,Reddit_Commento,10
r_275a0754efb5,Reddit_Commento,11
r_b7bc08db6b66,Reddit_Commento,11
r_36b9d8998781,Reddit_Commento,11
r_dac3231eadcb,Reddit_Commento,2
r_3abefd762250,Reddit_Commento,11
r_bdf14282811e,Reddit_Commento,11
r_b3b015f57f7d,Reddit_Commento,11
r_91df1d319390,Reddit_Commento,7
r_fbc4fecdf213,Reddit_Commento,11
r_1b28af1f0e6a,Reddit_Commento,5
r_242b97cec378,Reddit_Commento,8
r_9593e1bf4293,Reddit_Commento,4
r_a98320aa4262,Reddit_Commento,2
r_c566db5a5eec,Reddit_Commento,3
r_dd7b5dc4fff0,Reddit_Commento,10
r_4359a8f6bcc4,Reddit_Commento,11
r_2b29511cfacd,Reddit_Commento,10
r_59c7386e1b78,Reddit_Commento,11
r_4c8fd4ce476e,Reddit_Commento,8
r_14802885be05,Reddit_Commento,3
r_05b7d6e57df5,Reddit_Commento,1
r_2f24fdddd5ca,Reddit_Commento,11
r_770524578535,Reddit_Commento,11
r_30646c440292,Reddit_Commento,3
r_dd0416e48f1d,Reddit_Commento,11
r_20b436c3d990,Reddit_Commento,3
r_82aee20eea13,Reddit_Commento,11
r_7ffa88c26449,Reddit_Commento,5
r_92c36fc21aae,Reddit_Commento,11
r_454b25ef812d,Reddit_Commento,11
r_1473a74ffca3,Reddit_Commento,12
r_86698cfc6635,Reddit_Commento,13
r_a28a8ab9f479,Reddit_Commento,6
r_0f79ebea3f7d,Reddit_Commento,10
r_19b5dc2261d1,Reddit_Commento,11
r_edc36c85f740,Reddit_Commento,11
r_d3b7473bb70c,Reddit_Commento,3
r_de64af838e56,Reddit_Commento,10
r_3fb79aa87205,Reddit_Commento,11
r_90bd6c0129d6,Reddit_Commento,11
r_8d74036095cb,Reddit_Commento,2
r_86048c1d8b78,Reddit_Commento,13
r_5808ee316df8,Reddit_Commento,11
r_7007de35be77,Reddit_Commento,5
r_eaa904e3b173,Reddit_Commento,10
r_365b0ab1af9d,Reddit_Commento,2
r_91f14704ada3,Reddit_Commento,3
r_981fbb8a7653,Reddit_Commento,1
r_4f28b1907b68,Reddit_Commento,11
r_3ef428a371b6,Reddit_Commento,13
r_b74e62085f5d,Reddit_Commento,11
r_a2196d3302e6,Reddit_Commento,2
r_6f57fcc70e8d,Reddit_Commento,13
r_0036ef1db423,Reddit_Commento,1
r_7d29ef5fb6f0,Reddit_Commento,11
r_a9ae23769f62,Reddit_Commento,11
r_afeeb18697b0,Reddit_Commento,11
r_72f6f1335cf8,Reddit_Commento,11
r_40ddf447dc4c,Reddit_Commento,11
r_08444bc3ffb2,Reddit_Commento,13
r_5773cd04694d,Reddit_Commento,2
r_a212579b7708,Reddit_Commento,13
r_74b500c93729,Reddit_Commento,13
r_909d00662c9c,Reddit_Commento,14
r_590be11f735d,Reddit_Commento,2
r_54342533a112,Reddit_Commento,11
r_b7f5c6fa2568,Reddit_Commento,10
r_8969ee61d48a,Reddit_Commento,11
r_9fcbe9ba386b,Reddit_Commento,11
r_5b1e1c63a878,Reddit_Commento,11
r_5ef7bbe0373e,Reddit_Commento,10
r_2912f6b5347b,Reddit_Commento,11
r_df31c1995bae,Reddit_Commento,0
r_5a49b89c7757,Reddit_Commento,6
r_6c27ce11fac9,Reddit_Commento,11
r_2f7a560cca2f,Reddit_Commento,11
r_d5d39fc56ee6,Reddit_Commento,11
r_6d4c2314b05c,Reddit_Commento,11
r_19127ea1046d,Reddit_Commento,12
r_21d749896a9b,Reddit_Commento,13
r_56dc035dce3f,Reddit_Commento,13
r_c0e8fd3902a8,Reddit_Commento,2
r_4af7c3449aed,Reddit_Commento,2
r_f3941408754b,Reddit_Commento,4
r_a08d6e21eabd,Reddit_Commento,11
r_ad7d21eee2bc,Reddit_Commento,5
r_06b3042a1b40,Reddit_Commento,11
r_e70031862818,Reddit_Commento,11
r_57a708c283cc,Reddit_Commento,11
r_0f1f0d383c58,Reddit_Commento,11
r_54426cf4e0e9,Reddit_Commento,8
r_fc938a6cfe3b,Reddit_Commento,1
r_ef7ef1b28979,Reddit_Commento,11
r_fde65645517b,Reddit_Commento,11
r_6acdaff2ef00,Reddit_Commento,2
r_4d5c3d5de27c,Reddit_Commento,5
r_d6d789c6df50,Reddit_Commento,3
r_47a7a40cea18,Reddit_Commento,5
r_d2e4f130ab44,Reddit_Commento,6
r_35df05f364cf,Reddit_Commento,11
r_5094748f711f,Reddit_Commento,2
r_5d3a31374185,Reddit_Commento,5
r_ef48086de5ae,Reddit_Commento,11
r_55638d5f6719,Reddit_Commento,10
r_b4265a052e0f,Reddit_Commento,11
r_98ed5d10dc4f,Reddit_Commento,11
r_d8981e5f24f8,Reddit_Commento,11
r_f8aada82937f,Reddit_Commento,11
r_e486648326e9,Reddit_Commento,11
r_22d1eb786fec,Reddit_Commento,12
r_da6f929095d7,Reddit_Commento,13
r_cbf2784e5aae,Reddit_Commento,11
r_813e3f6afe18,Reddit_Commento,12
r_d989cd4b0cc0,Reddit_Commento,11
r_8ed08688723d,Reddit_Commento,3
r_6103158ed86b,Reddit_Commento,3
r_8dc474687f7a,Reddit_Commento,11
r_7709bdfa885c,Reddit_Commento,12
r_aedd8e57a9e6,Reddit_Commento,13
r_2c2bd338d1ed,Reddit_Commento,11
r_51ef64825012,Reddit_Commento,12
r_5660f683165d,Reddit_Commento,10
r_7f3d4fde83c2,Reddit_Commento,2
r_433e3eb2d773,Reddit_Commento,10
r_d0bb3427c15e,Reddit_Commento,11
r_02b3c995e9c9,Reddit_Commento,9
r_52d4dcb7c0da,Reddit_Commento,12
r_d8b740257728,Reddit_Commento,11
r_6685662e5596,Reddit_Commento,6
r_21b94297ff8d,Reddit_Commento,13
r_971a620f979f,Reddit_Commento,11
r_b4fecc99891a,Reddit_Commento,5
r_2b40bbdb7117,Reddit_Commento,11
r_670534737dca,Reddit_Commento,9
r_2f1fb3d49187,Reddit_Commento,11
r_ab6c6f71af13,Reddit_Commento,13
r_04a423ae72ba,Reddit_Commento,11
r_ccf640282648,Reddit_Commento,13
r_7e475cad9fe2,Reddit_Commento,8
r_6ac9be845a2d,Reddit_Commento,11
r_6a5221de7769,Reddit_Commento,11
r_b1d97539ce91,Reddit_Commento,11
r_afa089bef88c,Reddit_Commento,9
r_13bdb7ab3554,Reddit_Commento,12
r_f9788f603196,Reddit_Commento,11
r_a590c8d43b53,Reddit_Commento,5
r_5dde3ca58ef6,Reddit_Commento,2
r_99dd7ba84b9b,Reddit_Commento,13
r_f437f28cd0aa,Reddit_Commento,10
r_64be403a59da,Reddit_Commento,10
r_aed155992756,Reddit_Commento,11
r_59e2d3d39df5,Reddit_Commento,8
r_57eca8e60c55,Reddit_Commento,10
r_b6dcd4971c73,Reddit_Commento,11
r_60878928d611,Reddit_Commento,10
r_aca3160b2b6e,Reddit_Commento,11
r_51db30aea9fd,Reddit_Commento,13
r_2897bc2b8f36,Reddit_Commento,11
r_694390fcbff0,Reddit_Commento,11
r_5d9fbf397f49,Reddit_Commento,3
r_0e40b7635552,Reddit_Commento,11
r_3a080de23b1f,Reddit_Commento,10
r_0330fe9246d9,Reddit_Commento,5
r_9ca34c3d61ff,Reddit_Commento,11
r_c63cbeddd9be,Reddit_Commento,3
r_518b81bbffa2,Reddit_Commento,11
r_3bf0d83eb23a,Reddit_Commento,11
r_6b1cda75f30f,Reddit_Commento,11
r_38669094abd4,Reddit_Commento,3
r_feb4cd474647,Reddit_Commento,11
r_ea2003067b4f,Reddit_Commento,11
r_28a418a31b40,Reddit_Commento,5
r_94fa78181eba,Reddit_Commento,13
r_f190def58d5c,Reddit_Commento,11
r_f2c1019cbcaf,Reddit_Commento,13
r_a3a9cd6a2e90,Reddit_Commento,11
r_2283f7ea128c,Reddit_Commento,11
r_c482c0fb2672,Reddit_Commento,11
r_f1fe451070dd,Reddit_Commento,11
r_6c4f0120f3b5,Reddit_Commento,5
r_cd663e77fcba,Reddit_Commento,11
r_ceb81a0af408,Reddit_Commento,12
r_fe8c015bb4f3,Reddit_Commento,10
r_81f5b2f43a1b,Reddit_Commento,3
r_ec137a9bb2d8,Reddit_Commento,10
r_75844d351d32,Reddit_Commento,11
r_cd7202a1546b,Reddit_Commento,11
r_7c4cf286dd25,Reddit_Commento,11
r_306c89175569,Reddit_Commento,11
r_5ca4ae28921e,Reddit_Commento,10
r_db8f377822b5,Reddit_Commento,11
r_806a02de0078,Reddit_Commento,3
r_5b58f6ce0ae0,Reddit_Commento,11
r_892c63eda28e,Reddit_Commento,3
r_35d4942e4d53,Reddit_Commento,14
r_9fefa7e9e07a,Reddit_Commento,14
r_2a0dc8aed4fd,Reddit_Commento,10
r_583801d39ea1,Reddit_Commento,13
r_c6ede56171d6,Reddit_Commento,2
r_773265f39f41,Reddit_Commento,11
r_6d46231fecbe,Reddit_Commento,10
r_fae44edb0c3a,Reddit_Commento,2
r_a71d3bd36b1b,Reddit_Commento,2
r_caff3734fc1f,Reddit_Commento,2
r_d4229dc196af,Reddit_Commento,11
r_367b2881d019,Reddit_Commento,2
r_714651ca3544,Reddit_Commento,7
r_3837c6527714,Reddit_Commento,13
r_041fdec62260,Reddit_Commento,1
r_4cb7e9e25b45,Reddit_Commento,11
r_04b5d3c2f703,Reddit_Commento,11
r_c717c8520a05,Reddit_Commento,11
r_3e41c2a3a632,Reddit_Commento,11
r_978b4db518a8,Reddit_Commento,12
r_dd9e5096db13,Reddit_Commento,11
r_da68c77dc009,Reddit_Commento,5
r_122df04b9aee,Reddit_Commento,2
r_dbef7d282de3,Reddit_Commento,12
r_41bed9bcd64a,Reddit_Commento,11
r_77011870c2ca,Reddit_Commento,2
r_4234cd672221,Reddit_Commento,0
r_c487a0c4bff2,Reddit_Commento,11
r_09403e1bcf26,Reddit_Commento,2
r_68416b73688a,Reddit_Commento,11
r_c53a563a18ef,Reddit_Commento,10
r_ee0ca1ae5581,Reddit_Commento,10
r_eb086639238d,Reddit_Commento,11
r_533280290fcb,Reddit_Commento,3
r_e102a8bb5a01,Reddit_Commento,6
r_57df23db7c85,Reddit_Commento,11
r_dbb1759549aa,Reddit_Commento,11
r_66837bfbbb59,Reddit_Commento,11
r_40baec950f14,Reddit_Commento,2
r_d69acfad11c3,Reddit_Commento,10
r_a507cfb6f514,Reddit_Commento,1
r_cf2cc14e3595,Reddit_Commento,10
r_c2ee64d9a1d8,Reddit_Commento,11
r_879e87bb88a8,Reddit_Commento,6
r_05909827d295,Reddit_Commento,2
r_1cb5cfb80193,Reddit_Commento,2
r_55841d5b46d4,Reddit_Commento,5
r_3db4a0cc83aa,Reddit_Commento,11
r_f7805eef2dab,Reddit_Commento,11
r_9e8ee51a8afd,Reddit_Commento,11
r_cd28300f2b2d,Reddit_Commento,13
r_0791c2c05c74,Reddit_Commento,11
r_3159d7abb977,Reddit_Commento,12
r_48d4b4f9b30f,Reddit_Commento,0
r_4c9d82d143e3,Reddit_Commento,12
r_098bfb47161e,Reddit_Commento,11
r_db8f7b011154,Reddit_Commento,6
r_bb9b4a232a1e,Reddit_Commento,11
r_46fa6a36dc4e,Reddit_Commento,11
r_e7d1344dd8d2,Reddit_Commento,2
r_5703cff6a621,Reddit_Commento,4
r_9882b4892525,Reddit_Commento,12
r_06f85b5dbfd9,Reddit_Commento,10
r_d54e999f8dd0,Reddit_Commento,11
r_1fc3af4fd231,Reddit_Commento,11
r_3a15f6efb23e,Reddit_Commento,11
r_104063a70fd6,Reddit_Commento,5
r_c61824dedcb1,Reddit_Commento,13
r_06cf00585745,Reddit_Commento,12
r_6d923d13762f,Reddit_Commento,10
r_acafb09421ef,Reddit_Commento,13
r_ff922ba7d536,Reddit_Commento,2
r_06ae4b1a6131,Reddit_Commento,11
r_4843603ebf9c,Reddit_Commento,11
r_c7fdb67fbbf0,Reddit_Commento,7
r_1dd32b248c39,Reddit_Commento,1
r_461dc4c9d0ff,Reddit_Commento,11
r_27791708893a,Reddit_Commento,11
r_d54dfae3476d,Reddit_Commento,13
r_5e1f06087220,Reddit_Commento,12
r_147c72845b59,Reddit_Commento,5
r_cd372fa0caf7,Reddit_Commento,2
r_e6939c04ebe4,Reddit_Commento,5
r_7e697f0cbb39,Reddit_Commento,11
r_6aa3a1b5dd8e,Reddit_Commento,11
r_b194e4c59ceb,Reddit_Commento,12
r_01f9eec059bb,Reddit_Commento,5
r_d186a3e74dea,Reddit_Commento,11
r_fc54d6127d7a,Reddit_Commento,11
r_fb0e775aa894,Reddit_Commento,13
r_d39b33f1446d,Reddit_Commento,11
r_b42b66e8e899,Reddit_Commento,11
r_5aedbad4218d,Reddit_Commento,10
r_c7cd389b0820,Reddit_Commento,8
r_f468986bedb1,Reddit_Commento,13
r_cc1ab34ae89e,Reddit_Commento,13
r_d34c307b2d7e,Reddit_Commento,10
r_b799e63e5ffd,Reddit_Commento,11
r_4d6b6ea6b001,Reddit_Commento,11
r_58b23399e61b,Reddit_Commento,10
r_ea374ed58e41,Reddit_Commento,11
r_d038b4d8d32c,Reddit_Commento,11
r_a5a90d7f0e21,Reddit_Commento,11
r_3c664a42bfd3,Reddit_Commento,10
r_bd28e2aed65f,Reddit_Commento,11
r_e5d5067e825c,Reddit_Commento,10
r_41e3ecfb1fb6,Reddit_Commento,11
r_2a5099430170,Reddit_Commento,2
r_82f0575c34eb,Reddit_Commento,11
r_fe8fb6f93f1a,Reddit_Commento,3
r_9177e274853a,Reddit_Commento,10
r_87ba6df01676,Reddit_Commento,13
r_65250e7307d2,Reddit_Commento,11
r_87b05da1a068,Reddit_Commento,11
r_d1a70e3b798b,Reddit_Commento,11
r_6e7c8777e844,Reddit_Commento,11
r_bd8f61dd1f9a,Reddit_Commento,3
r_9f9ddf835740,Reddit_Commento,9
r_f60b16aa937e,Reddit_Commento,7
r_e0a2540a80b1,Reddit_Commento,13
r_a358a1eb8e84,Reddit_Commento,10
r_18256f413eba,Reddit_Commento,2
r_9a595ae0e33d,Reddit_Commento,5
r_0aa806e486c2,Reddit_Commento,11
r_a300df8fd3e6,Reddit_Commento,11
r_1635e26772c9,Reddit_Commento,5
r_f43b7f475ee2,Reddit_Commento,11
r_bf4b7d0dea74,Reddit_Commento,2
r_060a47f42244,Reddit_Commento,10
r_c29f2469d768,Reddit_Commento,11
r_1e4c8603a9d3,Reddit_Commento,10
r_ebccc4aba9ba,Reddit_Commento,2
r_3f3084845de0,Reddit_Commento,10
r_e9132baab30c,Reddit_Commento,4
r_4ec67ab77830,Reddit_Commento,2
r_b7a5fc256fac,Reddit_Commento,10
r_595338b6ae30,Reddit_Commento,11
r_b066512d2b75,Reddit_Commento,11
r_0d13deff1e9b,Reddit_Commento,13
r_0cbe2e3799dc,Reddit_Commento,13
r_dda1f4e831fc,Reddit_Commento,11
r_f1c2e273bba9,Reddit_Commento,11
r_2b36c262acd9,Reddit_Commento,3
r_8927bffba57b,Reddit_Commento,10
r_3f41fa5d9cbf,Reddit_Commento,10
r_95b1e0479e45,Reddit_Commento,11
r_d6ba999d6598,Reddit_Commento,11
r_ff860a78e593,Reddit_Commento,3
r_989d50b9e489,Reddit_Commento,11
r_8948724a3e73,Reddit_Commento,11
r_6774aaa7e1f4,Reddit_Commento,5
r_259869ab283c,Reddit_Commento,11
r_dc972992b759,Reddit_Commento,11
r_a740cabb86de,Reddit_Commento,11
r_1dd0c71f0a7f,Reddit_Commento,11
r_e35c08f6cfe9,Reddit_Commento,10
r_482641770b5a,Reddit_Commento,11
r_dc769bc4c9d4,Reddit_Commento,11
r_02c497993f8d,Reddit_Commento,14
r_d9fbe4a1d010,Reddit_Commento,13
r_7504f6a7d906,Reddit_Commento,10
r_c9e09366ac50,Reddit_Commento,11
r_965a2164d0fe,Reddit_Commento,10
r_962e3becd6e8,Reddit_Commento,11
r_fc0b5e736776,Reddit_Commento,10
r_f7b02f9e73cf,Reddit_Commento,11
r_88050b2eea18,Reddit_Commento,2
r_687aa5c91deb,Reddit_Commento,10
r_6572057ca6d1,Reddit_Commento,13
r_9e59b1b4ff6e,Reddit_Commento,11
r_70c6ca6267d7,Reddit_Commento,8
r_a45e7aea4342,Reddit_Commento,11
r_9d9be04acdfc,Reddit_Commento,11
r_de64e00800d2,Reddit_Commento,10
r_e4f28445e2be,Reddit_Commento,10
r_184e1a1e3ea9,Reddit_Commento,13
r_05acf12864cb,Reddit_Commento,9
r_d704b0b8690a,Reddit_Commento,11
r_70a7688f2944,Reddit_Commento,11
r_728049a85f0d,Reddit_Commento,13
r_efa540cec38b,Reddit_Commento,11
r_87be687c5db2,Reddit_Commento,11
r_133f49da21d6,Reddit_Commento,13
r_3e611972e5e6,Reddit_Commento,11
r_b36103073858,Reddit_Commento,11
r_fe98bc8282ae,Reddit_Commento,12
r_eb7232969fb4,Reddit_Commento,8
r_85ed3e516e37,Reddit_Commento,11
r_b90b50f0de71,Reddit_Commento,13
r_6921f6171130,Reddit_Commento,10
r_97f0f02eab68,Reddit_Commento,10
r_e2f39b3fbb88,Reddit_Commento,13
r_27e6ded2d46f,Reddit_Commento,9
r_85a948f7a98c,Reddit_Commento,3
r_8b335425897c,Reddit_Commento,3
r_22d926a57b6c,Reddit_Commento,8
r_a0375e2170b7,Reddit_Commento,10
r_436a035e76ed,Reddit_Commento,12
r_91a596ee1cc0,Reddit_Commento,11
r_76b9098c4d24,Reddit_Commento,11
r_e417b8a1f369,Reddit_Commento,1
r_9ab179c5727e,Reddit_Commento,11
r_926a594af619,Reddit_Commento,10
r_b5354605bd31,Reddit_Commento,3
r_c078c33e476d,Reddit_Commento,2
r_d7232f288b8b,Reddit_Commento,11
r_a75f45c78472,Reddit_Commento,11
r_85cf73c21390,Reddit_Commento,9
r_9328d9a296af,Reddit_Commento,3
r_45493456445e,Reddit_Commento,7
r_fa712a9be989,Reddit_Commento,11
r_748442e8d2d5,Reddit_Commento,11
r_5b11e4efb596,Reddit_Commento,13
r_2eb80554e711,Reddit_Commento,5
r_c04cf3763ef0,Reddit_Commento,11
r_8f3acf21da5e,Reddit_Commento,11
r_6350afd6aa36,Reddit_Commento,5
r_d7ffc029cac8,Reddit_Commento,6
r_82ecf2b1a76a,Reddit_Commento,4
r_0a5f8a2a6617,Reddit_Commento,11
r_1976cf5382dc,Reddit_Commento,10
r_74fab49d5fd4,Reddit_Commento,11
r_7371dd681665,Reddit_Commento,13
r_57ef1ad39589,Reddit_Commento,10
r_2dc8672cb440,Reddit_Commento,10
r_0be4c2980ccc,Reddit_Commento,10
r_c99aad47207d,Reddit_Commento,2
r_ad572dcf1e70,Reddit_Commento,11
r_683a6abab98b,Reddit_Commento,13
r_39c9216a596b,Reddit_Commento,11
r_a7189d8ef123,Reddit_Commento,13
r_dfd2791a26f8,Reddit_Commento,11
r_bcf6478901e2,Reddit_Commento,11
r_4dbb898d101a,Reddit_Commento,11
r_054247bbdee2,Reddit_Commento,2
r_81ac7e8658b6,Reddit_Commento,12
r_c40a37723cf4,Reddit_Commento,2
r_193613d168c6,Reddit_Commento,2
r_7cbcd08ecead,Reddit_Commento,13
r_38ba6b806376,Reddit_Commento,11
r_495328422699,Reddit_Commento,2
r_b098c5688371,Reddit_Commento,11
r_5896996d8725,Reddit_Commento,5
r_93befe7b920f,Reddit_Commento,11
r_2eec723e8dad,Reddit_Commento,10
r_15382bd84262,Reddit_Commento,11
r_0770daff1f48,Reddit_Commento,10
r_231d041a1dd2,Reddit_Commento,13
r_53f3b1011c92,Reddit_Commento,1
r_e0825aaafd06,Reddit_Commento,1
r_d79fac680f73,Reddit_Commento,8
r_c0199237b7bd,Reddit_Commento,11
r_43e209740aa5,Reddit_Commento,14
r_bdc35955b9c7,Reddit_Commento,10
r_dbea1adc0c8a,Reddit_Commento,11
r_a42a8ac25828,Reddit_Commento,11
r_711f14a7f686,Reddit_Commento,5
r_a41036bc37c2,Reddit_Commento,10
r_c0dc9f6f48d1,Reddit_Commento,11
r_daeeea1529c6,Reddit_Commento,11
r_14a6699269ce,Reddit_Commento,11
r_28690d341a28,Reddit_Commento,5
r_45b8f103c7ce,Reddit_Commento,11
r_5da66d509dcf,Reddit_Commento,3
r_44a81106d2ff,Reddit_Commento,11
r_0f431b165da3,Reddit_Commento,5
r_ced5c71539a3,Reddit_Commento,10
r_4a40a8e062bc,Reddit_Commento,10
r_ef2394458756,Reddit_Commento,10
r_6ab712d9420d,Reddit_Commento,11
r_6a8f04e7f7ad,Reddit_Commento,11
r_5dff837664db,Reddit_Commento,5
r_4a3e7e2bd064,Reddit_Commento,13
r_9523be1210a8,Reddit_Commento,11
r_77b06928aee1,Reddit_Commento,5
r_bd3e733d844d,Reddit_Commento,14
r_0a2d41396886,Reddit_Commento,11
r_33b77b1dc7d6,Reddit_Commento,2
r_6c014b0c5eb2,Reddit_Commento,11
r_0e7fe3880a2d,Reddit_Commento,11
r_3d52127ecdc1,Reddit_Commento,13
r_16c34e09c2e5,Reddit_Commento,14
r_387dcfd1f97d,Reddit_Commento,13
r_4b37f0cfe769,Reddit_Commento,11
r_1990c58b5cf8,Reddit_Commento,3
r_f02c614de131,Reddit_Commento,11
r_2039627044f5,Reddit_Commento,11
r_76ee794b02d4,Reddit_Commento,11
r_892ffecf8df2,Reddit_Commento,3
r_8a4159db3b52,Reddit_Commento,10
r_601a78643096,Reddit_Commento,3
r_d380c9d0522d,Reddit_Commento,11
r_dfb62fec1c55,Reddit_Commento,11
r_dc419ad217e6,Reddit_Commento,3
r_1e8e89d43e3a,Reddit_Commento,14
r_4639c36638ee,Reddit_Commento,10
r_cf83abd2a83e,Reddit_Commento,3
r_123978e91165,Reddit_Commento,13
r_89c7f5ac82bc,Reddit_Commento,13
r_34985ea8a35a,Reddit_Commento,13
r_7007f421f6fa,Reddit_Commento,12
r_da938c174bd6,Reddit_Commento,10
r_6bc390f8047f,Reddit_Commento,9
r_a95fa7d9bcec,Reddit_Commento,11
r_c976c9126f75,Reddit_Commento,13
r_a6cb60e6a039,Reddit_Commento,13
r_cc5ffdb0a816,Reddit_Commento,10
r_a330a29558a1,Reddit_Commento,3
r_82a475a3ad37,Reddit_Commento,13
r_c024bb5a504a,Reddit_Commento,13
r_88ad7b91e6e0,Reddit_Commento,11
r_ba77a7be7d3a,Reddit_Commento,3
r_52aa3ffa501e,Reddit_Commento,5
r_f3d413a6bd7d,Reddit_Commento,11
r_9d6f02d4d657,Reddit_Commento,3
r_839bb77c73fe,Reddit_Commento,11
r_d4f18c9a6729,Reddit_Commento,13
r_34ac78a266ac,Reddit_Commento,3
r_28846c575cb0,Reddit_Commento,3
r_769b60be26c3,Reddit_Commento,2
r_24d30b958585,Reddit_Commento,10
r_4bdcee29111e,Reddit_Commento,9
r_07d9e7570d08,Reddit_Commento,10
r_d77895f1f4ff,Reddit_Commento,3
r_07e4ddf4ad0a,Reddit_Commento,11
r_84d61725ddb2,Reddit_Commento,9
r_961f87f12924,Reddit_Commento,11
r_f13e8945bca3,Reddit_Commento,5
r_0859e86f470b,Reddit_Commento,13
r_6e22f9570aa9,Reddit_Commento,12
r_97ee3da8688c,Reddit_Commento,14
r_330772dc431c,Reddit_Commento,12
r_112be05928f9,Reddit_Commento,11
r_8e193af72b48,Reddit_Commento,11
r_6fd974c085cc,Reddit_Commento,11
r_2c8320cdd4f5,Reddit_Commento,1
r_b2dc8f93d34d,Reddit_Commento,8
r_f3f3010f08aa,Reddit_Commento,2
r_d78d822a228f,Reddit_Commento,11
r_386e6362141c,Reddit_Commento,2
r_53ac7480fb24,Reddit_Commento,11
r_928ea06473e5,Reddit_Commento,13
r_c5a5cd0f255a,Reddit_Commento,3
r_b85b3fa0b723,Reddit_Commento,11
r_801c316764df,Reddit_Commento,5
r_9b3f2fd200ab,Reddit_Commento,13
r_3b305381cf94,Reddit_Commento,12
r_bd234f22f5d5,Reddit_Commento,12
r_79624d433ea4,Reddit_Commento,5
r_493989c58e04,Reddit_Commento,5
r_40ce10e9ec29,Reddit_Commento,2
r_a84128b43aee,Reddit_Commento,10
r_8d416d60ebec,Reddit_Commento,11
r_f45db3c25a76,Reddit_Commento,11
r_f4668f73f767,Reddit_Commento,11
r_37c276d32ff4,Reddit_Commento,5
r_575dd5d9307c,Reddit_Commento,11
r_84b92f75585c,Reddit_Commento,1
r_2207f6ee6021,Reddit_Commento,13
r_b26f15ef4bc9,Reddit_Commento,1
r_9c4ddeb89f60,Reddit_Commento,13
r_dfdc4ed92287,Reddit_Commento,12
r_7158df294102,Reddit_Commento,2
r_335f2702ce56,Reddit_Commento,11
r_68a83f8ea564,Reddit_Commento,2
r_143d63c11913,Reddit_Commento,13
r_f78e73b2730c,Reddit_Commento,10
r_1767009a6dc4,Reddit_Commento,8
r_1f5155a59a51,Reddit_Commento,13
r_d228c32213ab,Reddit_Commento,2
r_f2280a1db73f,Reddit_Commento,3
r_44a1b144ba92,Reddit_Commento,13
r_a6921f91890f,Reddit_Commento,11
r_49743e9569a4,Reddit_Commento,2
r_2411d41cd714,Reddit_Commento,1
r_a6d3d137aaf8,Reddit_Commento,11
r_d44a1b61655b,Reddit_Commento,0
r_33890798ba90,Reddit_Commento,11
r_61b894571a67,Reddit_Commento,11
r_827919aa0db8,Reddit_Commento,11
r_c9346577e762,Reddit_Commento,13
r_ba55acdf5add,Reddit_Commento,11
r_8825c2aa228f,Reddit_Commento,13
r_7f6895f340ea,Reddit_Commento,11
r_708b20902099,Reddit_Commento,10
r_c8f730f8353d,Reddit_Commento,12
r_9af4554ceeea,Reddit_Commento,8
r_57bb13b69f85,Reddit_Commento,11
r_fd71239ee79d,Reddit_Commento,10
r_1b60ab941c21,Reddit_Commento,5
r_682a44a0a161,Reddit_Commento,5
r_79d6fdf6f8c0,Reddit_Commento,11
r_3941b4c805af,Reddit_Commento,11
r_04fb5f2c23e9,Reddit_Commento,11
r_62c968558b59,Reddit_Commento,0
r_23c88f4340a9,Reddit_Commento,11
r_6f9ff3bc65c0,Reddit_Commento,13
r_71e94a5964e4,Reddit_Commento,2
r_ccfa7836790d,Reddit_Commento,11
r_81748423a593,Reddit_Commento,12
r_6e4623452b65,Reddit_Commento,11
r_2555afae6e58,Reddit_Commento,11
r_efce1b7a7fac,Reddit_Commento,11
r_38574e9d1c26,Reddit_Commento,11
r_6713d928f2a1,Reddit_Commento,6
r_c5c101687901,Reddit_Commento,11
r_b188a7fcbee4,Reddit_Commento,5
r_d53708712d54,Reddit_Commento,12
r_7223788c0f4f,Reddit_Commento,12
r_512653cdffda,Reddit_Commento,3
r_dddb970e9121,Reddit_Commento,10
r_6b725bffce6b,Reddit_Commento,3
r_851621142bcc,Reddit_Commento,11
r_d03c4aef87b4,Reddit_Commento,14
r_23c7e334ff96,Reddit_Commento,11
r_488d13fcb622,Reddit_Commento,10
r_e576e345a5c2,Reddit_Commento,11
r_7c69673f2771,Reddit_Commento,11
r_afe7d50ef456,Reddit_Commento,13
r_03cc22b4bff8,Reddit_Commento,11
r_0fda2870afda,Reddit_Commento,11
r_98895cb629a1,Reddit_Commento,3
r_9b2627ecb022,Reddit_Commento,6
r_f0f2ab4d4d41,Reddit_Commento,11
r_25cf9209ec50,Reddit_Commento,5
r_d6fe93652f1b,Reddit_Commento,11
r_2f386637845a,Reddit_Commento,11
r_35daebbe3a94,Reddit_Commento,11
r_a47f4bff9b9a,Reddit_Commento,13
r_41c9164df1fa,Reddit_Commento,5
r_a75d819ac1a6,Reddit_Commento,10
r_f6e05983ae8f,Reddit_Commento,10
r_36ca3cc039e4,Reddit_Commento,12
r_9ec4a12de8f3,Reddit_Commento,11
r_2ff1adcbb6c9,Reddit_Commento,11
r_662eabb872fa,Reddit_Commento,11
r_4d781fc6cdb0,Reddit_Commento,13
r_b3e1ddf97159,Reddit_Commento,11
r_ef7fba14388e,Reddit_Commento,11
r_8681c1074772,Reddit_Commento,5
r_6bae18a0c2b4,Reddit_Commento,11
r_a7a4234e7888,Reddit_Commento,11
r_e08d68ce4f34,Reddit_Commento,11
r_efc51d9ec4fa,Reddit_Commento,11
r_c130c35d76c6,Reddit_Commento,11
r_f75a2bdf53b6,Reddit_Commento,10
r_ca60d42ce687,Reddit_Commento,11
r_b3092037a7de,Reddit_Commento,11
r_add27697ebc3,Reddit_Commento,10
r_f39d2d4df89e,Reddit_Commento,11
r_3d950e967c56,Reddit_Commento,11
r_1f1e4e12eb78,Reddit_Commento,11
r_45aa925cb47b,Reddit_Commento,12
r_b1e94003fe67,Reddit_Commento,4
r_551c51d2b562,Reddit_Commento,10
r_2b3a56523886,Reddit_Commento,10
r_c3969e53d77d,Reddit_Commento,6
r_37f40e8be328,Reddit_Commento,4
r_16ce9facef4f,Reddit_Commento,1
r_8ac1eca4ad7c,Reddit_Commento,11
r_60eaf18c6c44,Reddit_Commento,13
r_15ed20b7baef,Reddit_Commento,11
r_d8c975f8e833,Reddit_Commento,10
r_a0e08dde3661,Reddit_Commento,11
r_9551216d1d0e,Reddit_Commento,4
r_244a070a78aa,Reddit_Commento,7
r_f02e4de84c58,Reddit_Commento,10
r_9e9a94832935,Reddit_Commento,8
r_7a30b6b72c68,Reddit_Commento,12
r_fb2d3e6de390,Reddit_Commento,11
r_88c8c5fde8ac,Reddit_Commento,10
r_47dd9d04504b,Reddit_Commento,2
r_98085869d003,Reddit_Commento,11
r_f7de914f7d25,Reddit_Commento,11
r_ec14c2aa21a5,Reddit_Commento,11
r_7d0033414fd9,Reddit_Commento,11
r_f121bcde92ec,Reddit_Commento,13
r_db36a9769e6f,Reddit_Commento,11
r_9a30c93cc4a1,Reddit_Commento,11
r_8ffff4bea642,Reddit_Commento,11
r_718a6dcd33d2,Reddit_Commento,0
r_8753aa9c321f,Reddit_Commento,2
r_1705c5e415d0,Reddit_Commento,3
r_cb512cc18d9c,Reddit_Commento,10
r_892fbbdb14a3,Reddit_Commento,11
r_2322e8cd1786,Reddit_Commento,13
r_29ea43b007e2,Reddit_Commento,11
r_c47ce1b05504,Reddit_Commento,11
r_f786e0a8353e,Reddit_Commento,11
r_54b770114900,Reddit_Commento,11
r_70f63c8e48c5,Reddit_Commento,11
r_88f8d42dd29e,Reddit_Commento,11
r_6c49b260caa7,Reddit_Commento,8
r_a75fae13d747,Reddit_Commento,10
r_2a4d189c032f,Reddit_Commento,0
r_44c6686567c1,Reddit_Commento,2
r_f1261c6a23ba,Reddit_Commento,11
r_3e1137bb0b74,Reddit_Commento,13
r_1ef3314ece72,Reddit_Commento,7
r_aace37ca5938,Reddit_Commento,11
r_4477e49496d7,Reddit_Commento,10
r_a6907f3ac491,Reddit_Commento,11
r_cf3b65433777,Reddit_Commento,5
r_45cb382cec2d,Reddit_Commento,11
r_a8fadee88f90,Reddit_Commento,13
r_1ee9c32ef62c,Reddit_Commento,10
r_9433e65040ea,Reddit_Commento,5
r_a625c15da143,Reddit_Commento,11
r_4b6354f36b34,Reddit_Commento,8
r_6dff70266d1e,Reddit_Commento,12
r_9fd600f792b9,Reddit_Commento,11
r_a8715a8349c6,Reddit_Commento,11
r_931e034aad86,Reddit_Commento,11
r_f07672feb0a7,Reddit_Commento,11
r_7c8f794dd4cc,Reddit_Commento,7
r_a785f2321c07,Reddit_Commento,11
r_9423d1a7631f,Reddit_Commento,13
r_43c041d47478,Reddit_Commento,6
r_f40e9cf018c6,Reddit_Commento,11
r_51fa5f4c4f34,Reddit_Commento,11
r_236bcc6f28b4,Reddit_Commento,13
r_5d9af889994b,Reddit_Commento,9
r_476a25283219,Reddit_Commento,14
r_b56c633aa011,Reddit_Commento,12
r_1cc9c19b8053,Reddit_Commento,13
r_9a5d4f071cb1,Reddit_Commento,11
r_14d1fc7e7aae,Reddit_Commento,11
r_651a402df99c,Reddit_Commento,12
r_34fee5b51abd,Reddit_Commento,10
r_bdb7d5c089a1,Reddit_Commento,13
r_11729e200972,Reddit_Commento,10
r_3217130d3e95,Reddit_Commento,11
r_ab26e53ac4a0,Reddit_Commento,11
r_5a040d83ad61,Reddit_Commento,11
r_935f0d4b8a2f,Reddit_Commento,11
r_19871cf17a6f,Reddit_Commento,12
r_ac015324f654,Reddit_Commento,11
r_8d8fb6649553,Reddit_Commento,13
r_59ccd3238b92,Reddit_Commento,11
r_0fa014e7c7ac,Reddit_Commento,2
r_92e182f225be,Reddit_Commento,2
r_4c44490b4a9c,Reddit_Commento,5
r_505f772f2c43,Reddit_Commento,11
r_ed80b8ea0ee9,Reddit_Commento,11
r_f7d2ec0418b3,Reddit_Commento,11
r_00364cc0b977,Reddit_Commento,6
r_183e166dec09,Reddit_Commento,10
r_e401069ea18b,Reddit_Commento,5
r_8e049a584710,Reddit_Commento,5
r_7a8f211e32b4,Reddit_Commento,10
r_8169c49c3f38,Reddit_Commento,5
r_6aa3b56cc296,Reddit_Commento,8
r_1af3b70c5031,Reddit_Commento,13
r_b992e229da9a,Reddit_Commento,11
r_f1ef92a273e7,Reddit_Commento,6
r_49b478ed46b3,Reddit_Commento,11
r_f85fd151bcc9,Reddit_Commento,7
r_3caf2428d343,Reddit_Commento,8
r_1046b3704af8,Reddit_Commento,10
r_d6dc34a2b3ec,Reddit_Commento,13
r_5ace7185886e,Reddit_Commento,11
r_7da3ccaa90c9,Reddit_Commento,11
r_1f9a26cc242b,Reddit_Commento,10
r_c5a0174d7546,Reddit_Commento,13
r_90deb845702a,Reddit_Commento,2
r_1ec53243d4c7,Reddit_Commento,10
r_5e166d249140,Reddit_Commento,12
r_5b714b120201,Reddit_Commento,11
r_33227bc7b1bd,Reddit_Commento,5
r_1e194a1a44ac,Reddit_Commento,13
r_d1202ea1a19b,Reddit_Commento,9
r_09e6dcf851f1,Reddit_Commento,5
r_9eadec1533f4,Reddit_Commento,8
r_e1fc7daded28,Reddit_Commento,10
r_36880ecc5e79,Reddit_Commento,7
r_41ea8755b6f9,Reddit_Commento,7
r_8fd549ddbd35,Reddit_Commento,1
r_eebf738f9325,Reddit_Commento,13
r_5e3ee9fa2215,Reddit_Commento,11
r_57dac3ea71ff,Reddit_Commento,11
r_e5c9f6a02530,Reddit_Commento,10
r_bb8bb40370d2,Reddit_Commento,13
r_570054c3c5b4,Reddit_Commento,5
r_2e7ed18b8ec6,Reddit_Commento,5
r_4174805bd659,Reddit_Commento,11
r_e4bbe0b3dfc4,Reddit_Commento,11
r_4021d58a3297,Reddit_Commento,2
r_a9dcf11b9c34,Reddit_Commento,13
r_1d0f9dbdde9f,Reddit_Commento,8
r_bbac90fd8aca,Reddit_Commento,9
r_790256fba84e,Reddit_Commento,11
r_95eb381a48f6,Reddit_Commento,3
r_26a0f1870903,Reddit_Commento,2
r_0a3b8c38fbc8,Reddit_Commento,2
r_4a5e613a551f,Reddit_Commento,8
r_4032a75b64ff,Reddit_Commento,11
r_0a3e8f56697a,Reddit_Commento,13
r_bfa115575a0e,Reddit_Commento,6
r_26c742522b65,Reddit_Commento,12
r_7d99162498be,Reddit_Commento,11
r_0cd9eb8652b8,Reddit_Commento,11
r_9245ea2d1005,Reddit_Commento,11
r_c737fad708b5,Reddit_Commento,9
r_71870764cb7c,Reddit_Commento,4
r_7e06cf279ece,Reddit_Commento,2
r_5db3f1f9ce8b,Reddit_Commento,4
r_0345eb12058b,Reddit_Commento,12
r_881ee4a195bb,Reddit_Commento,13
r_e7f52f0c9e9a,Reddit_Commento,11
r_7e4085db99e3,Reddit_Commento,10
r_4e7bd716c821,Reddit_Commento,11
r_fc3564c98208,Reddit_Commento,13
r_bfbde0c91fee,Reddit_Commento,11
r_da58ea7049cd,Reddit_Commento,6
r_3ea7809fe250,Reddit_Commento,11
r_0eebeb80fa07,Reddit_Commento,8
r_f79db7dbc67a,Reddit_Commento,12
r_842f3346dfff,Reddit_Commento,11
r_dfc5b1e154a4,Reddit_Commento,11
r_ed4614f10f09,Reddit_Commento,5
r_0769cbc599f6,Reddit_Commento,11
r_844a3032e379,Reddit_Commento,11
r_304f0544464f,Reddit_Commento,3
r_69c004e9f19c,Reddit_Commento,11
r_4131a408f3c1,Reddit_Commento,11
r_9850d4fd3270,Reddit_Commento,1
r_362cb1a2b7d5,Reddit_Commento,11
r_5251bd4853ad,Reddit_Commento,3
r_5437667ca33d,Reddit_Commento,12
r_5bf6760b1e8e,Reddit_Commento,11
r_df5f1bdd9862,Reddit_Commento,10
r_3936ef5195c1,Reddit_Commento,2
r_45300ba8a118,Reddit_Commento,2
r_a0f610e73f73,Reddit_Commento,13
r_a6dbddfe5a92,Reddit_Commento,4
r_08940f332bf2,Reddit_Commento,11
r_108ebf15bd22,Reddit_Commento,11
r_8bc1ee607e55,Reddit_Commento,11
r_0afed99eae3c,Reddit_Commento,11
r_b3e7feaf923b,Reddit_Commento,11
r_fd7092934698,Reddit_Commento,6
r_e6a6258d902b,Reddit_Commento,2
r_c63eefbc804b,Reddit_Commento,2
r_5df2dba1aff5,Reddit_Commento,11
r_d8f92e232e0e,Reddit_Commento,13
r_a14faacedd97,Reddit_Commento,8
r_49a43023cedf,Reddit_Commento,13
r_5635e2bbc43b,Reddit_Commento,12
r_f97a7da176d0,Reddit_Commento,11
r_183643c03c06,Reddit_Commento,11
r_75ecca207317,Reddit_Commento,2
r_af9f3ef3a7d1,Reddit_Commento,9
r_02510e7827d6,Reddit_Commento,11
r_9cdb56c49909,Reddit_Commento,3
r_a47c3e732b9b,Reddit_Commento,3
r_d7306ff251fa,Reddit_Commento,11
r_dffe99237ebd,Reddit_Commento,13
r_27e4400ae3ac,Reddit_Commento,11
r_5cb7ab4c259a,Reddit_Commento,11
r_ba99d4f42cd3,Reddit_Commento,11
r_31170c72fdb9,Reddit_Commento,13
r_11eb0fe6dbaa,Reddit_Commento,10
r_0a892a2aefe0,Reddit_Commento,11
r_39b9f5fd5b0b,Reddit_Commento,10
r_3018b89474d8,Reddit_Commento,8
r_cfc0d027ff76,Reddit_Commento,11
r_04889163cd36,Reddit_Commento,12
r_11c29737ac16,Reddit_Commento,4
r_7bb43efad223,Reddit_Commento,11
r_eec09ab4c14e,Reddit_Commento,11
r_4006c0c1ccae,Reddit_Commento,2
r_83a95818742f,Reddit_Commento,12
r_fe87c219b378,Reddit_Commento,11
r_c5af1ace7830,Reddit_Commento,13
r_d6edf508803b,Reddit_Commento,11
r_406eeba84cba,Reddit_Commento,11
r_4998b4af5fa6,Reddit_Commento,9
r_a4d263a7284c,Reddit_Commento,13
r_d9e0a359bdcb,Reddit_Commento,11
r_70050e58d527,Reddit_Commento,11
r_3c31455d3b8d,Reddit_Commento,5
r_e0e831f45a9a,Reddit_Commento,11
r_c40dbc7ec464,Reddit_Commento,11
r_ae4421102988,Reddit_Commento,12
r_6539c321cc19,Reddit_Commento,13
r_cce8c3225393,Reddit_Commento,8
r_06281891ae6a,Reddit_Commento,5
r_ca205ba2fd6c,Reddit_Commento,12
r_d22b4550e495,Reddit_Commento,10
r_90d3732709ef,Reddit_Commento,5
r_5f6edf1a2877,Reddit_Commento,13
r_692fb15fb8bd,Reddit_Commento,2
r_9b8271f89ca4,Reddit_Commento,12
r_b1cfc27202d9,Reddit_Commento,11
r_5eee5d05b23e,Reddit_Commento,11
r_bda0c9da4fd8,Reddit_Commento,1
r_3931c28b5d09,Reddit_Commento,5
r_1c176fb9064e,Reddit_Commento,11
r_4465825fd9ef,Reddit_Commento,7
r_21613d7ec14e,Reddit_Commento,13
r_36785ca531f3,Reddit_Commento,5
r_74faec051111,Reddit_Commento,11
r_1b14bec4297a,Reddit_Commento,11
r_54509b518caa,Reddit_Commento,11
r_7254e350175a,Reddit_Commento,11
r_2522a1f9e629,Reddit_Commento,10
r_bf72bf423aa4,Reddit_Commento,10
r_455e5bf8a820,Reddit_Commento,11
r_b3da2c362b3b,Reddit_Commento,10
r_aecdeca3f35f,Reddit_Commento,11
r_d0e8e818846f,Reddit_Commento,11
r_43ebdd0c808a,Reddit_Commento,12
r_721828968c7d,Reddit_Commento,7
r_96ddf562f68a,Reddit_Commento,5
r_ad9c068a72ac,Reddit_Commento,11
r_a5b90c815a38,Reddit_Commento,11
r_6729a5b293e6,Reddit_Commento,6
r_967d5f28b133,Reddit_Commento,5
r_cab94cdcc703,Reddit_Commento,3
r_0b29de5b1116,Reddit_Commento,12
r_37640bc45f88,Reddit_Commento,14
r_ac0409167397,Reddit_Commento,11
r_42258182006a,Reddit_Commento,2
r_52347e82f2e4,Reddit_Commento,11
r_6aade31ecde6,Reddit_Commento,11
r_b323526981bb,Reddit_Commento,9
r_8701f86df217,Reddit_Commento,11
r_752223e83c71,Reddit_Commento,0
r_71d194675750,Reddit_Commento,11
r_ced8bf2c5f24,Reddit_Commento,11
r_ad90c58e5f5a,Reddit_Commento,11
r_bc4639eba44c,Reddit_Commento,11
r_b598eed16bd1,Reddit_Commento,13
r_455ea9f88c6b,Reddit_Commento,11
r_1c34567d5e52,Reddit_Commento,2
r_c6c3e56b0ce6,Reddit_Commento,2
r_8960661682d5,Reddit_Commento,11
r_6043880b3e01,Reddit_Commento,10
r_afe34a7ce202,Reddit_Commento,11
r_aaaae85b16bc,Reddit_Commento,11
r_583c6545e884,Reddit_Commento,2
r_9b594ad7874a,Reddit_Commento,11
r_4a8161c55491,Reddit_Commento,11
r_fbbc8cb860d4,Reddit_Commento,11
r_900bc1eecbdd,Reddit_Commento,2
r_7d513b33efb4,Reddit_Commento,3
r_a0d545fdad20,Reddit_Commento,11
r_c1fa480e896f,Reddit_Commento,11
r_4b0f3a107e96,Reddit_Commento,11
r_6ae503d82edc,Reddit_Commento,11
r_cc7979523ac3,Reddit_Commento,11
r_434a25c91b25,Reddit_Commento,11
