id_articolo,url_articolo,titolo,data_pubblicazione_iso,n_words_body
commentisfree/2026/may/25/oppressing-women-authoritarianism-reform,https://www.theguardian.com/commentisfree/2026/may/25/oppressing-women-authoritarianism-reform,Oppressing women is how authoritarianism begins. So listen to what Reform is saying,2026-05-25T15:43:16Z,758
world/2026/may/25/trump-tower-georgia-tbilisi-land-part-owned-son-us-sanctions-leader,https://www.theguardian.com/world/2026/may/25/trump-tower-georgia-tbilisi-land-part-owned-son-us-sanctions-leader,Trump Tower in Georgia to be built on land part-owned by son of US sanctions-hit leader,2026-05-25T12:00:27Z,1023
us-news/2026/may/25/first-thing-us-and-iran-inch-closer-to-peace-deal-as-trump-faces-criticism-from-gop-hawks,https://www.theguardian.com/us-news/2026/may/25/first-thing-us-and-iran-inch-closer-to-peace-deal-as-trump-faces-criticism-from-gop-hawks,First Thing: US and Iran inch closer to peace deal as Trump faces criticism from GOP hawks,2026-05-25T10:12:00Z,1112
world/2026/may/25/armenia-election-crossroads-between-east-west,https://www.theguardian.com/world/2026/may/25/armenia-election-crossroads-between-east-west,"‘A bridge, not an obstacle’: is Armenia a new crossroads between east and west?",2026-05-25T07:40:46Z,1552
world/2026/may/25/monday-briefing-why-public-patience-with-privatisation-has-finally-run-out,https://www.theguardian.com/world/2026/may/25/monday-briefing-why-public-patience-with-privatisation-has-finally-run-out,Monday briefing: Why ​public ​patience ​with ​privatis​ation ​has ​finally ​run out ,2026-05-25T05:44:48Z,1853
commentisfree/2026/may/25/angela-merkel-vladimir-putin-ukraine-war-kyiv,https://www.theguardian.com/commentisfree/2026/may/25/angela-merkel-vladimir-putin-ukraine-war-kyiv,Angela Merkel won’t be negotiating with Putin – but the rumour reflects a truth about the Ukraine war,2026-05-25T04:00:16Z,926
world/2026/may/24/gps-jammed-on-raf-jet-carrying-uk-defence-secretary-close-to-russian-border,https://www.theguardian.com/world/2026/may/24/gps-jammed-on-raf-jet-carrying-uk-defence-secretary-close-to-russian-border,GPS jammed on RAF jet carrying UK defence secretary close to Russian border,2026-05-24T22:40:17Z,401
australia-news/2026/may/25/morning-mail-monday-ntwnfb,https://www.theguardian.com/australia-news/2026/may/25/morning-mail-monday-ntwnfb,Morning Mail: Immigration detention security failures revealed; alarm over ‘prediction market’ bets; Spurs secure survival,2026-05-24T20:40:56Z,977
sport/live/2026/may/24/french-open-2026-zverev-raducanu-fritz-day-one-roland-garros-live,https://www.theguardian.com/sport/live/2026/may/24/french-open-2026-zverev-raducanu-fritz-day-one-roland-garros-live,French Open 2026: Raducanu crashes out to Sierra; Zverev eases through on day one – as it happened,2026-05-24T17:34:13Z,6432
commentisfree/2026/may/24/the-guardian-view-on-erdogans-tightening-grip-on-turkey-the-next-election-is-already-being-decided,https://www.theguardian.com/commentisfree/2026/may/24/the-guardian-view-on-erdogans-tightening-grip-on-turkey-the-next-election-is-already-being-decided,The Guardian view on Erdoğan’s tightening grip on Turkey: the next election is already being decided,2026-05-24T16:30:01Z,579
world/2026/may/24/russia-hits-kyiv-ukraine-hypersonic-ballistic-missile,https://www.theguardian.com/world/2026/may/24/russia-hits-kyiv-ukraine-hypersonic-ballistic-missile,Russia hits Kyiv with hypersonic ballistic missile in ‘deranged’ attack,2026-05-24T16:02:26Z,1068
politics/2026/may/24/farage-mounting-pressure-prove-russian-hack-claim,https://www.theguardian.com/politics/2026/may/24/farage-mounting-pressure-prove-russian-hack-claim,Farage under mounting pressure to prove Russian hack claim,2026-05-24T15:46:51Z,869
sport/2026/may/24/french-open-roundup-kostyuk-selekhmeteva-gea-khachanov-djokovic-perricard-tennis,https://www.theguardian.com/sport/2026/may/24/french-open-roundup-kostyuk-selekhmeteva-gea-khachanov-djokovic-perricard-tennis,Ukraine’s Kostyuk keeps focus on French Open after missile strike near parents’ home,2026-05-24T14:32:21Z,844
commentisfree/2026/may/24/tulsi-gabbard-foreign-wars-trump,https://www.theguardian.com/commentisfree/2026/may/24/tulsi-gabbard-foreign-wars-trump,Tulsi Gabbard’s resistance to foreign wars amid Trump’s aggression was her undoing,2026-05-24T12:00:57Z,1255
politics/2026/may/24/uk-supply-chain-unprepared-for-major-shocks-war-report-warns,https://www.theguardian.com/politics/2026/may/24/uk-supply-chain-unprepared-for-major-shocks-war-report-warns,"UK supply chain unprepared for major shocks such as war, report warns",2026-05-24T10:00:53Z,811
world/2026/may/24/ukraine-war-briefing-zelenskyy-sounds-warning-after-russia-strikes-kyiv-with-oreshnik-missile,https://www.theguardian.com/world/2026/may/24/ukraine-war-briefing-zelenskyy-sounds-warning-after-russia-strikes-kyiv-with-oreshnik-missile,Ukraine war briefing: Zelenskyy sounds warning on Oreshnik missiles as Russia strikes Kyiv ,2026-05-24T05:42:39Z,927
world/ng-interactive/2026/may/24/there-is-profound-disappointment-in-him-mood-in-russia-turns-against-putin,https://www.theguardian.com/world/ng-interactive/2026/may/24/there-is-profound-disappointment-in-him-mood-in-russia-turns-against-putin,‘There is profound disappointment in him’: mood in Russia turns against Putin,2026-05-24T05:00:47Z,1863
business/2026/may/23/iran-war-us-gas-prices-oil-fuel,https://www.theguardian.com/business/2026/may/23/iran-war-us-gas-prices-oil-fuel,"Even if the Iran war ended today, US fuel prices aren’t likely to normalize this year",2026-05-23T11:00:25Z,1064
politics/2026/may/23/uk-eu-european-union-reset-david-miliband-single-market-goods,https://www.theguardian.com/politics/2026/may/23/uk-eu-european-union-reset-david-miliband-single-market-goods,"UK needs ‘national consensus’ over rejoining EU, David Miliband says",2026-05-23T10:26:13Z,651
world/2026/may/23/hybrid-village-stores-rural-germany-fend-off-far-right,https://www.theguardian.com/world/2026/may/23/hybrid-village-stores-rural-germany-fend-off-far-right,Can hybrid village stores answer rural Germany’s ‘cry for help’ and fend off far right?,2026-05-23T05:00:18Z,1183
us-news/live/2026/may/22/donald-trump-ai-china-iran-war-powers-hormuz-latest-news-updates,https://www.theguardian.com/us-news/live/2026/may/22/donald-trump-ai-china-iran-war-powers-hormuz-latest-news-updates,Sunrise Movement takes credit for disrupting Trump’s New York state rally – as it happened,2026-05-23T01:58:52Z,8992
world/2026/may/23/ukraine-war-briefing-putin-promises-revenge-after-blaming-kyiv-for-luhansk-attack-he-says-killed-six,https://www.theguardian.com/world/2026/may/23/ukraine-war-briefing-putin-promises-revenge-after-blaming-kyiv-for-luhansk-attack-he-says-killed-six,Ukraine war briefing: Putin promises revenge after blaming Kyiv for Luhansk attack he says killed six ,2026-05-23T01:49:48Z,692
politics/2026/may/22/uk-pitched-single-market-for-goods-with-eu-as-it-pursues-trade-reintegration,https://www.theguardian.com/politics/2026/may/22/uk-pitched-single-market-for-goods-with-eu-as-it-pursues-trade-reintegration,UK pitched single market for goods with EU in pursuit of deeper trade ties,2026-05-22T21:51:48Z,1083
us-news/2026/may/22/tulsi-gabbard-resignation-intelligence-director,https://www.theguardian.com/us-news/2026/may/22/tulsi-gabbard-resignation-intelligence-director,US intelligence director Tulsi Gabbard leaving post after rocky tenure,2026-05-22T20:06:34Z,839
world/2026/may/22/czech-president-petr-pavel-nato-show-teeth-russia-provocations,https://www.theguardian.com/world/2026/may/22/czech-president-petr-pavel-nato-show-teeth-russia-provocations,Czech president urges Nato to ‘show its teeth’ over Russia’s provocations,2026-05-22T19:25:50Z,1097
commentisfree/2026/may/22/the-guardian-view-on-britains-coming-energy-shock-mini-measures-wont-suffice,https://www.theguardian.com/commentisfree/2026/may/22/the-guardian-view-on-britains-coming-energy-shock-mini-measures-wont-suffice,The Guardian view on Britain’s coming energy shock: mini-measures won’t suffice,2026-05-22T16:59:16Z,603
world/live/2026/may/22/nato-mark-rutte-us-donald-trump-troops-poland-summit-russia-baltics-drones-tensions-ukraine-latest-news-updates,https://www.theguardian.com/world/live/2026/may/22/nato-mark-rutte-us-donald-trump-troops-poland-summit-russia-baltics-drones-tensions-ukraine-latest-news-updates,"US concerned Russian campaign against Baltics could ‘spark into something bigger’, says Rubio – as it happened",2026-05-22T16:35:34Z,5497
politics/live/2026/may/22/andy-burnham-makerfield-byelection-green-labour-starmer-latest-news-updates,https://www.theguardian.com/politics/live/2026/may/22/andy-burnham-makerfield-byelection-green-labour-starmer-latest-news-updates,Burnham says politics ‘needs new script’ and vows to change Labour if elected as Makerfield MP – as it happened ,2026-05-22T15:21:45Z,3392
us-news/2026/may/22/marco-rubio-nears-goal-topple-cuba-government,https://www.theguardian.com/us-news/2026/may/22/marco-rubio-nears-goal-topple-cuba-government,‘This is his legacy’: Marco Rubio nears goal of toppling Cuba’s government ,2026-05-22T14:31:46Z,1056
business/live/2026/may/22/uk-borrowing-higher-retail-sales-drivers-fuel-business-live-news,https://www.theguardian.com/business/live/2026/may/22/uk-borrowing-higher-retail-sales-drivers-fuel-business-live-news,UK bond yields set for biggest weekly drop since 2024; retail sales fall as drivers cut back on fuel - as it happened,2026-05-22T14:05:31Z,3135
world/2026/may/22/jailing-daria-egereva-plight-russia-indigenous-people,https://www.theguardian.com/world/2026/may/22/jailing-daria-egereva-plight-russia-indigenous-people,‘We will not survive’: jailing of Daria Egereva highlights plight of Russia’s Indigenous people,2026-05-22T13:00:01Z,898
film/2026/may/22/cannes-2026-who-will-win-minotaur,https://www.theguardian.com/film/2026/may/22/cannes-2026-who-will-win-minotaur,Little glitz and underperforming auteurs: how Cannes 2026 went – and who will win,2026-05-22T12:59:46Z,726
uk-news/2026/may/22/drone-shortage-london-underground-nato-british-military,https://www.theguardian.com/uk-news/2026/may/22/drone-shortage-london-underground-nato-british-military,Mind the drone gap: war games begin inside secret Nato bunker in London tube station,2026-05-22T12:24:40Z,894
world/2026/may/22/western-europe-braces-first-heat-event-summer,https://www.theguardian.com/world/2026/may/22/western-europe-braces-first-heat-event-summer,‘Full-on summer heat’: western Europe braces for unusually high temperatures,2026-05-22T11:01:08Z,483
politics/2026/may/22/john-healey-asks-nigel-farage-if-any-of-gift-may-have-come-from-russia-linked-profits,https://www.theguardian.com/politics/2026/may/22/john-healey-asks-nigel-farage-if-any-of-gift-may-have-come-from-russia-linked-profits,Healey asks Farage if any of £5m gift may have come from Russia-linked profits,2026-05-22T10:00:55Z,648
stage/2026/may/22/revolution-days-review-fearless-aid-worker-bears-witness-to-the-arab-spring,https://www.theguardian.com/stage/2026/may/22/revolution-days-review-fearless-aid-worker-bears-witness-to-the-arab-spring,Revolution Days review – fearless aid worker bears witness to the Arab spring,2026-05-22T09:58:43Z,371
world/2026/may/22/friday-briefing-as-israels-coalition-collapses-can-its-prime-minister-hang-on-to-power,https://www.theguardian.com/world/2026/may/22/friday-briefing-as-israels-coalition-collapses-can-its-prime-minister-hang-on-to-power,"Friday briefing: ​As Israel’s coalition collapses, can its prime minister hang on to power?",2026-05-22T05:44:28Z,2818
world/2026/may/22/ukraine-war-briefing-oil-plant-strikes-all-going-to-plan-says-zelenskyy,https://www.theguardian.com/world/2026/may/22/ukraine-war-briefing-oil-plant-strikes-all-going-to-plan-says-zelenskyy,"Ukraine war briefing: Oil plant strikes all going to plan, says Zelenskyy",2026-05-22T02:33:00Z,689
us-news/live/2026/may/21/donald-trump-ballroom-reconciliation-bill-republicans-democrats-war-powers-iran-epa-ai-latest-news-updates,https://www.theguardian.com/us-news/live/2026/may/21/donald-trump-ballroom-reconciliation-bill-republicans-democrats-war-powers-iran-epa-ai-latest-news-updates,"Ro Khanna, AOC criticize Democrats’ 2024 election postmortem for not mentioning Israel’s war in Gaza – as it happened",2026-05-22T02:00:51Z,9145
world/2026/may/22/trump-5000-troops-poland-military-support,https://www.theguardian.com/world/2026/may/22/trump-5000-troops-poland-military-support,"Trump pledges an additional 5,000 troops for Poland in apparent u-turn",2026-05-22T01:08:06Z,734
world/2026/may/22/camp-humphreys-south-korea-us-military-base,https://www.theguardian.com/world/2026/may/22/camp-humphreys-south-korea-us-military-base,South Korea hosts America’s biggest overseas military base – but what does its future look like under Trump?,2026-05-22T00:25:59Z,926
world/live/2026/may/21/czech-republic-petr-pavel-ukraine-baltics-drones-russia-nato-security-latest-news-updates,https://www.theguardian.com/world/live/2026/may/21/czech-republic-petr-pavel-ukraine-baltics-drones-russia-nato-security-latest-news-updates,"Many Nato countries not spending enough to support Ukraine, says Rutte – as it happened",2026-05-21T16:30:52Z,5770
world/2026/may/21/oil-markets-nearing-red-zone-as-holiday-season-nears-warns-iea-chief,https://www.theguardian.com/world/2026/may/21/oil-markets-nearing-red-zone-as-holiday-season-nears-warns-iea-chief,"Oil markets nearing ‘red zone’ as Iran crisis continues, warns IEA chief",2026-05-21T16:10:13Z,858
australia-news/2026/may/22/one-nation-pauline-hanson-australia-questions-climate-science-ntwnfb,https://www.theguardian.com/australia-news/2026/may/22/one-nation-pauline-hanson-australia-questions-climate-science-ntwnfb,One Nation says it’s the only party in Australia to question climate science. It should ask itself why,2026-05-21T15:00:34Z,1394
world/2026/may/21/hungary-limit-prime-ministers-maximum-eight-year-terms-magyar-orban,https://www.theguardian.com/world/2026/may/21/hungary-limit-prime-ministers-maximum-eight-year-terms-magyar-orban,"Hungary to limit PMs to eight years in office, warding off any Orbán comeback",2026-05-21T14:53:50Z,662
commentisfree/2026/may/21/politicians-bond-vigilantes-markets-gilts-bank-of-england,https://www.theguardian.com/commentisfree/2026/may/21/politicians-bond-vigilantes-markets-gilts-bank-of-england,Britain’s politicians need to worry less about the bond markets – and more about the Bank of England,2026-05-21T12:45:44Z,1166
australia-news/2026/may/21/afternoon-update-thursday-ntwnfb,https://www.theguardian.com/australia-news/2026/may/21/afternoon-update-thursday-ntwnfb,Afternoon Update: Penny Wong condemns Israeli minister; unemployment rate jumps; and taking a Tesla for a swim,2026-05-21T06:54:59Z,761
business/2026/may/20/rachel-reeves-summer-bus-rides-food-tariffs-inflation-fuel-duty,https://www.theguardian.com/business/2026/may/20/rachel-reeves-summer-bus-rides-food-tariffs-inflation-fuel-duty,Reeves to promise free summer bus rides for children and food tariff cuts in living costs package,2026-05-20T21:30:52Z,782
australia-news/2026/may/21/morning-mail-thursday-ntwnfb,https://www.theguardian.com/australia-news/2026/may/21/morning-mail-thursday-ntwnfb,"Morning Mail: ATO rebuked after 97-year-old fined, Keating defends tax changes, outrage over Israel video of flotilla activists",2026-05-20T21:16:12Z,976
world/2026/may/20/uk-struggles-to-reassure-ukraine-after-easing-new-sanctions-on-russian-oil,https://www.theguardian.com/world/2026/may/20/uk-struggles-to-reassure-ukraine-after-easing-new-sanctions-on-russian-oil,UK struggles to reassure Ukraine after easing new sanctions on Russian oil,2026-05-20T18:55:17Z,961
world/live/2026/may/20/us-iran-israel-lebanon-gaza-trump-oil-hormuz-latest-news-updates,https://www.theguardian.com/world/live/2026/may/20/us-iran-israel-lebanon-gaza-trump-oil-hormuz-latest-news-updates,Outrage grows over treatment of Gaza flotilla activists; US boards Iranian oil tanker – Middle East crisis as it happened,2026-05-20T18:30:04Z,5637
commentisfree/2026/may/20/the-guardian-view-on-britain-and-europe-international-upheaval-demands-new-terms-of-debate,https://www.theguardian.com/commentisfree/2026/may/20/the-guardian-view-on-britain-and-europe-international-upheaval-demands-new-terms-of-debate,The Guardian view on Britain and Europe: international upheaval demands new terms of debate,2026-05-20T17:52:03Z,599
world/2026/may/20/china-russia-xi-jinping-vladimir-putin-meet-beijing-after-trump-visit,https://www.theguardian.com/world/2026/may/20/china-russia-xi-jinping-vladimir-putin-meet-beijing-after-trump-visit,Xi and Putin condemn ‘irresponsible’ US foreign policy at Beijing summit,2026-05-20T17:13:05Z,983
politics/2026/may/20/from-fuel-duty-to-sanctions-kemi-wants-to-make-it-clear-how-little-she-understands,https://www.theguardian.com/politics/2026/may/20/from-fuel-duty-to-sanctions-kemi-wants-to-make-it-clear-how-little-she-understands,"From fuel duty to sanctions, Kemi wants to make it clear how little she understands",2026-05-20T17:08:14Z,1085
uk-news/2026/may/20/russia-jet-near-collision-flying-near-raf-spy-plane,https://www.theguardian.com/uk-news/2026/may/20/russia-jet-near-collision-flying-near-raf-spy-plane,Russian jet causes ‘dangerous’ near miss after flying close to RAF spy plane,2026-05-20T17:00:12Z,393
politics/live/2026/may/20/keir-starmer-wes-streeting-labour-leadership-kemi-badenoch-pmqs-conservatives-reform-uk-politics-latest-news-updates,https://www.theguardian.com/politics/live/2026/may/20/keir-starmer-wes-streeting-labour-leadership-kemi-badenoch-pmqs-conservatives-reform-uk-politics-latest-news-updates,"Streeting says he resigned because Labour ‘in fight of our lives against nationalism’, and is currently losing – as it happened",2026-05-20T16:18:13Z,9117
business/live/2026/may/20/uk-inflation-eases-lower-electricity-gas-bills-iran-war-business-latest-news-updates,https://www.theguardian.com/business/live/2026/may/20/uk-inflation-eases-lower-electricity-gas-bills-iran-war-business-latest-news-updates,"UK inflation eases more than expected to 2.8%, led by lower electricity and gas bills – as it happened",2026-05-20T14:40:35Z,5504
world/2026/may/20/brexit-may-be-back-but-britain-needs-to-know-what-it-wants,https://www.theguardian.com/world/2026/may/20/brexit-may-be-back-but-britain-needs-to-know-what-it-wants,"Brexit may be back, but Britain needs to know what it wants",2026-05-20T14:20:25Z,1109
world/live/2026/may/20/lithuania-ukraine-belarus-estonia-baltcis-drones-air-alert-europe-vladimir-putin-xi-jinping-china-eu-nato-latest-news-updates,https://www.theguardian.com/world/live/2026/may/20/lithuania-ukraine-belarus-estonia-baltcis-drones-air-alert-europe-vladimir-putin-xi-jinping-china-eu-nato-latest-news-updates,"Russian threats against Baltics ‘unacceptable’ and danger to ‘our entire union’, EU’s von der Leyen says - as it happened",2026-05-20T14:11:03Z,4057
world/2026/may/20/how-xi-jinping-china-welcomed-donald-trump-vladimir-putin,https://www.theguardian.com/world/2026/may/20/how-xi-jinping-china-welcomed-donald-trump-vladimir-putin,Same but different: how Xi and China welcomed Trump and Putin,2026-05-20T13:44:56Z,983
world/2026/may/20/lithuania-vilnius-drone-alert-leaders-bunkers,https://www.theguardian.com/world/2026/may/20/lithuania-vilnius-drone-alert-leaders-bunkers,Lithuanian leaders rushed to bunkers as drone violates country’s airspace,2026-05-20T13:43:30Z,553
politics/2026/may/20/uk-relaxes-strict-sanctions-on-russian-crude-oil,https://www.theguardian.com/politics/2026/may/20/uk-relaxes-strict-sanctions-on-russian-crude-oil,UK delays some sanctions on Russian oil and gas amid Middle East conflict,2026-05-20T13:20:39Z,689
politics/2026/may/20/planned-fuel-duty-rise-to-be-scrapped-says-keir-starmer,https://www.theguardian.com/politics/2026/may/20/planned-fuel-duty-rise-to-be-scrapped-says-keir-starmer,"Planned fuel duty rise to be scrapped, says Keir Starmer",2026-05-20T11:36:46Z,487
membership/2026/may/20/we-cant-talk-about-press-freedom-without-talking-about-misogyny,https://www.theguardian.com/membership/2026/may/20/we-cant-talk-about-press-freedom-without-talking-about-misogyny,We can’t talk about press freedom without talking about misogyny,2026-05-20T11:26:23Z,1069
us-news/2026/may/20/first-thing-trump-critic-thomas-massie-defeated-in-kentucky-republican-house-primary,https://www.theguardian.com/us-news/2026/may/20/first-thing-trump-critic-thomas-massie-defeated-in-kentucky-republican-house-primary,First Thing: Trump critic Thomas Massie defeated in Kentucky Republican House primary,2026-05-20T11:10:07Z,1007
environment/2026/may/20/owl-casualty-of-russia-war-ukraine-birds,https://www.theguardian.com/environment/2026/may/20/owl-casualty-of-russia-war-ukraine-birds,"Blinded and broken, Sunny the owl becomes another casualty of Russia’s war ",2026-05-20T10:49:32Z,1056
football/2026/may/20/fc-chernihiv-ukranian-cup-final,https://www.theguardian.com/football/2026/may/20/fc-chernihiv-ukranian-cup-final,‘A beacon of hope’: FC Chernihiv set for Ukrainian Cup final against all odds,2026-05-20T07:00:27Z,1171
media/2026/may/20/guardian-correspondent-and-photographer-win-war-reporting-prize,https://www.theguardian.com/media/2026/may/20/guardian-correspondent-and-photographer-win-war-reporting-prize,Guardian correspondent and photographer win war reporting prize,2026-05-20T07:00:26Z,726
business/2026/may/20/uk-inflation-slows-energy-price-cap-softens-impact-of-rising-fuel-costs,https://www.theguardian.com/business/2026/may/20/uk-inflation-slows-energy-price-cap-softens-impact-of-rising-fuel-costs,UK inflation slows to 2.8% as energy price cap softens impact of rising fuel costs,2026-05-20T06:01:29Z,820
world/2026/may/20/ukraine-war-briefing-britain-to-buy-diesel-and-jet-fuel-made-from-russian-crude-oil,https://www.theguardian.com/world/2026/may/20/ukraine-war-briefing-britain-to-buy-diesel-and-jet-fuel-made-from-russian-crude-oil,Ukraine war briefing: Britain to buy diesel and jet fuel made from Russian crude oil,2026-05-20T00:44:34Z,721
world/2026/may/19/vladimir-putin-beijing-china-state-visit-xi-jinping-russia,https://www.theguardian.com/world/2026/may/19/vladimir-putin-beijing-china-state-visit-xi-jinping-russia,Vladimir Putin arrives in Beijing for state visit hot on heels of Trump,2026-05-20T00:28:36Z,956
australia-news/2026/may/20/morning-mail-wednesday-ntwnfb,https://www.theguardian.com/australia-news/2026/may/20/morning-mail-wednesday-ntwnfb,"Morning Mail: scientists sound alarm over CSIRO job losses, fears grow over Ebola outbreak, Arsenal crowned Premier League champions",2026-05-19T21:35:26Z,1022
culture/2026/may/19/international-booker-prize-goes-to-novel-originally-written-in-mandarin-chinese-for-the-first-time,https://www.theguardian.com/culture/2026/may/19/international-booker-prize-goes-to-novel-originally-written-in-mandarin-chinese-for-the-first-time,International Booker prize goes to novel originally written in Mandarin Chinese for the first time,2026-05-19T21:30:14Z,708
world/live/2026/may/19/us-israel-iran-war-trump-peace-attacks-gulf-allies-strikes-hormuz-latest-news-updates,https://www.theguardian.com/world/live/2026/may/19/us-israel-iran-war-trump-peace-attacks-gulf-allies-strikes-hormuz-latest-news-updates,JD Vance says US remains ‘locked and loaded’ to restart military campaign as Iran warns of ‘new fronts’ – as it happened,2026-05-19T18:46:02Z,5229
politics/2026/may/19/john-healey-says-labour-infighting-puts-governments-credibility-at-risk,https://www.theguardian.com/politics/2026/may/19/john-healey-says-labour-infighting-puts-governments-credibility-at-risk,John Healey says Labour infighting puts government’s credibility at risk,2026-05-19T18:22:53Z,605
world/live/2026/may/19/europe-ukraine-russia-belarus-nuclear-drills-un-security-council-eu-us-hungary-peter-magyar-poland-nato-latest-news-updates,https://www.theguardian.com/world/live/2026/may/19/europe-ukraine-russia-belarus-nuclear-drills-un-security-council-eu-us-hungary-peter-magyar-poland-nato-latest-news-updates,US warns Russia after Moscow threatens Latvia – as it happened,2026-05-19T17:17:35Z,5429
tv-and-radio/2026/may/19/moldovan-public-tv-chief-resigns-over-eurovision-neighbourhood-voting,https://www.theguardian.com/tv-and-radio/2026/may/19/moldovan-public-tv-chief-resigns-over-eurovision-neighbourhood-voting,Moldovan public TV chief resigns over Eurovision ‘neighbourhood voting’ lapse,2026-05-19T17:05:16Z,619
world/2026/may/19/russian-jamming-blamed-nato-jet-downs-ukrainian-drone-estonia,https://www.theguardian.com/world/2026/may/19/russian-jamming-blamed-nato-jet-downs-ukrainian-drone-estonia,Russian jamming blamed after Nato jet downs Ukrainian drone over Estonia,2026-05-19T15:57:54Z,526
film/2026/may/19/minotaur-review-cannes-film-festival-andrei-zvyagintsev-ukraine-russia,https://www.theguardian.com/film/2026/may/19/minotaur-review-cannes-film-festival-andrei-zvyagintsev-ukraine-russia,Minotaur review – Andrei Zvyagintsev’s scorching noir intrigue amid the Ukraine war,2026-05-19T15:50:07Z,649
commentisfree/2026/may/19/icc-karim-khan-investigation,https://www.theguardian.com/commentisfree/2026/may/19/icc-karim-khan-investigation,The ICC’s investigation of its chief prosecutor has been a failure,2026-05-19T15:00:08Z,1620
world/2026/may/19/strike-near-uae-reactor-concerns-nuclear-plant-safety-iran-war-middle-east,https://www.theguardian.com/world/2026/may/19/strike-near-uae-reactor-concerns-nuclear-plant-safety-iran-war-middle-east,Strike near UAE reactor revives concerns over nuclear plant safety in wartime,2026-05-19T14:49:59Z,684
business/live/2026/may/19/uk-wage-growth-unemployment-rate-markets-business-live-news,https://www.theguardian.com/business/live/2026/may/19/uk-wage-growth-unemployment-rate-markets-business-live-news,UK wage growth slows and unemployment rate rises as companies react to Iran war – as it happened,2026-05-19T14:33:02Z,6242
football/2026/may/19/wiegman-mead-next-move-vital-england-prospects-toone-recall,https://www.theguardian.com/football/2026/may/19/wiegman-mead-next-move-vital-england-prospects-toone-recall,Wiegman tells Mead next move is vital for England prospects as Toone earns recall,2026-05-19T12:33:13Z,473
world/live/2026/may/18/us-israel-iran-lebanon-donald-trump-hormuz-oil-latest-news-updates,https://www.theguardian.com/world/live/2026/may/18/us-israel-iran-lebanon-donald-trump-hormuz-oil-latest-news-updates,"UAE restores power to Barakah nuclear plant after drone strike, says IAEA – as it happened",2026-05-19T02:06:01Z,7104
world/2026/may/19/russia-china-border-increase-trade-ukraine-war,https://www.theguardian.com/world/2026/may/19/russia-china-border-increase-trade-ukraine-war,"From sanctioned cars to beauty clinics, Russian rubles have flowed into China’s border towns since Ukraine war",2026-05-19T01:14:31Z,1642
world/2026/may/19/ukraine-war-briefing-chinese-ship-hit-odesa-port-zelenskyy,https://www.theguardian.com/world/2026/may/19/ukraine-war-briefing-chinese-ship-hit-odesa-port-zelenskyy,"Ukraine war briefing: Chinese ship hit on way in to Odesa port, says Zelenskyy",2026-05-19T00:22:51Z,805
world/2026/may/18/disposable-terrorists-for-hire-menace-western-countries,https://www.theguardian.com/world/2026/may/18/disposable-terrorists-for-hire-menace-western-countries,‘Disposable’ operatives for hire are a new menace for western countries,2026-05-18T17:30:25Z,892
world/live/2026/may/18/europe-eu-ukraine-russia-greenland-bulgaria-germany-latest-news-updates,https://www.theguardian.com/world/live/2026/may/18/europe-eu-ukraine-russia-greenland-bulgaria-germany-latest-news-updates,Angela Merkel says Europe ‘not making sufficient use of diplomatic potential’ to engage with Russia – as it happened,2026-05-18T16:28:03Z,3944
football/2026/may/18/luis-castro-levante-la-liga-relegation-battle,https://www.theguardian.com/football/2026/may/18/luis-castro-levante-la-liga-relegation-battle,Luís Castro eclipses famous namesake after taking Levante to verge of safety,2026-05-18T16:14:43Z,1861
politics/2026/may/18/rachel-reeves-fuel-duty-cost-of-living,https://www.theguardian.com/politics/2026/may/18/rachel-reeves-fuel-duty-cost-of-living,Reeves poised to cancel planned fuel duty rise to help with cost of living,2026-05-18T15:11:00Z,550
football/2026/may/18/premier-league-title-race-arsenal-man-city-aston-villa-burnley,https://www.theguardian.com/football/2026/may/18/premier-league-title-race-arsenal-man-city-aston-villa-burnley,The Premier League title is Arsenal’s to lose. But pressure does strange things to teams,2026-05-18T14:56:42Z,1091
world/2026/may/18/xi-jinping-vladimir-putin-china-russia-four-days-after-donald-trump-us-visit,https://www.theguardian.com/world/2026/may/18/xi-jinping-vladimir-putin-china-russia-four-days-after-donald-trump-us-visit,Xi prepares to welcome Putin to China four days after hosting Trump ,2026-05-18T14:10:44Z,593
politics/2026/may/18/rejoin-reset-swiss-how-uk-try-unpick-brexit,https://www.theguardian.com/politics/2026/may/18/rejoin-reset-swiss-how-uk-try-unpick-brexit,"Rejoin, reset or go Swiss-style? How the UK could try to unpick Brexit",2026-05-18T13:23:35Z,580
business/2026/may/18/rising-prices-money-inflation-higher-interest-rates-petrol-prices,https://www.theguardian.com/business/2026/may/18/rising-prices-money-inflation-higher-interest-rates-petrol-prices,"Rising prices are Britons’ biggest money worry as inflation stays high, survey finds",2026-05-18T12:37:06Z,475
tv-and-radio/2026/may/18/nul-points-the-uks-10-biggest-eurovision-flops-of-all-time,https://www.theguardian.com/tv-and-radio/2026/may/18/nul-points-the-uks-10-biggest-eurovision-flops-of-all-time,Nul points! The UK’s 10 biggest Eurovision flops of all time,2026-05-18T11:08:34Z,1039
commentisfree/2026/may/18/iran-war-energy-independence-fossil-fuels,https://www.theguardian.com/commentisfree/2026/may/18/iran-war-energy-independence-fossil-fuels,The Iran war reminds us: we’ll never be energy-independent with fossil fuels,2026-05-18T10:00:54Z,641
world/2026/may/18/drones-war-colombia-civilians-farc-acled,https://www.theguardian.com/world/2026/may/18/drones-war-colombia-civilians-farc-acled,Drones reshape war in Colombia as deaths and injuries mount,2026-05-18T09:00:04Z,1235
world/2026/may/18/ukraine-war-briefing-the-drones-that-bombarded-moscow-region,https://www.theguardian.com/world/2026/may/18/ukraine-war-briefing-the-drones-that-bombarded-moscow-region,Ukraine war briefing: The drones that bombarded Moscow region,2026-05-18T00:26:07Z,833
world/2026/may/17/people-killed-in-russia-ukraine-retaliatory-strikes-moscow,https://www.theguardian.com/world/2026/may/17/people-killed-in-russia-ukraine-retaliatory-strikes-moscow,At least four people killed in Russia as Ukraine launches retaliatory strikes,2026-05-17T21:19:55Z,891
australia-news/2026/may/18/morning-mail-monday-ntwnfb,https://www.theguardian.com/australia-news/2026/may/18/morning-mail-monday-ntwnfb,"Morning Mail: big tobacco accused of scare tactics, how supermarkets swap discounts, and Ebola fears rise",2026-05-17T20:49:13Z,1039
politics/2026/may/17/explainer-uk-eu-relationship-brexit-bid-rejoining,https://www.theguardian.com/politics/2026/may/17/explainer-uk-eu-relationship-brexit-bid-rejoining,Where does UK-EU relationship stand and how might bid to rejoin bloc be received?,2026-05-17T16:29:12Z,998
environment/2026/may/18/can-electric-trucks-win-over-australias-fossil-fuel-die-hards-or-is-diesel-here-for-the-long-haul,https://www.theguardian.com/environment/2026/may/18/can-electric-trucks-win-over-australias-fossil-fuel-die-hards-or-is-diesel-here-for-the-long-haul,Can electric trucks win over Australia’s fossil fuel diehards? Or is diesel here for the long haul? ,2026-05-17T15:00:43Z,1244
membership/2026/may/17/journalism-has-never-been-a-more-dangerous-pursuit,https://www.theguardian.com/membership/2026/may/17/journalism-has-never-been-a-more-dangerous-pursuit,Journalism has never been a more dangerous pursuit ,2026-05-17T07:00:31Z,1170
world/2026/may/17/ukraine-war-briefing-us-allows-russian-oil-sanctions-waiver-to-lapse,https://www.theguardian.com/world/2026/may/17/ukraine-war-briefing-us-allows-russian-oil-sanctions-waiver-to-lapse,"Ukraine war briefing: more than 500 drones strike at Russia, killing 3; US allows Russian oil sanctions waiver to lapse",2026-05-17T05:56:36Z,506
commentisfree/2026/may/17/hope-horizon-trump-netanyahu-putin-powers-waning,https://www.theguardian.com/commentisfree/2026/may/17/hope-horizon-trump-netanyahu-putin-powers-waning,"It may not feel like it, but hope is on the horizon: Trump, Netanyahu and Putin’s powers appear to be waning",2026-05-17T05:00:30Z,1214
tv-and-radio/live/2026/may/16/eurovision-song-contest-2026-live,https://www.theguardian.com/tv-and-radio/live/2026/may/16/eurovision-song-contest-2026-live,70th Eurovision song contest grand final – as it happened,2026-05-16T23:28:09Z,5434
us-news/2026/may/16/lauren-boebert-trump-funds-colorado-drink-water-funds-tina-peters,https://www.theguardian.com/us-news/2026/may/16/lauren-boebert-trump-funds-colorado-drink-water-funds-tina-peters,Lauren Boebert suggests Trump withheld funds to Colorado over prosecution of election denier,2026-05-16T13:02:18Z,436
membership/2026/may/16/how-to-defend-press-freedom-guardian,https://www.theguardian.com/membership/2026/may/16/how-to-defend-press-freedom-guardian,One thing Guardian staff have done to defend press freedom … and one thing you can do,2026-05-16T12:00:09Z,1762
film/2026/may/16/harlem-renaissance-documentary-once-upon-time-william-greaves,https://www.theguardian.com/film/2026/may/16/harlem-renaissance-documentary-once-upon-time-william-greaves,Harlem Renaissance documentary finally gets global premiere 50 years after cameras rolled,2026-05-16T12:00:09Z,1039
lifeandstyle/2026/may/16/fake-lawyers-scientists-chefs-punters-white-monkeys-chinese-businesses-global,https://www.theguardian.com/lifeandstyle/2026/may/16/fake-lawyers-scientists-chefs-punters-white-monkeys-chinese-businesses-global,"Fake lawyers, scientists, chefs and punters: meet the ‘white monkeys’ paid to make Chinese businesses look global",2026-05-16T11:00:09Z,2904
tv-and-radio/2026/may/16/eurovision-boycott-protest-history,https://www.theguardian.com/tv-and-radio/2026/may/16/eurovision-boycott-protest-history,How did Eurovision go from sequins and flares to geopolitical slugfest? ,2026-05-16T09:00:05Z,1413
commentisfree/2026/may/16/the-devil-wears-prada-vogue-glossy-magazine-industry,https://www.theguardian.com/commentisfree/2026/may/16/the-devil-wears-prada-vogue-glossy-magazine-industry,"It wasn’t exactly The Devil Wears Prada, but my time working at Vogue in the 90s was preposterous fun",2026-05-16T05:00:03Z,1288
world/ng-interactive/2026/may/16/down-and-then-out-in-paris-and-london-why-starmer-isnt-the-only-one-with-a-popularity-problem,https://www.theguardian.com/world/ng-interactive/2026/may/16/down-and-then-out-in-paris-and-london-why-starmer-isnt-the-only-one-with-a-popularity-problem,Down and then out in Paris and London? Why Starmer isn’t the only one with a popularity problem,2026-05-16T05:00:02Z,1234
environment/2026/may/16/who-should-declare-climate-crisis-global-public-health-emergency-experts-say,https://www.theguardian.com/environment/2026/may/16/who-should-declare-climate-crisis-global-public-health-emergency-experts-say,"Declare climate crisis a global public health emergency, experts tell WHO",2026-05-16T04:00:00Z,986
world/2026/may/16/ukraine-war-briefing-zelenskyy-vows-retribution-over-deadly-russian-bombardments,https://www.theguardian.com/world/2026/may/16/ukraine-war-briefing-zelenskyy-vows-retribution-over-deadly-russian-bombardments,Ukraine war briefing: Zelenskyy vows retribution over deadly Russian bombardments,2026-05-16T03:16:50Z,536
world/live/2026/may/15/trump-china-visit-live-updates-xi-jinping-talks-meeting-summit-latest-news,https://www.theguardian.com/world/live/2026/may/15/trump-china-visit-live-updates-xi-jinping-talks-meeting-summit-latest-news,"Colorado governor commuted Tina Peters’ sentence after Trump blocked funding for clean water project, Lauren Boebert claims – as it happened",2026-05-16T01:58:49Z,9951
world/2026/may/15/friedrich-merz-germany-children-study-work-us-politics,https://www.theguardian.com/world/2026/may/15/friedrich-merz-germany-children-study-work-us-politics,German leader Merz says he ‘would not advise my children to go’ to US,2026-05-15T16:38:49Z,590
world/live/2026/may/15/russian-attack-kyiv-ukraine-europe-live-updates-latest,https://www.theguardian.com/world/live/2026/may/15/russian-attack-kyiv-ukraine-europe-live-updates-latest,"Ukraine ‘entirely justified’ to plan strikes against Russian energy and military targets after Kyiv attacks, Zelenskyy says – as it happpened",2026-05-15T16:05:34Z,2975
tv-and-radio/2026/may/16/delta-goodrem-eurovision-2026-performance-eclipse-semi-final-australia-inclusion-explained,https://www.theguardian.com/tv-and-radio/2026/may/16/delta-goodrem-eurovision-2026-performance-eclipse-semi-final-australia-inclusion-explained,Eurovision 2026: why is Australia competing – and could Delta Goodrem actually win?,2026-05-15T15:00:46Z,1479
film/2026/may/15/a-year-in-hospital-and-90-lung-damage-how-andrey-zvyagintsev-survived-covid-and-came-back-to-cannes,https://www.theguardian.com/film/2026/may/15/a-year-in-hospital-and-90-lung-damage-how-andrey-zvyagintsev-survived-covid-and-came-back-to-cannes,A year in hospital and 90% lung damage: how Andrey Zvyagintsev came back from Covid to Cannes,2026-05-15T13:22:01Z,1059
world/2026/may/15/ukraine-attacks-russia-with-drones-after-suffering-three-days-of-strikes,https://www.theguardian.com/world/2026/may/15/ukraine-attacks-russia-with-drones-after-suffering-three-days-of-strikes,Ukraine attacks Russia with drones after suffering three days of massive strikes ,2026-05-15T10:21:41Z,584
environment/2026/may/15/ban-private-jets-cut-speed-limits-uk-fuel-crisis,https://www.theguardian.com/environment/2026/may/15/ban-private-jets-cut-speed-limits-uk-fuel-crisis,"Ban private jets and cut speed limits to avert UK fuel crisis, say campaigners",2026-05-15T10:12:29Z,672
australia-news/live/2026/may/15/australia-news-live-delta-goodrem-eurovision-budget-reply-angus-taylor-immigration-income-tax-bracket-creep-jim-chalmers-inflation-ntwnfb,https://www.theguardian.com/australia-news/live/2026/may/15/australia-news-live-delta-goodrem-eurovision-budget-reply-angus-taylor-immigration-income-tax-bracket-creep-jim-chalmers-inflation-ntwnfb,Work begins on Daniel Andrews statue – as it happened,2026-05-15T07:43:05Z,9837
world/2026/may/15/friday-briefing-is-there-any-way-keir-starmer-can-keep-hold-of-his-job,https://www.theguardian.com/world/2026/may/15/friday-briefing-is-there-any-way-keir-starmer-can-keep-hold-of-his-job,Friday briefing: Is there any way Keir Starmer can keep hold of his job?,2026-05-15T05:46:39Z,2387
commentisfree/2026/may/15/russia-war-ukraine-vladimir-putin-economy-casualties,https://www.theguardian.com/commentisfree/2026/may/15/russia-war-ukraine-vladimir-putin-economy-casualties,"After four bloody years, the war on Ukraine might be turning into Putin’s undoing",2026-05-15T05:00:28Z,999
world/2026/may/15/ukraine-war-briefing-putin-escalating-war-not-seeking-an-end-merz,https://www.theguardian.com/world/2026/may/15/ukraine-war-briefing-putin-escalating-war-not-seeking-an-end-merz,"Ukraine war briefing: Putin escalating war, not seeking an end – Merz",2026-05-15T01:02:27Z,664
us-news/live/2026/may/14/donald-trump-china-xi-jinping-live-updates-talks-meeting-summit-visit-beijing-latest-news,https://www.theguardian.com/us-news/live/2026/may/14/donald-trump-china-xi-jinping-live-updates-talks-meeting-summit-visit-beijing-latest-news,‘Stone-cold racism’: Newsom condemns GOP redistricting efforts; Louisiana approves plan to erase majority-Black district – as it happened,2026-05-14T23:26:27Z,11652
politics/live/2026/may/14/angela-rayner-says-starmer-should-reflect-on-stepping-aside-after-hmrc-clears-her-over-tax-affairs-uk-politics-live,https://www.theguardian.com/politics/live/2026/may/14/angela-rayner-says-starmer-should-reflect-on-stepping-aside-after-hmrc-clears-her-over-tax-affairs-uk-politics-live,Starmer will not attempt to block Burnham from standing to be MP in Makerfield - as it happened,2026-05-14T20:07:23Z,11652
commentisfree/2026/may/14/the-guardian-view-on-life-after-orban-peter-magyars-fast-start-bodes-well-for-hungary-and-for-europe,https://www.theguardian.com/commentisfree/2026/may/14/the-guardian-view-on-life-after-orban-peter-magyars-fast-start-bodes-well-for-hungary-and-for-europe,The Guardian view on life after Orbán: Péter Magyar’s fast start bodes well for Hungary and for Europe,2026-05-14T18:19:31Z,598
world/2026/may/14/trump-xi-jinping-meet-beijing-ahead-of-summit-trade-iran-war-ai-talks,https://www.theguardian.com/world/2026/may/14/trump-xi-jinping-meet-beijing-ahead-of-summit-trade-iran-war-ai-talks,Xi warns Trump of ‘clashes and even conflicts’ with US over Taiwan,2026-05-14T17:37:29Z,1376
politics/2026/may/14/what-now-for-starmer-labour-and-uk-politics,https://www.theguardian.com/politics/2026/may/14/what-now-for-starmer-labour-and-uk-politics,"What now for Starmer, Labour and UK politics?",2026-05-14T17:00:27Z,617
world/2026/may/14/ukraine-second-day-large-scale-russian-missile-drone-strikes,https://www.theguardian.com/world/2026/may/14/ukraine-second-day-large-scale-russian-missile-drone-strikes,Ukraine hit by second day of large-scale Russian missile and drone strikes ,2026-05-14T15:57:40Z,660
world/live/2026/may/14/russia-ukraine-strikes-poland-defence-talks-latest-news-updates,https://www.theguardian.com/world/live/2026/may/14/russia-ukraine-strikes-poland-defence-talks-latest-news-updates,Latvia prime minister resigns days after ‘stray’ drone incursion – as it happened,2026-05-14T14:45:47Z,3353
music/2026/may/14/beth-orton-interview-ai-creativity-craft-david-bowie,https://www.theguardian.com/music/2026/may/14/beth-orton-interview-ai-creativity-craft-david-bowie,"‘AI isn’t going to have any beneficial influence on humans’: Beth Orton on creativity, craft and the inspirational power of David Bowie",2026-05-14T14:00:09Z,1466
world/2026/may/14/evika-silina-latvian-prime-minister-resigns-drone-incursions,https://www.theguardian.com/world/2026/may/14/evika-silina-latvian-prime-minister-resigns-drone-incursions,Latvian prime minister resigns amid row over drone incursions,2026-05-14T13:11:53Z,516
us-news/2026/may/14/first-thing-xi-trump-meeting-china-taiwan,https://www.theguardian.com/us-news/2026/may/14/first-thing-xi-trump-meeting-china-taiwan,First Thing: Xi warns Trump of ‘clashes and even conflicts’ with US over Taiwan,2026-05-14T12:26:48Z,1028
business/ng-interactive/2026/may/14/us-stock-market-war-inflation-tariffs-trump,https://www.theguardian.com/business/ng-interactive/2026/may/14/us-stock-market-war-inflation-tariffs-trump,"War, inflation and Trump’s tariffs have shaken the US. Why does the stock market keep going up?",2026-05-14T10:00:24Z,1397
uk-news/2026/may/14/british-army-paratroopers-tristan-da-cunha-hantavirus,https://www.theguardian.com/uk-news/2026/may/14/british-army-paratroopers-tristan-da-cunha-hantavirus,Falling backwards and plunging through clouds: British paratroopers’ landing on Tristan da Cunha,2026-05-14T06:00:20Z,809
business/2026/may/14/theres-a-risk-of-another-liz-truss-moment-city-raises-spectre-of-bond-market-meltdown-again,https://www.theguardian.com/business/2026/may/14/theres-a-risk-of-another-liz-truss-moment-city-raises-spectre-of-bond-market-meltdown-again,‘There’s a risk of another Liz Truss moment’: City raises spectre of bond market meltdown again,2026-05-14T06:00:19Z,932
world/2026/may/14/thursday-briefing-is-this-starmers-last-stand,https://www.theguardian.com/world/2026/may/14/thursday-briefing-is-this-starmers-last-stand,Thursday briefing: ​Is this Starmer’s last stand?,2026-05-14T05:45:18Z,2033
world/2026/may/14/ukraine-war-briefing-hungary-peter-magyar-signals-shift-from-russia-after-drone-attack,https://www.theguardian.com/world/2026/may/14/ukraine-war-briefing-hungary-peter-magyar-signals-shift-from-russia-after-drone-attack,Ukraine war briefing: New Hungary PM signals shift away from Kremlin after massive drone attack on Ukraine,2026-05-14T05:34:57Z,655
us-news/live/2026/may/13/donald-trump-china-xi-jinping-beijing-iran-war-us-politics-latest-news-updates,https://www.theguardian.com/us-news/live/2026/may/13/donald-trump-china-xi-jinping-beijing-iran-war-us-politics-latest-news-updates,Top Democrat calls newly confirmed Fed chair Kevin Warsh a ‘sock puppet’ for Trump – as it happened,2026-05-13T23:04:29Z,6240
politics/2026/may/13/hold-the-line-burnham-tells-allies-in-parliament-he-still-has-options-to-return,https://www.theguardian.com/politics/2026/may/13/hold-the-line-burnham-tells-allies-in-parliament-he-still-has-options-to-return,‘Hold the line’: Burnham tells allies in parliament he still has options to return,2026-05-13T18:08:29Z,865
commentisfree/2026/may/13/westminster-labour-civil-war-voters,https://www.theguardian.com/commentisfree/2026/may/13/westminster-labour-civil-war-voters,"As Westminster rages, and Labour sinks into civil war: what about the people?",2026-05-13T17:56:09Z,1181
politics/live/2026/may/13/keir-starmer-labour-party-prime-minister-leadership-wes-streeting-kings-speech-latest-news-updates,https://www.theguardian.com/politics/live/2026/may/13/keir-starmer-labour-party-prime-minister-leadership-wes-streeting-kings-speech-latest-news-updates,Starmer has ‘full confidence’ in Streeting despite health secretary’s allies saying he is planning to resign – as it happened,2026-05-13T17:00:19Z,10723
world/live/2026/may/13/ukraine-russia-war-sergei-lavrov-mark-rutte-bucharest-europe-latest-news-updates,https://www.theguardian.com/world/live/2026/may/13/ukraine-russia-war-sergei-lavrov-mark-rutte-bucharest-europe-latest-news-updates,Slovakia closes border crossing with Ukraine amid warnings of further Russian strikes – as it happened,2026-05-13T15:48:59Z,3465
world/2026/may/13/russia-targets-ukraine-with-more-than-200-drones-in-daytime-assault,https://www.theguardian.com/world/2026/may/13/russia-targets-ukraine-with-more-than-200-drones-in-daytime-assault,Russia targets Ukraine with more than 800 drones in deadly daytime assault,2026-05-13T15:23:54Z,612
business/live/2026/may/13/uk-bond-market-yields-political-turmoil-oil-inflation-housing-market-live-updates,https://www.theguardian.com/business/live/2026/may/13/uk-bond-market-yields-political-turmoil-oil-inflation-housing-market-live-updates,Global oil inventories falling at record pace amid Iran war; US producer price inflation hits four-year high – as it happened,2026-05-13T14:34:14Z,4308
world/2026/may/13/can-peter-magyar-deliver-on-his-promises-of-reform-and-restore-a-relationship-to-the-eu,https://www.theguardian.com/world/2026/may/13/can-peter-magyar-deliver-on-his-promises-of-reform-and-restore-a-relationship-to-the-eu,Can Hungary’s Magyar​ deliver on his promise​s of reform a​nd restore a relationship to the EU?,2026-05-13T14:26:09Z,926
world/2026/may/13/ukraine-war-briefing-deadly-russian-bombing-spree-end-of-ceasefire,https://www.theguardian.com/world/2026/may/13/ukraine-war-briefing-deadly-russian-bombing-spree-end-of-ceasefire,Ukraine war briefing: Deadly Russian bombing spree marks end of ceasefire,2026-05-13T01:00:12Z,439
world/2026/may/12/russian-ship-ursa-major-sank-spain-nuclear-reactors-north-korea,https://www.theguardian.com/world/2026/may/12/russian-ship-ursa-major-sank-spain-nuclear-reactors-north-korea,Russian ship that sank near Spain may have been carrying nuclear reactors to North Korea ,2026-05-12T16:44:27Z,771
world/2026/may/12/bosnia-and-herzegovina-vulnerable-policy-clash-us-representative-says,https://www.theguardian.com/world/2026/may/12/bosnia-and-herzegovina-vulnerable-policy-clash-us-representative-says,"Bosnia and Herzegovina left vulnerable by policy clash with US, representative says",2026-05-12T16:40:41Z,871
world/live/2026/may/12/europe-defence-ukraine-russia-hungary-latest-news-updates,https://www.theguardian.com/world/live/2026/may/12/europe-defence-ukraine-russia-hungary-latest-news-updates,Three-day ceasefire ends with fresh wave of Russian attacks on Ukraine – as it happened,2026-05-12T15:26:02Z,2947
world/2026/may/12/how-hezbollah-3d-printed-drones-challenging-israeli-military,https://www.theguardian.com/world/2026/may/12/how-hezbollah-3d-printed-drones-challenging-israeli-military,How Hezbollah’s $300 drones are challenging Israeli military,2026-05-12T12:42:24Z,985
law/2026/may/12/european-ministers-moldova-asylum-seekers-third-country-hubs,https://www.theguardian.com/law/2026/may/12/european-ministers-moldova-asylum-seekers-third-country-hubs,European ministers to discuss sending rejected asylum seekers to third-country hubs,2026-05-12T11:00:05Z,882
business/2026/may/12/uk-households-cut-spending-barclays-credit-card-iran-war,https://www.theguardian.com/business/2026/may/12/uk-households-cut-spending-barclays-credit-card-iran-war,"UK households cut back spending at fastest rate in 16 months, Barclays says",2026-05-12T06:40:42Z,562
world/2026/may/12/teen-bedroom-art-installation-shines-spotlight-on-ukraines-stolen-children,https://www.theguardian.com/world/2026/may/12/teen-bedroom-art-installation-shines-spotlight-on-ukraines-stolen-children,Teen bedroom art installation shines spotlight on Ukraine’s stolen children,2026-05-12T05:00:15Z,827
commentisfree/2026/may/12/friedrich-merz-europe-leaders-standing-up-to-trump,https://www.theguardian.com/commentisfree/2026/may/12/friedrich-merz-europe-leaders-standing-up-to-trump,"Yes, Europe’s leaders are finally standing up to Trump. Here’s why",2026-05-12T04:00:14Z,756
tv-and-radio/2026/may/12/vienna-boycotts-blackouts-buildup-eurovision-song-contest-2026-israel,https://www.theguardian.com/tv-and-radio/2026/may/12/vienna-boycotts-blackouts-buildup-eurovision-song-contest-2026-israel,Woe Vienna? Boycotts and blackouts mar buildup as Eurovision 2026 begins,2026-05-12T04:00:13Z,1137
world/2026/may/12/ukraine-war-briefing-eu-sanctions-officials-accused-helping-russia-abduct-ukrainian-children,https://www.theguardian.com/world/2026/may/12/ukraine-war-briefing-eu-sanctions-officials-accused-helping-russia-abduct-ukrainian-children,Ukraine war briefing: EU sanctions officials for child abductions; Kyiv under drone attack as ceasefire expires,2026-05-12T02:10:49Z,759
us-news/live/2026/may/11/trump-china-iran-trade-warsh-politics-live,https://www.theguardian.com/us-news/live/2026/may/11/trump-china-iran-trade-warsh-politics-live,Virginia Democrats ask conservative-majority US supreme court to restore congressional map approved by voters – as it happened,2026-05-12T01:58:28Z,5635
tv-and-radio/2026/may/11/children-of-the-blitz-review-bbc-wonderful-priceless-television,https://www.theguardian.com/tv-and-radio/2026/may/11/children-of-the-blitz-review-bbc-wonderful-priceless-television,"Children of the Blitz review – wonderful, priceless television ",2026-05-11T21:30:05Z,850
world/2026/may/11/why-is-putin-now-talking-about-the-war-in-ukraine-coming-to-an-end,https://www.theguardian.com/world/2026/may/11/why-is-putin-now-talking-about-the-war-in-ukraine-coming-to-an-end,Why is Putin now talking about the war in Ukraine ‘coming to an end’?,2026-05-11T17:32:32Z,893
world/live/2026/may/11/ukraine-russia-eu-ministers-brussels-putin-zelenskyy-hantavirus-spain-europe-latest-news-updates,https://www.theguardian.com/world/live/2026/may/11/ukraine-russia-eu-ministers-brussels-putin-zelenskyy-hantavirus-spain-europe-latest-news-updates,"Putin is in a ‘weaker position than ever before’, says EU’s Kallas – as it happened",2026-05-11T16:14:53Z,4449
world/2026/may/11/evacuated-us-and-french-mv-hondius-cruise-ship-passengers-test-positive-for-hantavirus,https://www.theguardian.com/world/2026/may/11/evacuated-us-and-french-mv-hondius-cruise-ship-passengers-test-positive-for-hantavirus,Evacuated US and French MV Hondius passengers test positive for hantavirus,2026-05-11T15:39:28Z,835
stage/2026/may/11/moliere-ex-machina-ai-create-new-work-france-equivalent-shakespeare,https://www.theguardian.com/stage/2026/may/11/moliere-ex-machina-ai-create-new-work-france-equivalent-shakespeare,Molière Ex Machina: AI used to create ‘new work’ by beloved French playwright,2026-05-11T12:29:36Z,696
world/2026/may/11/eu-rejects-putin-call-gerhard-schroder-role-ukraine-peace-talks,https://www.theguardian.com/world/2026/may/11/eu-rejects-putin-call-gerhard-schroder-role-ukraine-peace-talks,EU rejects Putin call for Gerhard Schröder role in Ukraine peace talks,2026-05-11T12:02:36Z,749
world/2026/may/11/alberta-voter-data-breach-separatists-referendum,https://www.theguardian.com/world/2026/may/11/alberta-voter-data-breach-separatists-referendum,‘Truly terrifying’: Alberta voter data breach raises fears for Canada’s electoral integrity,2026-05-11T11:00:53Z,1523
business/2026/may/11/uk-households-brace-cost-of-living-crisis-pwc-survey-consumer-confidence,https://www.theguardian.com/business/2026/may/11/uk-households-brace-cost-of-living-crisis-pwc-survey-consumer-confidence,"UK households bracing for new cost of living crisis, report finds",2026-05-11T06:00:46Z,587
commentisfree/2026/may/11/europe-should-behave-more-like-china-does-if-it-wants-to-survive-this-age-of-chaos,https://www.theguardian.com/commentisfree/2026/may/11/europe-should-behave-more-like-china-does-if-it-wants-to-survive-this-age-of-chaos,Europe should behave more like China does if it wants to survive this age of chaos,2026-05-11T04:00:44Z,1006
world/2026/may/11/greece-explosive-packed-drone-lefkada-western-coast,https://www.theguardian.com/world/2026/may/11/greece-explosive-packed-drone-lefkada-western-coast,Greece scrambles to explain how explosive-packed drone landed in its waters,2026-05-11T04:00:44Z,521
world/2026/may/11/ukraine-war-briefing-berlin-reaction-gerhard-schroder-peace-mediator-putin,https://www.theguardian.com/world/2026/may/11/ukraine-war-briefing-berlin-reaction-gerhard-schroder-peace-mediator-putin,Ukraine war briefing: Mixed reaction to Putin proposal of Schröder as peace mediator,2026-05-11T00:00:26Z,603
us-news/2026/may/11/donald-trump-news-at-a-glance-latest-updates-today,https://www.theguardian.com/us-news/2026/may/11/donald-trump-news-at-a-glance-latest-updates-today,"Trump news at a glance: Trump wants to ‘go in’ to Iran to secure nuclear material, Netanyahu claims",2026-05-10T23:45:24Z,598
australia-news/2026/may/11/morning-mail-monday-ntwnfb,https://www.theguardian.com/australia-news/2026/may/11/morning-mail-monday-ntwnfb,Morning Mail: Iranian politician’s Australian links revealed; how One Nation won in Farrer; the mystery of ‘gaping’ whales,2026-05-10T21:00:08Z,1016
world/2026/may/10/vladimir-putin-suggests-ukraine-war-is-coming-to-an-end,https://www.theguardian.com/world/2026/may/10/vladimir-putin-suggests-ukraine-war-is-coming-to-an-end,"Russia has breached three-day ceasefire with Ukraine, says Zelenskyy",2026-05-10T20:21:54Z,1072
world/2026/may/10/rhythm-nation-politicians-viral-dance-moves-mark-new-optimistic-era-for-hungary,https://www.theguardian.com/world/2026/may/10/rhythm-nation-politicians-viral-dance-moves-mark-new-optimistic-era-for-hungary,"Rhythm nation: politician’s viral dance moves mark new, optimistic era for Hungary",2026-05-10T16:42:24Z,617
world/live/2026/may/10/hantavirus-cruise-ship-rat-spain-tenerife-russia-ukraine-putin-zelenskyy-war-europe-latest-news-updates,https://www.theguardian.com/world/live/2026/may/10/hantavirus-cruise-ship-rat-spain-tenerife-russia-ukraine-putin-zelenskyy-war-europe-latest-news-updates,First plane carrying passengers evacuated from hantavirus-hit cruise ship leaves Tenerife – as it happened,2026-05-10T14:51:25Z,3016
commentisfree/2026/may/10/donald-trump-xi-jinping-beijing-summit-iran-taiwan,https://www.theguardian.com/commentisfree/2026/may/10/donald-trump-xi-jinping-beijing-summit-iran-taiwan,Donald Trump will arrive in Beijing this week knowing that Xi holds all the cards,2026-05-10T05:00:17Z,1236
world/2026/may/10/defence-sovereignty-europe-builds-low-cost-weapons-drones,https://www.theguardian.com/world/2026/may/10/defence-sovereignty-europe-builds-low-cost-weapons-drones,Defence sovereignty: Europe races to build the low-cost weapons of future,2026-05-10T04:00:15Z,1670
world/2026/may/10/ukraine-war-briefing-moscow-and-kyiv-trade-accusations-of-violating-ceasefire,https://www.theguardian.com/world/2026/may/10/ukraine-war-briefing-moscow-and-kyiv-trade-accusations-of-violating-ceasefire,Ukraine war briefing: Moscow and Kyiv trade accusations of violating ceasefire,2026-05-10T02:01:16Z,478
world/live/2026/may/09/peter-magyar-hungary-russia-ukraine-ceasefire-moscow-victory-day-parade-europe-latest-news-updates,https://www.theguardian.com/world/live/2026/may/09/peter-magyar-hungary-russia-ukraine-ceasefire-moscow-victory-day-parade-europe-latest-news-updates,"‘This is not another Covid,’ WHO chief tells Tenerife as hantavirus cruise ship heads to island – as it happened",2026-05-09T14:23:42Z,3295
artanddesign/2026/may/09/female-nudity-art-stinks-key-takeways-venice-biennale-2026,https://www.theguardian.com/artanddesign/2026/may/09/female-nudity-art-stinks-key-takeways-venice-biennale-2026,Female nudity and art that stinks: key takeaways from Venice Biennale 2026,2026-05-09T14:00:58Z,921
world/2026/may/09/russia-putin-moscow-victory-day-parade-scaled-back,https://www.theguardian.com/world/2026/may/09/russia-putin-moscow-victory-day-parade-scaled-back,"Russia will always be victorious, says Putin at scaled-back Victory Day parade",2026-05-09T13:46:43Z,761
us-news/2026/may/09/travelers-feel-squeeze-summer-travel-iran-war-fuel,https://www.theguardian.com/us-news/2026/may/09/travelers-feel-squeeze-summer-travel-iran-war-fuel,Spiritless summer: Americans feel squeeze of costly fuel amid busy travel season,2026-05-09T12:00:56Z,1000
us-news/2026/may/09/tucson-arizona-ice-state-republicans,https://www.theguardian.com/us-news/2026/may/09/tucson-arizona-ice-state-republicans,Tucson took action against ICE. Now the city is bracing for state Republicans to fight back,2026-05-09T12:00:56Z,1957
world/2026/may/09/norway-oil-and-gas-production-shortages-middle-east-ukraine,https://www.theguardian.com/world/2026/may/09/norway-oil-and-gas-production-shortages-middle-east-ukraine,‘We are talking about energy security for Europe’: Norway doubles down on oil and gas production,2026-05-09T06:00:49Z,768
science/2026/may/09/doomsday-clock-ai-iran-ukraine-war-climate-breakdown-nuclear-apocalypse,https://www.theguardian.com/science/2026/may/09/doomsday-clock-ai-iran-ukraine-war-climate-breakdown-nuclear-apocalypse,‘The odds are not in our favour’: who sets the Doomsday Clock – and what can they tell us about the future of humanity?,2026-05-09T05:00:49Z,3521
business/2026/may/09/worried-britons-prepping-for-major-disruption-with-stash-of-tins-and-cash-survey-shows,https://www.theguardian.com/business/2026/may/09/worried-britons-prepping-for-major-disruption-with-stash-of-tins-and-cash-survey-shows,"Worried Britons ‘prepping’ for major disruption with stash of tins and cash, survey shows",2026-05-09T05:00:48Z,611
commentisfree/2026/may/09/venice-biennale-anger-russia-israel-art-festival,https://www.theguardian.com/commentisfree/2026/may/09/venice-biennale-anger-russia-israel-art-festival,At the Venice Biennale I saw anger at Russia and Israel – and its leadership pretending everything was fine,2026-05-09T05:00:48Z,1078
world/2026/may/09/france-has-a-record-number-of-presidential-hopefuls-will-any-of-them-be-able-to-hold-back-the-far-right,https://www.theguardian.com/world/2026/may/09/france-has-a-record-number-of-presidential-hopefuls-will-any-of-them-be-able-to-hold-back-the-far-right,France has a record number of presidential hopefuls. Will any of them be able to hold back the far right?,2026-05-09T05:00:47Z,1132
artanddesign/2026/may/09/what-not-to-miss-at-the-2026-venice-biennale,https://www.theguardian.com/artanddesign/2026/may/09/what-not-to-miss-at-the-2026-venice-biennale,What not to miss at the 2026 Venice Biennale,2026-05-09T04:00:46Z,1146
world/2026/may/09/ukraine-war-briefing-zelenskyy-hereby-decrees-moscow-can-hold-victory-day-parade,https://www.theguardian.com/world/2026/may/09/ukraine-war-briefing-zelenskyy-hereby-decrees-moscow-can-hold-victory-day-parade,Ukraine war briefing: Zelenskyy ‘hereby decrees’ Moscow can hold Victory Day parade,2026-05-09T03:16:29Z,1006
us-news/live/2026/may/08/donald-trump-republicans-tennessee-redistricting-maps-voting-rights-iran-latest-news-updates,https://www.theguardian.com/us-news/live/2026/may/08/donald-trump-republicans-tennessee-redistricting-maps-voting-rights-iran-latest-news-updates,Virginia Democrats file motion asking for stay in map ruling as Trump touts ‘huge win’ for Republicans – as it happened,2026-05-09T02:04:06Z,5652
world/2026/may/08/trump-russia-ukraine-three-day-ceasefire-9-may,https://www.theguardian.com/world/2026/may/08/trump-russia-ukraine-three-day-ceasefire-9-may,Russia and Ukraine confirm three-day ceasefire from 9 May,2026-05-09T01:07:17Z,467
news/ng-interactive/2026/may/09/australia-rise-in-antisemitism-bondi-terror-attack-royal-commission-ntwnfb,https://www.theguardian.com/news/ng-interactive/2026/may/09/australia-rise-in-antisemitism-bondi-terror-attack-royal-commission-ntwnfb,"In a hushed room, personal testimonies reveal Australia’s troubling rise in antisemitism ",2026-05-08T22:00:39Z,2987
commentisfree/2026/may/08/election-results-left-right-uk-keir-starmer,https://www.theguardian.com/commentisfree/2026/may/08/election-results-left-right-uk-keir-starmer,"These election results don’t mean tacking left or right, but delivering for the whole country",2026-05-08T21:30:38Z,635
world/2026/may/07/marco-rubio-to-meet-pope-at-the-vatican-after-trump-attacks-on-pontiff,https://www.theguardian.com/world/2026/may/07/marco-rubio-to-meet-pope-at-the-vatican-after-trump-attacks-on-pontiff,Vatican stresses need for peace as Rubio meets pope amid strained relations,2026-05-08T18:31:23Z,925
business/live/2026/may/08/oil-us-iran-ceasefire-uk-house-prices-food-prices-jobs-report-pound-bonds-elections-latest-news-updates,https://www.theguardian.com/business/live/2026/may/08/oil-us-iran-ceasefire-uk-house-prices-food-prices-jobs-report-pound-bonds-elections-latest-news-updates,US consumer confidence hits record low as Americans fret about rising prices; jobs report beats forecasts – as it happened,2026-05-08T17:19:21Z,4394
world/live/2026/may/08/ukraine-russia-ceasefire-accusations-strikes-rubio-meloni-hanavirus-latest-news-updates,https://www.theguardian.com/world/live/2026/may/08/ukraine-russia-ceasefire-accusations-strikes-rubio-meloni-hanavirus-latest-news-updates,"Nato refusing US permission to use bases is ‘a problem’, says Rubio after Meloni meeting – as it happened",2026-05-08T15:54:51Z,4441
commentisfree/2026/may/08/military-force-us-iran-regime,https://www.theguardian.com/commentisfree/2026/may/08/military-force-us-iran-regime,Military force has got the US nowhere with Iran – here is what a realistic negotiation would look like,2026-05-08T09:30:39Z,787
world/2026/may/08/madyar-robert-brovdi-ukraine-military-vladimir-putin,https://www.theguardian.com/world/2026/may/08/madyar-robert-brovdi-ukraine-military-vladimir-putin,Meeting ‘Madyar’: the Ukrainian drones boss raining on Putin’s parade,2026-05-08T07:00:39Z,1133
world/2026/may/08/ukraine-war-briefing-distant-strike-on-russian-missile-ship-in-caspian-sea,https://www.theguardian.com/world/2026/may/08/ukraine-war-briefing-distant-strike-on-russian-missile-ship-in-caspian-sea,Ukraine war briefing: Distant strike on Russian missile ship in Caspian Sea,2026-05-08T00:47:47Z,729
football/live/2026/may/07/crystal-palace-v-shakhtar-donetsk-europa-conference-league-semi-final-second-leg-live,https://www.theguardian.com/football/live/2026/may/07/crystal-palace-v-shakhtar-donetsk-europa-conference-league-semi-final-second-leg-live,"Crystal Palace 2-1 Shakhtar Donetsk (5-2 on agg): Conference League semi-final, second leg – as it happened",2026-05-07T21:21:05Z,3254
sport/2026/may/07/russia-return-to-sporting-fold-on-hold-for-investigation-into-alleged-doping-cover-up,https://www.theguardian.com/sport/2026/may/07/russia-return-to-sporting-fold-on-hold-for-investigation-into-alleged-doping-cover-up,Russia’s sporting return on hold for inquiry into official’s alleged role in doping cover-up,2026-05-07T18:35:58Z,523
world/live/2026/may/07/ukraine-russia-drones-latvia-hungary-bulgaria-latest-news-updates,https://www.theguardian.com/world/live/2026/may/07/ukraine-russia-drones-latvia-hungary-bulgaria-latest-news-updates,"Hantavirus outbreak ‘not start of pandemic’ says WHO, as Canaries secure concessions over cruise docking plans - as it happened",2026-05-07T17:53:32Z,6781
uk-news/2026/may/07/royal-navy-tracks-russian-frigate-one-month-uk-coast,https://www.theguardian.com/uk-news/2026/may/07/royal-navy-tracks-russian-frigate-one-month-uk-coast,Royal Navy tracks Russian frigate for one month off UK coast,2026-05-07T17:09:20Z,658
politics/2026/may/07/the-british-public-need-to-be-better-prepared-for-emergencies,https://www.theguardian.com/politics/2026/may/07/the-british-public-need-to-be-better-prepared-for-emergencies,The British public need to be better prepared for emergencies,2026-05-07T16:34:01Z,318
business/2026/may/07/uk-construction-firms-experiencing-sharpest-cost-rise-30-years,https://www.theguardian.com/business/2026/may/07/uk-construction-firms-experiencing-sharpest-cost-rise-30-years,UK construction firms face some of sharpest cost rises in nearly 30 years,2026-05-07T12:49:08Z,480
commentisfree/2026/may/07/left-right-energy-crisis-britain-north-sea-renewables,https://www.theguardian.com/commentisfree/2026/may/07/left-right-energy-crisis-britain-north-sea-renewables,Both left and right are deluding themselves about the scale of the energy crisis Britain faces,2026-05-07T12:00:48Z,1055
world/2026/may/07/germany-pupils-strike-rearmament-policy-protest-boycott,https://www.theguardian.com/world/2026/may/07/germany-pupils-strike-rearmament-policy-protest-boycott,"More than 50,000 pupils expected to strike over German rearmament policy",2026-05-07T11:39:44Z,944
commentisfree/2026/may/07/trump-nato-european-leaders-russia-attacks-us-allies,https://www.theguardian.com/commentisfree/2026/may/07/trump-nato-european-leaders-russia-attacks-us-allies,Trump’s tantrums over Nato are prompting European leaders to think the unthinkable,2026-05-07T11:30:47Z,1003
us-news/2026/may/07/iran-war-big-oil-climate,https://www.theguardian.com/us-news/2026/may/07/iran-war-big-oil-climate,"Trump’s Iran war may stymie climate gains with boost to big oil, experts say",2026-05-07T11:30:47Z,883
world/2026/may/07/peter-magyar-climate-lgbtq-progressive-hungary,https://www.theguardian.com/world/2026/may/07/peter-magyar-climate-lgbtq-progressive-hungary,"New Hungarian PM’s voters want action on climate and LGBTQ+ rights, poll finds",2026-05-07T04:00:39Z,735
world/2026/may/07/revealed-russia-top-secret-spy-school-hacking-western-electoral-interference,https://www.theguardian.com/world/2026/may/07/revealed-russia-top-secret-spy-school-hacking-western-electoral-interference,Revealed: Russia’s top secret spy school teaching hacking and election meddling,2026-05-07T04:00:39Z,1305
commentisfree/2026/may/07/trump-orban-hungary-liability-europe-far-right-decline,https://www.theguardian.com/commentisfree/2026/may/07/trump-orban-hungary-liability-europe-far-right-decline,"Trump may be a liability and Orbán is gone, but Europe’s far right is not in decline",2026-05-07T04:00:38Z,921
world/2026/may/07/ukraine-war-briefing-putin-threat-foreign-embassies-kyiv,https://www.theguardian.com/world/2026/may/07/ukraine-war-briefing-putin-threat-foreign-embassies-kyiv,Ukraine war briefing: Putin threat to foreign embassies in Kyiv ,2026-05-07T01:05:09Z,880
politics/2026/may/06/uk-voters-battle-over-bills-energy-crisis-linked-green-experts,https://www.theguardian.com/politics/2026/may/06/uk-voters-battle-over-bills-energy-crisis-linked-green-experts,‘Climate solutions will bring down bills and restore nature’: green issues and May elections,2026-05-06T17:59:30Z,764
world/2026/may/06/pussy-riot-protest-at-venice-biennale-forces-russian-pavilion-to-briefly-close,https://www.theguardian.com/world/2026/may/06/pussy-riot-protest-at-venice-biennale-forces-russian-pavilion-to-briefly-close,Pussy Riot protest at Venice Biennale forces Russian pavilion to briefly close,2026-05-06T16:35:14Z,778
world/2026/may/06/russia-ukraine-missiles-24-hour-ceasefire-military-parade,https://www.theguardian.com/world/2026/may/06/russia-ukraine-missiles-24-hour-ceasefire-military-parade,‘Putin only cares about parades’: fury as Russia rains missiles on Ukraine during 24-hour truce,2026-05-06T16:01:56Z,598
business/2026/may/06/norwegian-government-rebuked-over-decision-to-reopen-north-sea-gas-fields,https://www.theguardian.com/business/2026/may/06/norwegian-government-rebuked-over-decision-to-reopen-north-sea-gas-fields,Norwegian government attacked over decision to reopen North Sea gasfields,2026-05-06T15:25:36Z,662
uk-news/2026/may/06/reform-lancashire-county-council-to-quit-refugee-resettlement-schemes-elections,https://www.theguardian.com/uk-news/2026/may/06/reform-lancashire-county-council-to-quit-refugee-resettlement-schemes-elections,Reform-led Lancashire county council could quit refugee resettlement scheme,2026-05-06T15:00:35Z,559
world/live/2026/may/06/europe-eu-spain-sanchez-trump-icc-sanctions-merz-ukraine-russia-latest-news-updates,https://www.theguardian.com/world/live/2026/may/06/europe-eu-spain-sanchez-trump-icc-sanctions-merz-ukraine-russia-latest-news-updates,Three evacuated from hantavirus cruise ship as Spain says vessel will dock in Canary Islands despite objection – as it happened ,2026-05-06T14:49:35Z,3681
world/2026/may/06/from-eurovision-to-the-venice-biennale-culture-contests-are-struggling-to-channel-globalised-politics,https://www.theguardian.com/world/2026/may/06/from-eurovision-to-the-venice-biennale-culture-contests-are-struggling-to-channel-globalised-politics,"From Eurovision to the Venice Biennale, culture contests are being overshadowed by politics",2026-05-06T14:43:35Z,940
business/live/2026/may/06/oil-prices-retreat-global-stocks-hit-record-highs-trump-great-progress-iran-deal-live-updates,https://www.theguardian.com/business/live/2026/may/06/oil-prices-retreat-global-stocks-hit-record-highs-trump-great-progress-iran-deal-live-updates,"Oil and gas prices fall sharply, driven by hopes of strait of Hormuz reopening – as it happened",2026-05-06T14:13:42Z,5836
environment/2026/may/06/london-to-ukraine-how-nature-is-thriving-in-bomb-craters,https://www.theguardian.com/environment/2026/may/06/london-to-ukraine-how-nature-is-thriving-in-bomb-craters,From V2 rocket-scarred London to Ukraine: how nature thrives in bomb craters,2026-05-06T10:00:05Z,1745
business/2026/may/06/totally-grounded-how-the-jet-fuel-crisis-could-change-our-summer-holidays-and-world-history,https://www.theguardian.com/business/2026/may/06/totally-grounded-how-the-jet-fuel-crisis-could-change-our-summer-holidays-and-world-history,Totally grounded? How the jet fuel crisis could change our holidays – and world history,2026-05-06T04:00:03Z,1988
commentisfree/2026/may/06/donald-trump-oil-coal-oligarchy-sanctions-war-environment-europe,https://www.theguardian.com/commentisfree/2026/may/06/donald-trump-oil-coal-oligarchy-sanctions-war-environment-europe,Trump and his oil-and-coal oligarchy should face sanctions for their war on the environment,2026-05-06T04:00:02Z,1086
media/ng-interactive/2026/may/06/how-to-survive-the-information-crisis-we-once-talked-about-fake-news-now-reality-itself-feels-fake,https://www.theguardian.com/media/ng-interactive/2026/may/06/how-to-survive-the-information-crisis-we-once-talked-about-fake-news-now-reality-itself-feels-fake,How to survive the information crisis: ‘We once talked about fake news – now reality itself feels fake’,2026-05-06T04:00:01Z,5751
world/live/2026/may/05/iran-us-israel-lebanon-strait-of-hormuz-ships-oil-uae-latest-news-updates,https://www.theguardian.com/world/live/2026/may/05/iran-us-israel-lebanon-strait-of-hormuz-ships-oil-uae-latest-news-updates,US petrol prices hit highest level in years – as it happened,2026-05-06T01:14:01Z,8451
world/2026/may/06/ukraine-war-briefing-death-toll-ukraine-rises-russia-shunned-venice-biennale,https://www.theguardian.com/world/2026/may/06/ukraine-war-briefing-death-toll-ukraine-rises-russia-shunned-venice-biennale,Ukraine war briefing: Death toll from strikes across Ukraine rises to 27; Russia shunned at Venice Biennale,2026-05-06T00:03:06Z,668
world/2026/may/06/ukraine-drone-supply-chain-taiwan,https://www.theguardian.com/world/2026/may/06/ukraine-drone-supply-chain-taiwan,"As Ukraine seeks to edge China out of its drone supply chain, Taiwan emerges as a quiet player",2026-05-06T00:00:53Z,906
business/2026/may/06/raise-windfall-tax-on-banks-urges-tuc,https://www.theguardian.com/business/2026/may/06/raise-windfall-tax-on-banks-urges-tuc,"Reinstate windfall tax on banks after surge in profits, TUC urges",2026-05-05T23:01:52Z,492
music/2026/may/05/paul-mccartney-the-boys-of-dungeon-lane-playback-preview-fans-abbey-road,https://www.theguardian.com/music/2026/may/05/paul-mccartney-the-boys-of-dungeon-lane-playback-preview-fans-abbey-road,‘It’s a bit emotional’: Paul McCartney plays new songs to fans at Abbey Road,2026-05-05T18:37:32Z,939
artanddesign/2026/may/05/venice-biennale-protests-resignations-russia-israel,https://www.theguardian.com/artanddesign/2026/may/05/venice-biennale-protests-resignations-russia-israel,"Dark clouds, protests and resignations dampen start of 61st Venice Biennale",2026-05-05T18:02:05Z,748
world/2026/may/05/zelenskyy-russia-parade-truce-poltava-attack,https://www.theguardian.com/world/2026/may/05/zelenskyy-russia-parade-truce-poltava-attack,Zelenskyy condemns Russian ‘cynicism’ over parade truce as 23 killed in attacks,2026-05-05T16:49:42Z,569
politics/live/2026/may/05/keir-starmer-uk-antisemitism-summit-golders-green-terror-latest-news-updates,https://www.theguardian.com/politics/live/2026/may/05/keir-starmer-uk-antisemitism-summit-golders-green-terror-latest-news-updates,Badenoch defends seeking a ban on pro-Palestine marches but not Tommy Robinson ones – as it happened,2026-05-05T16:30:37Z,6217
world/2026/may/05/moscow-russia-shuts-down-airports-mobile-signals-may-9-victory-day-parade-security,https://www.theguardian.com/world/2026/may/05/moscow-russia-shuts-down-airports-mobile-signals-may-9-victory-day-parade-security,Moscow shuts down airports and mobile signals as Victory Day parade looms,2026-05-05T16:29:17Z,676
world/live/2026/may/05/zelenskyy-putin-ukraine-russia-trump-troops-merz-latest-news-updates,https://www.theguardian.com/world/live/2026/may/05/zelenskyy-putin-ukraine-russia-trump-troops-merz-latest-news-updates,"‘With calm, we will get through this’: Romanian president speaks out after government collapses – as it happened",2026-05-05T16:08:27Z,4018
business/2026/may/05/hsbc-profits-fall-fraud-related-charge-iran-war,https://www.theguardian.com/business/2026/may/05/hsbc-profits-fall-fraud-related-charge-iran-war,HSBC profits fall amid $400m fraud-related charge and Iran war,2026-05-05T12:57:39Z,589
world/2026/may/05/macron-backs-armenia-pro-europe-pm-nikol-pashinyan-re-election,https://www.theguardian.com/world/2026/may/05/macron-backs-armenia-pro-europe-pm-nikol-pashinyan-re-election,Macron backs Armenia’s pro-Europe PM as re-election campaign draws to close,2026-05-05T12:52:00Z,484
commentisfree/2026/may/05/friedrich-merz-risk-donald-trump-germany-nato-europe,https://www.theguardian.com/commentisfree/2026/may/05/friedrich-merz-risk-donald-trump-germany-nato-europe,Why Friedrich Merz decided to risk Donald Trump’s wrath,2026-05-05T12:00:39Z,962
australia-news/live/2026/may/05/hantavirus-cruise-budget-jim-chalmers-rba-interest-rates-cost-of-living-mortgage-royal-commission-antisemitism-victoria-state-budget-ntwnfb,https://www.theguardian.com/australia-news/live/2026/may/05/hantavirus-cruise-budget-jim-chalmers-rba-interest-rates-cost-of-living-mortgage-royal-commission-antisemitism-victoria-state-budget-ntwnfb,Michele Bullock says ‘we are poorer and there is no way out of it’ after rate rise – as it happened,2026-05-05T07:49:46Z,11170
world/2026/may/05/tuesday-briefing-how-ai-facial-recognition-in-policing-works-and-how-it-can-go-wrong,https://www.theguardian.com/world/2026/may/05/tuesday-briefing-how-ai-facial-recognition-in-policing-works-and-how-it-can-go-wrong,Tuesday briefing: How AI facial recognition in policing works – and how it can go wrong,2026-05-05T05:45:43Z,1768
world/live/2026/may/04/iran-war-live-updates-trump-hormuz-us-operation-tanker-strikes,https://www.theguardian.com/world/live/2026/may/04/iran-war-live-updates-trump-hormuz-us-operation-tanker-strikes,First Russian oil reportedly arrives in Japan since Iran war – as it happened,2026-05-05T04:03:12Z,8364
world/2026/may/05/ukraine-war-briefing-duelling-ceasefires-as-zelenskyy-floats-open-ended-truce,https://www.theguardian.com/world/2026/may/05/ukraine-war-briefing-duelling-ceasefires-as-zelenskyy-floats-open-ended-truce,Ukraine war briefing: Duelling ceasefires as Zelenskyy floats open-ended truce,2026-05-05T00:30:37Z,775
world/2026/may/04/europe-must-face-up-to-tensions-with-trump-keir-starmer-says,https://www.theguardian.com/world/2026/may/04/europe-must-face-up-to-tensions-with-trump-keir-starmer-says,Starmer lauds £78bn EU loan for Ukraine amid increased Trump tensions,2026-05-04T18:37:07Z,643
commentisfree/2026/may/04/the-guardian-view-on-trump-merz-and-europes-security-eu-countries-cannot-go-it-alone,https://www.theguardian.com/commentisfree/2026/may/04/the-guardian-view-on-trump-merz-and-europes-security-eu-countries-cannot-go-it-alone,"The Guardian view on Trump, Merz and Europe’s security: EU countries cannot go it alone",2026-05-04T17:31:14Z,592
politics/live/2026/may/04/local-election-uk-keir-starmer-ukraine-eu-loan-deal-latest-news-updates,https://www.theguardian.com/politics/live/2026/may/04/local-election-uk-keir-starmer-ukraine-eu-loan-deal-latest-news-updates,Reform UK plan to set up migrant detention centres in Green-voting areas condemned by other parties – as it happened,2026-05-04T16:10:17Z,6014
us-news/2026/may/04/first-thing-trump-says-us-navy-will-guide-trapped-ships-through-strait-of-hormuz,https://www.theguardian.com/us-news/2026/may/04/first-thing-trump-says-us-navy-will-guide-trapped-ships-through-strait-of-hormuz,First Thing: Trump says US navy will ‘guide’ trapped ships through strait of Hormuz,2026-05-04T13:00:00Z,1081
artanddesign/2026/may/04/anish-kapoor-venice-biennale-us-should-be-excluded,https://www.theguardian.com/artanddesign/2026/may/04/anish-kapoor-venice-biennale-us-should-be-excluded,Anish Kapoor says US’s ‘politics of hate’ should exclude it from Venice Biennale,2026-05-04T12:41:38Z,682
business/2026/may/04/uk-food-prices-rise-cost-of-living-crisis-beef-olive-oil-inflation,https://www.theguardian.com/business/2026/may/04/uk-food-prices-rise-cost-of-living-crisis-beef-olive-oil-inflation,UK food prices on track to rise by 50% since start of cost of living crisis,2026-05-04T10:51:55Z,467
australia-news/live/2026/may/04/australia-news-live-jim-chalmers-budget-inflation-labor-cost-of-living-interest-rates-bondi-shooting-royal-commission-antisemitism-ntwnfb,https://www.theguardian.com/australia-news/live/2026/may/04/australia-news-live-jim-chalmers-budget-inflation-labor-cost-of-living-interest-rates-bondi-shooting-royal-commission-antisemitism-ntwnfb,Australia and Japan commit to ‘support the flow’ of energy – as it happened,2026-05-04T07:31:39Z,6310
world/2026/may/04/monday-briefing-will-a-new-alliance-of-nations-be-able-to-guide-the-world-towards-a-post-fossil-fuel-future,https://www.theguardian.com/world/2026/may/04/monday-briefing-will-a-new-alliance-of-nations-be-able-to-guide-the-world-towards-a-post-fossil-fuel-future,Monday briefing: ​Will a new alliance of nations be able to guide the world towards a post-fossil fuel future? ,2026-05-04T05:54:17Z,1830
world/2026/may/04/eu-closer-ties-armenia-counter-russian-interference,https://www.theguardian.com/world/2026/may/04/eu-closer-ties-armenia-counter-russian-interference,EU forging closer ties with Armenia as it sends experts to help counter Russian interference,2026-05-04T04:00:15Z,592
commentisfree/2026/may/04/centre-left-not-dead-new-counter-trumpian-movemen,https://www.theguardian.com/commentisfree/2026/may/04/centre-left-not-dead-new-counter-trumpian-movemen,The centre left is not dead. A progressive new counter-Trumpian movement is on the way,2026-05-04T04:00:14Z,1041
australia-news/2026/may/04/antisemitism-royal-commission-bondi-terror-attack-sheina-gutnick-father-reuven-morrison-ntwnfb,https://www.theguardian.com/australia-news/2026/may/04/antisemitism-royal-commission-bondi-terror-attack-sheina-gutnick-father-reuven-morrison-ntwnfb,‘We feel like history is repeating’: Jewish Australians speak of increased sense of danger on first day of antisemitism royal commission,2026-05-04T03:58:19Z,1034
world/2026/may/04/ukraine-war-briefing-strikes-on-russias-primorsk-oil-port-and-ships,https://www.theguardian.com/world/2026/may/04/ukraine-war-briefing-strikes-on-russias-primorsk-oil-port-and-ships,Ukraine war briefing: Strikes on Russia’s Primorsk oil port and ships ,2026-05-04T01:45:15Z,678
world/2026/may/03/canada-first-non-european-nation-epc-summit-mark-carney-allies-trump,https://www.theguardian.com/world/2026/may/03/canada-first-non-european-nation-epc-summit-mark-carney-allies-trump,Canada to be first non-European nation at EPC summit as Carney seeks allies,2026-05-03T14:57:14Z,732
world/2026/may/03/nato-meets-tv-and-film-makers-causing-concerns-it-seeks-propaganda,https://www.theguardian.com/world/2026/may/03/nato-meets-tv-and-film-makers-causing-concerns-it-seeks-propaganda,Nato meetings with TV and film-makers prompt claims it is seeking ‘propaganda’,2026-05-03T04:00:44Z,986
news/ng-interactive/2026/may/03/youre-not-one-of-us-are-you-how-a-ukrainian-soldier-survived-two-weeks-in-a-russian-dugout,https://www.theguardian.com/news/ng-interactive/2026/may/03/youre-not-one-of-us-are-you-how-a-ukrainian-soldier-survived-two-weeks-in-a-russian-dugout,"‘You’re not one of us, are you?’: How a Ukrainian soldier survived two weeks in a Russian dugout",2026-05-03T04:00:44Z,1482
world/2026/may/03/ukraine-war-briefing-russia-tries-for-a-foothold-in-ukraines-eastern-fortress-belt-continues-attacks-on-civilians,https://www.theguardian.com/world/2026/may/03/ukraine-war-briefing-russia-tries-for-a-foothold-in-ukraines-eastern-fortress-belt-continues-attacks-on-civilians,"Ukraine war briefing: Russia tries for a foothold in Ukraine’s eastern ‘fortress belt’, continues attacks on civilians",2026-05-03T00:56:25Z,475
world/live/2026/may/02/us-israel-war-iran-germany-american-troops-donald-trump-middle-east-latest-news-updates,https://www.theguardian.com/world/live/2026/may/02/us-israel-war-iran-germany-american-troops-donald-trump-middle-east-latest-news-updates,Top Republicans express concern over withdrawal of US troops from Germany – as it happened,2026-05-02T18:06:58Z,4802
sport/2026/may/02/kostyuk-claims-biggest-win-of-career-with-victory-over-andreeva-to-take-madrid-open-tennis,https://www.theguardian.com/sport/2026/may/02/kostyuk-claims-biggest-win-of-career-with-victory-over-andreeva-to-take-madrid-open-tennis,Marta Kostyuk defeats Andreeva in Madrid to claim biggest title of career,2026-05-02T17:04:52Z,343
commentisfree/2026/may/02/king-charles-iii-washington-britain-bacon-us-save-itself,https://www.theguardian.com/commentisfree/2026/may/02/king-charles-iii-washington-britain-bacon-us-save-itself,The king went to Washington to save Britain’s bacon. He may also have shown the US how to save itself,2026-05-02T05:00:19Z,1149
world/2026/may/02/dark-era-trump-creating-new-approach-global-politics,https://www.theguardian.com/world/2026/may/02/dark-era-trump-creating-new-approach-global-politics,Hope out of chaos: how the dark era of Trump is creating a new approach to global politics,2026-05-02T04:00:14Z,2026
world/2026/may/02/ukraine-war-briefing-russian-oil-hub-of-tuapse-hit-for-fourth-time-as-environmental-disaster-mounts,https://www.theguardian.com/world/2026/may/02/ukraine-war-briefing-russian-oil-hub-of-tuapse-hit-for-fourth-time-as-environmental-disaster-mounts,Ukraine war briefing: Russian oil hub of Tuapse hit for fourth time as environmental disaster mounts,2026-05-02T02:50:43Z,613
politics/2026/may/01/no-other-plan-comes-close-labour-mps-turn-to-burnham-as-pressure-mounts-on-starmer,https://www.theguardian.com/politics/2026/may/01/no-other-plan-comes-close-labour-mps-turn-to-burnham-as-pressure-mounts-on-starmer,‘No other plan comes close’: how Labour MPs turned to Burnham with Starmer on the brink ,2026-05-01T17:08:34Z,1387
politics/2026/may/01/andy-burnham-westminster-return-plan-within-weeks,https://www.theguardian.com/politics/2026/may/01/andy-burnham-westminster-return-plan-within-weeks,"Andy Burnham has plan to return to Westminster ‘within weeks’, allies say",2026-05-01T17:00:01Z,957
artanddesign/2026/may/01/ukraine-concrete-deer-venice-biennale,https://www.theguardian.com/artanddesign/2026/may/01/ukraine-concrete-deer-venice-biennale,‘It has become a symbol of hope’: the epic journey of Ukraine’s origami deer to the Venice biennale,2026-05-01T15:10:08Z,1514
world/live/2026/may/01/donald-trump-us-troops-italy-spain-germany-nato-europe-latest-news,https://www.theguardian.com/world/live/2026/may/01/donald-trump-us-troops-italy-spain-germany-nato-europe-latest-news,Trump threatens to withdraw US troops from Italy and Spain – as it happened,2026-05-01T14:31:09Z,2449
environment/2026/may/01/could-key-climate-talks-mark-ground-zero-in-global-push-to-ditch-fossil-fuels,https://www.theguardian.com/environment/2026/may/01/could-key-climate-talks-mark-ground-zero-in-global-push-to-ditch-fossil-fuels,Could Santa Marta climate talks mark ground zero in push to ditch fossil fuels?,2026-05-01T14:19:29Z,1611
us-news/2026/apr/30/oscar-missing-pavel-talankin-putin-documentary,https://www.theguardian.com/us-news/2026/apr/30/oscar-missing-pavel-talankin-putin-documentary,Missing Oscar belonging to co-director of Putin film found after TSA made him ship it,2026-05-01T13:45:58Z,659
uk-news/2026/may/01/digested-week-king-bites-tongue-president-indulges-fantasies-charles,https://www.theguardian.com/uk-news/2026/may/01/digested-week-king-bites-tongue-president-indulges-fantasies-charles,Digested week: King bites tongue as president indulges his own fantasies,2026-05-01T11:06:00Z,1695
global-development/2026/may/01/uganda-copying-russia-and-china-with-new-bill-designed-to-crush-dissent-say-critics,https://www.theguardian.com/global-development/2026/may/01/uganda-copying-russia-and-china-with-new-bill-designed-to-crush-dissent-say-critics,"Uganda copying Russia and China with new bill designed to crush dissent, say critics",2026-05-01T11:00:27Z,875
environment/2026/may/01/lng-liquefied-natural-gas-imo-talks-shipping,https://www.theguardian.com/environment/2026/may/01/lng-liquefied-natural-gas-imo-talks-shipping,How LNG interests are seeking to disrupt global talks on decarbonising shipping,2026-05-01T06:00:38Z,1287
commentisfree/2026/may/01/germanys-climate-u-turn-is-the-worst-possible-response-to-the-oil-shock,https://www.theguardian.com/commentisfree/2026/may/01/germanys-climate-u-turn-is-the-worst-possible-response-to-the-oil-shock,Germany’s climate U-turn is the worst possible response to the oil shock,2026-05-01T04:00:37Z,909
us-news/live/2026/apr/30/donald-trump-pete-hegseth-iran-war-oil-king-charles-latest-news-updates,https://www.theguardian.com/us-news/live/2026/apr/30/donald-trump-pete-hegseth-iran-war-oil-king-charles-latest-news-updates,New video shows accused gunman trying to storm White House press dinner as gunfire erupts – as it happened,2026-05-01T01:51:45Z,10091
us-news/2026/apr/30/trump-news-at-a-glance-latest-updates-today,https://www.theguardian.com/us-news/2026/apr/30/trump-news-at-a-glance-latest-updates-today,Trump news at a glance: president doubles down on rift with Germany’s chancellor,2026-05-01T01:05:34Z,1056
world/2026/may/01/ukraine-war-briefing-kyiv-claims-victory-over-shadow-grain-fleet-shipment-to-israel,https://www.theguardian.com/world/2026/may/01/ukraine-war-briefing-kyiv-claims-victory-over-shadow-grain-fleet-shipment-to-israel,Ukraine war briefing: Kyiv claims victory over ‘shadow grain fleet’ shipment to Israel,2026-05-01T01:05:03Z,750
money/2026/may/01/tony-blair-thinktank-urges-labour-scrap-pension-triple-lock,https://www.theguardian.com/money/2026/may/01/tony-blair-thinktank-urges-labour-scrap-pension-triple-lock,Tony Blair’s thinktank urges Labour to scrap ‘unaffordable’ pension triple lock,2026-04-30T23:01:30Z,651
football/live/2026/apr/30/shakhtar-donetsk-v-crystal-palace-europa-conference-league-semi-final-first-leg-live,https://www.theguardian.com/football/live/2026/apr/30/shakhtar-donetsk-v-crystal-palace-europa-conference-league-semi-final-first-leg-live,"Shakhtar Donetsk 1-3 Crystal Palace: Europa Conference League semi-final, first leg – as it happened",2026-04-30T21:14:04Z,2296
uk-news/2026/apr/30/starmers-sister-in-law-feared-what-might-have-happened-in-arson-attack-court-hears,https://www.theguardian.com/uk-news/2026/apr/30/starmers-sister-in-law-feared-what-might-have-happened-in-arson-attack-court-hears,"Starmer’s sister-in-law feared what might have happened in arson attack, court hears",2026-04-30T20:56:50Z,826
us-news/2026/apr/30/military-psychedelic-ptsd-drug-therapy,https://www.theguardian.com/us-news/2026/apr/30/military-psychedelic-ptsd-drug-therapy,Active-duty US soldiers to receive MDMA therapy for PTSD next year,2026-04-30T20:21:17Z,1122
us-news/2026/apr/30/pete-hegseth-iran-war-hearing,https://www.theguardian.com/us-news/2026/apr/30/pete-hegseth-iran-war-hearing,"Hegseth ‘dangerously exaggerated’ US military triumph in Iran, Senate hears",2026-04-30T18:37:50Z,994
artanddesign/2026/apr/30/venice-biennale-jury-quits-amid-row-russia,https://www.theguardian.com/artanddesign/2026/apr/30/venice-biennale-jury-quits-amid-row-russia,Venice Biennale jury quits amid row over participation of Russia,2026-04-30T18:18:18Z,540
uk-news/commentisfree/2026/apr/30/golders-green-british-jews-government-police-society,https://www.theguardian.com/uk-news/commentisfree/2026/apr/30/golders-green-british-jews-government-police-society,"After Golders Green, this is what British Jews need from the government, the police – and the rest of society ",2026-04-30T17:49:29Z,916
world/2026/apr/30/trump-tells-merz-to-fix-his-broken-country-in-new-attack-on-german-chancellor,https://www.theguardian.com/world/2026/apr/30/trump-tells-merz-to-fix-his-broken-country-in-new-attack-on-german-chancellor,Trump tells Merz to ‘fix his broken country’ in new attack on German chancellor,2026-04-30T16:37:14Z,707
politics/live/2026/apr/30/local-election-campaign-labour-reform-conservatives-tories-greens-lib-dems-latest-news-updates,https://www.theguardian.com/politics/live/2026/apr/30/local-election-campaign-labour-reform-conservatives-tories-greens-lib-dems-latest-news-updates,Polanski criticised for reposting comment suggesting police arresting Golders Greens suspect used excessive force – as it happened,2026-04-30T15:55:41Z,5214
world/live/2026/apr/30/europe-germany-troops-trump-threat-iran-eu-france-latest-news-updates,https://www.theguardian.com/world/live/2026/apr/30/europe-germany-troops-trump-threat-iran-eu-france-latest-news-updates,Trump launches fresh attack on Merz after threatening US troop reduction in Germany – as it happened ,2026-04-30T15:01:04Z,3588
business/live/2026/apr/30/bank-of-england-expected-hold-interest-rates-noon-assesses-fallout-iran-war-live-updates,https://www.theguardian.com/business/live/2026/apr/30/bank-of-england-expected-hold-interest-rates-noon-assesses-fallout-iran-war-live-updates,Bank of England leaves interest rates on hold with committee split 8-1; ECB also keeps rates steady – as it happened,2026-04-30T14:55:26Z,7356
world/2026/apr/30/oil-price-news-highest-since-2022-us-iran-ceasefire-strait-of-hormuz,https://www.theguardian.com/world/2026/apr/30/oil-price-news-highest-since-2022-us-iran-ceasefire-strait-of-hormuz,Oil price tops $126 a barrel after Trump warns Iran blockade could last ‘months’,2026-04-30T13:38:54Z,537
world/2026/apr/30/iran-supreme-leader-issues-defiant-statement-on-strait-of-hormuz,https://www.theguardian.com/world/2026/apr/30/iran-supreme-leader-issues-defiant-statement-on-strait-of-hormuz,Iran supreme leader issues defiant statement on strait of Hormuz,2026-04-30T13:34:21Z,769
world/2026/apr/30/bomb-butcher-bucha-military-town-east-russia,https://www.theguardian.com/world/2026/apr/30/bomb-butcher-bucha-military-town-east-russia,"Bomb meant for ‘Butcher of Bucha’ kills subordinate in remote Russian town, sources say",2026-04-30T12:06:19Z,591
football/2026/apr/16/the-world-behind-the-cup-nation-building-through-soccer,https://www.theguardian.com/football/2026/apr/16/the-world-behind-the-cup-nation-building-through-soccer,From national pride to fascism: how countries have used the World Cup to build identity,2026-04-30T11:00:15Z,902
us-news/live/2026/apr/29/king-charles-new-york-donald-trump-zohran-mamdani-iran-us-politics-live,https://www.theguardian.com/us-news/live/2026/apr/29/king-charles-new-york-donald-trump-zohran-mamdani-iran-us-politics-live,‘A day of loss for our democracy’: civil rights groups slam supreme court ruling that weakens key part of Voting Rights Act – as it happened,2026-04-30T02:00:27Z,11715
world/2026/apr/30/ukraine-war-briefing-enough-of-our-homegrown-weapons-to-go-around-says-zelenskyy,https://www.theguardian.com/world/2026/apr/30/ukraine-war-briefing-enough-of-our-homegrown-weapons-to-go-around-says-zelenskyy,"Ukraine war briefing: Enough of our homegrown weapons to go around, says Zelenskyy ",2026-04-30T00:32:52Z,712
world/2026/apr/30/trump-threatens-to-reduce-troop-numbers-in-germany-amid-growing-row-with-nato-allies,https://www.theguardian.com/world/2026/apr/30/trump-threatens-to-reduce-troop-numbers-in-germany-amid-growing-row-with-nato-allies,Trump threatens to reduce troop numbers in Germany amid growing row with Nato allies,2026-04-29T23:36:22Z,600
science/2026/apr/29/artemis-crew-white-house-trump,https://www.theguardian.com/science/2026/apr/29/artemis-crew-white-house-trump,Trump hosts crew of historic Artemis mission: ‘I would have had no trouble making it’,2026-04-29T21:41:02Z,635
world/2026/apr/29/trump-and-putin-discuss-iran-war-and-float-temporary-ukraine-ceasefire-in-call,https://www.theguardian.com/world/2026/apr/29/trump-and-putin-discuss-iran-war-and-float-temporary-ukraine-ceasefire-in-call,Trump and Putin discuss Iran war and float temporary Ukraine ceasefire in call,2026-04-29T19:55:35Z,501
football/2026/apr/29/crystal-palace-oliver-glasner-shakhtar-donetsk-europa-conference-league-semi-final,https://www.theguardian.com/football/2026/apr/29/crystal-palace-oliver-glasner-shakhtar-donetsk-europa-conference-league-semi-final,Crystal Palace back in business under Glasner but Shakhtar no pushovers,2026-04-29T19:52:43Z,733
football/2026/apr/29/chelsea-mykhailo-mudryk-appeals-to-cas-against-reported-four-year-ban,https://www.theguardian.com/football/2026/apr/29/chelsea-mykhailo-mudryk-appeals-to-cas-against-reported-four-year-ban,Chelsea forward Mykhailo Mudryk appeals to Cas against reported four-year ban,2026-04-29T18:04:30Z,354
world/2026/apr/29/ukraine-asks-israel-to-seize-vessel-it-claims-is-carrying-grain-stolen-by-russia,https://www.theguardian.com/world/2026/apr/29/ukraine-asks-israel-to-seize-vessel-it-claims-is-carrying-grain-stolen-by-russia,Ukraine asks Israel to seize vessel it claims is carrying grain stolen by Russia,2026-04-29T17:46:40Z,433
uk-news/2026/apr/29/how-king-charles-speech-written-how-to-read,https://www.theguardian.com/uk-news/2026/apr/29/how-king-charles-speech-written-how-to-read,How King Charles’s speech was written – and how to read it,2026-04-29T17:22:53Z,1043
news/2026/apr/29/chornobyl-40-years-on-inside-the-1-may-guardian-weekly,https://www.theguardian.com/news/2026/apr/29/chornobyl-40-years-on-inside-the-1-may-guardian-weekly,"Chornobyl, 40 years on: inside the 1 May Guardian Weekly",2026-04-29T17:00:53Z,649
business/grogonomics/2026/apr/30/inflation-rba-interest-rate-rise-reserve-bank-australia-abs,https://www.theguardian.com/business/grogonomics/2026/apr/30/inflation-rba-interest-rate-rise-reserve-bank-australia-abs,Another RBA rate rise won’t fix inflation – it will just smash households already hit by soaring fuel costs ,2026-04-29T15:00:53Z,841
world/live/2026/apr/29/europe-iran-hungary-russia-ukraine-eu-latest-news-updates,https://www.theguardian.com/world/live/2026/apr/29/europe-iran-hungary-russia-ukraine-eu-latest-news-updates,"Consequences of Iran war ‘may echo for months or years to come,’ EU chief warns – as it happened",2026-04-29T14:42:26Z,3192
uk-news/2026/apr/29/men-accused-arson-attacks-keir-starmer-london,https://www.theguardian.com/uk-news/2026/apr/29/men-accused-arson-attacks-keir-starmer-london,"Mystery ‘El Money’ figure offered to pay men to set fire to property linked to Starmer, court hears",2026-04-29T14:38:42Z,728
music/2026/apr/29/opera-managers-metropolitan-opera-new-york-funding,https://www.theguardian.com/music/2026/apr/29/opera-managers-metropolitan-opera-new-york-funding,Giving and misgivings: opera managers must choose their poison,2026-04-29T13:58:14Z,911
commentisfree/2026/apr/29/missing-ukrainian-reporter-russian-prison-journalism-investigative,https://www.theguardian.com/commentisfree/2026/apr/29/missing-ukrainian-reporter-russian-prison-journalism-investigative,"The missing Ukrainian reporter, the Russian prison – and a vital lesson learned about journalism in a dangerous age",2026-04-29T13:50:06Z,908
uk-news/2026/apr/29/king-charles-donald-trump-us-state-visit-congress-media-round-up,https://www.theguardian.com/uk-news/2026/apr/29/king-charles-donald-trump-us-state-visit-congress-media-round-up,‘Subtle rebuttals’: what the papers say about King Charles and Trump,2026-04-29T12:57:35Z,667
world/2026/apr/29/kim-north-korea-soldiers-blow-themselves-up-ukraine,https://www.theguardian.com/world/2026/apr/29/kim-north-korea-soldiers-blow-themselves-up-ukraine,Kim praises North Korean soldiers who blew themselves up to evade Ukraine capture,2026-04-29T11:34:08Z,380
world/2026/apr/29/russia-to-scale-back-victory-day-parade-as-ukraine-extends-its-drone-attacks,https://www.theguardian.com/world/2026/apr/29/russia-to-scale-back-victory-day-parade-as-ukraine-extends-its-drone-attacks,Russia to hold Victory Day parade with no military hardware amid Ukraine strike fears,2026-04-29T10:39:18Z,458
us-news/2026/apr/29/first-thing-justice-department-indicts-ex-fbi-director-james-comey-over-seashells-instagram-post,https://www.theguardian.com/us-news/2026/apr/29/first-thing-justice-department-indicts-ex-fbi-director-james-comey-over-seashells-instagram-post,First Thing: Justice department indicts ex-FBI director James Comey over Instagram seashells post,2026-04-29T10:01:48Z,1170
us-news/2026/apr/29/king-charles-agrees-with-me-on-iran-nuclear-weapon-ban-says-trump,https://www.theguardian.com/us-news/2026/apr/29/king-charles-agrees-with-me-on-iran-nuclear-weapon-ban-says-trump,"King Charles agrees with me on Iran nuclear weapon ban, claims Trump",2026-04-29T07:48:45Z,728
world/2026/apr/29/wednesday-briefing-where-starmer-stands-after-another-precarious-day-in-parliament,https://www.theguardian.com/world/2026/apr/29/wednesday-briefing-where-starmer-stands-after-another-precarious-day-in-parliament,Wednesday briefing: Where Starmer stands after another precarious day in parliament,2026-04-29T05:45:07Z,1839
world/2026/apr/29/from-jakarta-to-manila-south-east-asia-turns-to-russia-to-plug-fuel-fertiliser-gaps-caused-by-iran-war,https://www.theguardian.com/world/2026/apr/29/from-jakarta-to-manila-south-east-asia-turns-to-russia-to-plug-fuel-fertiliser-gaps-caused-by-iran-war,"From Jakarta to Manila, south-east Asia turns to Russia to plug fuel, fertiliser gaps caused by Iran war",2026-04-29T03:51:06Z,833
us-news/live/2026/apr/28/donald-trump-king-charles-melania-camilla-white-house-congress-latest-news-updates,https://www.theguardian.com/us-news/live/2026/apr/28/donald-trump-king-charles-melania-camilla-white-house-congress-latest-news-updates,Justice department claims James Comey made ‘threat to kill’ Trump as it announces charges against former FBI director – as it happened,2026-04-29T02:04:27Z,10732
us-news/2026/apr/28/trump-news-latest-updates-today,https://www.theguardian.com/us-news/2026/apr/28/trump-news-latest-updates-today,Trump news at a glance: president’s justice department sets sights on James Comey (again),2026-04-29T01:00:40Z,942
world/2026/apr/29/ukraine-war-briefing-more-woe-russian-oil-tuapse-refinery-hit-again,https://www.theguardian.com/world/2026/apr/29/ukraine-war-briefing-more-woe-russian-oil-tuapse-refinery-hit-again,Ukraine war briefing: More woe for Russian oil as Tuapse refinery hit again,2026-04-29T00:37:01Z,566
world/2026/apr/29/us-ambassador-ukraine-trump-steps-down-julie-davis,https://www.theguardian.com/world/2026/apr/29/us-ambassador-ukraine-trump-steps-down-julie-davis,US ambassador to Ukraine appointed by Trump steps down after less than a year in the job,2026-04-29T00:10:02Z,311
uk-news/2026/apr/28/king-charles-speech-congress,https://www.theguardian.com/uk-news/2026/apr/28/king-charles-speech-congress,King Charles praises Nato and urges defence of Ukraine in key speech during Trump visit,2026-04-28T22:26:06Z,1214
us-news/2026/apr/28/king-charles-congress-trump,https://www.theguardian.com/us-news/2026/apr/28/king-charles-congress-trump,Mission accomplished as king’s speech to Congress goes down a storm ,2026-04-28T20:57:34Z,1005
world/2026/apr/28/european-parliament-urges-eu-draw-up-standardised-consent-based-definition-rape,https://www.theguardian.com/world/2026/apr/28/european-parliament-urges-eu-draw-up-standardised-consent-based-definition-rape,‘Only yes means yes’: MEPs call for EU to adopt consent-based definition of rape,2026-04-28T18:55:35Z,694
world/2026/apr/28/russia-claims-its-africa-corps-group-prevented-coup-in-mali-after-rebels-seize-towns,https://www.theguardian.com/world/2026/apr/28/russia-claims-its-africa-corps-group-prevented-coup-in-mali-after-rebels-seize-towns,Russia claims its Africa Corps group prevented coup in Mali after rebels seize towns,2026-04-28T17:07:27Z,634
business/2026/apr/28/gas-price-surge-highest-level-in-four-years,https://www.theguardian.com/business/2026/apr/28/gas-price-surge-highest-level-in-four-years,"US gas prices surge to highest level in four years, averaging $4.18 a gallon",2026-04-28T16:47:52Z,401
world/live/2026/apr/28/europe-france-andorra-abortion-macron-ukraine-russia-eu-latest-news-updates,https://www.theguardian.com/world/live/2026/apr/28/europe-france-andorra-abortion-macron-ukraine-russia-eu-latest-news-updates,Journalist Andrzej Poczobut freed as part of US-brokered Polish-Belarusian prisoner swap – as it happened,2026-04-28T14:49:49Z,3936
business/live/2026/apr/28/bp-profits-double-iran-war-oil-price-stock-markets-live-updates,https://www.theguardian.com/business/live/2026/apr/28/bp-profits-double-iran-war-oil-price-stock-markets-live-updates,UAE quits Opec in ‘pivotal moment’ for oil producing group – as it happened ,2026-04-28T14:37:25Z,6009
world/2026/apr/28/journalist-andrzej-poczobut-freed-prison-belarus-us-brokered-swap-deal,https://www.theguardian.com/world/2026/apr/28/journalist-andrzej-poczobut-freed-prison-belarus-us-brokered-swap-deal,Journalist Andrzej Poczobut freed from prison in Belarus in US-brokered swap deal,2026-04-28T14:01:18Z,652
football/2026/apr/28/shakhtar-donetsks-european-odyssey-heads-to-palace-after-marathon-campaign,https://www.theguardian.com/football/2026/apr/28/shakhtar-donetsks-european-odyssey-heads-to-palace-after-marathon-campaign,Shakhtar Donetsk’s European odyssey heads to Palace after marathon campaign,2026-04-28T11:30:08Z,953
business/2026/apr/28/bp-profits-oil-gas-prices-iran-war-first-quarter,https://www.theguardian.com/business/2026/apr/28/bp-profits-oil-gas-prices-iran-war-first-quarter,BP profits more than double as oil prices soar in Iran war,2026-04-28T11:02:41Z,755
commentisfree/2026/apr/28/britain-war-cyber-attacks-disinformation-surveillance-blockades,https://www.theguardian.com/commentisfree/2026/apr/28/britain-war-cyber-attacks-disinformation-surveillance-blockades,"It’s time MPs levelled with us: Britain is already at war, and we’ll need to do two things to survive it",2026-04-28T07:00:43Z,970
artanddesign/2026/apr/28/belarus-free-theatre-venice-biennale,https://www.theguardian.com/artanddesign/2026/apr/28/belarus-free-theatre-venice-biennale,‘The doorbell went at 5am. Six masked men were outside’: Belarus Free Theatre bring totalitarian terror to the Venice Biennale,2026-04-28T04:00:41Z,1881
commentisfree/2026/apr/28/giorgia-meloni-donald-trump-italian-prime-minister-europe-us-iran-war,https://www.theguardian.com/commentisfree/2026/apr/28/giorgia-meloni-donald-trump-italian-prime-minister-europe-us-iran-war,Giorgia Meloni clung to her relationship with Trump – now it’s starting to look like a liability,2026-04-28T04:00:41Z,1030
australia-news/2026/apr/28/trump-picks-former-republican-congressman-to-be-ambassador-to-australia-after-17-month-vacancy,https://www.theguardian.com/australia-news/2026/apr/28/trump-picks-former-republican-congressman-to-be-ambassador-to-australia-after-17-month-vacancy,"David Brat, Ayn Rand expert who once argued Christianity and capitalism should merge, named as US ambassador to Australia",2026-04-28T02:35:42Z,590
world/2026/apr/28/ukraine-war-briefing-arrests-russian-gru-linked-plots-lithuania,https://www.theguardian.com/world/2026/apr/28/ukraine-war-briefing-arrests-russian-gru-linked-plots-lithuania,Ukraine war briefing: Arrests over Russian GRU-linked murder plots in Lithuania,2026-04-28T01:01:43Z,744
politics/live/2026/apr/27/keir-starmer-peter-mandelson-inquiry-speaker-shoplifting-latest-news-updates,https://www.theguardian.com/politics/live/2026/apr/27/keir-starmer-peter-mandelson-inquiry-speaker-shoplifting-latest-news-updates,No 10 publishes previously confidential memo to refute claim that Starmer misled MPs over Mandelson appointment – as it happened,2026-04-27T17:13:10Z,8211
uk-news/2026/apr/27/king-charles-awkwardness-meeting-donald-trump-off-camera,https://www.theguardian.com/uk-news/2026/apr/27/king-charles-awkwardness-meeting-donald-trump-off-camera,King Charles to meet Trump off camera over fears of Zelenskyy-style clash,2026-04-27T16:40:00Z,499
commentisfree/2026/apr/27/are-prime-ministers-problem-or-is-uk-ungovernable,https://www.theguardian.com/commentisfree/2026/apr/27/are-prime-ministers-problem-or-is-uk-ungovernable,Are our prime ministers the problem – or is the UK ungovernable?,2026-04-27T16:36:09Z,772
world/live/2026/apr/27/europe-ukraine-russia-poland-germany-eu-latest-news-updates,https://www.theguardian.com/world/live/2026/apr/27/europe-ukraine-russia-poland-germany-eu-latest-news-updates,Odesa bears brunt of latest Russian attacks on Ukraine – as it happened,2026-04-27T14:36:03Z,2763
world/2026/apr/27/mali-militant-attacks-putin-russia-africa,https://www.theguardian.com/world/2026/apr/27/mali-militant-attacks-putin-russia-africa,Mali’s militant attacks expose limits of Putin’s power in Africa,2026-04-27T14:35:47Z,814
music/2026/apr/27/venice-opera-house-fires-incoming-music-director-who-made-nepotism-claims,https://www.theguardian.com/music/2026/apr/27/venice-opera-house-fires-incoming-music-director-who-made-nepotism-claims, Venice opera house fires government-linked music director after months of protests ,2026-04-27T12:19:15Z,456
world/2026/apr/27/mali-attacks-insurgents-seize-towns-kill-defence-minister,https://www.theguardian.com/world/2026/apr/27/mali-attacks-insurgents-seize-towns-kill-defence-minister,Mali in turmoil after insurgents seize towns and kill defence minister ,2026-04-27T11:44:31Z,859
film/2026/apr/27/the-eukrainian-review-heroic-portrait-of-the-diplomat-trying-to-haul-ukraine-into-europe,https://www.theguardian.com/film/2026/apr/27/the-eukrainian-review-heroic-portrait-of-the-diplomat-trying-to-haul-ukraine-into-europe,The Eukrainian review – heroic portrait of the diplomat trying to haul Ukraine into Europe,2026-04-27T10:00:07Z,298
world/2026/apr/27/ukraine-war-briefing-kim-jong-un-north-korea-russia-military-agreement,https://www.theguardian.com/world/2026/apr/27/ukraine-war-briefing-kim-jong-un-north-korea-russia-military-agreement,Ukraine war briefing: Kim Jong-un strengthens military ties with Russia and hails soldiers who fought in Kursk,2026-04-27T00:32:32Z,648
environment/2026/apr/27/renewable-energy-will-boost-national-security-and-protect-uk-from-sabotage-minister-says,https://www.theguardian.com/environment/2026/apr/27/renewable-energy-will-boost-national-security-and-protect-uk-from-sabotage-minister-says,"Renewable energy will boost national security and protect UK from sabotage, minister says",2026-04-26T23:01:26Z,727
business/2026/apr/26/uk-urged-deploy-eu-style-trade-bazooka-trump-tariffs,https://www.theguardian.com/business/2026/apr/26/uk-urged-deploy-eu-style-trade-bazooka-trump-tariffs,UK urged to deploy EU-style ‘trade bazooka’ against Trump’s tariffs,2026-04-26T21:30:25Z,614
news/2026/apr/26/corrections-and-clarifications,https://www.theguardian.com/news/2026/apr/26/corrections-and-clarifications,Corrections and clarifications,2026-04-26T20:00:23Z,173
commentisfree/2026/apr/26/iran-nuclear-weapon-war-develop-one-now,https://www.theguardian.com/commentisfree/2026/apr/26/iran-nuclear-weapon-war-develop-one-now,Iran didn’t have a nuclear weapon before this war. But you can see why it would develop one now,2026-04-26T10:30:23Z,1218
business/2026/apr/26/sludge-in-the-system-myriad-problems-stymie-labours-15m-new-homes-pledge,https://www.theguardian.com/business/2026/apr/26/sludge-in-the-system-myriad-problems-stymie-labours-15m-new-homes-pledge,‘Sludge in the system’: myriad problems stymie Labour’s 1.5m new homes pledge ,2026-04-26T05:01:05Z,2218
world/2026/apr/26/ukrainian-action-thriller-billed-as-saving-private-ryan-for-the-drone-age,https://www.theguardian.com/world/2026/apr/26/ukrainian-action-thriller-billed-as-saving-private-ryan-for-the-drone-age,Ukrainian action thriller billed as Saving Private Ryan for the drone age,2026-04-26T04:00:04Z,817
world/2026/apr/26/ukraine-war-briefing-zelenskyy-signs-agreement-with-azerbaijan-as-death-tolls-from-russian-attacks-rises-to-10,https://www.theguardian.com/world/2026/apr/26/ukraine-war-briefing-zelenskyy-signs-agreement-with-azerbaijan-as-death-tolls-from-russian-attacks-rises-to-10,Ukraine war briefing: Zelenskyy signs agreement with Azerbaijan as death toll from Russian attacks rises to 10,2026-04-26T00:23:23Z,529
environment/2026/apr/25/chris-bowen-iran-war-oil-shock-climate-negotiations,https://www.theguardian.com/environment/2026/apr/25/chris-bowen-iran-war-oil-shock-climate-negotiations,Cop negotiations chief on how Iran war oil shock paves road to climate talks in Turkey,2026-04-25T20:00:54Z,1050
world/2026/apr/25/russian-airstrikes-ukraine-dnipro-odesa-kharkiv,https://www.theguardian.com/world/2026/apr/25/russian-airstrikes-ukraine-dnipro-odesa-kharkiv,Russian airstrikes kill at least seven people in Ukraine overnight,2026-04-25T13:17:15Z,318
politics/2026/apr/25/christopher-harborne-mystery-billionaire-bankrolling-reform-uk-nigel-farage,https://www.theguardian.com/politics/2026/apr/25/christopher-harborne-mystery-billionaire-bankrolling-reform-uk-nigel-farage,"‘Nigel is mad to accept his money’: who is Christopher Harborne, the mystery billionaire bankrolling Reform?",2026-04-25T10:00:43Z,6066
uk-news/2026/apr/25/raf-typhoons-scrambled-russia-drone-nato-romania-ukraine,https://www.theguardian.com/uk-news/2026/apr/25/raf-typhoons-scrambled-russia-drone-nato-romania-ukraine,RAF Typhoons scrambled in response to Russian drone threat near Nato airspace,2026-04-25T09:57:33Z,329
football/2026/apr/25/daniel-farke-the-romantic-turned-pragmatist-bringing-joy-back-to-leeds,https://www.theguardian.com/football/2026/apr/25/daniel-farke-the-romantic-turned-pragmatist-bringing-joy-back-to-leeds,Daniel Farke: the romantic turned pragmatist bringing joy back to Leeds,2026-04-25T09:00:42Z,915
news/ng-interactive/2026/apr/25/chornobyl-power-plant-at-risk-amid-russia-war-ukraine,https://www.theguardian.com/news/ng-interactive/2026/apr/25/chornobyl-power-plant-at-risk-amid-russia-war-ukraine," Inside Chornobyl: 40 years after disaster, nuclear site still at risk in Russia’s war ",2026-04-25T05:00:36Z,1603
commentisfree/2026/apr/25/disruptive-racists-booing-anzac-day-welcome-country-police-ban-ntwnfb,https://www.theguardian.com/commentisfree/2026/apr/25/disruptive-racists-booing-anzac-day-welcome-country-police-ban-ntwnfb,The AFL bans disruptive racists. Surely the police can do the same for morons who boo welcome to country on Anzac Day,2026-04-25T03:50:11Z,786
world/2026/apr/25/ukraine-war-briefing-zelenskyy-holds-talks-in-azerbaijan-saudi-arabia-on-security-and-energy,https://www.theguardian.com/world/2026/apr/25/ukraine-war-briefing-zelenskyy-holds-talks-in-azerbaijan-saudi-arabia-on-security-and-energy,"Ukraine war briefing: Zelenskyy holds talks in Azerbaijan, Saudi Arabia on ‘security and energy’",2026-04-25T01:02:52Z,566
world/live/2026/apr/24/iran-war-live-updates-trump-hormuz-strait-israel-lebanon-truce,https://www.theguardian.com/world/live/2026/apr/24/iran-war-live-updates-trump-hormuz-strait-israel-lebanon-truce,US envoy and Trump’s son-in-law to travel to Pakistan amid hopes for renewed Iran peace talks – as it happened,2026-04-24T21:48:07Z,7483
business/live/2026/apr/24/stock-market-warning-bank-of-england-deputy-governor-trump-threatens-uk-tariff-business-live,https://www.theguardian.com/business/live/2026/apr/24/stock-market-warning-bank-of-england-deputy-governor-trump-threatens-uk-tariff-business-live,"Oil hits highest level since US-Iran ceasefire began, as conflict hurts Gulf crude production – as it happened",2026-04-24T15:42:17Z,4253
politics/live/2026/apr/24/keir-starmer-peter-mandelson-us-met-police-westminster-assisted-dying-latest-news,https://www.theguardian.com/politics/live/2026/apr/24/keir-starmer-peter-mandelson-us-met-police-westminster-assisted-dying-latest-news,Assisted dying bill fails to become law after running out of time in parliament – as it happened,2026-04-24T15:11:33Z,4035
environment/2026/apr/24/global-oil-crisis-changed-fossil-fuel-industry-for-ever-iea-chief-fatih-birol,https://www.theguardian.com/environment/2026/apr/24/global-oil-crisis-changed-fossil-fuel-industry-for-ever-iea-chief-fatih-birol,"‘The damage is done’: global oil crisis has changed fossil fuel industry for ever, IEA chief says",2026-04-24T15:00:20Z,920
artanddesign/2026/apr/24/venice-biennale-jury-not-award-artists-countries-face-war-crimes-israel-russia,https://www.theguardian.com/artanddesign/2026/apr/24/venice-biennale-jury-not-award-artists-countries-face-war-crimes-israel-russia,Venice Biennale jury ‘will not award artists from countries facing war crimes charges’,2026-04-24T12:04:26Z,419
world/2026/apr/24/ukraine-frontline-soldiers-emaciated-lack-of-food-and-water,https://www.theguardian.com/world/2026/apr/24/ukraine-frontline-soldiers-emaciated-lack-of-food-and-water,Ukrainian soldiers left emaciated on frontline from lack of food and water,2026-04-24T11:18:09Z,562
us-news/ng-interactive/2026/apr/24/gaza-israel-lebanon-war,https://www.theguardian.com/us-news/ng-interactive/2026/apr/24/gaza-israel-lebanon-war,Is this what war looks like now?,2026-04-24T11:00:39Z,3668
commentisfree/2026/apr/24/trump-pope-leo-catholics,https://www.theguardian.com/commentisfree/2026/apr/24/trump-pope-leo-catholics,Trump cannot bear the judgments of Pope Leo,2026-04-24T10:00:36Z,1830
australia-news/live/2026/apr/24/andrew-hastie-us-defence-ndis-reform-cuts-budget-gas-export-fuel-crisis-jim-chalmers-anthony-albanese-ntwnfb,https://www.theguardian.com/australia-news/live/2026/apr/24/andrew-hastie-us-defence-ndis-reform-cuts-budget-gas-export-fuel-crisis-jim-chalmers-anthony-albanese-ntwnfb,PM speaks to Vietnamese president on supply chains – as it happened,2026-04-24T07:31:15Z,8466
sport/2026/apr/24/chess-turkeys-yagiz-erdogmus-14-reaches-record-2700-rating-now-for-2800-and-2900,https://www.theguardian.com/sport/2026/apr/24/chess-turkeys-yagiz-erdogmus-14-reaches-record-2700-rating-now-for-2800-and-2900,"Chess: Turkey’s Yagiz Erdogmus, 14, reaches record 2700 rating – ‘now for 2800 and 2900’",2026-04-24T07:00:34Z,1192
world/2026/apr/24/friday-briefing-how-the-boom-in-running-culture-is-reflected-in-the-london-marathon,https://www.theguardian.com/world/2026/apr/24/friday-briefing-how-the-boom-in-running-culture-is-reflected-in-the-london-marathon,Friday briefing: ​​How the boom in running culture is reflected in the London Marathon,2026-04-24T05:45:11Z,2229
business/2026/apr/24/revealed-uk-oil-refinery-owner-moved-russian-loans-to-offshore-subsidiary-where-sanctions-did-not-apply,https://www.theguardian.com/business/2026/apr/24/revealed-uk-oil-refinery-owner-moved-russian-loans-to-offshore-subsidiary-where-sanctions-did-not-apply,Revealed: UK oil refinery owner moved Russian loans to offshore subsidiary where sanctions did not apply,2026-04-24T05:00:32Z,1647
commentisfree/2026/apr/24/europe-profound-state-of-crisis-assess-threats-remedy,https://www.theguardian.com/commentisfree/2026/apr/24/europe-profound-state-of-crisis-assess-threats-remedy,"Europe is in a profound state of crisis. Luckily, we know what to do",2026-04-24T04:00:29Z,899
us-news/live/2026/apr/23/donald-trump-shutdown-ice-border-patrol-dhs-iran-democrats-republicans-latest-news-updates,https://www.theguardian.com/us-news/live/2026/apr/23/donald-trump-shutdown-ice-border-patrol-dhs-iran-democrats-republicans-latest-news-updates,Former inspector general urges audit of Epstein files release be conducted ‘without undue influence’ – as it happened,2026-04-24T01:58:24Z,8158
us-news/2026/apr/23/trump-news-at-a-glance-latest-updates-today,https://www.theguardian.com/us-news/2026/apr/23/trump-news-at-a-glance-latest-updates-today,Trump news at a glance: a tale of two blockades as US and Iran spin their control over strait of Hormuz,2026-04-24T01:00:25Z,841
world/2026/apr/24/ukraine-war-briefing-trump-bristles-at-prince-harrys-passionate-plea-for-ukraine,https://www.theguardian.com/world/2026/apr/24/ukraine-war-briefing-trump-bristles-at-prince-harrys-passionate-plea-for-ukraine,Ukraine war briefing: Trump bristles at Prince Harry’s passionate plea for Ukraine,2026-04-23T23:40:19Z,581
tv-and-radio/2026/apr/23/slovenia-to-air-films-about-palestine-instead-of-eurovision-song-contest,https://www.theguardian.com/tv-and-radio/2026/apr/23/slovenia-to-air-films-about-palestine-instead-of-eurovision-song-contest,Slovenia to air films about Palestine instead of Eurovision song contest ,2026-04-23T18:35:10Z,456
world/2026/apr/23/eu-approves-ukraine-loan-sanctions-russia,https://www.theguardian.com/world/2026/apr/23/eu-approves-ukraine-loan-sanctions-russia,EU formally approves €90bn Ukraine loan and 20th sanctions package against Russia,2026-04-23T18:02:21Z,1029
sport/2026/apr/23/swiatek-leads-players-surprise-as-wta-head-portia-archer-quits-after-two-years,https://www.theguardian.com/sport/2026/apr/23/swiatek-leads-players-surprise-as-wta-head-portia-archer-quits-after-two-years,Swiatek leads players’ surprise as WTA head Portia Archer quits after two years,2026-04-23T17:36:45Z,471
politics/live/2026/apr/23/keir-starmer-peter-mandelson-vetting-cat-little-olly-robbins-vet-uk-politics-latest-news-updates,https://www.theguardian.com/politics/live/2026/apr/23/keir-starmer-peter-mandelson-vetting-cat-little-olly-robbins-vet-uk-politics-latest-news-updates,"Global Counsel, lobbying firm set up by Mandelson, went bust owing £4.5m just before his arrest – as it happened",2026-04-23T16:48:21Z,8022
world/live/2026/apr/23/eu-ukraine-loan-russia-sanctions-zelenskyy-cyprus-latest-news-updates,https://www.theguardian.com/world/live/2026/apr/23/eu-ukraine-loan-russia-sanctions-zelenskyy-cyprus-latest-news-updates,EU approves €90bn loan for Ukraine and fresh Russia sanctions – as it happened,2026-04-23T15:51:28Z,4214
sport/2026/apr/23/sportsradars-share-price-falls-after-reports-claim-it-had-links-to-hundreds-of-gambling-sites,https://www.theguardian.com/sport/2026/apr/23/sportsradars-share-price-falls-after-reports-claim-it-had-links-to-hundreds-of-gambling-sites,Sportradar’s share price falls after reports claim it had links to hundreds of illegal gambling sites,2026-04-23T14:45:09Z,998
environment/2026/apr/23/exclusion-zone-chornobyl-wildlife-thrives-amid-pro-nuclear-shift,https://www.theguardian.com/environment/2026/apr/23/exclusion-zone-chornobyl-wildlife-thrives-amid-pro-nuclear-shift,The no-go zone paradox: Chornobyl’s wildlife thrives amid pro-nuclear shift,2026-04-23T11:00:09Z,1289
world/2026/apr/23/spanish-conservatives-revive-regional-pacts-with-far-right-vox-party,https://www.theguardian.com/world/2026/apr/23/spanish-conservatives-revive-regional-pacts-with-far-right-vox-party,Spanish conservatives revive regional pacts with far-right Vox party,2026-04-23T10:25:39Z,580
world/2026/apr/23/eu-risks-fallout-with-us-trump-linked-balkans-pipeline-plan-intervention,https://www.theguardian.com/world/2026/apr/23/eu-risks-fallout-with-us-trump-linked-balkans-pipeline-plan-intervention,EU risks fallout with US over Trump-linked Balkans pipeline plan,2026-04-23T09:15:06Z,739
tv-and-radio/2026/apr/23/return-of-noir-tv-detectives-spider-noir,https://www.theguardian.com/tv-and-radio/2026/apr/23/return-of-noir-tv-detectives-spider-noir,The life of PIs: the strange case of 2026’s resurgence of hard-boiled detectives,2026-04-23T07:00:49Z,1183
world/2026/apr/23/ukraine-war-briefing-kyiv-hails-frontline-position-as-strongest-in-a-year,https://www.theguardian.com/world/2026/apr/23/ukraine-war-briefing-kyiv-hails-frontline-position-as-strongest-in-a-year,Ukraine war briefing: Kyiv hails frontline position as ‘strongest in a year’,2026-04-23T00:39:11Z,594
us-news/2026/apr/22/navy-secretary-john-phelan-leaving-post,https://www.theguardian.com/us-news/2026/apr/22/navy-secretary-john-phelan-leaving-post,"Pentagon says navy secretary is leaving, marking another top leader’s departure",2026-04-22T23:27:50Z,434
australia-news/2026/apr/23/morning-mail-thursday-ntwnfb,https://www.theguardian.com/australia-news/2026/apr/23/morning-mail-thursday-ntwnfb,"Morning Mail: NDIS users fear impact of cuts, Trump’s poll slump, why hostels got a glow-up",2026-04-22T20:51:30Z,931
world/2026/apr/22/roman-abramovich-jersey-european-human-rights-court-chelsea-sale-proceeds,https://www.theguardian.com/world/2026/apr/22/roman-abramovich-jersey-european-human-rights-court-chelsea-sale-proceeds,Roman Abramovich takes Jersey to European human rights court over criminal investigation,2026-04-22T16:52:57Z,505
politics/live/2026/apr/22/keir-starmer-kemi-badenoch-pmqs-olly-robbins-peter-mandelson-uk-politics-latest-news-updates,https://www.theguardian.com/politics/live/2026/apr/22/keir-starmer-kemi-badenoch-pmqs-olly-robbins-peter-mandelson-uk-politics-latest-news-updates,UK politics: Labour MP calls for Starmer’s resignation to end ‘psychodrama’ – as it happened,2026-04-22T16:30:25Z,7216
culture/2026/apr/22/jimmy-kimmel-donald-trump-iran-indefinite-ceasefire,https://www.theguardian.com/culture/2026/apr/22/jimmy-kimmel-donald-trump-iran-indefinite-ceasefire,Jimmy Kimmel on Trump’s Iran negotiations: ‘His word is as good as the gold commode he sits on’,2026-04-22T15:32:57Z,777
world/live/2026/apr/22/ukraine-eu-90bn-loan-russia-war-hungary-zelenskyy-putin-magyar-orban-europe-latest-news-updates,https://www.theguardian.com/world/live/2026/apr/22/ukraine-eu-90bn-loan-russia-war-hungary-zelenskyy-putin-magyar-orban-europe-latest-news-updates,Zelenskyy says EU unblocking of €90bn loan for Ukraine is ‘the right signal’ as Hungary drops opposition – as it happened,2026-04-22T15:25:05Z,3932
world/2026/apr/22/eu-unblocks-loan-ukraine-new-sanctions-russia-hungary-lifts-veto,https://www.theguardian.com/world/2026/apr/22/eu-unblocks-loan-ukraine-new-sanctions-russia-hungary-lifts-veto,EU agrees to unblock €90bn loan for Ukraine after Hungary lifts veto,2026-04-22T15:19:26Z,819
business/live/2026/apr/22/uk-inflation-increase-fuel-prices-oil-falls-trump-ceasefire-extended-business-live-news-updates,https://www.theguardian.com/business/live/2026/apr/22/uk-inflation-increase-fuel-prices-oil-falls-trump-ceasefire-extended-business-live-news-updates,Middle East war ‘could wipe out 75% of chancellor’s budget headroom’; UK inflation climbs to 3.3% – as it happened,2026-04-22T14:19:05Z,5268
politics/2026/apr/22/jennie-formby-labour-former-general-secretary-green-party,https://www.theguardian.com/politics/2026/apr/22/jennie-formby-labour-former-general-secretary-green-party,"Jennie Formby, Labour’s former general secretary, says she has joined Greens",2026-04-22T13:43:41Z,698
environment/2026/apr/22/eu-plans-cut-electricity-taxes-shield-households-iran-war-energy-crisis,https://www.theguardian.com/environment/2026/apr/22/eu-plans-cut-electricity-taxes-shield-households-iran-war-energy-crisis,EU plans to cut electricity taxes to shield households from Iran war energy crisis,2026-04-22T12:48:36Z,754
business/2026/apr/22/uk-firms-to-face-tougher-checks-on-export-licences-to-bolster-sanctions-on-russia,https://www.theguardian.com/business/2026/apr/22/uk-firms-to-face-tougher-checks-on-export-licences-to-bolster-sanctions-on-russia,UK firms to face tougher checks on export licences to bolster sanctions on Russia,2026-04-22T09:00:53Z,435
environment/2026/apr/22/pollen-season-in-uk-and-mainland-europe-extended-by-climate-breakdown,https://www.theguardian.com/environment/2026/apr/22/pollen-season-in-uk-and-mainland-europe-extended-by-climate-breakdown,Pollen season in UK and mainland Europe extended by climate breakdown,2026-04-22T04:00:08Z,649
world/2026/apr/22/israel-death-penalty-law-rights-body-council-of-europe,https://www.theguardian.com/world/2026/apr/22/israel-death-penalty-law-rights-body-council-of-europe,"Israel’s death penalty law could spell suspension from rights body role, says chief ",2026-04-22T04:00:08Z,662
world/live/2026/apr/21/iran-war-live-news-updates-trump-us-hormuz-oil-middle-east-talks,https://www.theguardian.com/world/live/2026/apr/21/iran-war-live-news-updates-trump-us-hormuz-oil-middle-east-talks,Strait of Hormuz military talks to be led by UK and France – as it happened,2026-04-22T02:32:42Z,9769
world/2026/apr/22/ukraine-war-briefing-quick-loan-in-pipeline-as-druzhba-reopens,https://www.theguardian.com/world/2026/apr/22/ukraine-war-briefing-quick-loan-in-pipeline-as-druzhba-reopens,Ukraine war briefing: Quick loan in pipeline as Druzhba reopens,2026-04-22T01:28:38Z,466
world/2026/apr/21/push-to-bring-us-and-iran-together-for-peace-talks-as-ceasefire-deadline-looms,https://www.theguardian.com/world/2026/apr/21/push-to-bring-us-and-iran-together-for-peace-talks-as-ceasefire-deadline-looms,Trump announces extension of Iran ceasefire until ‘discussion concluded’,2026-04-21T22:32:52Z,1253
environment/2026/apr/21/britain-should-look-to-biomethane-to-expand-gas-supply,https://www.theguardian.com/environment/2026/apr/21/britain-should-look-to-biomethane-to-expand-gas-supply,Britain should look to biomethane to expand gas supply,2026-04-21T16:28:54Z,348
world/live/2026/apr/21/eu-foreign-ministers-meet-to-discuss-ukraine-russia-and-the-middle-east-europe-live,https://www.theguardian.com/world/live/2026/apr/21/eu-foreign-ministers-meet-to-discuss-ukraine-russia-and-the-middle-east-europe-live,Decision on EU’s €90bn loan for Ukraine ‘due in next 24 hours’ after Zelenskyy says oil pipeline repaired – as it happened,2026-04-21T16:27:43Z,5671
politics/2026/apr/21/uk-eu-close-iagricultural-deal-brexit,https://www.theguardian.com/politics/2026/apr/21/uk-eu-close-iagricultural-deal-brexit,"UK agriculture deal with EU will not remove all red tape, peers told",2026-04-21T15:44:43Z,597
us-news/2026/apr/21/tucker-carlson-regrets-trump-support,https://www.theguardian.com/us-news/2026/apr/21/tucker-carlson-regrets-trump-support,Tucker Carlson says he regrets backing Donald Trump and is ‘tormented by it’,2026-04-21T14:23:58Z,886
business/live/2026/apr/21/wage-growth-level-unemployment-rate-falls-iran-war-business-latest-news-updates,https://www.theguardian.com/business/live/2026/apr/21/wage-growth-level-unemployment-rate-falls-iran-war-business-latest-news-updates,Wage growth hits lowest level since November 2020; Rachel Reeves will not take ‘knee jerk’ action on Iran war – as it happened,2026-04-21T14:07:43Z,4397
business/2026/apr/21/primark-split-food-business-abf-fashion-chain,https://www.theguardian.com/business/2026/apr/21/primark-split-food-business-abf-fashion-chain,Primark to split from food business despite warning of Iran war impact,2026-04-21T12:54:20Z,746
books/2026/apr/21/hotel-exile-by-jane-rogoyska-review-the-remarkable-story-of-a-wartime-institution,https://www.theguardian.com/books/2026/apr/21/hotel-exile-by-jane-rogoyska-review-the-remarkable-story-of-a-wartime-institution,Hotel Exile by Jane Rogoyska review – the remarkable story of a wartime institution,2026-04-21T10:00:48Z,853
commentisfree/2026/apr/21/viktor-orban-hungary-lessons,https://www.theguardian.com/commentisfree/2026/apr/21/viktor-orban-hungary-lessons,Nine lessons for the US from Viktor Orbán’s defeat,2026-04-21T10:00:47Z,1298
uk-news/2026/apr/21/king-charles-tribute-mother-queen-elizabeth-ii-birthday,https://www.theguardian.com/uk-news/2026/apr/21/king-charles-tribute-mother-queen-elizabeth-ii-birthday,King Charles pays tribute to late mother on 100th anniversary of her birth,2026-04-21T07:56:29Z,450
australia-news/live/2026/apr/21/anthony-albanese-fuel-crisis-jim-chalmers-budget-cost-of-living-supermarket-discount-rebel-wilson-court-hearing-ntwnfb,https://www.theguardian.com/australia-news/live/2026/apr/21/anthony-albanese-fuel-crisis-jim-chalmers-budget-cost-of-living-supermarket-discount-rebel-wilson-court-hearing-ntwnfb,Taylor says 25% gas levy would shut industry; more unopened votes in SA – as it happened,2026-04-21T07:39:33Z,8557
world/2026/apr/21/ukraine-war-briefing-eu-moves-to-unlock-90bn-loan-as-orban-exits,https://www.theguardian.com/world/2026/apr/21/ukraine-war-briefing-eu-moves-to-unlock-90bn-loan-as-orban-exits,Ukraine war briefing: EU moves to unlock €90bn loan as Orbán exits,2026-04-21T00:50:03Z,597
environment/2026/apr/21/uk-shifts-older-wind-and-solar-farms-to-fixed-price-deals-to-reduce-price-shocks,https://www.theguardian.com/environment/2026/apr/21/uk-shifts-older-wind-and-solar-farms-to-fixed-price-deals-to-reduce-price-shocks,Electricity generators threatened with higher windfall taxes in bid to ensure stable prices,2026-04-20T23:01:08Z,744
politics/live/2026/apr/20/keir-starmer-peter-mandelson-vetting-reform-immigration-iran-latest-news-updates,https://www.theguardian.com/politics/live/2026/apr/20/keir-starmer-peter-mandelson-vetting-reform-immigration-iran-latest-news-updates,Starmer says it ‘beggars belief’ he wasn’t told about Mandelson vetting failure as he faces down the Commons – UK politics as it happened,2026-04-20T18:11:49Z,10248
books/2026/apr/20/robert-skidelsky-obituary,https://www.theguardian.com/books/2026/apr/20/robert-skidelsky-obituary,Lord Skidelsky obituary,2026-04-20T17:11:11Z,1380
uk-news/2026/apr/20/a-kings-speech-we-could-all-get-behind,https://www.theguardian.com/uk-news/2026/apr/20/a-kings-speech-we-could-all-get-behind,A king’s speech we could all get behind,2026-04-20T16:46:55Z,500
world/live/2026/apr/20/bulgaria-election-ukraine-russia-hungary-macron-poland-latest-news-updates,https://www.theguardian.com/world/live/2026/apr/20/bulgaria-election-ukraine-russia-hungary-macron-poland-latest-news-updates,Hungary’s Magyar eyes swift political deal to unfreeze EU funds after Orbán years – as it happened,2026-04-20T15:51:01Z,5214
business/live/2026/apr/20/oil-price-stock-markets-us-iran-ceasefire-strait-of-hormuz-open-closed-live-updates,https://www.theguardian.com/business/live/2026/apr/20/oil-price-stock-markets-us-iran-ceasefire-strait-of-hormuz-open-closed-live-updates,European stock markets fall and oil and gas prices jump as strait of Hormuz ‘chaos’ worries investors – as it happened,2026-04-20T15:44:01Z,4190
us-news/2026/apr/20/rfk-jr-podcast-maha-health,https://www.theguardian.com/us-news/2026/apr/20/rfk-jr-podcast-maha-health,Will RFK Jr’s podcast actually address Americans’ public health concerns?,2026-04-20T14:21:47Z,790
environment/2026/apr/20/democrats-clean-energy-iran-war-affordability,https://www.theguardian.com/environment/2026/apr/20/democrats-clean-energy-iran-war-affordability,Democrats urged to link clean energy to affordability as Iran war hikes up prices,2026-04-20T14:00:58Z,1139
world/2026/apr/19/bulgaria-election-rumen-radev-boyko-borissov,https://www.theguardian.com/world/2026/apr/19/bulgaria-election-rumen-radev-boyko-borissov,Moscow-friendly Rumen Radev wins absolute majority in Bulgarian elections,2026-04-20T13:48:55Z,834
film/2026/apr/20/cia-spymaster-agent-peter-sichel-caution-over-iran-intervention-resurfaces-us-middle-east,https://www.theguardian.com/film/2026/apr/20/cia-spymaster-agent-peter-sichel-caution-over-iran-intervention-resurfaces-us-middle-east,‘We wasted a lot of lives’: CIA spymaster’s caution over past Iran intervention resurfaces from beyond the grave,2026-04-20T09:19:56Z,1268
tv-and-radio/2026/apr/20/tv-tonight-romeo-and-juliet-gets-a-gritty-gangster-twist,https://www.theguardian.com/tv-and-radio/2026/apr/20/tv-tonight-romeo-and-juliet-gets-a-gritty-gangster-twist,TV tonight: Romeo and Juliet gets a gritty gangster twist,2026-04-20T08:15:26Z,497
australia-news/2026/apr/20/afternoon-update-monday-ntwnfb,https://www.theguardian.com/australia-news/2026/apr/20/afternoon-update-monday-ntwnfb,Afternoon Update: Chalmers’ ‘severe’ economic warning; blood donation rules change; and the female gaze revolution,2026-04-20T07:14:50Z,501
world/2026/apr/20/ukraine-war-briefing-europe-needs-homegrown-missile-defence-in-a-year-zelenskyy,https://www.theguardian.com/world/2026/apr/20/ukraine-war-briefing-europe-needs-homegrown-missile-defence-in-a-year-zelenskyy,Ukraine war briefing: Europe needs homegrown missile defence in a year – Zelenskyy,2026-04-20T00:27:09Z,666
politics/2026/apr/19/starmer-will-not-be-swayed-by-trumps-small-and-petty-insults-says-lammy,https://www.theguardian.com/politics/2026/apr/19/starmer-will-not-be-swayed-by-trumps-small-and-petty-insults-says-lammy,"Starmer will not be swayed by Trump’s ‘small and petty’ insults, says Lammy",2026-04-19T20:00:51Z,1032
world/2026/apr/19/ukraine-war-briefing-search-for-motive-after-gunman-kills-six-in-kyiv,https://www.theguardian.com/world/2026/apr/19/ukraine-war-briefing-search-for-motive-after-gunman-kills-six-in-kyiv,Ukraine war briefing: search for motive after gunman kills six in Kyiv,2026-04-19T05:30:53Z,498
world/2026/apr/19/ukraine-soldiers-confront-addiction-struggles,https://www.theguardian.com/world/2026/apr/19/ukraine-soldiers-confront-addiction-struggles,‘I was fighting two wars’: Ukraine’s soldiers confront their addiction struggles,2026-04-19T04:00:32Z,1202
world/live/2026/apr/18/middle-east-crisis-live-iran-warns-it-will-close-strait-of-hormuz-if-us-blockade-continues,https://www.theguardian.com/world/live/2026/apr/18/middle-east-crisis-live-iran-warns-it-will-close-strait-of-hormuz-if-us-blockade-continues,"More than 3,400 Iranians killed in war - as it happened",2026-04-19T01:15:15Z,6697
world/2026/apr/18/terrorist-attack-kyiv-ukraine,https://www.theguardian.com/world/2026/apr/18/terrorist-attack-kyiv-ukraine,Investigators examine whether Ukraine terrorist attack was directed by Russia,2026-04-18T20:19:53Z,640
world/2026/apr/18/pope-leo-donald-trump-iran,https://www.theguardian.com/world/2026/apr/18/pope-leo-donald-trump-iran,Pope Leo says he was not ‘trying to debate’ Trump over US attack on Iran,2026-04-18T19:06:14Z,681
football/live/2026/apr/18/iceland-v-england-womens-world-cup-2027-qualifier-live,https://www.theguardian.com/football/live/2026/apr/18/iceland-v-england-womens-world-cup-2027-qualifier-live,Iceland v England: Women’s World Cup 2027 qualifier – as it happened ,2026-04-18T18:41:33Z,1633
football/2026/apr/18/iceland-england-womens-world-cup-qualifier-match-report,https://www.theguardian.com/football/2026/apr/18/iceland-england-womens-world-cup-qualifier-match-report,England do just enough as Russo seals Women’s World Cup qualifying win over Iceland,2026-04-18T18:35:40Z,729
football/live/2026/apr/18/spurs-seek-elusive-victory-lionesses-in-iceland-and-coventry-seal-premier-league-promotion-matchday-live,https://www.theguardian.com/football/live/2026/apr/18/spurs-seek-elusive-victory-lionesses-in-iceland-and-coventry-seal-premier-league-promotion-matchday-live,"Spurs seek elusive victory, Lionesses in Iceland and Coventry seal Premier League promotion– as it happened",2026-04-18T11:07:32Z,2479
world/2026/apr/18/hungary-peter-magyar-donald-tusk-poland-europe,https://www.theguardian.com/world/2026/apr/18/hungary-peter-magyar-donald-tusk-poland-europe,Hungary’s incoming PM seeks Polish help to renew EU relations,2026-04-18T11:00:12Z,913
us-news/2026/apr/18/earth-brightness-study,https://www.theguardian.com/us-news/2026/apr/18/earth-brightness-study,"Earth gets brighter every year but progression is volatile, study finds",2026-04-18T11:00:11Z,615
world/2026/apr/18/russian-blogger-fierce-kremlin-critique-goes-viral,https://www.theguardian.com/world/2026/apr/18/russian-blogger-fierce-kremlin-critique-goes-viral,Russian blogger’s fierce critique of Kremlin goes viral: ‘People are afraid of you’,2026-04-18T08:00:07Z,609
commentisfree/2026/apr/18/fossil-fuel-trump-green-revolution-us-iran-renewable-energy,https://www.theguardian.com/commentisfree/2026/apr/18/fossil-fuel-trump-green-revolution-us-iran-renewable-energy,Who’d have thought a fossil-fuel shill like Trump would be the one to spark a green revolution?,2026-04-18T07:00:07Z,1081
world/2026/apr/18/young-bulgarians-election-wave-of-protests,https://www.theguardian.com/world/2026/apr/18/young-bulgarians-election-wave-of-protests,Young Bulgarians hold out for change in eighth election in five years,2026-04-18T07:00:06Z,987
world/2026/apr/18/ukraine-hungary-election-magyar-orban-europe,https://www.theguardian.com/world/2026/apr/18/ukraine-hungary-election-magyar-orban-europe,‘A defeat for Putin’: Ukrainians hope Magyar’s victory will mark new era with Hungary,2026-04-18T04:00:03Z,991
world/live/2026/apr/17/middle-east-crisis-live-news-israel-lebanon-ceasefire-iran-war-us-latest-updates,https://www.theguardian.com/world/live/2026/apr/17/middle-east-crisis-live-news-israel-lebanon-ceasefire-iran-war-us-latest-updates,US extends waiver allowing countries to buy Russian oil – as it happened,2026-04-18T03:52:14Z,10528
world/2026/apr/18/ukraine-war-briefing-russia-seeking-to-bring-belarus-back-into-the-war-says-zelenskyy,https://www.theguardian.com/world/2026/apr/18/ukraine-war-briefing-russia-seeking-to-bring-belarus-back-into-the-war-says-zelenskyy,"Ukraine war briefing: Russia seeking to bring Belarus back into the war, says Zelenskyy",2026-04-18T00:46:25Z,629
us-news/2026/apr/17/cia-john-brennan-russia-trump-investigation,https://www.theguardian.com/us-news/2026/apr/17/cia-john-brennan-russia-trump-investigation,Lead prosecutor on investigation into former CIA director no longer on case,2026-04-17T21:01:41Z,281
business/2026/apr/17/rachel-reeves-to-raise-windfall-tax-on-low-carbon-electricity-generators,https://www.theguardian.com/business/2026/apr/17/rachel-reeves-to-raise-windfall-tax-on-low-carbon-electricity-generators,Rachel Reeves to raise windfall tax on low-carbon electricity generators,2026-04-17T17:48:02Z,700
uk-news/2026/apr/17/digested-week-hungary-election-rare-good-news,https://www.theguardian.com/uk-news/2026/apr/17/digested-week-hungary-election-rare-good-news,Digested week: Hungary’s election result is rare good news in a depressing and surreal world,2026-04-17T17:36:48Z,1637
football/2026/apr/17/sarina-wiegman-iceland-england-spain-womens-world-cup-qualifier,https://www.theguardian.com/football/2026/apr/17/sarina-wiegman-iceland-england-spain-womens-world-cup-qualifier,England face landmark 500th game in Iceland as Wiegman warns against slips,2026-04-17T14:29:49Z,710
commentisfree/2026/apr/17/sanctions-regime-change-iran-russia-western-countries,https://www.theguardian.com/commentisfree/2026/apr/17/sanctions-regime-change-iran-russia-western-countries,"Sanctions don’t result in regime change. Whether against Iran or Russia, western countries need shrewder tactics",2026-04-17T12:19:41Z,910
world/2026/apr/17/eu-officials-hungary-talks-peter-magyar-government,https://www.theguardian.com/world/2026/apr/17/eu-officials-hungary-talks-peter-magyar-government,EU officials arrive in Hungary for high-stakes talks with Magyar’s government,2026-04-17T11:21:50Z,947
environment/2026/apr/17/colombia-convenes-climate-coalition-of-the-willing-to-break-global-fossil-fuel-deadlock,https://www.theguardian.com/environment/2026/apr/17/colombia-convenes-climate-coalition-of-the-willing-to-break-global-fossil-fuel-deadlock,Colombia convenes climate ‘coalition of the willing’ to break global fossil fuel deadlock,2026-04-17T08:00:24Z,1360
uk-news/2026/apr/16/foreign-offices-top-civil-servant-olly-robbins-leaves-post-in-mandelson-vetting-row,https://www.theguardian.com/uk-news/2026/apr/16/foreign-offices-top-civil-servant-olly-robbins-leaves-post-in-mandelson-vetting-row,Foreign Office’s top civil servant Olly Robbins forced out over Mandelson vetting row,2026-04-17T07:59:54Z,616
sport/2026/apr/17/chess-sindarov-wins-candidates-with-record-total-while-vaishali-takes-womens-event,https://www.theguardian.com/sport/2026/apr/17/chess-sindarov-wins-candidates-with-record-total-while-vaishali-takes-womens-event,"Chess: Sindarov wins Candidates with record total, while Vaishali takes women’s event",2026-04-17T07:00:24Z,1050
world/2026/apr/17/first-edition-friday-briefing-theatre-industry-west-end-ticket-prices,https://www.theguardian.com/world/2026/apr/17/first-edition-friday-briefing-theatre-industry-west-end-ticket-prices,"Friday briefing: Is theatre in a Misérables state, or is the industry just adapting to tough times?",2026-04-17T05:44:13Z,2614
world/live/2026/apr/16/middle-east-crisis-live-iran-war-news-us-trump-ceasefire-deal-lebanon-israel-oil-sanctions-latest-updates,https://www.theguardian.com/world/live/2026/apr/16/middle-east-crisis-live-iran-war-news-us-trump-ceasefire-deal-lebanon-israel-oil-sanctions-latest-updates,Gunfire reported in Beirut as truce comes into effect – as it happened,2026-04-17T03:18:11Z,9574
world/2026/apr/17/ukraine-war-briefing-90bn-eu-loan-russia,https://www.theguardian.com/world/2026/apr/17/ukraine-war-briefing-90bn-eu-loan-russia,Ukraine war briefing: €90bn EU loan for Ukraine to be released in second quarter,2026-04-17T00:19:33Z,435
politics/2026/apr/16/rachel-reeves-warns-other-budgets-may-be-cut-to-lift-defence-spending,https://www.theguardian.com/politics/2026/apr/16/rachel-reeves-warns-other-budgets-may-be-cut-to-lift-defence-spending,Rachel Reeves warns other budgets may be cut to lift defence spending,2026-04-16T18:51:49Z,621
world/live/2026/apr/16/europe-russia-zelenskyy-ukraine-nato-rutte-merz-magyar-latest-updates,https://www.theguardian.com/world/live/2026/apr/16/europe-russia-zelenskyy-ukraine-nato-rutte-merz-magyar-latest-updates,"Russia ‘does not deserve’ lifting of sanctions, Zelenskyy says, after deadly overnight strikes in Ukraine – as it happened",2026-04-16T14:45:04Z,1793
world/2026/apr/16/russia-attack-ukraine-drones-missiles-kyiv-odesa-volodymyr-zelenskyy,https://www.theguardian.com/world/2026/apr/16/russia-attack-ukraine-drones-missiles-kyiv-odesa-volodymyr-zelenskyy,At least 17 people killed in Russia’s deadliest attack on Ukraine this year,2026-04-16T14:22:38Z,785
world/2026/apr/16/writers-quit-french-publisher-protest-against-billionaire-owner-vincent-bollore,https://www.theguardian.com/world/2026/apr/16/writers-quit-french-publisher-protest-against-billionaire-owner-vincent-bollore,More than 100 writers quit French publisher in protest against rightwing owner Vincent Bolloré,2026-04-16T12:01:52Z,657
world/2026/apr/16/giorgia-meloni-relations-donald-trump-italy,https://www.theguardian.com/world/2026/apr/16/giorgia-meloni-relations-donald-trump-italy,How Giorgia Meloni’s cosy relations with Donald Trump turned sour,2026-04-16T11:47:45Z,983
world/2026/apr/16/chef-jose-andres-iran-war-famine,https://www.theguardian.com/world/2026/apr/16/chef-jose-andres-iran-war-famine,Chef José Andrés warns of multi-year world famine from Iran war,2026-04-16T11:00:55Z,687
australia-news/live/2026/apr/16/anthony-albanese-brunei-visit-fuel-crisis-labor-richard-marles-coalition-immigration-plan-angus-taylor-employment-figures-ntwnfb,https://www.theguardian.com/australia-news/live/2026/apr/16/anthony-albanese-brunei-visit-fuel-crisis-labor-richard-marles-coalition-immigration-plan-angus-taylor-employment-figures-ntwnfb,Bowen says Geelong fire appears to be accidental; Keating lashes Liberals– as it happened,2026-04-16T08:09:40Z,10873
world/2026/apr/16/thursday-briefing-breaking-up-britains-love-affair-with-natural-gas,https://www.theguardian.com/world/2026/apr/16/thursday-briefing-breaking-up-britains-love-affair-with-natural-gas,Thursday briefing: What it will take for Britain to break up with natural gas ,2026-04-16T05:46:19Z,1989
world/2026/apr/16/ukraine-war-briefing-netherlands-to-spend-almost-300m-on-making-drones-for-ukraine,https://www.theguardian.com/world/2026/apr/16/ukraine-war-briefing-netherlands-to-spend-almost-300m-on-making-drones-for-ukraine,Ukraine war briefing: Netherlands to spend almost $300m on making drones for Ukraine,2026-04-16T01:24:38Z,692
business/2026/apr/15/rachel-reeves-energy-bill-support-business-iran-war,https://www.theguardian.com/business/2026/apr/15/rachel-reeves-energy-bill-support-business-iran-war,Reeves gives more energy bill support to businesses as Iran war pushes up costs,2026-04-15T21:30:39Z,483
politics/2026/apr/15/david-lammy-uk-foreign-policy-starmer-advisers-analysis,https://www.theguardian.com/politics/2026/apr/15/david-lammy-uk-foreign-policy-starmer-advisers-analysis,David Lammy still plays an important role in UK foreign policy – but he is not the only one,2026-04-15T19:34:06Z,964
business/live/2026/apr/15/stock-markets-iran-war-peace-deal-reeves-bessent-imf-business-latest-news-updates,https://www.theguardian.com/business/live/2026/apr/15/stock-markets-iran-war-peace-deal-reeves-bessent-imf-business-latest-news-updates,"IMF calls for countries to economise on energy supplies, and hails UK’s budget deficit improvement – as it happened",2026-04-15T17:13:42Z,5755
environment/2026/apr/15/for-keir-starmer-to-talk-of-national-resilience-and-ignore-nature-is-absurd,https://www.theguardian.com/environment/2026/apr/15/for-keir-starmer-to-talk-of-national-resilience-and-ignore-nature-is-absurd,For Keir Starmer to talk of national resilience and ignore nature is absurd,2026-04-15T17:05:25Z,1020
politics/live/2026/apr/15/labour-reform-uk-women-nigel-farage-local-elections-keir-starmer-kemi-badenoch-pmqs-iran-war-uk-politics-latest,https://www.theguardian.com/politics/live/2026/apr/15/labour-reform-uk-women-nigel-farage-local-elections-keir-starmer-kemi-badenoch-pmqs-iran-war-uk-politics-latest,Reeves tells Americans she does not know why they launched Iran war – as it happened,2026-04-15T16:47:12Z,8065
world/live/2026/apr/15/peter-magyar-hungary-president-media-viktor-orban-european-union-europe-latest,https://www.theguardian.com/world/live/2026/apr/15/peter-magyar-hungary-president-media-viktor-orban-european-union-europe-latest,"‘Don’t lose sight of Ukraine,’ Nato chief tells European allies – as it happened",2026-04-15T16:01:37Z,2844
sport/2026/apr/15/sir-craig-reedie-obituary,https://www.theguardian.com/sport/2026/apr/15/sir-craig-reedie-obituary,Sir Craig Reedie obituary,2026-04-15T15:34:21Z,953
business/2026/apr/15/chart-jet-fuel-costs-qantas-virgin-cutting-flights-raising-fares,https://www.theguardian.com/business/2026/apr/15/chart-jet-fuel-costs-qantas-virgin-cutting-flights-raising-fares,Will Qantas and Virgin continue raising fares and cutting routes? This graph may give the answer,2026-04-15T15:00:31Z,768
business/grogonomics/2026/apr/15/imf-world-economic-outlook-chaos-donald-trump,https://www.theguardian.com/business/grogonomics/2026/apr/15/imf-world-economic-outlook-chaos-donald-trump,The IMF refuses to name the cause of this global chaos. It starts with ‘Donald’ and ends in ‘Trump’,2026-04-15T15:00:31Z,976
world/2026/apr/15/this-is-europe-end-of-orban-impact-on-european-elections,https://www.theguardian.com/world/2026/apr/15/this-is-europe-end-of-orban-impact-on-european-elections,Does Viktor Orbán’s defeat signal a wider backlash against ‘the forces of darkness’?,2026-04-15T14:18:23Z,1161
games/2026/apr/15/pushing-buttons-uncslop-unc-millennials-game-culture,https://www.theguardian.com/games/2026/apr/15/pushing-buttons-uncslop-unc-millennials-game-culture,Long live the ‘unc game’,2026-04-15T14:00:30Z,1382
australia-news/2026/apr/15/labor-boost-defence-spending-donald-trump-demands,https://www.theguardian.com/australia-news/2026/apr/15/labor-boost-defence-spending-donald-trump-demands,Labor to boost defence spending by $53bn over next decade – but plan still short of Donald Trump’s demands ,2026-04-15T12:30:28Z,673
news/2026/apr/15/us-israel-war-iran-african-economies,https://www.theguardian.com/news/2026/apr/15/us-israel-war-iran-african-economies,How the US-Israel war on Iran is affecting African economies,2026-04-15T12:22:58Z,1087
environment/2026/apr/15/big-oil-huge-war-windfall-consumers,https://www.theguardian.com/environment/2026/apr/15/big-oil-huge-war-windfall-consumers,"$30m an hour: big oil reaping huge war windfall from consumers, analysis finds",2026-04-15T11:02:18Z,1186
world/2026/apr/15/china-us-iran-war-risks-energy-economy,https://www.theguardian.com/world/2026/apr/15/china-us-iran-war-risks-energy-economy,Short-term gains for China from US-Iran war may turn to longer-term pain,2026-04-15T10:45:12Z,907
politics/2026/apr/15/welfare-defence-spending-treasury-minister-james-murray,https://www.theguardian.com/politics/2026/apr/15/welfare-defence-spending-treasury-minister-james-murray,"Balancing UK’s welfare and defence spending ‘not zero-sum game’, minister says",2026-04-15T09:06:54Z,538
world/2026/apr/15/wednesday-briefing-why-are-people-turning-global-crises-into-highstakes-bets,https://www.theguardian.com/world/2026/apr/15/wednesday-briefing-why-are-people-turning-global-crises-into-highstakes-bets,Wednesday briefing: ​Why are people turning global ​crises ​into ​high‑​stakes ​bets​?,2026-04-15T05:45:14Z,1800
commentisfree/2026/apr/15/hungary-authoritarianism-poland-rule-of-law,https://www.theguardian.com/commentisfree/2026/apr/15/hungary-authoritarianism-poland-rule-of-law,"Hungary beware: authoritarianism can be checked, but it is rarely dismissed with a single blow",2026-04-15T04:00:58Z,1057
world/2026/apr/15/ukraine-war-briefing-orbans-defeat-in-hungary-could-unlock-90bn-loan-for-ukraine-says-eu-official,https://www.theguardian.com/world/2026/apr/15/ukraine-war-briefing-orbans-defeat-in-hungary-could-unlock-90bn-loan-for-ukraine-says-eu-official,"Ukraine war briefing: Orbán’s defeat in Hungary could unlock €90bn loan for Ukraine, says EU official",2026-04-15T02:04:39Z,511
world/live/2026/apr/14/middle-east-crisis-live-hezbollah-urges-lebanon-to-pull-out-of-talks-with-israel-blockade-of-strait-of-hormuz-begins,https://www.theguardian.com/world/live/2026/apr/14/middle-east-crisis-live-hezbollah-urges-lebanon-to-pull-out-of-talks-with-israel-blockade-of-strait-of-hormuz-begins,US talks between Lebanon and Israel end – as it happened,2026-04-15T00:58:15Z,12021
football/live/2026/apr/14/england-v-spain-womens-world-cup-2027-qualifying-live,https://www.theguardian.com/football/live/2026/apr/14/england-v-spain-womens-world-cup-2027-qualifying-live,England 1-0 Spain: Women’s World Cup 2027 qualifying – as it happened,2026-04-14T20:18:38Z,3316
football/2026/apr/14/england-spain-womens-world-cup-2027-qualifying-match-report,https://www.theguardian.com/football/2026/apr/14/england-spain-womens-world-cup-2027-qualifying-match-report,Hemp leads England past Spain to boost Women’s World Cup qualifying hopes,2026-04-14T20:16:17Z,774
politics/2026/apr/14/war-gulf-british-defence,https://www.theguardian.com/politics/2026/apr/14/war-gulf-british-defence,How war in Gulf reveals the ‘cut corners’ on British defence,2026-04-14T19:01:03Z,758
commentisfree/2026/apr/14/the-guardian-view-on-three-years-of-war-in-sudan-a-vast-humanitarian-crisis-persists-because-the-fighting-does,https://www.theguardian.com/commentisfree/2026/apr/14/the-guardian-view-on-three-years-of-war-in-sudan-a-vast-humanitarian-crisis-persists-because-the-fighting-does,The Guardian view on three years of war in Sudan: a vast humanitarian crisis persists because the fighting does,2026-04-14T18:02:40Z,605
commentisfree/2026/apr/14/the-guardian-view-on-defence-spending-should-uk-security-rest-with-donald-trump,https://www.theguardian.com/commentisfree/2026/apr/14/the-guardian-view-on-defence-spending-should-uk-security-rest-with-donald-trump,The Guardian view on defence spending: should the UK’s security rest with Donald Trump?,2026-04-14T18:02:27Z,599
politics/live/2026/apr/14/keir-starmer-defence-spending-labour-latest-news-updates,https://www.theguardian.com/politics/live/2026/apr/14/keir-starmer-defence-spending-labour-latest-news-updates,Reeves condemns Trump’s decision to launch war against Iran as ‘folly’– as it happened,2026-04-14T16:32:59Z,7953
us-news/2026/apr/14/ro-khanna-bill-stop-gas-exports-iran-war,https://www.theguardian.com/us-news/2026/apr/14/ro-khanna-bill-stop-gas-exports-iran-war,Democrat Ro Khanna to introduce bill to stop US gasoline exports amid Iran war,2026-04-14T16:00:43Z,647
business/live/2026/apr/14/iran-war-hurting-global-economic-growth-imf-meeting-rachel-reeves-oil-price-stock-markets-latest-updates,https://www.theguardian.com/business/live/2026/apr/14/iran-war-hurting-global-economic-growth-imf-meeting-rachel-reeves-oil-price-stock-markets-latest-updates,UK growth forecasts slashed by IMF as Iran war hurts global economy – as it happened,2026-04-14T15:07:45Z,6857
world/live/2026/apr/14/hungary-peter-magyar-viktor-orban-eu-ukraine-russia-europe-live-news-updates,https://www.theguardian.com/world/live/2026/apr/14/hungary-peter-magyar-viktor-orban-eu-ukraine-russia-europe-live-news-updates,Zelenskyy hails Magyar’s win over Orbán as ‘the victory of light over darkness’ in Hungary – as it happened,2026-04-14T14:57:46Z,3187
world/2026/apr/14/hungary-new-era-russia-back-foot-vladimir-putin-viktor-orban,https://www.theguardian.com/world/2026/apr/14/hungary-new-era-russia-back-foot-vladimir-putin-viktor-orban,‘We were never friends’: Kremlin plays down loss of ally following Orbán’s election defeat,2026-04-14T12:29:03Z,933
music/2026/apr/14/dolly-parton-poll-most-popular-in-the-country,https://www.theguardian.com/music/2026/apr/14/dolly-parton-poll-most-popular-in-the-country,Dolly Parton tops list of global figures in US favorability poll,2026-04-14T10:00:42Z,513
uk-news/2026/apr/14/starmer-accused-of-corrosive-complacency-about-defence-by-ex-head-of-nato,https://www.theguardian.com/uk-news/2026/apr/14/starmer-accused-of-corrosive-complacency-about-defence-by-ex-head-of-nato,"Starmer’s ‘corrosive complacency’ on defence has put UK in peril, says ex-Nato chief",2026-04-14T08:08:54Z,738
australia-news/live/2026/apr/14/australia-news-live-politics-asx-reactions-fuel-crisis-oil-prices-anthony-albanese-labor-angus-taylor-coalition-immigration-policy-ntwnfb,https://www.theguardian.com/australia-news/live/2026/apr/14/australia-news-live-politics-asx-reactions-fuel-crisis-oil-prices-anthony-albanese-labor-angus-taylor-coalition-immigration-policy-ntwnfb,Hanson claims credit for immigration plans; PM arrives in Brunei – as it happened,2026-04-14T07:52:07Z,7899
music/2026/apr/14/we-want-people-on-the-edge-of-their-seats-royal-opera-boss-oliver-mears-on-the-new-season-and-the-controversies-of-the-last,https://www.theguardian.com/music/2026/apr/14/we-want-people-on-the-edge-of-their-seats-royal-opera-boss-oliver-mears-on-the-new-season-and-the-controversies-of-the-last,‘We want people on the edge of their seats’: Royal Opera boss Oliver Mears on the new season – and the controversies of the last,2026-04-14T05:00:01Z,1390
commentisfree/2026/apr/14/viktor-orban-europe-britain-hard-right-populism,https://www.theguardian.com/commentisfree/2026/apr/14/viktor-orban-europe-britain-hard-right-populism,Viktor Orbán inspired rightwingers across the EU and in Britain. His defeat could represent a turning of the tide,2026-04-14T05:00:00Z,952
world/2026/apr/14/iran-cosy-up-europe-increase-pressure-us,https://www.theguardian.com/world/2026/apr/14/iran-cosy-up-europe-increase-pressure-us,Iran tries to cosy up to Europe to increase pressure on US,2026-04-14T04:00:03Z,1267
world/2026/apr/14/ukraine-war-briefing-peter-magyar-hungary-putin,https://www.theguardian.com/world/2026/apr/14/ukraine-war-briefing-peter-magyar-hungary-putin,Ukraine war briefing: Hungary’s new leader says he would ask Putin to end the killing in Ukraine,2026-04-14T01:10:02Z,416
australia-news/2026/apr/14/morning-mail-tuesday-ntwnfb,https://www.theguardian.com/australia-news/2026/apr/14/morning-mail-tuesday-ntwnfb,"Morning Mail: Trump post prompts outrage, Coalition’s hardline immigration plan, Harry and Meghan’s ‘faux-royal visit’",2026-04-13T21:00:22Z,1004
commentisfree/2026/apr/13/the-guardian-view-on-hungarys-election-democracy-reclaimed-,https://www.theguardian.com/commentisfree/2026/apr/13/the-guardian-view-on-hungarys-election-democracy-reclaimed-,The Guardian view on Hungary’s election: democracy reclaimed ,2026-04-13T17:57:11Z,557
us-news/2026/apr/13/viktor-orban-defeat-lessons-trump,https://www.theguardian.com/us-news/2026/apr/13/viktor-orban-defeat-lessons-trump," Orbán’s defeat holds lessons for US: ‘Autocrats may rise, but are not invincible’",2026-04-13T17:47:31Z,990
politics/2026/apr/13/keir-starmer-defends-plan-for-closer-alignment-with-eu-rules,https://www.theguardian.com/politics/2026/apr/13/keir-starmer-defends-plan-for-closer-alignment-with-eu-rules,"Renewed ties with EU needed to boost UK security and economy, says Starmer",2026-04-13T17:33:57Z,851
world/2026/apr/13/peter-magyar-vows-to-pursue-those-who-plundered-hungary-after-election-win,https://www.theguardian.com/world/2026/apr/13/peter-magyar-vows-to-pursue-those-who-plundered-hungary-after-election-win,Péter Magyar vows to pursue those who ‘plundered’ Hungary after election win,2026-04-13T17:25:44Z,826
politics/2026/apr/13/nige-and-zia-plan-boriswave-traitors-gulag,https://www.theguardian.com/politics/2026/apr/13/nige-and-zia-plan-boriswave-traitors-gulag,Nige and Zia set out plan to send ‘Boriswave’ traitors to the gulag,2026-04-13T17:17:44Z,1043
politics/live/2026/apr/13/iran-war-keir-starmer-brexit-trump-strait-hormuz-oil-fuel-southport-latest-news-updates,https://www.theguardian.com/politics/live/2026/apr/13/iran-war-keir-starmer-brexit-trump-strait-hormuz-oil-fuel-southport-latest-news-updates,Shabana Mahmood says Southport inquiry report exposed ‘systematic failures across multiple public sector organisations’ – as it happened,2026-04-13T17:16:06Z,9900
world/2026/apr/13/peter-magyar-election-win-hungary-eu-ukraine-russia,https://www.theguardian.com/world/2026/apr/13/peter-magyar-election-win-hungary-eu-ukraine-russia,What does Péter Magyar’s win in Hungary mean for the EU and Ukraine?,2026-04-13T17:14:16Z,1210
commentisfree/2026/apr/13/donald-trump-war-us-blockade-medicine-fertiliser-shortages-uk-europe,https://www.theguardian.com/commentisfree/2026/apr/13/donald-trump-war-us-blockade-medicine-fertiliser-shortages-uk-europe,"Trump badly needs a way out of this war. Right now, that’s everyone’s problem",2026-04-13T17:05:52Z,1222
world/2026/apr/13/peter-duncan-obituary,https://www.theguardian.com/world/2026/apr/13/peter-duncan-obituary,Peter Duncan obituary,2026-04-13T16:58:26Z,430
world/2026/apr/13/why-peter-magyar-hungary-likely-become-normal-eu-member-state,https://www.theguardian.com/world/2026/apr/13/why-peter-magyar-hungary-likely-become-normal-eu-member-state,EU relieved to see back of Orbán but Magyar’s Hungary may still present problems,2026-04-13T16:38:27Z,936
sport/2026/apr/13/disgraceful-anger-world-aquatics-allows-russia-to-compete-under-flag-swimming,https://www.theguardian.com/sport/2026/apr/13/disgraceful-anger-world-aquatics-allows-russia-to-compete-under-flag-swimming,‘Disgraceful’: anger as World Aquatics allows Russia to compete under flag again,2026-04-13T16:34:35Z,493
world/live/2026/apr/13/hungary-peter-magyar-viktor-orban-trump-russia-ukraine-iran-eu-europe-latest-news-updates,https://www.theguardian.com/world/live/2026/apr/13/hungary-peter-magyar-viktor-orban-trump-russia-ukraine-iran-eu-europe-latest-news-updates,Hungarian election winner Magyar vows to rebuild EU relationship after stunning defeat of Viktor Orbán - Europe live,2026-04-13T16:32:17Z,6805
football/2026/apr/13/spain-much-changed-but-dna-will-test-england-in-first-clash-since-euro-2025-final,https://www.theguardian.com/football/2026/apr/13/spain-much-changed-but-dna-will-test-england-in-first-clash-since-euro-2025-final,Much-changed Spain will still test England in first meeting since Euro 2025 final,2026-04-13T15:30:24Z,587
us-news/2026/apr/13/first-thing-trump-us-blockade-strait-of-hormuz-iran-peace-talks-fail,https://www.theguardian.com/us-news/2026/apr/13/first-thing-trump-us-blockade-strait-of-hormuz-iran-peace-talks-fail,First Thing: Trump says US will blockade strait of Hormuz after Iran peace talks fail,2026-04-13T11:28:00Z,1100
money/2026/apr/13/middle-east-war-uk-households-poorer-this-year-resolution-foundation-thinktank,https://www.theguardian.com/money/2026/apr/13/middle-east-war-uk-households-poorer-this-year-resolution-foundation-thinktank,Tory ex-chancellor Jeremy Hunt proposes ‘social tariff’ to help less well-off with energy bills,2026-04-13T09:51:44Z,733
australia-news/2026/apr/13/tony-abbott-labels-viktor-orban-trump-with-brains-as-future-of-budapest-thinktank-linked-to-former-pm-in-doubt,https://www.theguardian.com/australia-news/2026/apr/13/tony-abbott-labels-viktor-orban-trump-with-brains-as-future-of-budapest-thinktank-linked-to-former-pm-in-doubt,Tony Abbott labels Viktor Orbán ‘Trump with brains’ as future of Budapest thinktank linked to former PM in doubt,2026-04-13T08:57:50Z,564
commentisfree/2026/apr/13/viktor-orban-europe-hungary-democracy-peter-magyar-victory,https://www.theguardian.com/commentisfree/2026/apr/13/viktor-orban-europe-hungary-democracy-peter-magyar-victory,Viktor Orbán is gone. What does his fall mean for Europe? Our panel responds,2026-04-13T08:49:38Z,1802
world/2026/apr/13/monday-briefing-hungary-election-peter-magyar-viktor-orban,https://www.theguardian.com/world/2026/apr/13/monday-briefing-hungary-election-peter-magyar-viktor-orban,Monday briefing: Hungary chooses Péter Magyar over Viktor Orbán,2026-04-13T05:47:30Z,1809
world/2026/apr/12/viktor-orban-concedes-defeat-as-opposition-wins-hungarian-election,https://www.theguardian.com/world/2026/apr/12/viktor-orban-concedes-defeat-as-opposition-wins-hungarian-election,Hungarian opposition ousts Viktor Orbán after 16 years in power,2026-04-13T02:36:56Z,1471
world/live/2026/apr/12/middle-east-crisis-live-us-iran-pakistan-peace-talks-jd-vance-delegation-leaves-without-a-deal,https://www.theguardian.com/world/live/2026/apr/12/middle-east-crisis-live-us-iran-pakistan-peace-talks-jd-vance-delegation-leaves-without-a-deal,"Israeli strike kills paramedic, says Lebanese Red Cross – as it happened",2026-04-13T02:17:11Z,9150
world/2026/apr/13/ukraine-war-briefing-easter-truce-expires-as-both-sides-accuse-the-other-of-violations,https://www.theguardian.com/world/2026/apr/13/ukraine-war-briefing-easter-truce-expires-as-both-sides-accuse-the-other-of-violations,Ukraine war briefing: Easter truce expires as both sides accuse the other of violations,2026-04-13T01:22:03Z,399
world/live/2026/apr/12/hungary-election-latest-results-viktor-orban-peter-magyar-fidesz-tisza-russia-europe-live-news-updates,https://www.theguardian.com/world/live/2026/apr/12/hungary-election-latest-results-viktor-orban-peter-magyar-fidesz-tisza-russia-europe-live-news-updates,Magyar celebrates as Orbán’s 16-year rule ends - as it happened,2026-04-12T23:59:47Z,9216
world/2026/apr/12/peter-magyar-hungary-next-leader-profile,https://www.theguardian.com/world/2026/apr/12/peter-magyar-hungary-next-leader-profile,Péter Magyar: Hungary’s next leader energised voters but is ‘a dark horse’,2026-04-12T22:40:03Z,1025
world/2026/apr/12/hungarian-election-hope-voters-cast-ballots,https://www.theguardian.com/world/2026/apr/12/hungarian-election-hope-voters-cast-ballots,"Hope, fear and an ‘unpredictable outcome’ as Hungarians vote after 16 years of Orbán",2026-04-12T17:29:34Z,846
business/2026/apr/12/iran-war-oil-energy-prices-inflation-washington-world-bank-imf,https://www.theguardian.com/business/2026/apr/12/iran-war-oil-energy-prices-inflation-washington-world-bank-imf,Task for the week: limit the fallout from biggest oil shock in decades,2026-04-12T10:37:05Z,853
commentisfree/2026/apr/12/king-charles-us-visit-tough-love-speech-congress,https://www.theguardian.com/commentisfree/2026/apr/12/king-charles-us-visit-tough-love-speech-congress,Protocol be damned: here’s what King Charles should say on his visit to the US,2026-04-12T10:11:46Z,1167
world/2026/apr/12/russia-bucha-occupation-recruitment-bohdan-tymchenko-acts-of-sabotage-bucha,https://www.theguardian.com/world/2026/apr/12/russia-bucha-occupation-recruitment-bohdan-tymchenko-acts-of-sabotage-bucha,From brutal occupation to brazen recruitment: Russia turns Bucha residents against their own,2026-04-12T08:00:11Z,976
world/2026/apr/12/hungarians-vote-in-hard-fought-election-that-could-oust-viktor-orban-after-16-years,https://www.theguardian.com/world/2026/apr/12/hungarians-vote-in-hard-fought-election-that-could-oust-viktor-orban-after-16-years,Hungarians vote in hard-fought election that could oust Viktor Orbán after 16 years,2026-04-12T06:00:09Z,909
business/2026/apr/12/texas-opens-london-office-lure-jobs-investment-low-tax-subsidies,https://www.theguardian.com/business/2026/apr/12/texas-opens-london-office-lure-jobs-investment-low-tax-subsidies,Low-tax Texas opens London office to lure jobs and investment,2026-04-12T05:00:08Z,607
world/live/2026/apr/11/middle-east-crisis-live-iranian-officials-arrive-in-islamabad-for-conditional-peace-talks-with-us,https://www.theguardian.com/world/live/2026/apr/11/middle-east-crisis-live-iranian-officials-arrive-in-islamabad-for-conditional-peace-talks-with-us,Islamabad negotiations end without a deal – as it happened ,2026-04-12T03:06:37Z,9468
world/2026/apr/12/ukraine-war-briefing-easter-truce-falters-russia-ukraine-exchange-prisoners,https://www.theguardian.com/world/2026/apr/12/ukraine-war-briefing-easter-truce-falters-russia-ukraine-exchange-prisoners,Ukraine war briefing: Easter truce falters as Russia and Ukraine exchange prisoners,2026-04-12T01:02:18Z,522
world/2026/apr/11/ukraine-divided-viktor-orban-berehove-fidesz,https://www.theguardian.com/world/2026/apr/11/ukraine-divided-viktor-orban-berehove-fidesz,‘He cares about Hungarians’: the small Ukrainian town divided over Orbán,2026-04-11T13:00:48Z,1217
world/2026/apr/11/explosives-serbia-pipeline-likely-russian-provocation-says-military-expert-hungary-ukraine,https://www.theguardian.com/world/2026/apr/11/explosives-serbia-pipeline-likely-russian-provocation-says-military-expert-hungary-ukraine,"Explosives found near pipeline in Serbia probably ‘Russian provocation’, says expert",2026-04-11T09:36:01Z,569
news/2026/apr/11/lebanese-australians-reaction-israel-bombing-beirut-ntwnfb,https://www.theguardian.com/news/2026/apr/11/lebanese-australians-reaction-israel-bombing-beirut-ntwnfb,"‘There’s people dying for your petrol’: while Israel bombs Beirut, Lebanese Australians feel outrage and fear",2026-04-11T06:44:59Z,1099
news/ng-interactive/2026/apr/11/zebras-wealth-and-power-hungarys-election-tests-orbans-grip-on-power,https://www.theguardian.com/news/ng-interactive/2026/apr/11/zebras-wealth-and-power-hungarys-election-tests-orbans-grip-on-power,"Zebras, wealth and power: Hungary’s election tests Orbán’s grip on power",2026-04-11T05:00:42Z,1651
commentisfree/2026/apr/11/environmental-disaster-moldova-russia-ukraine-war-drinking-water,https://www.theguardian.com/commentisfree/2026/apr/11/environmental-disaster-moldova-russia-ukraine-war-drinking-water,An environmental disaster in Moldova has Russia’s fingerprints all over it ,2026-04-11T04:00:37Z,1459
world/2026/apr/11/ukraine-war-briefing-doubts-linger-in-kyiv-over-moscows-promise-to-uphold-orthodox-easter-ceasefire,https://www.theguardian.com/world/2026/apr/11/ukraine-war-briefing-doubts-linger-in-kyiv-over-moscows-promise-to-uphold-orthodox-easter-ceasefire,Ukraine war briefing: doubts linger in Kyiv over Moscow’s promise to uphold Orthodox Easter ceasefire ,2026-04-11T00:30:04Z,638
world/2026/apr/10/fuel-price-protests-chaos-ireland-norway,https://www.theguardian.com/world/2026/apr/10/fuel-price-protests-chaos-ireland-norway,Fuel-price protests cause chaos in Ireland and spread to Norway,2026-04-10T21:26:13Z,884
world/live/2026/apr/10/hungary-election-orban-europe-budapest-latest-news-updates,https://www.theguardian.com/world/live/2026/apr/10/hungary-election-orban-europe-budapest-latest-news-updates,Orbán and rival Magyar hold rallies as Hungary election campaigns enter final stretch – as it happened,2026-04-10T18:03:28Z,3277
world/2026/apr/10/viktor-orban-peter-magyar-hungary-election-campaign,https://www.theguardian.com/world/2026/apr/10/viktor-orban-peter-magyar-hungary-election-campaign,Orbán and Magyar trade accusations in last days of Hungary election campaign,2026-04-10T16:33:00Z,832
politics/live/2026/apr/10/starmer-trump-putin-iran-war-farage-reform-latest-news-updates,https://www.theguardian.com/politics/live/2026/apr/10/starmer-trump-putin-iran-war-farage-reform-latest-news-updates,Starmer implies he didn’t tell Trump he was ‘fed up’ about his impact on rising UK energy bills – as it happened ,2026-04-10T15:30:42Z,5383
commentisfree/2026/apr/11/trump-world-order-criminals-walk-free-australia-exception-ntwnfb,https://www.theguardian.com/commentisfree/2026/apr/11/trump-world-order-criminals-walk-free-australia-exception-ntwnfb,"Against Trump’s new world order where war criminals walk free, Australia is proving no one is above the law",2026-04-10T15:00:22Z,878
tv-and-radio/2026/apr/10/how-ai-became-tv-dramas-new-go-to-villain,https://www.theguardian.com/tv-and-radio/2026/apr/10/how-ai-became-tv-dramas-new-go-to-villain,‘There’s no shortage of terrifying technology’: how AI became TV drama’s new go-to villain,2026-04-10T14:16:10Z,1298
us-news/2026/apr/10/ice-canadian-mother-daughter-texas,https://www.theguardian.com/us-news/2026/apr/10/ice-canadian-mother-daughter-texas,"Canadian mother held by ICE with daughter, 7, speaks out on families ‘suffering greatly’ in detention",2026-04-10T11:00:17Z,921
world/2026/apr/03/hungary-elections-viktor-orban-who-will-win,https://www.theguardian.com/world/2026/apr/03/hungary-elections-viktor-orban-who-will-win,Hungary elections: what is at stake and who is likely to win?,2026-04-10T08:46:47Z,1047
sport/2026/apr/10/chess-sindarov-extends-candidates-lead-and-heads-for-world-title-challenge,https://www.theguardian.com/sport/2026/apr/10/chess-sindarov-extends-candidates-lead-and-heads-for-world-title-challenge,Chess: Sindarov extends Candidates lead and heads for world title challenge,2026-04-10T07:00:13Z,608
world/2026/apr/10/gulf-states-rethink-security-us-israel-war-iran-ceasefire,https://www.theguardian.com/world/2026/apr/10/gulf-states-rethink-security-us-israel-war-iran-ceasefire,Gulf states rethink security in light of US-Israel war on Iran,2026-04-10T06:44:58Z,901
world/2026/apr/09/friday-briefing-how-the-middle-east-conflict-is-hitting-households-in-the-uk,https://www.theguardian.com/world/2026/apr/09/friday-briefing-how-the-middle-east-conflict-is-hitting-households-in-the-uk,Friday briefing: How the Middle East conflict is hitting households in the UK,2026-04-10T05:45:38Z,2277
commentisfree/2026/apr/10/victor-orban-hungary-peter-magyar-liberal-democracy-fidesz,https://www.theguardian.com/commentisfree/2026/apr/10/victor-orban-hungary-peter-magyar-liberal-democracy-fidesz,"Even if Victor Orbán is ousted on Sunday, Hungary’s return to liberal democracy is not guaranteed",2026-04-10T04:00:09Z,1048
world/2026/apr/10/peter-magyar-leading-polls-hungary-election-tisza-opposition,https://www.theguardian.com/world/2026/apr/10/peter-magyar-leading-polls-hungary-election-tisza-opposition,"Who is Péter Magyar, the man leading the polls as Hungary prepares for election?",2026-04-10T04:00:08Z,1318
world/2026/apr/10/cuban-president-tells-nbc-he-wont-resign-under-us-pressure-as-russia-backs-old-ally,https://www.theguardian.com/world/2026/apr/10/cuban-president-tells-nbc-he-wont-resign-under-us-pressure-as-russia-backs-old-ally,"Cuban president tells NBC he won’t resign under US pressure, as Russia backs old ally",2026-04-10T02:47:23Z,482
world/2026/apr/10/ukraine-war-briefing-first-official-ceasefire-agreed-after-zelenskyy-push-succeeds,https://www.theguardian.com/world/2026/apr/10/ukraine-war-briefing-first-official-ceasefire-agreed-after-zelenskyy-push-succeeds,Ukraine war briefing: First official ceasefire agreed after Zelenskyy push succeeds,2026-04-10T00:32:09Z,650
commentisfree/2026/apr/09/iran-war-britain-allies-europe-energy-social-policies,https://www.theguardian.com/commentisfree/2026/apr/09/iran-war-britain-allies-europe-energy-social-policies,The Iran war is a warning: Britain must build resilience – at home and with our allies in Europe ,2026-04-09T17:35:28Z,808
politics/2026/apr/09/israel-attacks-on-lebanon-should-not-be-happening-says-keir-starmer,https://www.theguardian.com/politics/2026/apr/09/israel-attacks-on-lebanon-should-not-be-happening-says-keir-starmer,"Israel’s attacks on Lebanon should not be happening, says Keir Starmer",2026-04-09T17:32:32Z,778
commentisfree/2026/apr/09/the-guardian-view-on-hungary-election-a-bellwether-contest-for-the-global-far-right,https://www.theguardian.com/commentisfree/2026/apr/09/the-guardian-view-on-hungary-election-a-bellwether-contest-for-the-global-far-right,The Guardian view on Hungary’s election: a bellwether contest for the global far right,2026-04-09T17:30:02Z,600
politics/live/2026/apr/09/iran-yvette-cooper-starmer-gulf-green-polanski-elections-housing-latest-news-updates,https://www.theguardian.com/politics/live/2026/apr/09/iran-yvette-cooper-starmer-gulf-green-polanski-elections-housing-latest-news-updates,Starmer says talks with Gulf leaders have reinforced sense Iran war ceasefire is ‘fragile’ – as it happened ,2026-04-09T16:49:01Z,7274
world/2026/apr/09/meps-alarm-possible-russian-interference-hungary-elections,https://www.theguardian.com/world/2026/apr/09/meps-alarm-possible-russian-interference-hungary-elections,MEPs raise alarm about possible Russian meddling in Hungary elections,2026-04-09T16:17:47Z,662
us-news/2026/apr/09/jd-vance-claims-orban-eu-hungary-election-fact-checked,https://www.theguardian.com/us-news/2026/apr/09/jd-vance-claims-orban-eu-hungary-election-fact-checked,"JD Vance’s claims about Orbán, the EU and Hungary fact-checked",2026-04-09T15:15:12Z,765
uk-news/2026/apr/09/uk-navy-russian-submarines-undersea-cables-north-atlantic,https://www.theguardian.com/uk-news/2026/apr/09/uk-navy-russian-submarines-undersea-cables-north-atlantic,"UK navy foiled Russian submarines surveying undersea cables, defence minister says",2026-04-09T15:12:35Z,700
film/2026/apr/09/cannes-festival-ditches-us-film-makers-for-world-cinema-directors,https://www.theguardian.com/film/2026/apr/09/cannes-festival-ditches-us-film-makers-for-world-cinema-directors,Cannes looks beyond Hollywood as US film-makers mostly fail to make the grade,2026-04-09T15:05:09Z,614
politics/2026/apr/09/uk-foreign-aid-spending-lowest-since-2008,https://www.theguardian.com/politics/2026/apr/09/uk-foreign-aid-spending-lowest-since-2008,UK spending on foreign aid hits lowest level since 2008,2026-04-09T13:38:07Z,886
world/2026/apr/09/majority-hungary-voters-back-continued-eu-membership-poll-finds-election-orban,https://www.theguardian.com/world/2026/apr/09/majority-hungary-voters-back-continued-eu-membership-poll-finds-election-orban,"Most Hungarians want better relations with EU after years of Orbán Brussels-bashing, poll finds",2026-04-09T12:03:12Z,766
world/2026/apr/09/ukraine-ceasefire-us-security-guarantees-fade-casualties-russia,https://www.theguardian.com/world/2026/apr/09/ukraine-ceasefire-us-security-guarantees-fade-casualties-russia,Ukraine ceasefire back in focus as US security guarantees fade and casualties mount,2026-04-09T10:55:45Z,1176
commentisfree/2026/apr/09/uk-food-security-iran-war,https://www.theguardian.com/commentisfree/2026/apr/09/uk-food-security-iran-war,It shouldn’t take a war for Britain to wake up to the need for food security,2026-04-09T10:00:47Z,1066
politics/2026/apr/09/birmingham-focus-group-shift-from-labour-support,https://www.theguardian.com/politics/2026/apr/09/birmingham-focus-group-shift-from-labour-support,‘They will not get my vote this year’: Birmingham focus group shows shift from Labour support,2026-04-09T08:00:27Z,1179
commentisfree/2026/apr/09/ed-miliband-north-sea-oil-drilling-nigel-farage-labour-reform-fossil-fuels-renewables,https://www.theguardian.com/commentisfree/2026/apr/09/ed-miliband-north-sea-oil-drilling-nigel-farage-labour-reform-fossil-fuels-renewables,Ed Miliband hold firm! North sea oil and gas drilling won’t help anyone other than Nigel Farage,2026-04-09T07:00:26Z,1160
world/2026/apr/09/thursday-briefing-what-difference-will-the-ceasefire-in-the-middle-east-make-and-will-it-hold,https://www.theguardian.com/world/2026/apr/09/thursday-briefing-what-difference-will-the-ceasefire-in-the-middle-east-make-and-will-it-hold,"Thursday briefing: ​What difference will the ceasefire in the Middle East make, and will it hold? ",2026-04-09T05:45:23Z,2206
world/2026/apr/09/i-had-poked-the-bear-right-in-the-eye-my-fight-to-renounce-my-russian-citizenship,https://www.theguardian.com/world/2026/apr/09/i-had-poked-the-bear-right-in-the-eye-my-fight-to-renounce-my-russian-citizenship,‘I had poked the bear right in the eye’: my fight to renounce my Russian citizenship,2026-04-09T04:00:23Z,4953
business/2026/apr/09/give-all-uk-households-a-set-amount-of-subsidised-energy-says-thinktank,https://www.theguardian.com/business/2026/apr/09/give-all-uk-households-a-set-amount-of-subsidised-energy-says-thinktank,"Give all UK households a set amount of subsidised energy, says thinktank",2026-04-09T04:00:22Z,615
commentisfree/2026/apr/09/iran-is-a-turning-point-for-europes-liberation-from-donald-trump,https://www.theguardian.com/commentisfree/2026/apr/09/iran-is-a-turning-point-for-europes-liberation-from-donald-trump,Iran is a turning point for Europe’s liberation – from Donald Trump,2026-04-09T04:00:21Z,1077
world/2026/apr/09/ukraine-war-briefing-kremlin-threat-to-countries-over-ukrainian-drone-transit,https://www.theguardian.com/world/2026/apr/09/ukraine-war-briefing-kremlin-threat-to-countries-over-ukrainian-drone-transit,Ukraine war briefing: Kremlin threat to countries over Ukrainian drone transit,2026-04-09T01:52:09Z,770
world/2026/apr/08/nato-mark-rutte-trump-iran-war,https://www.theguardian.com/world/2026/apr/08/nato-mark-rutte-trump-iran-war,Nato chief says Trump ‘clearly disappointed’ by US allies’ refusal to join Iran war,2026-04-09T00:53:30Z,853
world/2026/apr/09/us-ignoring-evidence-russia-is-helping-iran-because-it-trusts-putin-says-zelenskyy,https://www.theguardian.com/world/2026/apr/09/us-ignoring-evidence-russia-is-helping-iran-because-it-trusts-putin-says-zelenskyy,"US ignoring evidence Russia is helping Iran because it trusts Putin, says Zelenskyy",2026-04-08T23:00:16Z,475
world/2026/apr/08/keir-starmer-says-it-is-uks-job-to-help-reopen-strait-of-hormuz,https://www.theguardian.com/world/2026/apr/08/keir-starmer-says-it-is-uks-job-to-help-reopen-strait-of-hormuz,Starmer says UK wants to help with opening of Hormuz strait on Gulf visit,2026-04-08T21:08:59Z,835
world/2026/apr/08/jd-vance-dismisses-claims-us-interfering-hungarian-election-budapest-viktor-orban,https://www.theguardian.com/world/2026/apr/08/jd-vance-dismisses-claims-us-interfering-hungarian-election-budapest-viktor-orban,JD Vance claims US is not interfering in Hungary election,2026-04-08T17:18:45Z,1091
world/live/2026/apr/08/jd-vance-hungary-viktor-orban-election-nato-europe-latest-news-updates,https://www.theguardian.com/world/live/2026/apr/08/jd-vance-hungary-viktor-orban-election-nato-europe-latest-news-updates,EU to ‘convey concerns’ to US about Vance’s Hungary intervention – as it happened,2026-04-08T15:22:13Z,4300
business/grogonomics/2026/apr/08/australia-recession-economy-rba-trump-iran,https://www.theguardian.com/business/grogonomics/2026/apr/08/australia-recession-economy-rba-trump-iran,Is Australia headed for a recession? I hope not - but the RBA should be more worried,2026-04-08T15:00:44Z,949
artanddesign/2026/apr/08/hungarian-pensioners-carnival-janos-bodeys-best-photograph,https://www.theguardian.com/artanddesign/2026/apr/08/hungarian-pensioners-carnival-janos-bodeys-best-photograph,Carnival celebrations at a Hungarian retirement home: János Bődey’s best photograph,2026-04-08T13:26:41Z,742
politics/2026/apr/08/londoners-may-regret-protest-votes-for-reform-or-greens-in-local-elections-says-sadiq-khan,https://www.theguardian.com/politics/2026/apr/08/londoners-may-regret-protest-votes-for-reform-or-greens-in-local-elections-says-sadiq-khan,"Londoners may regret protest votes for Reform or Greens in local elections, says Sadiq Khan",2026-04-08T13:00:32Z,607
us-news/2026/apr/08/first-thing-us-iran-ceasefire-tehran-reopen-strait-of-hormuz,https://www.theguardian.com/us-news/2026/apr/08/first-thing-us-iran-ceasefire-tehran-reopen-strait-of-hormuz,First Thing: US and Iran agree ceasefire as Tehran says it will reopen strait of Hormuz,2026-04-08T10:37:36Z,918
world/2026/apr/08/european-leaders-welcome-us-iran-ceasefire,https://www.theguardian.com/world/2026/apr/08/european-leaders-welcome-us-iran-ceasefire,‘A step back from the brink’: European leaders welcome US-Iran ceasefire ,2026-04-08T09:50:39Z,641
lifeandstyle/2026/apr/08/lib-dem-sue-miller-interview-nuclear-war-disarmament,https://www.theguardian.com/lifeandstyle/2026/apr/08/lib-dem-sue-miller-interview-nuclear-war-disarmament,‘We’d all be in the destruction zone!’ Can anything stop today’s nuclear free-for-all?,2026-04-08T09:00:28Z,2223
commentisfree/2026/apr/08/europe-lesson-donald-trump-era-us-sanity,https://www.theguardian.com/commentisfree/2026/apr/08/europe-lesson-donald-trump-era-us-sanity,Europe cannot bet on a post-Trump US turning back to sanity,2026-04-08T05:00:17Z,1164
world/2026/apr/08/palestinian-girl-who-lost-arm-in-israeli-missile-attack-on-gaza-arrives-in-uk,https://www.theguardian.com/world/2026/apr/08/palestinian-girl-who-lost-arm-in-israeli-missile-attack-on-gaza-arrives-in-uk,Palestinian girl who lost arm in Israeli missile attack on Gaza arrives in UK,2026-04-08T05:00:16Z,827
commentisfree/2026/apr/08/germany-gerhard-schroder-errors-putin-spd-russia,https://www.theguardian.com/commentisfree/2026/apr/08/germany-gerhard-schroder-errors-putin-spd-russia,Germans pining for Gerhard Schröder forget his errors and ties to Putin. The SPD needs a fresh approach,2026-04-08T04:00:14Z,1203
world/live/2026/apr/07/iran-war-live-updates-trump-hormuz-threats-deadline-strikes-middle-east-conflict,https://www.theguardian.com/world/live/2026/apr/07/iran-war-live-updates-trump-hormuz-threats-deadline-strikes-middle-east-conflict,Trump says uranium will be ‘taken care of’ – as it happened,2026-04-08T03:55:31Z,14909
world/2026/apr/08/ukraine-war-briefing-kyiv-how-russian-satellites-help-iran-in-war,https://www.theguardian.com/world/2026/apr/08/ukraine-war-briefing-kyiv-how-russian-satellites-help-iran-in-war,Ukraine war briefing: Kyiv lays out how ‘Russian satellites help Iran in war’,2026-04-08T01:22:14Z,461
world/2026/apr/07/jd-vance-hungary-viktor-orban-election,https://www.theguardian.com/world/2026/apr/07/jd-vance-hungary-viktor-orban-election,Vance’s whirlwind visit may not help Orbán to the election victory he craves,2026-04-07T19:28:54Z,1056
world/2026/apr/07/jd-vance-eu-interference-hungary-election-viktor-orban,https://www.theguardian.com/world/2026/apr/07/jd-vance-eu-interference-hungary-election-viktor-orban,JD Vance accuses EU of ‘interference’ as he visits Hungary to help Orbán win election,2026-04-07T18:59:57Z,1237
commentisfree/2026/apr/07/the-guardian-view-on-north-korea-and-the-kims-whoevers-at-the-helm-the-regime-serves-only-itself,https://www.theguardian.com/commentisfree/2026/apr/07/the-guardian-view-on-north-korea-and-the-kims-whoevers-at-the-helm-the-regime-serves-only-itself,"The Guardian view on North Korea and the Kims: whoever’s at the helm, the regime serves only itself",2026-04-07T17:46:04Z,593
world/2026/apr/07/will-bombing-iran-back-to-the-stone-ages-achieve-any-war-objectives,https://www.theguardian.com/world/2026/apr/07/will-bombing-iran-back-to-the-stone-ages-achieve-any-war-objectives,Will bombing Iran back to the ‘stone ages’ achieve any war objectives?,2026-04-07T17:14:11Z,647
world/live/2026/apr/07/jd-vance-budapest-viktor-orban-hungary-election-france-nicolas-sarkozy-denmark-coalition-russia-ukraine-europe-latest-updates-news,https://www.theguardian.com/world/live/2026/apr/07/jd-vance-budapest-viktor-orban-hungary-election-france-nicolas-sarkozy-denmark-coalition-russia-ukraine-europe-latest-updates-news,Vance accuses EU of ‘foreign interference’ in upcoming Hungarian election while endorsing Orbán – as it happened,2026-04-07T16:58:02Z,7342
commentisfree/2026/apr/07/trump-iran-international-war-crimes-prosecution,https://www.theguardian.com/commentisfree/2026/apr/07/trump-iran-international-war-crimes-prosecution,"If Trump commits war crimes in Iran, he can be prosecuted",2026-04-07T16:53:42Z,1143
business/2026/apr/07/oil-prices-donald-trump-iran-stock-market-imf-inflation,https://www.theguardian.com/business/2026/apr/07/oil-prices-donald-trump-iran-stock-market-imf-inflation,"Oil and gas crisis from Iran war worse than 1973, ​1979 and 2022 together, says IEA",2026-04-07T16:42:27Z,682
business/live/2026/apr/07/oil-price-rises-trump-deadline-iran-reopen-strait-of-hormuz-imf-business-live-news,https://www.theguardian.com/business/live/2026/apr/07/oil-price-rises-trump-deadline-iran-reopen-strait-of-hormuz-imf-business-live-news,Oil back above $110 in volatile markets as Trump deadline looms for Iran to reopen strait – as it happened,2026-04-07T14:46:26Z,5464
world/2026/apr/07/viktor-orban-told-putin-i-am-at-your-service-in-october-phonecall,https://www.theguardian.com/world/2026/apr/07/viktor-orban-told-putin-i-am-at-your-service-in-october-phonecall,Viktor Orbán told Putin ‘I am at your service’ in October phone call,2026-04-07T11:28:31Z,566
artanddesign/2026/apr/07/nifty-japanese-printing-gadget-risograph-riso-club-gabriella-marcella,https://www.theguardian.com/artanddesign/2026/apr/07/nifty-japanese-printing-gadget-risograph-riso-club-gabriella-marcella,‘Even more beautiful than I imagined’: the nifty Japanese printing gadget uniting artists worldwide,2026-04-07T11:18:12Z,770
australia-news/live/2026/apr/07/australia-news-live-cyclone-maila-threat-queensland-road-toll-trump-iran-ntwnfb,https://www.theguardian.com/australia-news/live/2026/apr/07/australia-news-live-cyclone-maila-threat-queensland-road-toll-trump-iran-ntwnfb,Australians buy record number of new EVs – as it happened,2026-04-07T08:13:29Z,6323
environment/2026/apr/07/iran-war-global-dependence-fossil-fuels-biggest-emitters-reaping-rewards,https://www.theguardian.com/environment/2026/apr/07/iran-war-global-dependence-fossil-fuels-biggest-emitters-reaping-rewards,"As Iran war exposes global dependence on fossil fuels, the biggest emitters are reaping the rewards",2026-04-07T05:00:40Z,2810
world/2026/apr/06/hungary-puts-gas-pipeline-under-military-protection-amid-false-flag-accusations,https://www.theguardian.com/world/2026/apr/06/hungary-puts-gas-pipeline-under-military-protection-amid-false-flag-accusations,Hungary pipeline false-flag claims swirl as JD Vance makes election intervention,2026-04-07T03:56:37Z,989
world/live/2026/apr/06/iran-war-live-updates-trump-hormuz-oil-netanyahu-israel,https://www.theguardian.com/world/live/2026/apr/06/iran-war-live-updates-trump-hormuz-oil-netanyahu-israel,Blasts heard near Erbil airport – as it happened,2026-04-07T03:10:48Z,10318
world/2026/apr/07/ukraine-russia-war-briefing-zelenskyy-orthodox-easter-truce-offer,https://www.theguardian.com/world/2026/apr/07/ukraine-russia-war-briefing-zelenskyy-orthodox-easter-truce-offer,Ukraine war briefing: Zelenskyy reiterates truce offer ahead of Orthodox Easter,2026-04-07T00:34:15Z,495
sport/2026/apr/06/sir-craig-reedie-key-london-2012-olympics-figure-and-former-boa-chair-dies-aged-84,https://www.theguardian.com/sport/2026/apr/06/sir-craig-reedie-key-london-2012-olympics-figure-and-former-boa-chair-dies-aged-84,"Sir Craig Reedie, key London 2012 Olympics figure and former BOA chair, dies aged 84",2026-04-06T18:00:48Z,543
commentisfree/2026/apr/06/struggling-families-like-mine-cost-of-living-survival,https://www.theguardian.com/commentisfree/2026/apr/06/struggling-families-like-mine-cost-of-living-survival,Struggling families like mine don’t talk about the cost of living any more – now it’s the cost of survival,2026-04-06T13:00:20Z,886
sport/2026/apr/06/arslanbek-makhmudov-russia-boxing-god-tyson-fury-tottenham-hotspur-stadium-interview,https://www.theguardian.com/sport/2026/apr/06/arslanbek-makhmudov-russia-boxing-god-tyson-fury-tottenham-hotspur-stadium-interview,"‘Mum, I have to go to Moscow as I am fighting a bear’: Makhmudov on Russia’s grizzlies, God and Tyson Fury",2026-04-06T11:30:18Z,1281
world/2026/apr/06/defense-contractors-oil-companies-profit-iran-war,https://www.theguardian.com/world/2026/apr/06/defense-contractors-oil-companies-profit-iran-war,War in Iran is boosting profits for oil and defense companies as US gas prices soar,2026-04-06T11:00:17Z,954
world/2026/apr/06/trump-iran-war-netanyahu-israel,https://www.theguardian.com/world/2026/apr/06/trump-iran-war-netanyahu-israel,Was Trump oblivious to the realities of Netanyahu’s promised ‘easy’ war on Iran?,2026-04-06T10:38:12Z,1408
sport/2026/apr/06/ukraine-war-veterans-amputee-boxing-championship,https://www.theguardian.com/sport/2026/apr/06/ukraine-war-veterans-amputee-boxing-championship,‘We don’t want pity’: Ukrainian war veterans face off in amputee boxing championship,2026-04-06T04:00:10Z,829
world/live/2026/apr/05/middle-east-crisis-live-iran-israel-us-war-trump-strait-hormuz-missing-pilot-downed,https://www.theguardian.com/world/live/2026/apr/05/middle-east-crisis-live-iran-israel-us-war-trump-strait-hormuz-missing-pilot-downed,At least 15 killed in strikes on Lebanon – as it happened,2026-04-06T03:54:41Z,8778
world/2026/apr/06/ukraine-war-briefing-russian-oil-facilities-burn-as-zelenskyy-tours-middle-east,https://www.theguardian.com/world/2026/apr/06/ukraine-war-briefing-russian-oil-facilities-burn-as-zelenskyy-tours-middle-east,Ukraine war briefing: Russian oil facilities burn as Zelenskyy tours Middle East,2026-04-06T02:05:31Z,759
world/2026/apr/05/viktor-orban-hungary-election-serbia-explosives-gas-pipeline,https://www.theguardian.com/world/2026/apr/05/viktor-orban-hungary-election-serbia-explosives-gas-pipeline,Hungarian PM faces ‘false flag’ claims after Serbia says explosives found near pipeline,2026-04-05T17:13:07Z,1004
us-news/ng-interactive/2026/apr/05/american-soft-power-iran-war,https://www.theguardian.com/us-news/ng-interactive/2026/apr/05/american-soft-power-iran-war,I was the US soft power czar. Our reputation may never recover from this,2026-04-05T13:00:53Z,2085
world/2026/apr/05/uproar-germany-law-men-up-to-45-military-permission-long-stays-abroad,https://www.theguardian.com/world/2026/apr/05/uproar-germany-law-men-up-to-45-military-permission-long-stays-abroad,Uproar in Germany over law requiring men get military approval for long stays abroad,2026-04-05T11:45:51Z,611
business/2026/apr/05/coal-reliance-iran-war-fossil-fuels,https://www.theguardian.com/business/2026/apr/05/coal-reliance-iran-war-fossil-fuels,How Trump’s Iran war could make the world more reliant on coal,2026-04-05T11:00:49Z,889
business/2026/apr/05/its-all-fear-and-headlines-energy-traders-race-to-keep-pace-with-volatile-oil-markets,https://www.theguardian.com/business/2026/apr/05/its-all-fear-and-headlines-energy-traders-race-to-keep-pace-with-volatile-oil-markets,‘It’s all fear and headlines’: energy traders race to keep pace with volatile oil markets,2026-04-05T05:00:43Z,1485
world/live/2026/apr/04/middle-east-crisis-live-us-iran-war-missing-pilot-downed-jet-israel-bombards-beirut,https://www.theguardian.com/world/live/2026/apr/04/middle-east-crisis-live-us-iran-war-missing-pilot-downed-jet-israel-bombards-beirut,Netanyahu confirms attack on petrochemical plant– as it happened,2026-04-05T02:49:50Z,8583
world/2026/apr/05/ukraine-war-briefing-slovakia-pm-calls-on-eu-to-lift-sanctions-on-russian-oil-and-gas,https://www.theguardian.com/world/2026/apr/05/ukraine-war-briefing-slovakia-pm-calls-on-eu-to-lift-sanctions-on-russian-oil-and-gas,Ukraine war briefing: Slovakia PM calls on EU to lift sanctions on Russian oil and gas,2026-04-05T00:03:04Z,522
commentisfree/2026/apr/04/fuel-crisis-clean-energy-renewable-alternatives,https://www.theguardian.com/commentisfree/2026/apr/04/fuel-crisis-clean-energy-renewable-alternatives,"In the middle of a fossil fuel crisis, it’s time to shout the clean energy message loud and clear",2026-04-04T20:00:31Z,778
world/2026/apr/04/hungary-election-why-orban-is-a-common-cause-for-us-and-russia,https://www.theguardian.com/world/2026/apr/04/hungary-election-why-orban-is-a-common-cause-for-us-and-russia,Why US and Russia are backing Viktor Orbán in Hungary election,2026-04-04T14:58:24Z,1213
world/2026/apr/04/young-people-hungary-general-election-polls-viktor-orban,https://www.theguardian.com/world/2026/apr/04/young-people-hungary-general-election-polls-viktor-orban,‘Feels like history is being made’: will young Hungarian voters oust Orbán?,2026-04-04T11:00:21Z,1225
commentisfree/2026/apr/04/jared-kushner-middle-east-peace-deal,https://www.theguardian.com/commentisfree/2026/apr/04/jared-kushner-middle-east-peace-deal,Jared Kushner is seeking peace deals in the Middle East. He’s also raising money for his own firm,2026-04-04T11:00:20Z,1363
environment/2026/apr/04/new-north-sea-drilling-jackdaw-rosebank-uk-gas-imports,https://www.theguardian.com/environment/2026/apr/04/new-north-sea-drilling-jackdaw-rosebank-uk-gas-imports,"New North Sea drilling would barely reduce UK gas imports at all, data shows",2026-04-04T09:00:18Z,795
us-news/2026/apr/04/trump-using-dysphemism-language-against-iran,https://www.theguardian.com/us-news/2026/apr/04/trump-using-dysphemism-language-against-iran,"Forget euphemism, Trump is using unabashed viciousness in his language against Iran",2026-04-04T09:00:17Z,909
football/2026/apr/04/southamptons-daniel-peretz-we-have-a-lot-of-respect-for-arsenal-but-we-are-not-afraid,https://www.theguardian.com/football/2026/apr/04/southamptons-daniel-peretz-we-have-a-lot-of-respect-for-arsenal-but-we-are-not-afraid,"Southampton’s Daniel Peretz: ‘We have a lot of respect for Arsenal, but we are not afraid’",2026-04-04T07:00:14Z,1066
world/2026/apr/04/fighting-robots-give-ukraine-hope-in-war-with-russia,https://www.theguardian.com/world/2026/apr/04/fighting-robots-give-ukraine-hope-in-war-with-russia,‘The frontline is like Terminator’: fighting robots give Ukraine hope in war with Russia,2026-04-04T06:00:14Z,1051
commentisfree/2026/apr/04/donald-trump-iran-war-evangelical-nationalists-moral-world-order-pete-hegseth,https://www.theguardian.com/commentisfree/2026/apr/04/donald-trump-iran-war-evangelical-nationalists-moral-world-order-pete-hegseth,"As Team Trump wage unceasing war on Iran, evangelical nationalists are destroying any moral world order we once had ",2026-04-04T05:00:13Z,1100
world/2026/apr/04/ukraine-war-briefing-russian-army-almost-no-territorial-gains-first-time-since-2023-analysis,https://www.theguardian.com/world/2026/apr/04/ukraine-war-briefing-russian-army-almost-no-territorial-gains-first-time-since-2023-analysis,"Ukraine war briefing: Russian army records almost no territorial gains for first time since 2023, analysis shows",2026-04-04T00:30:54Z,618
commentisfree/2026/apr/03/the-guardian-view-on-the-us-and-europe-the-uk-tried-to-be-a-bridge-but-trump-likes-to-burn-them,https://www.theguardian.com/commentisfree/2026/apr/03/the-guardian-view-on-the-us-and-europe-the-uk-tried-to-be-a-bridge-but-trump-likes-to-burn-them,"The Guardian view on the US and Europe: the UK tried to be a bridge, but Trump likes to burn them",2026-04-03T16:32:09Z,601
world/2026/apr/03/trump-iran-war-is-now-beyond-rhyme-or-reason,https://www.theguardian.com/world/2026/apr/03/trump-iran-war-is-now-beyond-rhyme-or-reason,Trump’s Iran war is now beyond rhyme or reason,2026-04-03T16:08:50Z,686
business/2026/apr/03/march-labor-market-jobs-report,https://www.theguardian.com/business/2026/apr/03/march-labor-market-jobs-report,US jobs market surpassed expectations in March but February losses were worse than first reported,2026-04-03T12:37:05Z,390
sport/2026/apr/03/chess-sindarov-21-takes-early-1-point-lead-as-uzbek-star-stuns-candidates-field,https://www.theguardian.com/sport/2026/apr/03/chess-sindarov-21-takes-early-1-point-lead-as-uzbek-star-stuns-candidates-field,"Chess: Sindarov, 20, takes early 1-point lead as Uzbek star stuns Candidates field",2026-04-03T07:00:45Z,1012
world/2026/apr/03/friday-briefing-why-does-your-easter-egg-feel-smaller-because-it-is,https://www.theguardian.com/world/2026/apr/03/friday-briefing-why-does-your-easter-egg-feel-smaller-because-it-is,Friday briefing: Why does your Easter egg feel smaller? Because it is,2026-04-03T05:46:18Z,2340
world/2026/apr/03/visual-guide-gulf-fertiliser-blockade,https://www.theguardian.com/world/2026/apr/03/visual-guide-gulf-fertiliser-blockade,‘Food security timebomb’: a visual guide to the Gulf fertiliser blockade,2026-04-03T03:00:41Z,1068
world/live/2026/apr/02/middle-east-crisis-live-trump-prime-time-address-white-house-iran-war-israel-strait-hormuz,https://www.theguardian.com/world/live/2026/apr/02/middle-east-crisis-live-trump-prime-time-address-white-house-iran-war-israel-strait-hormuz,Kuwait’s military says its air defences working to intercept missiles – as it happened,2026-04-03T02:04:19Z,12018
world/2026/apr/03/ukraine-war-briefing-zelenskyy-expertise-waterways-open-middle-east-conflict,https://www.theguardian.com/world/2026/apr/03/ukraine-war-briefing-zelenskyy-expertise-waterways-open-middle-east-conflict,Ukraine war briefing: Zelenskyy offers expertise on keeping waterways open amid Middle East conflict,2026-04-03T00:20:23Z,609
commentisfree/2026/apr/02/trump-iran-speech-reaction,https://www.theguardian.com/commentisfree/2026/apr/02/trump-iran-speech-reaction,Trump’s surreal speech on Iran shed no light on his goals,2026-04-02T18:29:27Z,1347
commentisfree/2026/apr/02/donald-trump-iran-us-constitution-world-response,https://www.theguardian.com/commentisfree/2026/apr/02/donald-trump-iran-us-constitution-world-response,"To a world at a loss as to how to handle Trump, I say this: the only answer may be to wait him out",2026-04-02T17:51:25Z,1162
politics/live/2026/apr/02/reform-uk-housing-grenfell-tower-keir-starmer-yvette-cooper-uk-politics-latest-news-updates,https://www.theguardian.com/politics/live/2026/apr/02/reform-uk-housing-grenfell-tower-keir-starmer-yvette-cooper-uk-politics-latest-news-updates,"UK politics Q&A, as it happened: Andrew Sparrow answers your questions on Starmer, Reform and more",2026-04-02T16:50:18Z,11045
business/2026/apr/02/oil-price-rises-markets-slide-following-trump-iran-war-address,https://www.theguardian.com/business/2026/apr/02/oil-price-rises-markets-slide-following-trump-iran-war-address,Oil price jumps and markets slide after Trump warning to Iran,2026-04-02T15:59:03Z,622
business/live/2026/apr/02/uk-record-rise-fuel-prices-mortgage-shock-stock-markets-iran-war-oil-dollar-news-updates,https://www.theguardian.com/business/live/2026/apr/02/uk-record-rise-fuel-prices-mortgage-shock-stock-markets-iran-war-oil-dollar-news-updates,US crude oil hits $110 a barrel and markets drop as Trump dashes Iran de-escalation hopes – as it happened,2026-04-02T15:48:47Z,6217
world/live/2026/apr/02/europe-nato-rutte-trump-criticisms-iran-ukraine-latest-news-updates,https://www.theguardian.com/world/live/2026/apr/02/europe-nato-rutte-trump-criticisms-iran-ukraine-latest-news-updates,"Europe should lift sanctions on Russian energy amid Iran crisis, Viktor Orbán says as he taunts Tusk – as it happened",2026-04-02T15:21:50Z,2803
australia-news/2026/apr/02/iranian-tourist-ban-doesnt-align-with-the-australian-values-hedieh-signed-up-to-as-a-citizen,https://www.theguardian.com/australia-news/2026/apr/02/iranian-tourist-ban-doesnt-align-with-the-australian-values-hedieh-signed-up-to-as-a-citizen,Iranian tourist ban doesn’t align with the ‘Australian values’ Hedieh signed up to as a citizen,2026-04-02T14:00:26Z,773
science/2026/apr/02/artemis-ii-nasa-moon-launch-american-moment,https://www.theguardian.com/science/2026/apr/02/artemis-ii-nasa-moon-launch-american-moment,"Artemis II marks Nasa’s new moon age, wrapped in patriotism and global promise",2026-04-02T13:39:12Z,1113
world/2026/apr/02/macron-criticises-trump-after-comments-about-his-marriage,https://www.theguardian.com/world/2026/apr/02/macron-criticises-trump-after-comments-about-his-marriage,‘Not up to standard’: Macron criticises Trump after comments about his marriage,2026-04-02T12:07:03Z,550
business/2026/apr/02/uk-firms-expect-to-raise-prices-more-quickly-as-iran-war-pushes-up-costs,https://www.theguardian.com/business/2026/apr/02/uk-firms-expect-to-raise-prices-more-quickly-as-iran-war-pushes-up-costs,UK firms expect to raise prices more quickly as Iran war pushes up costs,2026-04-02T11:41:13Z,495
uk-news/2026/apr/02/drivers-told-to-hunt-for-cheapest-fuel-as-easter-set-to-be-busiest-on-uk-roads-since-2022,https://www.theguardian.com/uk-news/2026/apr/02/drivers-told-to-hunt-for-cheapest-fuel-as-easter-set-to-be-busiest-on-uk-roads-since-2022,Drivers told to look for cheapest fuel ahead of ‘busiest Easter on UK roads since 2022’,2026-04-02T11:37:15Z,568
football/2026/apr/02/pre-world-cup-results-have-you-worried-they-probably-shouldnt,https://www.theguardian.com/football/2026/apr/02/pre-world-cup-results-have-you-worried-they-probably-shouldnt,Pre-World Cup results have you worried? They probably shouldn’t,2026-04-02T11:00:22Z,850
commentisfree/2026/apr/02/iran-war-expenses-cuts-america-power-dollarization,https://www.theguardian.com/commentisfree/2026/apr/02/iran-war-expenses-cuts-america-power-dollarization,The US-Israel war on Iran is accelerating de-dollarization and America’s decline,2026-04-02T11:00:22Z,935
football/2026/apr/02/will-arsenals-international-injury-crisis-spill-over-into-the-club-season,https://www.theguardian.com/football/2026/apr/02/will-arsenals-international-injury-crisis-spill-over-into-the-club-season, Will Arsenal’s international injury crisis spill over into the club season?,2026-04-02T11:00:21Z,908
world/2026/apr/02/coordinated-conflict-how-the-ukraine-and-iran-wars-are-starting-to-overlap,https://www.theguardian.com/world/2026/apr/02/coordinated-conflict-how-the-ukraine-and-iran-wars-are-starting-to-overlap,Coordinated conflict: how the Ukraine and Iran wars are starting to overlap,2026-04-02T08:00:21Z,1262
commentisfree/2026/apr/02/donald-trump-trade-war-uk-us-iran-stagflation,https://www.theguardian.com/commentisfree/2026/apr/02/donald-trump-trade-war-uk-us-iran-stagflation,Trump’s trade war put the UK on the back foot. His actual war may break us,2026-04-02T07:00:21Z,918
news/2026/apr/02/arctic-ice-loss-dual-heatwaves-europe-eastern-asia,https://www.theguardian.com/news/2026/apr/02/arctic-ice-loss-dual-heatwaves-europe-eastern-asia,Arctic ice loss brings dual heatwaves to Europe and eastern Asia,2026-04-02T05:00:19Z,214
commentisfree/2026/apr/02/denmark-unique-political-model-crisis-boomerang-effect,https://www.theguardian.com/commentisfree/2026/apr/02/denmark-unique-political-model-crisis-boomerang-effect,Denmark’s unique political model is in crisis – I blame the boomerang effect,2026-04-02T04:00:18Z,1085
world/2026/apr/02/why-eu-not-using-leverage-israel-lebanon-gaza,https://www.theguardian.com/world/2026/apr/02/why-eu-not-using-leverage-israel-lebanon-gaza,‘Weak and pathetic’: why is the EU not using its leverage to stop Israel?,2026-04-02T04:00:17Z,1031
world/2026/apr/02/ukraine-war-briefing-russia-responds-zelenskyy-easter-truce-drone-attack,https://www.theguardian.com/world/2026/apr/02/ukraine-war-briefing-russia-responds-zelenskyy-easter-truce-drone-attack,Ukraine war briefing: Russia responds to Zelenskyy’s Easter truce offer with drone attack,2026-04-02T02:07:11Z,561
world/middle-east-live/live/2026/apr/01/iran-live-updates-trump-claims-war-will-end-rubio-nato-relationship,https://www.theguardian.com/world/middle-east-live/live/2026/apr/01/iran-live-updates-trump-claims-war-will-end-rubio-nato-relationship,Top Iranian official injured in strike on Tehran – as it happened,2026-04-02T00:01:08Z,9166
football/2026/apr/01/guardian-power-rankings-france-senegal-japan-top-10-world-cup-2026,https://www.theguardian.com/football/2026/apr/01/guardian-power-rankings-france-senegal-japan-top-10-world-cup-2026,World Cup power rankings: France lead the way with Senegal and Japan in top 10,2026-04-01T20:30:07Z,6448
world/2026/apr/01/trump-nato-explainer,https://www.theguardian.com/world/2026/apr/01/trump-nato-explainer,Can Trump pull the US out of Nato – and why is he considering it?,2026-04-01T18:54:07Z,971
commentisfree/2026/apr/01/the-guardian-view-on-ukraines-perilous-spring-europes-steadfast-support-is-more-vital-than-ever,https://www.theguardian.com/commentisfree/2026/apr/01/the-guardian-view-on-ukraines-perilous-spring-europes-steadfast-support-is-more-vital-than-ever,The Guardian view on Ukraine’s perilous spring: Europe’s steadfast support is more vital than ever,2026-04-01T18:32:13Z,592
commentisfree/2026/apr/01/inflationary-shock-pay-the-price-uk-energy-crisis-us-iran-war,https://www.theguardian.com/commentisfree/2026/apr/01/inflationary-shock-pay-the-price-uk-energy-crisis-us-iran-war,A third inflationary shock in less than a decade is coming: who will pay the price this time around?,2026-04-01T17:54:41Z,1326
world/2026/apr/01/trump-says-he-is-absolutely-considering-withdrawing-us-from-nato,https://www.theguardian.com/world/2026/apr/01/trump-says-he-is-absolutely-considering-withdrawing-us-from-nato,Trump says he is ‘absolutely’ considering withdrawing US from Nato,2026-04-01T17:45:20Z,1178
uk-news/2026/apr/01/dead-missing-after-trying-to-cross-channel-to-uk,https://www.theguardian.com/uk-news/2026/apr/01/dead-missing-after-trying-to-cross-channel-to-uk,Two dead and one missing after trying to cross Channel to UK,2026-04-01T16:31:35Z,487
politics/live/2026/apr/01/keir-starmer-rachel-reeves-iran-energy-bills-supermarket-cost-of-living-uk-politics-latest-news-updates,https://www.theguardian.com/politics/live/2026/apr/01/keir-starmer-rachel-reeves-iran-energy-bills-supermarket-cost-of-living-uk-politics-latest-news-updates,Reeves criticises Trump for starting Iran war with no ‘clear plan’ to get out of it – as it happened,2026-04-01T16:15:18Z,7447
business/live/2026/apr/01/oil-tumbles-stock-markets-gold-bonds-dollar-middle-east-war-manufacturing-factories-news-updates,https://www.theguardian.com/business/live/2026/apr/01/oil-tumbles-stock-markets-gold-bonds-dollar-middle-east-war-manufacturing-factories-news-updates,Oil tumbles and UK’s FTSE 100 posts biggest daily rise in a year on hopes Middle East war will end soon – as it happened ,2026-04-01T15:49:52Z,6200
world/live/2026/apr/01/zelenskyy-trump-putin-ukraine-russia-war-easter-ceasefire-iran-europe-latest-news-updates,https://www.theguardian.com/world/live/2026/apr/01/zelenskyy-trump-putin-ukraine-russia-war-easter-ceasefire-iran-europe-latest-news-updates,Macron praises Europe’s predictability in face of countries that ‘hurt you without even informing you’ – as it happened,2026-04-01T15:14:51Z,3725
world/2026/apr/01/in-europe-lobbyists-are-using-soaring-fuel-prices-to-make-the-case-for-more-dirty-energy,https://www.theguardian.com/world/2026/apr/01/in-europe-lobbyists-are-using-soaring-fuel-prices-to-make-the-case-for-more-dirty-energy,"In Europe, lobbyists are using soaring fuel prices to make the case for more dirty energy",2026-04-01T14:30:58Z,1118
games/2026/apr/01/pushing-buttons-cost-of-gaming-artificial-intelligence-ai,https://www.theguardian.com/games/2026/apr/01/pushing-buttons-cost-of-gaming-artificial-intelligence-ai,Why is gaming becoming so expensive? The answer is found in AI,2026-04-01T14:00:05Z,1260
business/2026/apr/01/would-more-north-sea-drilling-mean-lower-energy-prices-uk-consumers-explainer,https://www.theguardian.com/business/2026/apr/01/would-more-north-sea-drilling-mean-lower-energy-prices-uk-consumers-explainer,Would more North Sea drilling mean lower energy prices for UK consumers?,2026-04-01T14:00:01Z,2335
football/2026/apr/01/graham-potter-sweden-second-chances-world-cup,https://www.theguardian.com/football/2026/apr/01/graham-potter-sweden-second-chances-world-cup,Graham Potter and Sweden revel in second chances to seize World Cup place,2026-04-01T12:13:52Z,858
commentisfree/2026/apr/01/fossil-fuel-shock-uk-energy-system-iran-war-food-fuel-interest-rates,https://www.theguardian.com/commentisfree/2026/apr/01/fossil-fuel-shock-uk-energy-system-iran-war-food-fuel-interest-rates,This is what a fossil-fuel shock looks like. The UK must adapt its energy system – and quickly,2026-04-01T11:07:20Z,1031
business/2026/apr/01/bp-world-of-significant-complexity-chief-executive-meg-oneill-oil,https://www.theguardian.com/business/2026/apr/01/bp-world-of-significant-complexity-chief-executive-meg-oneill-oil,"BP is operating in a world of ‘significant complexity’, new boss tells staff ",2026-04-01T11:03:30Z,496
australia-news/2026/apr/01/chalmers-says-small-business-paying-the-price-for-middle-east-conflict-as-he-unveils-support-measures,https://www.theguardian.com/australia-news/2026/apr/01/chalmers-says-small-business-paying-the-price-for-middle-east-conflict-as-he-unveils-support-measures,Anthony Albanese to address nation on Wednesday night as treasurer announces Covid-era support measures,2026-04-01T10:53:37Z,681
football/2025/oct/10/world-cup-2026-which-countries-have-qualified-and-how-did-they-do-it,https://www.theguardian.com/football/2025/oct/10/world-cup-2026-which-countries-have-qualified-and-how-did-they-do-it,World Cup 2026: which countries have qualified and how did they do it?,2026-04-01T09:57:30Z,3739
money/2026/mar/30/cost-of-living-how-to-prepare-for-the-awful-april-shower-of-bill-increases,https://www.theguardian.com/money/2026/mar/30/cost-of-living-how-to-prepare-for-the-awful-april-shower-of-bill-increases,Cost of living: get ready for ‘awful April’ bill increases,2026-04-01T08:01:16Z,1704
football/2026/apr/01/has-football-club-won-title-better-goal-difference-than-points-tally-the-knowledge,https://www.theguardian.com/football/2026/apr/01/has-football-club-won-title-better-goal-difference-than-points-tally-the-knowledge,Has a club won the title with a better goal difference than points tally?,2026-04-01T07:00:41Z,1343
world/ng-interactive/2026/apr/01/raise-our-heads-and-resist-how-europes-civil-society-is-fighting-back-against-the-far-right,https://www.theguardian.com/world/ng-interactive/2026/apr/01/raise-our-heads-and-resist-how-europes-civil-society-is-fighting-back-against-the-far-right,‘Raise our heads and resist’: how Europe’s civil society is fighting back against the far right,2026-04-01T06:30:40Z,1245
world/2026/apr/01/wednesday-briefing-how-did-russia-become-the-unexpected-beneficiary-of-the-iran-war,https://www.theguardian.com/world/2026/apr/01/wednesday-briefing-how-did-russia-become-the-unexpected-beneficiary-of-the-iran-war,Wednesday briefing: ​How did Russia become the unexpected beneficiary of the Iran war?,2026-04-01T05:46:25Z,1843
world/2026/apr/01/ukraine-war-briefing-ukraine-calls-hungary-a-disgrace-after-leaked-calls-with-moscow-emerge,https://www.theguardian.com/world/2026/apr/01/ukraine-war-briefing-ukraine-calls-hungary-a-disgrace-after-leaked-calls-with-moscow-emerge,Ukraine war briefing: Ukraine calls Hungary ‘a disgrace’ after leaked calls with Moscow emerge,2026-04-01T01:18:10Z,871
commentisfree/2026/apr/01/australia-oil-prices-fuel-crises-before-what-can-we-learn,https://www.theguardian.com/commentisfree/2026/apr/01/australia-oil-prices-fuel-crises-before-what-can-we-learn,Australia has weathered fuel crises before. What can we learn from previous oil price spikes?,2026-03-31T22:00:30Z,821
football/live/2026/mar/31/world-cup-2026-playoffs-sweden-v-poland-czech-republic-v-denmark-kosovo-v-turkey-live,https://www.theguardian.com/football/live/2026/mar/31/world-cup-2026-playoffs-sweden-v-poland-czech-republic-v-denmark-kosovo-v-turkey-live,"World Cup playoffs: Czech Rep 2-2 Denmark (aet, 3-1 on pens), Sweden 3-2 Poland, Kosovo 0-1 Turkey – as it happened",2026-03-31T21:38:21Z,3023
football/2026/mar/31/sweden-poland-world-cup-playoff-match-report,https://www.theguardian.com/football/2026/mar/31/sweden-poland-world-cup-playoff-match-report,Sweden qualify for World Cup after Viktor Gyökeres hits late winner against Poland,2026-03-31T20:52:45Z,606
world/2026/mar/31/polish-irish-leaders-condemn-hungarian-foreign-minister-alleged-links-to-russia,https://www.theguardian.com/world/2026/mar/31/polish-irish-leaders-condemn-hungarian-foreign-minister-alleged-links-to-russia,‘Repulsive’: Polish and Irish leaders condemn Hungarian foreign minister’s alleged links to Russia,2026-03-31T19:03:17Z,576
world/live/2026/mar/31/europe-ukraine-bucha-eu-russia-hungary-iran-denmark-latest-news-updates,https://www.theguardian.com/world/live/2026/mar/31/europe-ukraine-bucha-eu-russia-hungary-iran-denmark-latest-news-updates,Tusk and Irish PM call Hungarian foreign minister’s alleged links to Russia ‘repulsive’ and ‘sinister’ – as it happened,2026-03-31T17:04:13Z,4589
football/2026/mar/31/england-call-up-17-year-old-erica-meg-parkinson-for-womens-world-cup-qualifiers,https://www.theguardian.com/football/2026/mar/31/england-call-up-17-year-old-erica-meg-parkinson-for-womens-world-cup-qualifiers,Sarina Wiegman’s England call leaves 17-year-old Erica Meg Parkinson ‘speechless’,2026-03-31T16:15:21Z,446
world/2026/mar/31/destruction-us-radar-plane-saudi-base-raises-surveillance-concerns,https://www.theguardian.com/world/2026/mar/31/destruction-us-radar-plane-saudi-base-raises-surveillance-concerns,Attack on US radar plane at Saudi base raises concern over Iran’s capabilities,2026-03-31T14:02:53Z,543
tv-and-radio/2026/mar/31/eurovision-song-contest-expands-into-asia,https://www.theguardian.com/tv-and-radio/2026/mar/31/eurovision-song-contest-expands-into-asia,‘A place where music fills the air’: Bangkok to host Eurovision’s first Asia song contest ,2026-03-31T12:33:58Z,689
commentisfree/2026/mar/31/trump-words-iran-war-churchill,https://www.theguardian.com/commentisfree/2026/mar/31/trump-words-iran-war-churchill,Trump is flailing in Iran. Every word he says adds to the muddle,2026-03-31T11:00:53Z,1674
music/2026/mar/31/nocturnes-piano-john-field-max-richter-sleep-by-susan-tomes,https://www.theguardian.com/music/2026/mar/31/nocturnes-piano-john-field-max-richter-sleep-by-susan-tomes,"The twilight zone: Nocturnes, from piano to perfume and Russia to Richter",2026-03-31T09:00:37Z,1006
business/2026/mar/31/food-price-rises-unlikely-before-summer-says-boss-of-sainsburys,https://www.theguardian.com/business/2026/mar/31/food-price-rises-unlikely-before-summer-says-boss-of-sainsburys,"Food price rises unlikely before summer, says boss of Sainsbury’s",2026-03-31T08:01:34Z,944
australia-news/live/2026/mar/31/australian-politics-live-social-media-ban-cost-of-living-fuel-crisis-excise-inflation-anthony-albanese-jim-chalmers-budget-ntwnfb,https://www.theguardian.com/australia-news/live/2026/mar/31/australian-politics-live-social-media-ban-cost-of-living-fuel-crisis-excise-inflation-anthony-albanese-jim-chalmers-budget-ntwnfb,"Anonymous $200,000 donation to charity providing free meals – as it happened",2026-03-31T06:20:56Z,12297
australia-news/2026/mar/31/afternoon-update-tuesday-ntwnfb,https://www.theguardian.com/australia-news/2026/mar/31/afternoon-update-tuesday-ntwnfb,Afternoon Update: debit and credit card surcharges scrapped; younger workers to be paid more; and the worst of reality TV,2026-03-31T05:49:19Z,549
environment/2026/mar/31/drilling-north-sea-not-the-answer-uk-energy-security,https://www.theguardian.com/environment/2026/mar/31/drilling-north-sea-not-the-answer-uk-energy-security,"More drilling in North Sea ‘not the answer’ for UK energy security, say former military leaders",2026-03-31T05:00:32Z,913
commentisfree/2026/mar/31/viktor-orban-us-russian-support-hungary-iran-war-voters,https://www.theguardian.com/commentisfree/2026/mar/31/viktor-orban-us-russian-support-hungary-iran-war-voters,Viktor Orbán has the support of both Russia and the US. Here’s why that doesn’t seem to be doing him any good,2026-03-31T04:00:31Z,1018
us-news/live/2026/mar/30/donald-trump-shutdown-ice-dhs-tsa-airports-iran-jd-vance-latest-news-updates,https://www.theguardian.com/us-news/live/2026/mar/30/donald-trump-shutdown-ice-dhs-tsa-airports-iran-jd-vance-latest-news-updates,White House blames Democrats for record-breaking DHS shutdown after House Republicans reject Senate’s compromise bill – as it happened,2026-03-31T02:06:12Z,7444
world/2026/mar/31/ukraine-war-briefing-allies-asked-kyiv-about-reducing-attacks-on-russian-energy-sector-zelenskyy-says,https://www.theguardian.com/world/2026/mar/31/ukraine-war-briefing-allies-asked-kyiv-about-reducing-attacks-on-russian-energy-sector-zelenskyy-says,"Ukraine war briefing: allies asked Kyiv about reducing attacks on Russian energy sector, Zelenskyy says",2026-03-31T01:32:00Z,756
politics/live/2026/mar/30/starmer-iran-war-labour-values-local-elections-campaign-launch-uk-politics-latest,https://www.theguardian.com/politics/live/2026/mar/30/starmer-iran-war-labour-values-local-elections-campaign-launch-uk-politics-latest,Zack Polanski tells NEU teachers’ union that Greens would abolish ‘toxic’ Ofsted – as it happened,2026-03-30T17:10:05Z,6516
world/2026/mar/30/ivanna-maszczak-obituary,https://www.theguardian.com/world/2026/mar/30/ivanna-maszczak-obituary,Ivanna Maszczak obituary,2026-03-30T17:03:44Z,519
business/2026/mar/30/families-hardest-hit-energy-crisis-given-funds-dispensed-local-councils,https://www.theguardian.com/business/2026/mar/30/families-hardest-hit-energy-crisis-given-funds-dispensed-local-councils,Families hardest hit by energy crisis could be given funds dispensed by councils in England,2026-03-30T14:46:52Z,733
world/2026/mar/30/putin-salisbury-style-attack-exiled-oligarch-mikhail-khodorkovsky,https://www.theguardian.com/world/2026/mar/30/putin-salisbury-style-attack-exiled-oligarch-mikhail-khodorkovsky,"Putin likely to stage another Salisbury-style attack, exiled oil tycoon says",2026-03-30T14:25:31Z,1435
business/live/2026/mar/30/brent-crude-rises-trump-oil-iran-war-starmer-business-leaders-emergency-measures-rachel-reeves-g7-business-latest-news-updates,https://www.theguardian.com/business/live/2026/mar/30/brent-crude-rises-trump-oil-iran-war-starmer-business-leaders-emergency-measures-rachel-reeves-g7-business-latest-news-updates,Brent crude rises after Trump says he wants to ‘take the oil’ in Iran and Yemeni Houthis launch second attack on Israel – as it happened,2026-03-30T14:11:58Z,5096
politics/2026/mar/30/may-elections-war-on-two-fronts-keir-starmer,https://www.theguardian.com/politics/2026/mar/30/may-elections-war-on-two-fronts-keir-starmer,Starmer pledges to tackle new cost of living crisis at May elections campaign launch,2026-03-30T14:11:30Z,601
australia-news/2026/mar/30/australians-may-not-see-cheaper-fuel-for-weeks-despite-labors-excise-cuts,https://www.theguardian.com/australia-news/2026/mar/30/australians-may-not-see-cheaper-fuel-for-weeks-despite-labors-excise-cuts,Australians may not see cheaper fuel for weeks despite Labor’s excise cuts,2026-03-30T14:00:13Z,851
artanddesign/2026/mar/30/playrise-modular-timber-playground-equipment-disaster-zones,https://www.theguardian.com/artanddesign/2026/mar/30/playrise-modular-timber-playground-equipment-disaster-zones,‘Every child wants to find joy’: the scheme designing playground equipment for disaster zones,2026-03-30T13:27:38Z,786
technology/2026/mar/30/apple-subsidiary-fine-uk-government-sanctions-russia,https://www.theguardian.com/technology/2026/mar/30/apple-subsidiary-fine-uk-government-sanctions-russia,Apple subsidiary fined by UK government over Moscow sanctions breach,2026-03-30T12:49:53Z,468
us-news/2026/mar/30/trump-iran-war-reality,https://www.theguardian.com/us-news/2026/mar/30/trump-iran-war-reality,‘Battle of the titans’: Trump’s distorted reality on Iran war runs into a brick wall ,2026-03-30T12:00:08Z,1412
film/2026/mar/30/rob-schneider-calls-on-us-to-restore-military-draft,https://www.theguardian.com/film/2026/mar/30/rob-schneider-calls-on-us-to-restore-military-draft,Rob Schneider calls on US to restore military draft,2026-03-30T10:04:37Z,531
australia-news/2026/mar/30/fuel-crisis-australia-government-measures-excise-explained-petrol-prices-cheaper,https://www.theguardian.com/australia-news/2026/mar/30/fuel-crisis-australia-government-measures-excise-explained-petrol-prices-cheaper,Fuel excise halved and a national security plan: what Labor’s changes mean for the price of your petrol,2026-03-30T06:35:08Z,802
australia-news/2026/mar/30/interest-rates-rba-fuel-excise-australia-albanese,https://www.theguardian.com/australia-news/2026/mar/30/interest-rates-rba-fuel-excise-australia-albanese,Did Anthony Albanese just cement a third interest rate hike in May by cutting the fuel excise?,2026-03-30T04:15:57Z,581
world/2026/mar/30/ukraine-war-briefing-german-defence-giant-sparks-row-after-comparing-ukraine-drone-makers-to-housewives,https://www.theguardian.com/world/2026/mar/30/ukraine-war-briefing-german-defence-giant-sparks-row-after-comparing-ukraine-drone-makers-to-housewives,Ukraine war briefing: German defence giant sparks row after comparing Ukraine drone makers to ‘housewives’,2026-03-30T00:17:04Z,770
commentisfree/2026/mar/29/the-guardian-view-on-myanmars-forgotten-war-the-military-cosplay-democracy-but-people-demand-the-real-thing,https://www.theguardian.com/commentisfree/2026/mar/29/the-guardian-view-on-myanmars-forgotten-war-the-military-cosplay-democracy-but-people-demand-the-real-thing,The Guardian view on Myanmar’s forgotten war: the military cosplay democracy but people demand the real thing,2026-03-29T16:30:00Z,558
politics/2026/mar/29/eu-offers-uk-emergency-brake-youth-mobility-scheme-numbers,https://www.theguardian.com/politics/2026/mar/29/eu-offers-uk-emergency-brake-youth-mobility-scheme-numbers,EU offers UK ‘emergency brake’ on youth mobility scheme numbers,2026-03-29T15:00:01Z,689
environment/2026/mar/29/nigel-farage-farming-adviser-calls-for-hike-in-wheat-prices-reform-uk,https://www.theguardian.com/environment/2026/mar/29/nigel-farage-farming-adviser-calls-for-hike-in-wheat-prices-reform-uk,Nigel Farage’s farming adviser calls for wheat prices to double,2026-03-29T07:00:49Z,710
news/ng-interactive/2026/mar/29/onlyfans-owners-leonid-radvinsky-death-porn-money-making-machine,https://www.theguardian.com/news/ng-interactive/2026/mar/29/onlyfans-owners-leonid-radvinsky-death-porn-money-making-machine,The OnlyFans inheritance: how its owner’s death could reshape the porn money-making machine,2026-03-29T05:00:47Z,1579
world/live/2026/mar/28/middle-east-crisis-live-iran-war-updates-trump-us-negotiations-israel-strikes-lebanon-tehran-syria-explosions,https://www.theguardian.com/world/live/2026/mar/28/middle-east-crisis-live-iran-war-updates-trump-us-negotiations-israel-strikes-lebanon-tehran-syria-explosions, Houthis join the fray – as it happened,2026-03-29T04:33:18Z,9692
world/2026/mar/29/ukraine-war-briefing-zelenskyy-drums-up-defence-agreements-with-gulf-states-on-countering-missiles-and-drones,https://www.theguardian.com/world/2026/mar/29/ukraine-war-briefing-zelenskyy-drums-up-defence-agreements-with-gulf-states-on-countering-missiles-and-drones,Ukraine war briefing: Zelenskyy drums up defence agreements with Gulf states on countering missiles and drones,2026-03-29T00:06:20Z,554
world/2026/mar/28/houthi-forces-enter-iran-conflict-with-missile-attacks-on-israeli-military-sites,https://www.theguardian.com/world/2026/mar/28/houthi-forces-enter-iran-conflict-with-missile-attacks-on-israeli-military-sites,Houthi forces enter Iran conflict with missile attacks on Israeli military sites,2026-03-29T00:00:40Z,1227
australia-news/2026/mar/28/father-son-riding-vespa-australia-italy,https://www.theguardian.com/australia-news/2026/mar/28/father-son-riding-vespa-australia-italy,Numb butts and fuel woes: the father and son riding from Australia to Italy on a Vespa,2026-03-28T19:00:37Z,1314
world/live/2026/mar/27/iran-war-live-updates-trump-negotiations-bombing-hormuz-energy-oil-prices-middle-east,https://www.theguardian.com/world/live/2026/mar/27/iran-war-live-updates-trump-negotiations-bombing-hormuz-energy-oil-prices-middle-east,UAE targeted with missiles and drones – as it happened,2026-03-28T02:35:08Z,10188
us-news/live/2026/mar/27/senate-dhs-shutdown-funding-deal-trump-iran-hormuz-latest-news-updates,https://www.theguardian.com/us-news/live/2026/mar/27/senate-dhs-shutdown-funding-deal-trump-iran-hormuz-latest-news-updates,"House Republicans are ‘the only thing standing’ in the way of ending DHS shutdown, Hakeem Jeffries says – as it happened",2026-03-28T02:02:34Z,7784
world/2026/mar/28/ukraine-war-briefing-rubio-zelenskyy-deal-donbas-to-russia,https://www.theguardian.com/world/2026/mar/28/ukraine-war-briefing-rubio-zelenskyy-deal-donbas-to-russia,Ukraine war briefing: Rubio stridently denies US is demanding Kyiv give up eastern Donbas to Russia,2026-03-28T01:19:07Z,466
football/live/2026/mar/27/world-cup-playoffs-heartbreak-and-joy-england-v-uruguay-football-live,https://www.theguardian.com/football/live/2026/mar/27/world-cup-playoffs-heartbreak-and-joy-england-v-uruguay-football-live,"England v Uruguay buildup, Klopp hails Salah’s Liverpool impact: football news – as it happened",2026-03-27T18:00:18Z,6828
business/2026/mar/27/uk-government-borrowing-iran-war-bond-market-sell-off,https://www.theguardian.com/business/2026/mar/27/uk-government-borrowing-iran-war-bond-market-sell-off,UK government borrowing costs hit 5% as Iran war fuels bond market sell-off,2026-03-27T16:59:52Z,696
politics/live/2026/mar/27/starmer-says-iran-and-ukraine-wars-could-reshape-global-order-and-define-us-for-a-generation-uk-politics-live,https://www.theguardian.com/politics/live/2026/mar/27/starmer-says-iran-and-ukraine-wars-could-reshape-global-order-and-define-us-for-a-generation-uk-politics-live,"Social media has led to a ‘complete rewiring of childhood’, says minister – UK politics live",2026-03-27T15:10:06Z,2901
world/2026/mar/27/european-intelligence-agencies-russia-supplying-drones-iran,https://www.theguardian.com/world/2026/mar/27/european-intelligence-agencies-russia-supplying-drones-iran,"European intelligence agencies believe Russia is supplying drones to Iran, says official",2026-03-27T15:09:05Z,495
us-news/2026/mar/27/first-thing-saudi-arabia-urging-us-to-keep-up-iran-attacks-intelligence-source-confirms,https://www.theguardian.com/us-news/2026/mar/27/first-thing-saudi-arabia-urging-us-to-keep-up-iran-attacks-intelligence-source-confirms,"First Thing: Saudi Arabia urging US to keep up Iran attacks, intelligence source confirms",2026-03-27T12:28:25Z,1088
politics/2026/mar/27/cabinet-office-peter-mandelson-messages-personal-phone-morgan-mcsweeney,https://www.theguardian.com/politics/2026/mar/27/cabinet-office-peter-mandelson-messages-personal-phone-morgan-mcsweeney,Cabinet Office to ask Mandelson to provide messages from personal phone,2026-03-27T12:24:41Z,630
society/2026/mar/27/starmer-vows-to-fight-social-media-firms-to-protect-children-from-addiction,https://www.theguardian.com/society/2026/mar/27/starmer-vows-to-fight-social-media-firms-to-protect-children-from-addiction,Starmer vows to ‘fight’ social media firms to protect children from addiction,2026-03-27T11:17:24Z,666
world/2026/mar/27/ukraine-war-briefing-pentagon-reportedly-considering-whether-to-divert-aid-from-ukraine-to-middle-east,https://www.theguardian.com/world/2026/mar/27/ukraine-war-briefing-pentagon-reportedly-considering-whether-to-divert-aid-from-ukraine-to-middle-east,Ukraine war briefing: Pentagon reportedly considering whether to divert aid from Ukraine to Middle East,2026-03-27T03:26:17Z,793
world/live/2026/mar/26/iran-war-live-updates-trump-deal-us-military-strikes-israel-lebanon-hezbollah,https://www.theguardian.com/world/live/2026/mar/26/iran-war-live-updates-trump-deal-us-military-strikes-israel-lebanon-hezbollah,Blasts heard in southern Beirut – as it happened,2026-03-27T03:07:51Z,11332
us-news/live/2026/mar/26/tsa-dhs-shutdown-airports-ice-trump-administration-latest,https://www.theguardian.com/us-news/live/2026/mar/26/tsa-dhs-shutdown-airports-ice-trump-administration-latest,‘Emergency situation’: Trump says he will order payments to TSA agents amid turmoil at US airports – as it happened,2026-03-27T02:00:37Z,7552
world/2026/mar/26/putin-asks-oligarchs-to-donate-to-russias-dwindling-defence-budget,https://www.theguardian.com/world/2026/mar/26/putin-asks-oligarchs-to-donate-to-russias-dwindling-defence-budget,Putin asks oligarchs to donate to Russia’s dwindling defence budget,2026-03-26T23:31:46Z,505
football/live/2026/mar/26/world-cup-2026-playoffs-wales-v-bosnia-herzegovina-czech-republic-v-republic-of-ireland-and-more-live,https://www.theguardian.com/football/live/2026/mar/26/world-cup-2026-playoffs-wales-v-bosnia-herzegovina-czech-republic-v-republic-of-ireland-and-more-live,World Cup 2026 playoffs: Wales and Republic of Ireland exit on penalties – as it happened,2026-03-26T23:07:24Z,2502
football/2026/mar/26/ukraine-sweden-world-cup-qualifying-playoff-semi-final-match-report,https://www.theguardian.com/football/2026/mar/26/ukraine-sweden-world-cup-qualifying-playoff-semi-final-match-report,Viktor Gyökeres hits hat-trick as Sweden and Graham Potter see off Ukraine,2026-03-26T22:00:40Z,819
business/2026/mar/26/markets-slump-us-israel-war-iran,https://www.theguardian.com/business/2026/mar/26/markets-slump-us-israel-war-iran,US markets see biggest slump since start of US-Israel war on Iran,2026-03-26T21:01:18Z,488
world/2026/mar/26/hungary-charges-journalist-szabolcs-panyi-following-claims-minister-was-in-touch-with-moscow,https://www.theguardian.com/world/2026/mar/26/hungary-charges-journalist-szabolcs-panyi-following-claims-minister-was-in-touch-with-moscow,Hungary charges journalist after claims minister was in touch with Moscow,2026-03-26T18:37:32Z,710
politics/2026/mar/26/donald-trump-uk-aircraft-carriers-toys-nato-keir-starmer-iran,https://www.theguardian.com/politics/2026/mar/26/donald-trump-uk-aircraft-carriers-toys-nato-keir-starmer-iran,Trump describes UK aircraft carriers as ‘toys’ in latest anti-Nato jibe,2026-03-26T18:37:27Z,724
politics/live/2026/mar/26/keir-starmer-ukraine-iran-social-media-ban-councils-pensions-latest-news-updates,https://www.theguardian.com/politics/live/2026/mar/26/keir-starmer-ukraine-iran-social-media-ban-councils-pensions-latest-news-updates,UK politics: Trump says UK’s aircraft carriers are just ‘toys’ – as it happened,2026-03-26T18:00:48Z,7021
business/live/2026/mar/26/uk-mortgage-rates-iran-war-borrowing-costs-oil-gas-economic-growth-business-live,https://www.theguardian.com/business/live/2026/mar/26/uk-mortgage-rates-iran-war-borrowing-costs-oil-gas-economic-growth-business-live,NS&I chief executive replaced in ‘fresh start’ over missing savings crisis; bad day for markets – as it happened,2026-03-26T17:10:33Z,8064
world/live/2026/mar/26/us-eu-trade-tariff-trade-deal-ukraine-iran-rutte-denmark-europe-live-news-updates,https://www.theguardian.com/world/live/2026/mar/26/us-eu-trade-tariff-trade-deal-ukraine-iran-rutte-denmark-europe-live-news-updates,"War in Iran ‘not a Nato matter’, Finland president says in defence of alliance - as it happened",2026-03-26T16:57:34Z,5283
film/2026/mar/26/alexander-kluge-dies-aged-94-author-film-maker-new-german-cinema,https://www.theguardian.com/film/2026/mar/26/alexander-kluge-dies-aged-94-author-film-maker-new-german-cinema,"Alexander Kluge, author and key film-maker in the New German Cinema movement, dies aged 94",2026-03-26T16:10:12Z,515
football/2026/mar/26/football-daily-email-world-cup-playoffs,https://www.theguardian.com/football/2026/mar/26/football-daily-email-world-cup-playoffs,"World Cup playoffs mean it’s crunch time for Gattuso, Bellamy and Potter ",2026-03-26T15:48:35Z,1049
us-news/2026/mar/26/trucking-schools-trump-english,https://www.theguardian.com/us-news/2026/mar/26/trucking-schools-trump-english,Trucking schools struggle as Trump administration strips immigrant licenses and demands English,2026-03-26T14:00:40Z,1405
us-news/2026/mar/26/trump-truck-license-immigrant-job-loss,https://www.theguardian.com/us-news/2026/mar/26/trump-truck-license-immigrant-job-loss,Immigrant trucker returns to war-torn Ukraine rather than risk ICE encounter: ‘I preferred going back home’,2026-03-26T14:00:40Z,1409
australia-news/live/2026/mar/26/australia-politics-live-penny-wong-iran-united-nations-war-fuel-crisis-cost-of-living-parliament-question-time-anthony-albanese-angus-taylor-ntwnfb,https://www.theguardian.com/australia-news/live/2026/mar/26/australia-politics-live-penny-wong-iran-united-nations-war-fuel-crisis-cost-of-living-parliament-question-time-anthony-albanese-angus-taylor-ntwnfb,Dozens of Sydney suburbs urged to reduce water use after major main bursts – as it happened,2026-03-26T07:19:29Z,11508
world/2026/mar/26/a-toxic-punch-fears-russia-war-black-sea-dolphins,https://www.theguardian.com/world/2026/mar/26/a-toxic-punch-fears-russia-war-black-sea-dolphins,‘A toxic punch’: fears Russia’s war is pushing the Black Sea and its dolphins past tipping point,2026-03-26T07:00:30Z,928
world/2026/mar/26/ukraine-war-briefing-zelenskyy-says-us-has-linked-security-guarantees-to-ceding-of-donbas,https://www.theguardian.com/world/2026/mar/26/ukraine-war-briefing-zelenskyy-says-us-has-linked-security-guarantees-to-ceding-of-donbas,Ukraine war briefing: Zelenskyy says US has linked security guarantees to ceding of Donbas,2026-03-26T06:51:05Z,909
commentisfree/2026/mar/26/meloni-referendum-defeat-cost-trump-factor,https://www.theguardian.com/commentisfree/2026/mar/26/meloni-referendum-defeat-cost-trump-factor,Meloni’s referendum defeat shows the cost of the Trump factor,2026-03-26T05:00:27Z,868
uk-news/2026/mar/25/uk-armed-forces-authorised-to-board-russia-tankers-shadow-fleet,https://www.theguardian.com/uk-news/2026/mar/25/uk-armed-forces-authorised-to-board-russia-tankers-shadow-fleet,UK armed forces authorised to board Russian tankers in British waters,2026-03-25T22:30:19Z,502
business/grogonomics/2026/mar/26/australia-inflation-profit-margins-fuel-crisis-supply-chain-shock,https://www.theguardian.com/business/grogonomics/2026/mar/26/australia-inflation-profit-margins-fuel-crisis-supply-chain-shock,Rising profit margins turbocharged Australia’s latest inflation figures – but something worse is just around the corner,2026-03-25T22:00:18Z,954
football/2026/mar/25/ukraine-sweden-world-cup-2026-playoff,https://www.theguardian.com/football/2026/mar/25/ukraine-sweden-world-cup-2026-playoff,‘We have to do something for our people’: Ukraine nurture World Cup dream,2026-03-25T20:29:20Z,891
football/2026/mar/25/there-wont-be-any-regrets-bellamy-steels-wales-for-last-world-cup-push,https://www.theguardian.com/football/2026/mar/25/there-wont-be-any-regrets-bellamy-steels-wales-for-last-world-cup-push,‘There won’t be any regrets’: Bellamy steels Wales for last World Cup push,2026-03-25T19:00:36Z,905
commentisfree/2026/mar/25/the-guardian-view-on-a-significant-week-for-european-politics-progressives-have-some-reasons-to-be-cheerful-,https://www.theguardian.com/commentisfree/2026/mar/25/the-guardian-view-on-a-significant-week-for-european-politics-progressives-have-some-reasons-to-be-cheerful-,The Guardian view on a significant week for European politics: progressives have some reasons to be cheerful,2026-03-25T18:37:55Z,602
world/live/2026/mar/25/denmark-election-results-mette-frederiksen-europe-latest-news-updates,https://www.theguardian.com/world/live/2026/mar/25/denmark-election-results-mette-frederiksen-europe-latest-news-updates,Frederiksen to lead talks on forming new Danish government – as it happened,2026-03-25T17:43:07Z,3628
world/2026/mar/25/could-the-continents-far-right-be-suffering-from-a-trumplash,https://www.theguardian.com/world/2026/mar/25/could-the-continents-far-right-be-suffering-from-a-trumplash,Could the continent’s far right be suffering from a Trumplash? ,2026-03-25T15:20:10Z,915
business/live/2026/mar/25/uk-inflation-steady-iran-war-oil-dips-trump-comments-business-live,https://www.theguardian.com/business/live/2026/mar/25/uk-inflation-steady-iran-war-oil-dips-trump-comments-business-live,ECB could raise eurozone rates ‘as soon as next month’; oil price dips on peace talk hopes – as it happened,2026-03-25T15:14:50Z,5605
world/2026/mar/25/australians-can-expect-high-fuel-costs-to-linger-for-far-longer-than-the-war-in-iran,https://www.theguardian.com/world/2026/mar/25/australians-can-expect-high-fuel-costs-to-linger-for-far-longer-than-the-war-in-iran,Australians can expect high fuel costs to linger for far longer than the war in Iran,2026-03-25T14:00:12Z,815
australia-news/2026/mar/25/electric-cars-sales-increase-vehicle-ev-hybrid-australia-fuel-prices,https://www.theguardian.com/australia-news/2026/mar/25/electric-cars-sales-increase-vehicle-ev-hybrid-australia-fuel-prices,‘Crazy not to’: soaring fuel prices send more Australians into U-turn towards electric cars,2026-03-25T14:00:11Z,759
us-news/2026/mar/25/first-thing-us-reportedly-poised-to-send-airborne-troops-to-middle-east,https://www.theguardian.com/us-news/2026/mar/25/first-thing-us-reportedly-poised-to-send-airborne-troops-to-middle-east,First Thing: US reportedly poised to send airborne troops to Middle East,2026-03-25T11:57:12Z,1111
football/2026/mar/25/i-cant-leave-like-a-coward-romanias-mircea-lucescu-on-illness-and-his-world-cup-dream-at-80,https://www.theguardian.com/football/2026/mar/25/i-cant-leave-like-a-coward-romanias-mircea-lucescu-on-illness-and-his-world-cup-dream-at-80,‘I can’t leave like a coward’: Romania’s Mircea Lucescu on illness and his World Cup dream at 80,2026-03-25T08:00:01Z,1513
stage/2026/mar/25/henry-v-review-rsc-alfred-enoch,https://www.theguardian.com/stage/2026/mar/25/henry-v-review-rsc-alfred-enoch,"Henry V review – once more unto the breach at the RSC, as Alfred Enoch leads the charge",2026-03-25T07:00:01Z,569
australia-news/2026/mar/25/australia-fuel-excise-tax-petrol-shortages,https://www.theguardian.com/australia-news/2026/mar/25/australia-fuel-excise-tax-petrol-shortages,"‘Political Band-Aid’: cutting Australia’s fuel excise could make petrol shortages worse, economists say",2026-03-25T06:06:42Z,618
world/2026/mar/25/ukraine-war-briefing-moldova-declares-emergency-after-russian-attack-cuts-key-power-line,https://www.theguardian.com/world/2026/mar/25/ukraine-war-briefing-moldova-declares-emergency-after-russian-attack-cuts-key-power-line,Ukraine war briefing: Moldova declares emergency after Russian attack cuts key power line,2026-03-25T05:49:33Z,590
commentisfree/2026/mar/25/like-putin-trump-is-a-megalomaniac-in-europe-we-can-shield-ourselves-not-look-for-rational-motives,https://www.theguardian.com/commentisfree/2026/mar/25/like-putin-trump-is-a-megalomaniac-in-europe-we-can-shield-ourselves-not-look-for-rational-motives,"Like Putin, Trump is a megalomaniac. In Europe, we can shield ourselves, not look for rational motives",2026-03-25T05:00:01Z,1059
australia-news/2026/mar/25/is-this-australias-moment-to-embrace-renewables-ask-adam-morton-your-questions-now,https://www.theguardian.com/australia-news/2026/mar/25/is-this-australias-moment-to-embrace-renewables-ask-adam-morton-your-questions-now,"As global oil prices surge, should Australia increase its renewable energy use? - Your climate transition questions answered",2026-03-25T04:08:39Z,2448
us-news/live/2026/mar/24/us-politics-latest-news-donald-trump-ice-airport-midterms-donald-trump-marco-rubio,https://www.theguardian.com/us-news/live/2026/mar/24/us-politics-latest-news-donald-trump-ice-airport-midterms-donald-trump-marco-rubio,Markwayne Mullin sworn in as homeland security secretary; Trump suggests he won’t be happy with any DHS funding deal – as it happened,2026-03-25T02:08:24Z,7158
australia-news/2026/mar/25/morning-mail-wedensday-ntwnfb,https://www.theguardian.com/australia-news/2026/mar/25/morning-mail-wedensday-ntwnfb,"Morning Mail: fears for economy amid fuel crisis, Israel sets sights on Lebanon, Mafs star Mel Schilling dies",2026-03-24T20:08:05Z,959
world/2026/mar/24/russia-strikes-civilian-areas-ukraine,https://www.theguardian.com/world/2026/mar/24/russia-strikes-civilian-areas-ukraine,"Russia fires nearly 1,000 drones in one of its largest aerial attacks on Ukraine",2026-03-24T18:15:48Z,735
politics/live/2026/mar/24/rachel-reeves-uk-economy-keir-starmer-iran-war-uk-politics-latest-news-updates,https://www.theguardian.com/politics/live/2026/mar/24/rachel-reeves-uk-economy-keir-starmer-iran-war-uk-politics-latest-news-updates,UK politics: Reform UK suspends mayoral candidate after he described Jewish security group as ‘cosplayers’ – as it happened,2026-03-24T17:30:28Z,7518
business/live/2026/mar/24/brent-crude-oil-100-dollars-a-barrel-middle-east-iran-stock-markets-economic-growth-latest-news-updates,https://www.theguardian.com/business/live/2026/mar/24/brent-crude-oil-100-dollars-a-barrel-middle-east-iran-stock-markets-economic-growth-latest-news-updates,"Energy price shock and interest rate rises could cause ‘pronounced’ UK recession, economist warns – as it happened",2026-03-24T15:46:57Z,6613
environment/2026/mar/25/if-one-nation-wants-to-be-a-serious-political-player-barnaby-joyce-needs-to-get-his-facts-straight-on-the-climate-crisis,https://www.theguardian.com/environment/2026/mar/25/if-one-nation-wants-to-be-a-serious-political-player-barnaby-joyce-needs-to-get-his-facts-straight-on-the-climate-crisis,The fuel crisis shows the energy future has arrived. All Barnaby Joyce and One Nation have to offer is bluster,2026-03-24T14:00:42Z,1076
business/2026/mar/24/seven-charts-that-reveal-how-unprepared-australia-was-for-the-fuel-crisis,https://www.theguardian.com/business/2026/mar/24/seven-charts-that-reveal-how-unprepared-australia-was-for-the-fuel-crisis,Seven charts that reveal how unprepared Australia was for the fuel crisis ,2026-03-24T14:00:41Z,1205
commentisfree/2026/mar/24/trump-iran-strategy-nixon-vietnam,https://www.theguardian.com/commentisfree/2026/mar/24/trump-iran-strategy-nixon-vietnam,Want to understand why Trump is still bombing Iran? Look to Nixon and Vietnam,2026-03-24T11:00:37Z,1154
environment/2026/mar/24/north-sea-drilling-concerns-uk-fossil-fuel-markets-ed-miliband,https://www.theguardian.com/environment/2026/mar/24/north-sea-drilling-concerns-uk-fossil-fuel-markets-ed-miliband,"More North Sea drilling will put UK at mercy of fossil fuel markets, ministers say",2026-03-24T09:32:13Z,786
australia-news/live/2026/mar/24/australia-politics-live-fuel-crisis-cost-of-living-petrol-diesel-rationing-question-time-anthony-albanese-angus-taylor-pauline-hanson-one-nation-ntwnfb,https://www.theguardian.com/australia-news/live/2026/mar/24/australia-politics-live-fuel-crisis-cost-of-living-petrol-diesel-rationing-question-time-anthony-albanese-angus-taylor-pauline-hanson-one-nation-ntwnfb,Australia Post hikes delivery companies’ fuel surcharge – as it happened,2026-03-24T07:21:10Z,12837
world/2026/mar/24/tuesday-briefing-with-the-horror-of-conflict-throughout-the-globe-how-likely-is-world-war-three,https://www.theguardian.com/world/2026/mar/24/tuesday-briefing-with-the-horror-of-conflict-throughout-the-globe-how-likely-is-world-war-three,"Tuesday briefing: With the horror of conflict throughout the globe, how likely is world war three?",2026-03-24T06:30:24Z,1808
world/2026/mar/24/irish-metals-refinery-is-in-supply-chain-that-feeds-russian-war-machine-records-suggest,https://www.theguardian.com/world/2026/mar/24/irish-metals-refinery-is-in-supply-chain-that-feeds-russian-war-machine-records-suggest,"Irish metals refinery is in supply chain that feeds Russian war machine, records suggest",2026-03-24T05:00:11Z,1235
world/2026/mar/24/how-the-danish-mainstream-embraced-far-right-immigration-politics,https://www.theguardian.com/world/2026/mar/24/how-the-danish-mainstream-embraced-far-right-immigration-politics,Denmark election: far right has slowed under Frederiksen – but at what cost? ,2026-03-24T05:00:10Z,932
world/2026/mar/24/ukraine-war-briefing-russia-setting-up-long-range-drone-bases-in-belarus-zelenskyy-says,https://www.theguardian.com/world/2026/mar/24/ukraine-war-briefing-russia-setting-up-long-range-drone-bases-in-belarus-zelenskyy-says,"Ukraine war briefing: Russia setting up long-range drone bases in Belarus, Zelenskyy says",2026-03-24T04:03:21Z,966
world/live/2026/mar/23/middle-east-crisis-live-iea-chief-says-iran-war-energy-crunch-worse-than-1970s-oil-crises-and-ukraine-war-combined,https://www.theguardian.com/world/live/2026/mar/23/middle-east-crisis-live-iea-chief-says-iran-war-energy-crunch-worse-than-1970s-oil-crises-and-ukraine-war-combined,Strike in Iraq reportedly kills seven fighters – as it happened,2026-03-24T03:36:41Z,12782
business/live/2026/mar/23/stock-markets-gold-dollar-trump-iran-ultimatum-uk-economy-growth-borrowing-costs-latest-news-updates,https://www.theguardian.com/business/live/2026/mar/23/stock-markets-gold-dollar-trump-iran-ultimatum-uk-economy-growth-borrowing-costs-latest-news-updates,Dow Jones Industrial Average posts best day since early February as hopes of Middle East de-escalation lift markets – as it happened,2026-03-23T20:17:23Z,7707
world/2026/mar/23/surprise-us-talks-with-irans-fractured-leadership-offer-uncertain-path-out-of-conflict,https://www.theguardian.com/world/2026/mar/23/surprise-us-talks-with-irans-fractured-leadership-offer-uncertain-path-out-of-conflict,Surprise US talks with Iran’s fractured leadership offer uncertain path out of conflict,2026-03-23T19:55:37Z,1176
business/2026/mar/23/stock-markets-donald-trump-iran-gold-oil-prices,https://www.theguardian.com/business/2026/mar/23/stock-markets-donald-trump-iran-gold-oil-prices,Stock markets swing and oil prices fall after Trump postpones strikes on Iran power plants,2026-03-23T19:01:30Z,682
politics/2026/mar/23/starmer-support-household-bills-next-winter-energy-price-shock,https://www.theguardian.com/politics/2026/mar/23/starmer-support-household-bills-next-winter-energy-price-shock,Keir Starmer signals winter support for household bills amid energy price shock ,2026-03-23T18:29:29Z,664
politics/2026/mar/23/british-destroyer-hms-dragon-arrives-in-eastern-mediterranean,https://www.theguardian.com/politics/2026/mar/23/british-destroyer-hms-dragon-arrives-in-eastern-mediterranean,British destroyer HMS Dragon arrives in eastern Mediterranean,2026-03-23T18:04:26Z,477
world/2026/mar/23/viktor-orban-celebrated-europe-far-right-hungary-election,https://www.theguardian.com/world/2026/mar/23/viktor-orban-celebrated-europe-far-right-hungary-election,Viktor Orbán celebrated by Europe’s far right before Hungary election,2026-03-23T17:56:59Z,630
politics/live/2026/mar/23/keir-starmer-donald-trump-strait-of-hormuz-shabana-mahood-john-healey-labour-conservatives-kemi-badenoch-cobra-uk-politics-latest-updates-news,https://www.theguardian.com/politics/live/2026/mar/23/keir-starmer-donald-trump-strait-of-hormuz-shabana-mahood-john-healey-labour-conservatives-kemi-badenoch-cobra-uk-politics-latest-updates-news,Starmer says he is ‘unapologetic’ about his focus on national interest when asked how he deals with ‘rude’ Trump – as it happened ,2026-03-23T17:56:05Z,7588
commentisfree/2026/mar/23/war-unprecedented-depression-trump-mania-iran,https://www.theguardian.com/commentisfree/2026/mar/23/war-unprecedented-depression-trump-mania-iran,"A war and maybe an unprecedented depression: it’s Trump’s mania, but now all of us will pay the price",2026-03-23T17:32:06Z,1170
world/live/2026/mar/23/local-eu-elections-slovenia-italy-france-latest-updates-news,https://www.theguardian.com/world/live/2026/mar/23/local-eu-elections-slovenia-italy-france-latest-updates-news,Giorgia Meloni concedes defeat in Italy’s judiciary reform referendum – as it happened,2026-03-23T17:17:14Z,4390
world/2026/mar/23/hungarian-election-candidate-peter-magyar-viktor-orban-alleged-leak-eu-russia,https://www.theguardian.com/world/2026/mar/23/hungarian-election-candidate-peter-magyar-viktor-orban-alleged-leak-eu-russia,Hungarian election candidate accuses ruling party of treason over alleged EU leak to Russia,2026-03-23T17:11:14Z,879
the-grid/2026/mar/23/the-benefits-of-net-zero-beyond-climate-change,https://www.theguardian.com/the-grid/2026/mar/23/the-benefits-of-net-zero-beyond-climate-change,The net benefits of net zero: why there’s more to renewables than tackling the climate crisis,2026-03-23T16:20:02Z,881
world/2026/mar/23/pope-leo-says-planes-carriers-of-peace-never-war,https://www.theguardian.com/world/2026/mar/23/pope-leo-says-planes-carriers-of-peace-never-war,Pope Leo says aerial bombing should be banned in fresh condemnation of war,2026-03-23T15:38:04Z,335
business/2026/mar/23/easyjet-bookings-fall-iran-war-air-fare-rises-fuel-costs,https://www.theguardian.com/business/2026/mar/23/easyjet-bookings-fall-iran-war-air-fare-rises-fuel-costs,EasyJet bookings fall because of Iran war as boss warns of air fare rises,2026-03-23T14:57:06Z,549
us-news/2026/mar/23/first-thing-iran-war-energy-crisis-equal-70s-oil-shocks-ukraine-invasion-fallout-iea-chief-says,https://www.theguardian.com/us-news/2026/mar/23/first-thing-iran-war-energy-crisis-equal-70s-oil-shocks-ukraine-invasion-fallout-iea-chief-says,"First Thing: Iran war energy crisis equal to 70s twin oil shocks and Ukraine invasion fallout, IEA chief says",2026-03-23T14:16:32Z,1120
business/2026/mar/23/keir-starmer-rising-cost-of-living-uk-iran-conflict,https://www.theguardian.com/business/2026/mar/23/keir-starmer-rising-cost-of-living-uk-iran-conflict,Starmer says ‘every lever’ will be explored to ease rising costs of living from Iran conflict,2026-03-23T14:13:26Z,836
australia-news/2026/mar/24/australia-fuel-reserve-what-and-where-is-it,https://www.theguardian.com/australia-news/2026/mar/24/australia-fuel-reserve-what-and-where-is-it,AI will tell you Australia’s fuel reserve is in the US. But is that even true?,2026-03-23T14:00:52Z,1401
us-news/2026/mar/23/trump-whistleblower-alex-vindman-us-senator,https://www.theguardian.com/us-news/2026/mar/23/trump-whistleblower-alex-vindman-us-senator,Trump whistleblower Alex Vindman: ‘Sitting on the sidelines was not an option’,2026-03-23T11:00:47Z,1217
football/2026/mar/23/viktor-gyokeres-arsenal-carabao-cup-pain-fuel-treble-hunt,https://www.theguardian.com/football/2026/mar/23/viktor-gyokeres-arsenal-carabao-cup-pain-fuel-treble-hunt,Viktor Gyökeres vows to use Arsenal’s Carabao Cup pain as fuel in treble hunt,2026-03-23T10:29:11Z,413
world/2026/mar/23/iran-threat-to-destroy-water-facilities-gulf,https://www.theguardian.com/world/2026/mar/23/iran-threat-to-destroy-water-facilities-gulf,Why Iran’s threat to destroy water facilities could spell disaster for Gulf countries,2026-03-23T09:43:36Z,662
books/2026/mar/23/we-know-you-can-pay-a-million-by-anja-shortland-review-the-terrifying-new-world-of-ransomware,https://www.theguardian.com/books/2026/mar/23/we-know-you-can-pay-a-million-by-anja-shortland-review-the-terrifying-new-world-of-ransomware,We Know You Can Pay a Million by Anja Shortland review – the terrifying new world of ransomware,2026-03-23T07:00:44Z,1047
world/2026/mar/23/first-edition-off-duty-guardian-podcast,https://www.theguardian.com/world/2026/mar/23/first-edition-off-duty-guardian-podcast,Monday briefing: What a new Guardian podcast reveals about the US justice system,2026-03-23T06:50:42Z,2052
australia-news/live/2026/mar/23/federal-parliament-ursula-von-der-leyen-visit-labor-anthony-albanese-chris-bowen-fuel-crisis-coalition-liberals-angus-taylor-nationals-matt-canavan-ntwnfb,https://www.theguardian.com/australia-news/live/2026/mar/23/federal-parliament-ursula-von-der-leyen-visit-labor-anthony-albanese-chris-bowen-fuel-crisis-coalition-liberals-angus-taylor-nationals-matt-canavan-ntwnfb,Crossbench MPs pressure Labor over gas export tax – as it happened,2026-03-23T06:20:11Z,9419
australia-news/2026/mar/23/afternoon-update-monday-ntwnfb,https://www.theguardian.com/australia-news/2026/mar/23/afternoon-update-monday-ntwnfb,Afternoon Update: IEA chief warns oil shock worse than 1970s crises combined; ABC staff to strike; and a ‘feline Oscars’ star,2026-03-23T05:52:36Z,549
world/2026/mar/23/tehran-toxic-cloud-satellite-image-oil-fires,https://www.theguardian.com/world/2026/mar/23/tehran-toxic-cloud-satellite-image-oil-fires,Tehran’s toxic cloud: satellite images show oily fires burned for days,2026-03-23T05:00:40Z,814
uk-news/2026/mar/23/you-can-feel-it-south-yorkshire-revival-gathers-pace-as-new-industries-move-in,https://www.theguardian.com/uk-news/2026/mar/23/you-can-feel-it-south-yorkshire-revival-gathers-pace-as-new-industries-move-in,‘You can feel it’: South Yorkshire revival gathers pace as new industries move in,2026-03-23T05:00:40Z,831
world/live/2026/mar/22/middle-east-crisis-live-iran-war-trump-ultimatum-major-attack-strait-of-hormuz-open-israel-hit-tehran-retaliation,https://www.theguardian.com/world/live/2026/mar/22/middle-east-crisis-live-iran-war-trump-ultimatum-major-attack-strait-of-hormuz-open-israel-hit-tehran-retaliation,US warns Americans worldwide to show ‘increased caution’ – as it happened,2026-03-23T03:11:45Z,11677
world/2026/mar/23/ukraine-war-briefing-russia-trying-to-intensify-attacks-us-ukraine-talks-end,https://www.theguardian.com/world/2026/mar/23/ukraine-war-briefing-russia-trying-to-intensify-attacks-us-ukraine-talks-end,Ukraine war briefing: Russia trying to ‘intensify’ attacks; US-Ukraine talks end ,2026-03-23T00:30:42Z,350
money/2026/mar/22/starmer-adviser-richard-walker-profits-cap-energy-petrol-firms,https://www.theguardian.com/money/2026/mar/22/starmer-adviser-richard-walker-profits-cap-energy-petrol-firms,Starmer adviser urges ministers to look at profits cap for energy and petrol firms,2026-03-23T00:02:57Z,872
world/2026/mar/22/iran-says-destroy-middle-east-infrastructure-us-energy-sites,https://www.theguardian.com/world/2026/mar/22/iran-says-destroy-middle-east-infrastructure-us-energy-sites,Iran vows to destroy Middle East water and energy facilities if US attacks power plants ,2026-03-22T23:35:53Z,1404
world/2026/mar/22/iran-war-timeline-civilians-bear-brunt-of-us-and-israels-month-long-campaign,https://www.theguardian.com/world/2026/mar/22/iran-war-timeline-civilians-bear-brunt-of-us-and-israels-month-long-campaign,Iran war timeline: civilians bear brunt of US and Israel’s weeks-long campaign,2026-03-22T18:00:27Z,863
world/2026/mar/22/netanyahu-hopes-destroying-iranian-axis-of-evil-will-rehabilitate-his-image,https://www.theguardian.com/world/2026/mar/22/netanyahu-hopes-destroying-iranian-axis-of-evil-will-rehabilitate-his-image,Netanyahu hopes destroying Iranian ‘axis of evil’ will rehabilitate his image,2026-03-22T17:00:19Z,1617
world/2026/mar/22/trump-lauds-viktor-orban-far-right-leaders-gather-budapest,https://www.theguardian.com/world/2026/mar/22/trump-lauds-viktor-orban-far-right-leaders-gather-budapest,Trump lauds Viktor Orbán as Europe’s far-right leaders gather in Budapest,2026-03-22T16:13:27Z,480
business/2026/mar/22/energy-shock-iran-war-also-driving-world-towards-food-crisis,https://www.theguardian.com/business/2026/mar/22/energy-shock-iran-war-also-driving-world-towards-food-crisis,Energy shock talk grabs headlines but the Iran war is also driving the world towards a food crisis,2026-03-22T12:53:50Z,913
world/2026/mar/21/wounded-iranian-missile-strikes-southern-israel,https://www.theguardian.com/world/2026/mar/21/wounded-iranian-missile-strikes-southern-israel,About 200 injured in Iranian missile strikes near nuclear facility in Israel ,2026-03-22T11:29:13Z,863
world/2026/mar/22/iran-capability-intent-bomb-missiles-britain-steve-reed,https://www.theguardian.com/world/2026/mar/22/iran-capability-intent-bomb-missiles-britain-steve-reed,"Iran not believed to have capability or intent to bomb Britain, says UK minister",2026-03-22T10:42:44Z,506
business/2026/mar/22/trumpflation-how-the-iran-war-economic-storm-could-affect-britons,https://www.theguardian.com/business/2026/mar/22/trumpflation-how-the-iran-war-economic-storm-could-affect-britons,‘Trumpflation’: how the Iran war’s economic storm could affect Britons,2026-03-22T08:00:15Z,1458
world/2026/mar/22/iran-social-media-strategy-information-war-us-israel-attack,https://www.theguardian.com/world/2026/mar/22/iran-social-media-strategy-information-war-us-israel-attack,Iran social media strategy pivots to information war amid US-Israel attack,2026-03-22T06:00:13Z,821
news/ng-interactive/2026/mar/22/iran-war-global-economy-donald-trump-oil-prices-inflation,https://www.theguardian.com/news/ng-interactive/2026/mar/22/iran-war-global-economy-donald-trump-oil-prices-inflation,‘The stakes are enormous’: how a prolonged Iran war could shock the global economy,2026-03-22T06:00:13Z,1823
world/live/2026/mar/21/middle-east-crisis-live-iran-war-trump-eases-oil-sanctions-israel-strikes,https://www.theguardian.com/world/live/2026/mar/21/middle-east-crisis-live-iran-war-trump-eases-oil-sanctions-israel-strikes,Projectile strikes vessel off coast of UAE - as it happened,2026-03-22T03:17:20Z,9058
world/2026/mar/22/ukraine-war-briefing-us-ukrainian-negotiators-meet-in-florida-as-russian-attacks-kill-more-civilians,https://www.theguardian.com/world/2026/mar/22/ukraine-war-briefing-us-ukrainian-negotiators-meet-in-florida-as-russian-attacks-kill-more-civilians,"Ukraine war briefing: US, Ukrainian negotiators meet in Florida as Russian attacks kill more civilians",2026-03-22T02:10:06Z,504
music/2026/mar/22/bts-concert-arirang-kpop-fans-comeback-south-korea-seoul,https://www.theguardian.com/music/2026/mar/22/bts-concert-arirang-kpop-fans-comeback-south-korea-seoul,‘So awesome’: BTS fans on K-pop’s biggest comeback,2026-03-22T00:32:32Z,1140
commentisfree/2026/mar/22/iran-war-middle-east-fuel-crisis-australia-inflation,https://www.theguardian.com/commentisfree/2026/mar/22/iran-war-middle-east-fuel-crisis-australia-inflation,The Iran crisis is hurting Australians’ hip pockets and driving inflation. It’s time for a windfall fossil fuel tax ,2026-03-21T19:01:01Z,853
world/2026/mar/21/iran-reportedly-fires-missiles-towards-uk-us-base-on-diego-garcia,https://www.theguardian.com/world/2026/mar/21/iran-reportedly-fires-missiles-towards-uk-us-base-on-diego-garcia,UK foreign secretary condemns Iran’s ‘reckless threats’ after strike towards US-UK base,2026-03-21T18:56:10Z,1005
us-news/2026/mar/21/robert-mueller-special-counsel-trump-russia-dies,https://www.theguardian.com/us-news/2026/mar/21/robert-mueller-special-counsel-trump-russia-dies,"Robert Mueller, special counsel who investigated Trump-Russia ties, dies at 81",2026-03-21T18:50:24Z,924
money/2026/mar/21/liquid-gold-heating-oil-thefts-rise-in-northern-ireland-as-iran-war-sends-prices-soaring,https://www.theguardian.com/money/2026/mar/21/liquid-gold-heating-oil-thefts-rise-in-northern-ireland-as-iran-war-sends-prices-soaring,‘Liquid gold’: heating oil thefts rise in Northern Ireland as Iran war sends prices soaring,2026-03-21T14:00:53Z,608
world/2026/mar/20/uk-ministers-begin-contingency-planning-amid-fears-for-economic-effects-of-iran-war,https://www.theguardian.com/world/2026/mar/20/uk-ministers-begin-contingency-planning-amid-fears-for-economic-effects-of-iran-war,Anger grows among UK ministers amid fears Iran war could jeopardise Britain’s fragile finances,2026-03-21T12:54:23Z,1268
football/2026/mar/21/chelsea-huddles-transfer-ban-problems,https://www.theguardian.com/football/2026/mar/21/chelsea-huddles-transfer-ban-problems,Chelsea’s pathetic fine for Abramovich-era payments puts Tierney row in shade,2026-03-21T08:00:46Z,1311
world/2026/mar/21/ukraine-war-briefing-children-ordered-to-leave-key-ukrainian-stronghold-as-russians-advance,https://www.theguardian.com/world/2026/mar/21/ukraine-war-briefing-children-ordered-to-leave-key-ukrainian-stronghold-as-russians-advance,Ukraine war briefing: Children ordered to leave key Ukrainian stronghold as Russians advance,2026-03-21T01:34:50Z,762
world/2026/mar/20/iran-war-shocks-across-globe-effects-key-takeaways,https://www.theguardian.com/world/2026/mar/20/iran-war-shocks-across-globe-effects-key-takeaways,How the Iran war has sent shocks rippling across the globe,2026-03-20T20:04:44Z,2483
politics/2026/mar/20/britain-defence-policy-military-power-world-stage,https://www.theguardian.com/politics/2026/mar/20/britain-defence-policy-military-power-world-stage,Is it time for the UK to acknowledge the ‘rhetoric to reality gap’ on its military power?,2026-03-20T18:50:04Z,1196
commentisfree/2026/mar/20/the-guardian-view-on-anonymity-in-art-the-unmasking-of-banksy-and-ferrante-should-stop,https://www.theguardian.com/commentisfree/2026/mar/20/the-guardian-view-on-anonymity-in-art-the-unmasking-of-banksy-and-ferrante-should-stop,The Guardian view on anonymity in art: the ‘unmasking’ of Banksy and Ferrante should stop,2026-03-20T18:25:30Z,615
commentisfree/2026/mar/20/attack-uk-us-europe-netanyahu-jews-violence-antisemitism,https://www.theguardian.com/commentisfree/2026/mar/20/attack-uk-us-europe-netanyahu-jews-violence-antisemitism,"Attacks on synagogues and Jewish shops in the UK, Europe and the US don’t hurt Netanyahu. They just hurt ordinary Jews ",2026-03-20T18:13:17Z,1445
business/2026/mar/20/lowering-speed-limits-uk-oil-iea-iran-war,https://www.theguardian.com/business/2026/mar/20/lowering-speed-limits-uk-oil-iea-iran-war,Lowering speed limits among contingency plans to curb UK oil demand,2026-03-20T18:10:07Z,1120
world/live/2026/mar/20/spain-tax-france-elections-pope-leo-eu-iran-war-energy-costs-europe-latest-news-updates,https://www.theguardian.com/world/live/2026/mar/20/spain-tax-france-elections-pope-leo-eu-iran-war-energy-costs-europe-latest-news-updates,Nato relocates personnel from Iraq mission to Europe amid conflict in Middle East – as it happened,2026-03-20T16:12:23Z,4100
sport/2026/mar/20/hodgkinson-shrugs-off-kit-mishap-to-cruise-into-world-indoor-semi-finals,https://www.theguardian.com/sport/2026/mar/20/hodgkinson-shrugs-off-kit-mishap-to-cruise-into-world-indoor-semi-finals,Hodgkinson shrugs off kit mishap to cruise into world indoor 800m semi-finals,2026-03-20T14:44:06Z,544
world/2026/mar/20/the-weakest-link-australias-submarine-hopes-depend-on-the-uk-but-britannia-no-longer-rules-the-waves,https://www.theguardian.com/world/2026/mar/20/the-weakest-link-australias-submarine-hopes-depend-on-the-uk-but-britannia-no-longer-rules-the-waves,The weakest link: Australia’s submarine hopes depend on the UK – but Britannia no longer rules the waves,2026-03-20T14:00:26Z,1996
commentisfree/2026/mar/20/home-country-war-neutrality-middle-east,https://www.theguardian.com/commentisfree/2026/mar/20/home-country-war-neutrality-middle-east,"When your home country is ravaged by war, is it possible to stay neutral?",2026-03-20T14:00:25Z,859
uk-news/2026/mar/20/digested-week-hegseth-chides-media-focus-iran-strategy,https://www.theguardian.com/uk-news/2026/mar/20/digested-week-hegseth-chides-media-focus-iran-strategy,Digested week: Hegseth chides media for focusing on trivial issue of his Iran strategy,2026-03-20T13:01:55Z,1679
us-news/2026/mar/20/iran-war-us-farming-impact,https://www.theguardian.com/us-news/2026/mar/20/iran-war-us-farming-impact,‘It’s not sustainable’: US farmers reeling as Iran war pushes fertilizer costs up,2026-03-20T11:00:35Z,1881
stage/2026/mar/20/living-review-playhouse-sheffield-leo-butler,https://www.theguardian.com/stage/2026/mar/20/living-review-playhouse-sheffield-leo-butler,Living review – family saga races through six decades of life in Sheffield,2026-03-20T10:43:52Z,373
world/2026/mar/20/hungary-officials-gave-ukrainian-forced-injection-after-bank-vehicles-raid-sources-say,https://www.theguardian.com/world/2026/mar/20/hungary-officials-gave-ukrainian-forced-injection-after-bank-vehicles-raid-sources-say,Hungary officials ‘gave Ukrainian forced injection’ after raid on bank vehicles,2026-03-20T10:18:53Z,1086
business/2026/mar/20/ncp-car-park-operator-high-charges-administration-debt,https://www.theguardian.com/business/2026/mar/20/ncp-car-park-operator-high-charges-administration-debt,"High charges, poor service: NCP hits the skids as drivers change habits",2026-03-20T06:00:11Z,982
us-news/live/2026/mar/19/donald-trump-iran-bondi-epstein-mullin-japan-takaichi-save-voter-id-latest-news-updates,https://www.theguardian.com/us-news/live/2026/mar/19/donald-trump-iran-bondi-epstein-mullin-japan-takaichi-save-voter-id-latest-news-updates,Japanese prime minister explains to Trump that her country cannot join his Iran war – as it happened,2026-03-20T01:59:49Z,8041
world/2026/mar/20/ukraine-war-briefing-eu-president-von-der-leyen-vows-to-pay-loan-to-kyiv-despite-block-by-hungary,https://www.theguardian.com/world/2026/mar/20/ukraine-war-briefing-eu-president-von-der-leyen-vows-to-pay-loan-to-kyiv-despite-block-by-hungary,Ukraine war briefing: EU president von der Leyen vows to pay loan to Kyiv despite block by Hungary,2026-03-20T00:41:04Z,462
world/2026/mar/19/hungary-orban-ukraine-loan-veto-eu-summit-europe,https://www.theguardian.com/world/2026/mar/19/hungary-orban-ukraine-loan-veto-eu-summit-europe,Viktor Orbán refuses to agree to €90bn loan for Ukraine as EU leaders accuse him of betrayal,2026-03-20T00:07:21Z,1031
football/2026/mar/20/premier-league-and-carabao-cup-things-to-look-out-for-this-weekend,https://www.theguardian.com/football/2026/mar/20/premier-league-and-carabao-cup-things-to-look-out-for-this-weekend,Premier League and Carabao Cup: things to look out for this weekend,2026-03-20T00:00:04Z,1583
business/nils-pratley-on-finance/2026/mar/19/markets-keep-the-faith-but-oil-staying-at-100-could-test-that-optimism,https://www.theguardian.com/business/nils-pratley-on-finance/2026/mar/19/markets-keep-the-faith-but-oil-staying-at-100-could-test-that-optimism,Markets keep the faith – but oil staying above $100 could test that optimism,2026-03-19T18:57:07Z,559
global-development/2026/mar/19/poorest-countries-lose-uk-aid-56-per-cent-budget-cut,https://www.theguardian.com/global-development/2026/mar/19/poorest-countries-lose-uk-aid-56-per-cent-budget-cut,Some of the world’s poorest countries to lose UK aid due to 56% budget cut,2026-03-19T18:46:36Z,1051
world/2026/mar/19/concerns-over-role-ex-putin-interpreter-hungary-daria-boyarskaya,https://www.theguardian.com/world/2026/mar/19/concerns-over-role-ex-putin-interpreter-hungary-daria-boyarskaya,Concerns raised over ex-Putin interpreter’s key role in monitoring Hungary vote,2026-03-19T17:05:12Z,971
business/live/2026/mar/19/bank-of-england-interest-rates-decision-hold-inflation-oil-gas-iran-wage-growth-slows-latest-news-updates,https://www.theguardian.com/business/live/2026/mar/19/bank-of-england-interest-rates-decision-hold-inflation-oil-gas-iran-wage-growth-slows-latest-news-updates,"Bank of England tipped to raise UK interest rates twice this year to fight inflation shock from Middle East crisis, as oil and gas prices rise – as it happened",2026-03-19T16:44:42Z,7665
world/live/2026/mar/19/europe-ukraine-russian-eu-loan-orban-hungary-tariffs-iran-nato-latest-news-updates,https://www.theguardian.com/world/live/2026/mar/19/europe-ukraine-russian-eu-loan-orban-hungary-tariffs-iran-nato-latest-news-updates,No breakthrough on Hungary’s veto of EU’s €90bn loan to Ukraine – as it happened,2026-03-19T16:17:36Z,4645
global-development/2026/mar/19/uk-spend-more-defence-security-threats-conflict-less-aid-labour-values-responsibilities,https://www.theguardian.com/global-development/2026/mar/19/uk-spend-more-defence-security-threats-conflict-less-aid-labour-values-responsibilities,Spending more on defence and less on aid does not mean walking away from our values and responsibilities – here’s why,2026-03-19T12:20:16Z,977
business/2026/mar/19/bp-sell-german-oil-refinery-gelsenkirchen-klesch-group-london-hq,https://www.theguardian.com/business/2026/mar/19/bp-sell-german-oil-refinery-gelsenkirchen-klesch-group-london-hq,BP to sell German oil refinery as part of $20bn cost-cutting plan,2026-03-19T11:20:54Z,546
commentisfree/2026/mar/19/oil-crisis-research-rich-costs-wealth-redistribute,https://www.theguardian.com/commentisfree/2026/mar/19/oil-crisis-research-rich-costs-wealth-redistribute,We can tell you who will really get rich from this oil crisis – and how we can stop them,2026-03-19T10:00:04Z,1280
environment/2026/mar/19/uk-cut-climate-aid-budget-developing-countries-refocus,https://www.theguardian.com/environment/2026/mar/19/uk-cut-climate-aid-budget-developing-countries-refocus,UK to cut climate aid to developing countries by 14% to £2bn a year in ‘refocus’,2026-03-19T07:00:02Z,718
australia-news/2026/mar/19/power-bills-on-australias-east-coast-expected-to-fall-by-up-to-10-from-july-bringing-welcome-relief,https://www.theguardian.com/australia-news/2026/mar/19/power-bills-on-australias-east-coast-expected-to-fall-by-up-to-10-from-july-bringing-welcome-relief,"Power prices expected to fall by up to 10% from July, bringing ‘welcome relief’ to Australia’s east coast",2026-03-19T06:06:12Z,629
world/live/2026/mar/18/iran-war-live-updates-oil-prices-hormuz-trump-larijani-key-leader-killed-israel-strikes,https://www.theguardian.com/world/live/2026/mar/18/iran-war-live-updates-oil-prices-hormuz-trump-larijani-key-leader-killed-israel-strikes,Cathay Pacific suspends flights to and from Dubai until end of April – as it happened,2026-03-19T03:43:15Z,11810
us-news/live/2026/mar/18/donald-trump-iran-war-markwayne-mullin-security-immigration-intelligence-federal-reserve-interest-rates-latest-news-updates,https://www.theguardian.com/us-news/live/2026/mar/18/donald-trump-iran-war-markwayne-mullin-security-immigration-intelligence-federal-reserve-interest-rates-latest-news-updates,Senate Republicans vote down Democrats’ war powers resolution to check Trump on Iran – as it happened,2026-03-19T02:09:00Z,9032
world/2026/mar/19/ukraine-war-briefing-ukraine-strikes-russian-aircraft-sites-800km-from-border,https://www.theguardian.com/world/2026/mar/19/ukraine-war-briefing-ukraine-strikes-russian-aircraft-sites-800km-from-border,Ukraine war briefing: Ukraine strikes Russian aircraft sites 800km from border,2026-03-19T01:10:45Z,778
australia-news/2026/mar/19/australia-fuel-energy-solutions-foreign-oil-reliance-prices,https://www.theguardian.com/australia-news/2026/mar/19/australia-fuel-energy-solutions-foreign-oil-reliance-prices,Australia is too dependent on fuel imports – what could be done about it? ,2026-03-18T23:00:51Z,1313
environment/2026/mar/18/damaged-russian-tanker-carrying-natural-gas-floats-into-libyan-waters,https://www.theguardian.com/environment/2026/mar/18/damaged-russian-tanker-carrying-natural-gas-floats-into-libyan-waters,Damaged Russian tanker carrying natural gas floats into Libyan waters,2026-03-18T18:51:03Z,350
world/2026/mar/18/canada-in-push-for-joint-g7-and-middle-east-effort-to-de-escalating-iran-war,https://www.theguardian.com/world/2026/mar/18/canada-in-push-for-joint-g7-and-middle-east-effort-to-de-escalating-iran-war,Canada in push for joint G7 and Middle East effort to de-escalate Iran war,2026-03-18T18:38:09Z,728
world/2026/mar/17/uk-prepares-to-sue-abramovich-over-24bn-proceeds-of-chelsea-fc-sale,https://www.theguardian.com/world/2026/mar/17/uk-prepares-to-sue-abramovich-over-24bn-proceeds-of-chelsea-fc-sale,UK prepares to sue Abramovich over £2.4bn proceeds of Chelsea FC sale,2026-03-18T17:10:27Z,486
world/2026/mar/18/we-cant-stand-by-while-children-are-killed-in-war,https://www.theguardian.com/world/2026/mar/18/we-cant-stand-by-while-children-are-killed-in-war,We can’t stand by while children are killed in war,2026-03-18T16:51:07Z,385
politics/live/2026/mar/18/angela-rayner-andy-burnham-labour-keir-starmer-kemi-badenoch-pmqs-uk-politics-latest-news-updates,https://www.theguardian.com/politics/live/2026/mar/18/angela-rayner-andy-burnham-labour-keir-starmer-kemi-badenoch-pmqs-uk-politics-latest-news-updates,Starmer says Tory shadow minister should be sacked for criticism of Muslims praying in Trafalgar Square – as it happened,2026-03-18T16:31:03Z,8795
world/2026/mar/18/viktor-orban-hungary-parliamentary-election-eu-ukraine,https://www.theguardian.com/world/2026/mar/18/viktor-orban-hungary-parliamentary-election-eu-ukraine, The EU’s Hungary problem won’t be solved even if Viktor Orbán is ousted,2026-03-18T15:33:35Z,1116
commentisfree/2026/mar/18/donald-trum-nato-gulf-war-europe-iran-vladimir-putin,https://www.theguardian.com/commentisfree/2026/mar/18/donald-trum-nato-gulf-war-europe-iran-vladimir-putin,Trump wants to strongarm Nato into a new Gulf war. Here’s why Europe must resist,2026-03-18T14:30:40Z,814
business/grogonomics/2026/mar/19/australian-government-gas-industry-iran-war-fuel-crisis,https://www.theguardian.com/business/grogonomics/2026/mar/19/australian-government-gas-industry-iran-war-fuel-crisis,Never waste a fuel crisis: the Albanese government must seize the moment and start taxing gas companies,2026-03-18T14:00:41Z,987
world/2026/mar/18/pro-kremlin-loyalist-turns-on-putin-ilya-remeslo-russia,https://www.theguardian.com/world/2026/mar/18/pro-kremlin-loyalist-turns-on-putin-ilya-remeslo-russia,‘Put him on trial’: pro-Kremlin loyalist turns on Putin in rare outburst,2026-03-18T13:39:58Z,897
commentisfree/2026/mar/18/britain-needs-diplomats-more-than-ever-world,https://www.theguardian.com/commentisfree/2026/mar/18/britain-needs-diplomats-more-than-ever-world,"In a dangerous world, Britain needs its diplomats more than ever – this is no time to axe them",2026-03-18T13:00:23Z,920
film/2026/mar/18/sean-penn-oscar-ukrainian-rail-carriage-zelenskyy,https://www.theguardian.com/film/2026/mar/18/sean-penn-oscar-ukrainian-rail-carriage-zelenskyy,Sean Penn receives ‘Oscar’ made from damaged Ukrainian rail carriage after Zelenskyy meeting,2026-03-18T11:10:22Z,292
commentisfree/2026/mar/18/raise-interest-rates-us-war-iran-price-controls-public-ownership,https://www.theguardian.com/commentisfree/2026/mar/18/raise-interest-rates-us-war-iran-price-controls-public-ownership,Interest rates are not the tool to solve the inflation caused by the US’s war with Iran,2026-03-18T11:00:40Z,985
books/2026/mar/18/climate-fiction-prize-book-finalists-madeleine-thien-robbie-arnott,https://www.theguardian.com/books/2026/mar/18/climate-fiction-prize-book-finalists-madeleine-thien-robbie-arnott,Climate fiction prize announces finalists including Madeleine Thien and Robbie Arnott,2026-03-18T08:00:27Z,516
australia-news/live/2026/mar/18/australia-news-live-trump-iran-nato-hormuz-interest-rates-rba-cost-of-living-jim-chalmers-economy-fuel-price-crisis-ntwnfb,https://www.theguardian.com/australia-news/live/2026/mar/18/australia-news-live-trump-iran-nato-hormuz-interest-rates-rba-cost-of-living-jim-chalmers-economy-fuel-price-crisis-ntwnfb,PM calls national cabinet meeting over fuel crisis – as it happened,2026-03-18T07:13:37Z,8588
money/2026/mar/18/energy-bills-uk-government-urged-to-launch-social-tariff-to-help-vulnerable-households,https://www.theguardian.com/money/2026/mar/18/energy-bills-uk-government-urged-to-launch-social-tariff-to-help-vulnerable-households,Energy bills: UK government urged to launch ‘social tariff’ to help vulnerable households,2026-03-18T06:00:25Z,732
world/2026/mar/18/ignorance-misunderstanding-obfuscation-iran-nuclear-talks-trump,https://www.theguardian.com/world/2026/mar/18/ignorance-misunderstanding-obfuscation-iran-nuclear-talks-trump,"How ignorance, misunderstanding and obfuscation ended Iran nuclear talks",2026-03-18T05:00:22Z,1709
world/live/2026/mar/17/iran-war-live-updates-news-israel-trump-strikes-us-embassy-baghdad-strait-of-hormuz-middle-east-latest,https://www.theguardian.com/world/live/2026/mar/17/iran-war-live-updates-news-israel-trump-strikes-us-embassy-baghdad-strait-of-hormuz-middle-east-latest,Iran says it will retaliate after key figure killed – as it happened ,2026-03-18T02:49:48Z,12553
culture/2026/mar/18/banksy-identity-revealed-real-name-bristol-born-man-reuters-investigation,https://www.theguardian.com/culture/2026/mar/18/banksy-identity-revealed-real-name-bristol-born-man-reuters-investigation,Banksy has been unmasked (again). But does this major Reuters investigation actually tell us something new?,2026-03-18T02:36:05Z,739
us-news/live/2026/mar/17/us-senate-voter-id-donald-trump-iran-hormuz-latest-news-updates,https://www.theguardian.com/us-news/live/2026/mar/17/us-senate-voter-id-donald-trump-iran-hormuz-latest-news-updates,"Tulsi Gabbard, who warned of war with Iran, now defends Trump’s decision to attack – as it happened",2026-03-18T02:04:56Z,7990
world/2026/mar/18/ukraine-war-briefing-kyiv-deploys-200-anti-drone-experts-to-middle-east,https://www.theguardian.com/world/2026/mar/18/ukraine-war-briefing-kyiv-deploys-200-anti-drone-experts-to-middle-east,Ukraine war briefing: Kyiv deploys 200 anti-drone experts to Middle East,2026-03-18T01:56:20Z,670
business/2026/mar/17/rachel-reeves-plans-regional-national-tax-revenues-mais-lecture,https://www.theguardian.com/business/2026/mar/17/rachel-reeves-plans-regional-national-tax-revenues-mais-lecture,Reeves plans to give England’s regional leaders a share of national tax revenues,2026-03-18T00:01:18Z,843
us-news/2026/mar/17/democrats-windfall-tax-fossil-fuel-companies-iran-war,https://www.theguardian.com/us-news/2026/mar/17/democrats-windfall-tax-fossil-fuel-companies-iran-war,Democrats urge windfall tax as big oil set to make billions from Iran war,2026-03-17T20:24:32Z,865
world/2026/mar/17/europe-must-prepare-for-drone-strikes-volodymyr-zelenskyy,https://www.theguardian.com/world/2026/mar/17/europe-must-prepare-for-drone-strikes-volodymyr-zelenskyy,"Europe must prepare for drone strikes by terrorists and criminals, warns Zelenskyy",2026-03-17T19:38:59Z,478
politics/live/2026/mar/17/uk-us-starmer-trump-king-charles-state-visit-iran-war-zelenskyy-ukraine-latest-news-updates,https://www.theguardian.com/politics/live/2026/mar/17/uk-us-starmer-trump-king-charles-state-visit-iran-war-zelenskyy-ukraine-latest-news-updates,Zelenskyy says Europe is a ‘global force’ that can stand against any other power in address to MPs – as it happened,2026-03-17T18:22:47Z,8822
money/2026/mar/17/energy-minister-every-penny-levied-on-household-energy-bills-will-be-scrutinised,https://www.theguardian.com/money/2026/mar/17/energy-minister-every-penny-levied-on-household-energy-bills-will-be-scrutinised,Energy minister: ‘every penny’ levied on household energy bills will be scrutinised,2026-03-17T18:21:52Z,699
business/live/2026/mar/17/rachel-reeves-mais-lecture-ai-adoption-deeper-eu-ties-regional-growth-business-live-news-updates,https://www.theguardian.com/business/live/2026/mar/17/rachel-reeves-mais-lecture-ai-adoption-deeper-eu-ties-regional-growth-business-live-news-updates,"Rachel Reeves reveals push for fiscal devolution to English regions, says Brexit caused damage, and admits student loan system is ‘broken’ – as it happened",2026-03-17T17:44:22Z,6901
world/2026/mar/17/trumps-iran-war-has-no-ethical-or-legal-grounds,https://www.theguardian.com/world/2026/mar/17/trumps-iran-war-has-no-ethical-or-legal-grounds,Trump’s Iran war has no ethical or legal grounds,2026-03-17T17:29:43Z,674
commentisfree/2026/mar/17/rfk-jr-we-get-it-abs-slopaganda,https://www.theguardian.com/commentisfree/2026/mar/17/rfk-jr-we-get-it-abs-slopaganda,"We get it, RFK Jr: you have abs. Now enough with the slopaganda",2026-03-17T16:38:30Z,732
the-grid/2026/mar/17/how-big-tech-companies-are-securing-low-carbon-energy,https://www.theguardian.com/the-grid/2026/mar/17/how-big-tech-companies-are-securing-low-carbon-energy,From Amazon to Meta: how the world’s biggest companies are securing supplies of low-carbon energy,2026-03-17T15:01:56Z,824
environment/2026/mar/17/pakistan-people-led-solar-boom-middle-east-energy-crisis,https://www.theguardian.com/environment/2026/mar/17/pakistan-people-led-solar-boom-middle-east-energy-crisis,How Pakistan’s people-led solar boom is easing impact of Middle East energy crisis,2026-03-17T13:00:47Z,1106
music/2026/mar/17/avant-pop-star-mary-ocher-on-her-vociferous-politics-and-leaving-israel-behind,https://www.theguardian.com/music/2026/mar/17/avant-pop-star-mary-ocher-on-her-vociferous-politics-and-leaving-israel-behind,‘People say: be quiet and make your music’: avant-pop star Mary Ocher on her vociferous politics – and leaving Israel behind,2026-03-17T11:52:06Z,883
money/2026/mar/17/uk-energy-service-citizens-advice-ecotricity-outfox-octopus-co-operative,https://www.theguardian.com/money/2026/mar/17/uk-energy-service-citizens-advice-ecotricity-outfox-octopus-co-operative,UK energy: about 14m households getting ‘below-average’ service,2026-03-17T10:29:46Z,652
business/2026/mar/17/iran-war-energy-uk-europe-steel-chemicals,https://www.theguardian.com/business/2026/mar/17/iran-war-energy-uk-europe-steel-chemicals,‘Very damaging’: how the Iran war is hitting energy-intensive industries,2026-03-17T06:00:40Z,1464
global-development/2026/mar/17/atrocity-ai-slop-verify-facts-iran-minab-graves,https://www.theguardian.com/global-development/2026/mar/17/atrocity-ai-slop-verify-facts-iran-minab-graves,A photo of Iran’s bombed schoolgirl graveyard went viral. Why did AI say it wasn’t real?,2026-03-17T05:00:40Z,1457
world/live/2026/mar/16/iran-war-live-updates-news-oil-trump-hormuz-dubai-airport-israel-targets,https://www.theguardian.com/world/live/2026/mar/16/iran-war-live-updates-news-oil-trump-hormuz-dubai-airport-israel-targets,UAE reopens airspace after Iran attack – as it happened,2026-03-17T03:28:09Z,13117
world/2026/mar/17/ukraine-war-briefing-russia-agrees-stop-recruiting-kenyans,https://www.theguardian.com/world/2026/mar/17/ukraine-war-briefing-russia-agrees-stop-recruiting-kenyans,Ukraine war briefing: Russia agrees to stop recruiting Kenyans in fight against Kyiv,2026-03-17T00:48:45Z,637
football/2026/mar/16/the-premier-league-is-surprisingly-lenient-did-chelsea-get-off-lighly,https://www.theguardian.com/football/2026/mar/16/the-premier-league-is-surprisingly-lenient-did-chelsea-get-off-lighly,‘The Premier League is surprisingly lenient’: did Chelsea get off lightly?,2026-03-16T20:31:09Z,857
world/2026/mar/16/starmer-distances-uk-from-iran-war-as-eu-leaders-rule-out-sending-warships,https://www.theguardian.com/world/2026/mar/16/starmer-distances-uk-from-iran-war-as-eu-leaders-rule-out-sending-warships,Starmer distances UK from Iran war as EU leaders rule out sending warships,2026-03-16T19:29:20Z,985
politics/2026/mar/16/iran-war-cannot-be-windfall-for-putin-says-starmer-as-zelenskyy-arrives-in-uk,https://www.theguardian.com/politics/2026/mar/16/iran-war-cannot-be-windfall-for-putin-says-starmer-as-zelenskyy-arrives-in-uk,"Iran war cannot be ’windfall’ for Putin, says Starmer, as Zelenskyy arrives in UK",2026-03-16T19:14:17Z,522
politics/live/2026/mar/16/keir-starmer-donald-trump-iran-nato-oil-cost-of-living-latest-news-updates,https://www.theguardian.com/politics/live/2026/mar/16/keir-starmer-donald-trump-iran-nato-oil-cost-of-living-latest-news-updates,Trump says he is ‘not happy’ with UK as he criticises Starmer for being overly reliant on advisers – as it happened,2026-03-16T18:19:29Z,9173
commentisfree/2026/mar/16/iran-war-fuel-prices-economic-calamity-uk-politics,https://www.theguardian.com/commentisfree/2026/mar/16/iran-war-fuel-prices-economic-calamity-uk-politics,Trump’s war is bringing economic calamity to the UK – and another shock to our politics,2026-03-16T18:08:19Z,1050
world/2026/mar/16/donald-trump-nato-threats-glaring-absence-iran-strategy,https://www.theguardian.com/world/2026/mar/16/donald-trump-nato-threats-glaring-absence-iran-strategy,Trump’s threats to Nato reveal glaring absence of any strategy on Iran,2026-03-16T18:04:01Z,740
world/2026/mar/16/fuel-price-increases-we-would-like-to-hear-from-you,https://www.theguardian.com/world/2026/mar/16/fuel-price-increases-we-would-like-to-hear-from-you,Are fuel price increases making you cut back? We would like to hear from you,2026-03-16T17:08:53Z,336
world/2026/mar/16/belgian-pm-bart-de-wever-call-repair-relations-russia-energy-costs-condemned,https://www.theguardian.com/world/2026/mar/16/belgian-pm-bart-de-wever-call-repair-relations-russia-energy-costs-condemned,Belgian PM condemned over call to repair relations with Russia to ease energy costs,2026-03-16T16:38:11Z,548
film/2026/mar/16/one-no-show-after-another-sean-penn-oscar-winning-refuseniks-one-battle-after-another-best-supporting-actor,https://www.theguardian.com/film/2026/mar/16/one-no-show-after-another-sean-penn-oscar-winning-refuseniks-one-battle-after-another-best-supporting-actor,One no-show after another: Sean Penn joins an exclusive band of Oscar-winning refuseniks,2026-03-16T16:05:51Z,799
commentisfree/2026/mar/16/iran-strait-of-hormuz-blockade-trump-israel,https://www.theguardian.com/commentisfree/2026/mar/16/iran-strait-of-hormuz-blockade-trump-israel,Iran’s Hormuz blockade is its most powerful card against Trump and Israel. It won’t back down easily,2026-03-16T15:49:46Z,918
world/2026/mar/16/africa-particularly-vulnerable-iran-conflict-disrupts-supply-chains,https://www.theguardian.com/world/2026/mar/16/africa-particularly-vulnerable-iran-conflict-disrupts-supply-chains,"Africa particularly vulnerable as Iran conflict disrupts supply chains, say experts",2026-03-16T12:03:00Z,603
world/2026/mar/16/oil-prices-rise-after-trump-claims-us-totally-demolished-irans-vital-kharg-island-export-hub,https://www.theguardian.com/world/2026/mar/16/oil-prices-rise-after-trump-claims-us-totally-demolished-irans-vital-kharg-island-export-hub,Oil prices rise after Trump claims US ‘totally demolished’ Iran’s Kharg Island export hub,2026-03-16T10:35:30Z,593
books/2026/mar/16/london-book-fair-roundup-idris-elbas-thriller-deal-the-rise-of-romcom-and-fights-against-censorship,https://www.theguardian.com/books/2026/mar/16/london-book-fair-roundup-idris-elbas-thriller-deal-the-rise-of-romcom-and-fights-against-censorship,"London book fair roundup: Idris Elba’s thriller deal, the rise of romcom, and fights against censorship",2026-03-16T10:22:29Z,877
world/2026/mar/16/strait-of-hormuz-australia-japan-no-ships,https://www.theguardian.com/world/2026/mar/16/strait-of-hormuz-australia-japan-no-ships,Trump steps up pressure on European allies to help protect strait of Hormuz,2026-03-16T10:07:23Z,1065
film/2026/mar/16/orwell-went-off-to-fight-i-thought-id-have-to-do-the-same-raoul-peck-on-his-intimate-connection-with-the-writer,https://www.theguardian.com/film/2026/mar/16/orwell-went-off-to-fight-i-thought-id-have-to-do-the-same-raoul-peck-on-his-intimate-connection-with-the-writer,‘Orwell went off to fight. I thought I’d have to do the same’: Raoul Peck on his intimate connection with the writer,2026-03-16T05:00:09Z,1508
film/2026/mar/15/oscars-2026-what-to-know-wins-loss,https://www.theguardian.com/film/2026/mar/15/oscars-2026-what-to-know-wins-loss,"Key takeaways from Oscars 2026: horror wins, tech loses and politics is hard to ignore",2026-03-16T04:56:10Z,2339
film/2026/mar/15/how-oscars-2026-got-political-palestine-ice,https://www.theguardian.com/film/2026/mar/15/how-oscars-2026-got-political-palestine-ice,Free Palestine and ICE out: how this year’s Oscars got political,2026-03-16T03:55:40Z,1306
world/live/2026/mar/15/iran-war-news-live-updates-us-israel-middle-east-crisis-latest-kharg-island,https://www.theguardian.com/world/live/2026/mar/15/iran-war-news-live-updates-us-israel-middle-east-crisis-latest-kharg-island,Iranian foreign minister claims Israeli strikes on fuel depots are ‘ecocide’ – as it happened,2026-03-16T03:17:48Z,13084
world/2026/mar/16/ukraine-war-briefing-zelenskyy-wants-new-system-to-control-ukraine-drone-sales,https://www.theguardian.com/world/2026/mar/16/ukraine-war-briefing-zelenskyy-wants-new-system-to-control-ukraine-drone-sales,Ukraine war briefing: Zelenskyy wants new system to control Ukraine drone sales ,2026-03-16T01:32:01Z,599
film/2026/mar/16/mr-nobody-against-putin-wins-the-best-documentary-oscar,https://www.theguardian.com/film/2026/mar/16/mr-nobody-against-putin-wins-the-best-documentary-oscar,Mr Nobody Against Putin wins the best documentary Oscar,2026-03-16T01:19:01Z,365
world/2026/mar/15/uk-plans-minesweeping-drones-help-reopen-strait-hormuz,https://www.theguardian.com/world/2026/mar/15/uk-plans-minesweeping-drones-help-reopen-strait-hormuz,UK plans to send minesweeping drones to help reopen strait of Hormuz ,2026-03-15T22:30:01Z,870
sport/2026/mar/15/winter-paralympics-milano-cortina-closing-ceremony-countries-audience-controversy,https://www.theguardian.com/sport/2026/mar/15/winter-paralympics-milano-cortina-closing-ceremony-countries-audience-controversy,"More countries, bigger audience but controversy lingered in Milano Cortina",2026-03-15T20:59:15Z,833
business/2026/mar/15/oil-company-shares-soar-to-all-time-highs-as-middle-east-war-turbocharges-price-per-barrel,https://www.theguardian.com/business/2026/mar/15/oil-company-shares-soar-to-all-time-highs-as-middle-east-war-turbocharges-price-per-barrel,Oil company shares soar to all-time highs as Middle East war turbocharges price per barrel,2026-03-15T16:59:32Z,533
us-news/ng-interactive/2026/mar/15/ai-defense-warfare-companies,https://www.theguardian.com/us-news/ng-interactive/2026/mar/15/ai-defense-warfare-companies,"These aren’t AI firms, they’re defense contractors. We can’t let them hide behind their models",2026-03-15T13:00:24Z,2738
commentisfree/2026/mar/15/billionaire-curb-power-movement,https://www.theguardian.com/commentisfree/2026/mar/15/billionaire-curb-power-movement,America needs a movement to curb billionaires’ power ,2026-03-15T11:00:24Z,1958
commentisfree/2026/mar/15/oscars-us-crisis-film,https://www.theguardian.com/commentisfree/2026/mar/15/oscars-us-crisis-film,The Oscars feel silly in an era of endless crisis. But film still matters,2026-03-15T10:00:22Z,1088
business/2026/mar/15/energy-price-surge-britain-chemical-plant-risk-huntsman,https://www.theguardian.com/business/2026/mar/15/energy-price-surge-britain-chemical-plant-risk-huntsman,One of Britain’s last major chemical plants at risk as energy prices surge,2026-03-15T10:00:21Z,779
news/ng-interactive/2026/mar/15/my-dear-son-the-ukrainian-soldier-who-came-back-from-the-dead-nazar-daletskyi,https://www.theguardian.com/news/ng-interactive/2026/mar/15/my-dear-son-the-ukrainian-soldier-who-came-back-from-the-dead-nazar-daletskyi,‘My dear son’: the Ukrainian soldier who came back from the dead,2026-03-15T06:00:17Z,1690
politics/2026/mar/15/uk-needs-nuclear-deterrent-independent-from-us-ed-davey-to-say,https://www.theguardian.com/politics/2026/mar/15/uk-needs-nuclear-deterrent-independent-from-us-ed-davey-to-say,"UK needs nuclear deterrent independent from US, Ed Davey to say",2026-03-15T06:00:17Z,680
world/live/2026/mar/14/middle-east-crisis-live-iran-warns-of-retaliation-after-trump-says-military-targets-on-kharg-island-obliterated,https://www.theguardian.com/world/live/2026/mar/14/middle-east-crisis-live-iran-warns-of-retaliation-after-trump-says-military-targets-on-kharg-island-obliterated,President renews call for allies to secure strait of Hormuz – as it happened,2026-03-15T01:58:40Z,8327
world/2026/mar/15/ukraine-war-briefing-six-people-killed-as-russia-unleashes-missile-and-drone-attacks-officials-say,https://www.theguardian.com/world/2026/mar/15/ukraine-war-briefing-six-people-killed-as-russia-unleashes-missile-and-drone-attacks-officials-say,"Ukraine war briefing: six people killed as Russia unleashes missile and drone attacks, officials say",2026-03-15T01:50:34Z,466
business/2026/mar/15/rate-rises-helium-shortages-ev-sales-spikes-how-is-the-disruption-in-irans-strait-of-hormuz-affecting-australia,https://www.theguardian.com/business/2026/mar/15/rate-rises-helium-shortages-ev-sales-spikes-how-is-the-disruption-in-irans-strait-of-hormuz-affecting-australia,"Rate rises, helium shortages, EV sales spikes: how is the disruption in Iran’s strait of Hormuz affecting Australia?",2026-03-14T19:00:03Z,1114
world/2026/mar/14/jurgen-habermas-german-philosopher-and-sociologist-dies-aged-96,https://www.theguardian.com/world/2026/mar/14/jurgen-habermas-german-philosopher-and-sociologist-dies-aged-96,"Jürgen Habermas, German philosopher and sociologist, dies aged 96",2026-03-14T16:57:00Z,723
business/2026/mar/14/farmers-struggle-iran-war-drives-up-costs-fuel-fertiliser,https://www.theguardian.com/business/2026/mar/14/farmers-struggle-iran-war-drives-up-costs-fuel-fertiliser,‘The sums don’t add up’: UK farmers struggle as Iran war drives up costs,2026-03-14T12:00:18Z,1264
world/2026/mar/14/cnn-frederik-pleitgen-journalist-iran,https://www.theguardian.com/world/2026/mar/14/cnn-frederik-pleitgen-journalist-iran,CNN’s Frederik Pleitgen on being the only US network reporter in Iran: ‘It’s obviously a big responsibility’,2026-03-14T11:00:17Z,1301
world/2026/mar/14/negatives-are-photographic-truths-the-collector-who-fled-russia-with-a-haul-of-second-world-war-images,https://www.theguardian.com/world/2026/mar/14/negatives-are-photographic-truths-the-collector-who-fled-russia-with-a-haul-of-second-world-war-images,‘Negatives are photographic truths’: the collector who fled Russia with a haul of second world war images,2026-03-14T11:00:17Z,1469
politics/2026/mar/14/yvette-cooper-uk-foreign-secretary-iran-us-war,https://www.theguardian.com/politics/2026/mar/14/yvette-cooper-uk-foreign-secretary-iran-us-war,Foreign secretary Yvette Cooper: ‘Making decisions based on what the US do or say doesn’t feel like sensible foreign policy’,2026-03-14T06:00:14Z,5334
world/live/2026/mar/13/iran-war-news-live-updates-us-israel-middle-east-crisis-latest,https://www.theguardian.com/world/live/2026/mar/13/iran-war-news-live-updates-us-israel-middle-east-crisis-latest,Oil targets in spotlight as Iran war enters second week – as it happened ,2026-03-14T03:59:57Z,12507
world/2026/mar/14/ukraine-war-briefing-war-in-the-middle-east-is-bad-news-for-ukraine-says-zelenskyy,https://www.theguardian.com/world/2026/mar/14/ukraine-war-briefing-war-in-the-middle-east-is-bad-news-for-ukraine-says-zelenskyy,"Ukraine war briefing: War in the Middle East is bad news for Ukraine, says Zelenskyy",2026-03-14T03:54:57Z,709
us-news/live/2026/mar/13/donald-trump-iran-military-hegseth-caine-immigration-voter-id-latest-news-updates,https://www.theguardian.com/us-news/live/2026/mar/13/donald-trump-iran-military-hegseth-caine-immigration-voter-id-latest-news-updates,Fox News host urged Trump to seize Kharg Island ahead of US strikes – as it happened,2026-03-14T02:05:20Z,8174
world/2026/mar/13/iran-war-oil-prices-russian-sanctions-lifted,https://www.theguardian.com/world/2026/mar/13/iran-war-oil-prices-russian-sanctions-lifted,Europe rebukes US for temporarily lifting sanctions on Russian oil,2026-03-13T18:33:27Z,919
commentisfree/2026/mar/13/the-guardian-view-on-the-iran-war-and-international-law-its-worse-than-a-mistake-its-a,https://www.theguardian.com/commentisfree/2026/mar/13/the-guardian-view-on-the-iran-war-and-international-law-its-worse-than-a-mistake-its-a,The Guardian view on the Iran war and international law: it’s worse than a mistake; it’s a crime,2026-03-13T18:08:22Z,587
commentisfree/2026/mar/13/donald-trump-iran-war-total-disaster,https://www.theguardian.com/commentisfree/2026/mar/13/donald-trump-iran-war-total-disaster,"Even taking Trump’s confused reasons for the Iran war at face value, it’s still a total disaster",2026-03-13T17:18:58Z,1403
business/live/2026/mar/13/uk-gdp-report-economy-growing-iran-energy-shock-rachel-reeves-us-consumer-confidence-news-updates,https://www.theguardian.com/business/live/2026/mar/13/uk-gdp-report-economy-growing-iran-energy-shock-rachel-reeves-us-consumer-confidence-news-updates,Oil price shock likely to ‘push the UK economy into recession’; US growth revised down – as it happened,2026-03-13T16:57:41Z,5590
politics/live/2026/mar/13/reeves-vows-to-crack-down-on-energy-and-fuel-bosses-exploiting-britons-through-rip-off-prices-uk-politics-live,https://www.theguardian.com/politics/live/2026/mar/13/reeves-vows-to-crack-down-on-energy-and-fuel-bosses-exploiting-britons-through-rip-off-prices-uk-politics-live,Starmer says government will step in if fuel companies rip off customers as trade body U-turns on decision not to meet Reeves – as it happened,2026-03-13T16:40:17Z,3920
us-news/2026/mar/13/detroit-michigan-gas-prices,https://www.theguardian.com/us-news/2026/mar/13/detroit-michigan-gas-prices,‘I don’t give a shit about Iran. I don’t want to pay higher gas’: Motor City motorists feel pinch as gas prices surge,2026-03-13T13:00:51Z,1033
australia-news/live/2026/mar/13/iran-war-politics-market-reactions-anthony-albanese-labor-angus-taylor-liberals-matt-canavan-nationals-ntwnfb,https://www.theguardian.com/australia-news/live/2026/mar/13/iran-war-politics-market-reactions-anthony-albanese-labor-angus-taylor-liberals-matt-canavan-nationals-ntwnfb,Pocock repeats calls for 25% tax on gas exports – as it happened,2026-03-13T07:04:13Z,7733
world/2026/mar/13/unfamiliar-netflix-germany-spy-agency-bnd,https://www.theguardian.com/world/2026/mar/13/unfamiliar-netflix-germany-spy-agency-bnd,Hit Netflix series has Germany’s spy agency dreaming of a less gaffe-prone future,2026-03-13T07:00:43Z,1116
environment/2026/mar/13/fixing-the-same-issue-first-big-oil-crisis-middle-eastern-wars,https://www.theguardian.com/environment/2026/mar/13/fixing-the-same-issue-first-big-oil-crisis-middle-eastern-wars,Do we want to keep fixing the same issue? Unlearned lessons from the first big oil crisis,2026-03-13T06:00:43Z,1609
commentisfree/2026/mar/13/uk-energy-prices-soaring-war-iran-fossil-fuel-north-sea,https://www.theguardian.com/commentisfree/2026/mar/13/uk-energy-prices-soaring-war-iran-fossil-fuel-north-sea,UK energy prices are soaring – and propagandists want to sell you a false reason why,2026-03-13T06:00:43Z,1109
world/2026/mar/13/everything-is-a-political-weapon-since-trumps-re-election-says-germanys-ex-economy-minister,https://www.theguardian.com/world/2026/mar/13/everything-is-a-political-weapon-since-trumps-re-election-says-germanys-ex-economy-minister,"Everything is a political weapon since Trump’s re-election, says Germany’s ex-economy minister",2026-03-13T06:00:41Z,900
us-news/2026/mar/13/trump-news-at-a-glance-briefing-latest-updates,https://www.theguardian.com/us-news/2026/mar/13/trump-news-at-a-glance-briefing-latest-updates,Trump news at a glance: president shrugs off highest gas prices in years,2026-03-13T04:30:31Z,696
world/live/2026/mar/12/iran-war-live-updates-oil-trump-middle-east-crisis-israel-lebanon-iraq-latest-news,https://www.theguardian.com/world/live/2026/mar/12/iran-war-live-updates-oil-trump-middle-east-crisis-israel-lebanon-iraq-latest-news,"Top Iranian nuclear scientists killed, Israel says – as it happened",2026-03-13T02:32:34Z,10945
us-news/live/2026/mar/12/republicans-trump-iran-senate-majority-leader-john-thune-voter-id-bill-save-america-act-politics-live-news-updates,https://www.theguardian.com/us-news/live/2026/mar/12/republicans-trump-iran-senate-majority-leader-john-thune-voter-id-bill-save-america-act-politics-live-news-updates,Senate again fails to pass homeland security funding as department shutdown nears one month – as it happened,2026-03-13T02:02:20Z,7502
world/2026/mar/13/ukraine-war-briefing-putin-envoy-says-us-better-understands-importance-of-russian-oil-amid-energy-crisis,https://www.theguardian.com/world/2026/mar/13/ukraine-war-briefing-putin-envoy-says-us-better-understands-importance-of-russian-oil-amid-energy-crisis,Ukraine war briefing: Putin envoy says US better understands importance of Russian oil amid energy crisis,2026-03-13T01:29:13Z,709
politics/2026/mar/12/linking-iran-russia-john-healey-uk-role-in-us-israel-war,https://www.theguardian.com/politics/2026/mar/12/linking-iran-russia-john-healey-uk-role-in-us-israel-war,"In linking Iran to Russia, Healey could be laying ground for hard choices ahead",2026-03-12T19:25:15Z,800
world/2026/mar/12/iran-using-russian-drone-tactics-uk-defence-secretary-john-healey,https://www.theguardian.com/world/2026/mar/12/iran-using-russian-drone-tactics-uk-defence-secretary-john-healey,"Putin’s ‘hidden hand’ lies behind Iran’s drone tactics, UK defence secretary says",2026-03-12T18:10:45Z,899
business/2026/mar/12/middle-east-war-creating-largest-supply-disruption-in-the-history-of-oil-markets,https://www.theguardian.com/business/2026/mar/12/middle-east-war-creating-largest-supply-disruption-in-the-history-of-oil-markets,Middle East war creating ‘largest supply disruption in the history of oil markets’,2026-03-12T17:14:03Z,850
politics/live/2026/mar/12/mandelson-starmer-epstein-iran-latest-news-updates,https://www.theguardian.com/politics/live/2026/mar/12/mandelson-starmer-epstein-iran-latest-news-updates,Starmer: It was my mistake appointing Mandelson – as it happened,2026-03-12T17:12:24Z,6124
us-news/2026/mar/12/trump-gas-prices-iran-war,https://www.theguardian.com/us-news/2026/mar/12/trump-gas-prices-iran-war,‘We make a lot of money’: Trump downplays rise in gas prices during Iran war,2026-03-12T16:04:22Z,353
business/live/2026/mar/12/stagflation-fears-escalating-iranian-war-oil-price-andrew-bailey-stability-us-jobless-claims-news-updates,https://www.theguardian.com/business/live/2026/mar/12/stagflation-fears-escalating-iranian-war-oil-price-andrew-bailey-stability-us-jobless-claims-news-updates,"Middle East war creating ‘largest supply disruption in the history of oil markets’, as Brent crude hits $100 again – as it happened",2026-03-12T15:51:29Z,5436
commentisfree/2026/mar/12/war-iran-world-war-3-discussion,https://www.theguardian.com/commentisfree/2026/mar/12/war-iran-world-war-3-discussion,Fears about nuclear war are reaching a fever pitch. Another grim sign of the times,2026-03-12T15:22:00Z,1178
world/2026/mar/12/russia-fossil-fuels-revenue-us-israel-war-iran-data,https://www.theguardian.com/world/2026/mar/12/russia-fossil-fuels-revenue-us-israel-war-iran-data,"Russia earned €6bn from fossil fuel exports since start of Iran war, data suggests",2026-03-12T14:03:11Z,410
artanddesign/2026/mar/12/venice-biennale-risks-losing-eu-funding-over-planned-russia-involvement,https://www.theguardian.com/artanddesign/2026/mar/12/venice-biennale-risks-losing-eu-funding-over-planned-russia-involvement,Venice Biennale risks losing EU funding over planned Russia involvement,2026-03-12T14:00:45Z,433
commentisfree/2026/mar/12/oil-price-shocks-trump-war-china-iran-russia,https://www.theguardian.com/commentisfree/2026/mar/12/oil-price-shocks-trump-war-china-iran-russia,"If oil price shocks weren’t bad enough, Trump’s war could have other unintended consequences",2026-03-12T14:00:24Z,901
world/2026/mar/12/russia-internet-blackouts-walkie-talkies-moscow,https://www.theguardian.com/world/2026/mar/12/russia-internet-blackouts-walkie-talkies-moscow,Unexplained Moscow internet blackouts spark fears of web censorship plan,2026-03-12T13:43:54Z,550
world/2026/mar/12/iran-war-trump-gas-price-promise,https://www.theguardian.com/world/2026/mar/12/iran-war-trump-gas-price-promise,"Iran war punctures Trump’s ‘drill, baby, drill’ promise on US gas prices, experts say",2026-03-12T13:00:24Z,1178
uk-news/2026/mar/09/trauma-surgeon-doctors-shehan-hettiaratchy-westminster-attack,https://www.theguardian.com/uk-news/2026/mar/09/trauma-surgeon-doctors-shehan-hettiaratchy-westminster-attack,"‘The light will always outshine the dark’: trauma surgeon Shehan Hettiaratchy on his harrowing, heartening calling",2026-03-12T11:09:43Z,2024
world/2026/mar/12/orban-ukraine-claims-hungary-election,https://www.theguardian.com/world/2026/mar/12/orban-ukraine-claims-hungary-election,Hungary’s Orbán claims Ukrainians ‘threatened’ his family as election campaign ramps up,2026-03-12T08:33:07Z,840
world/2026/mar/12/thursday-briefing-first-edition-trump-netanyahu-us-israel-war-in-iran-whats-next,https://www.theguardian.com/world/2026/mar/12/thursday-briefing-first-edition-trump-netanyahu-us-israel-war-in-iran-whats-next,Thursday briefing: What an Iran negotiator thinks could happen next – and why Trump still has an off-ramp,2026-03-12T06:57:05Z,2752
australia-news/live/2026/mar/12/federal-politics-parliament-reactions-anthony-albanese-labor-angus-taylor-matt-canavan-liberals-nationals-coalition-ntwnfb,https://www.theguardian.com/australia-news/live/2026/mar/12/federal-politics-parliament-reactions-anthony-albanese-labor-angus-taylor-matt-canavan-liberals-nationals-coalition-ntwnfb,ASX suffers more heavy losses as Middle East crisis spooks investors – as it happened,2026-03-12T06:32:44Z,10485
money/2026/mar/12/european-drivers-fuel-costs-jump-iran-conflict,https://www.theguardian.com/money/2026/mar/12/european-drivers-fuel-costs-jump-iran-conflict," European drivers face €220 a year jump in fuel costs due to Iran conflict, say experts",2026-03-12T05:00:09Z,734
world/live/2026/mar/11/iran-war-live-updates-trump-oil-hormuz-protestors-us-israel-beirut-middle-east-latest-news,https://www.theguardian.com/world/live/2026/mar/11/iran-war-live-updates-trump-oil-hormuz-protestors-us-israel-beirut-middle-east-latest-news,US orders petroleum reserve release in bid to calm markets – as it happened ,2026-03-12T04:33:47Z,14714
world/2026/mar/12/ukraine-war-briefing-row-between-kyiv-and-hungary-over-pipeline-carrying-russian-oil-deepens,https://www.theguardian.com/world/2026/mar/12/ukraine-war-briefing-row-between-kyiv-and-hungary-over-pipeline-carrying-russian-oil-deepens,Ukraine war briefing: row between Kyiv and Hungary over pipeline carrying Russian oil deepens,2026-03-12T00:28:44Z,464
news/2026/mar/12/corrections-and-clarifications,https://www.theguardian.com/news/2026/mar/12/corrections-and-clarifications,Corrections and clarifications,2026-03-12T00:01:03Z,189
news/2026/mar/11/here-we-are-again-inside-the-13-march-guardian-weekly,https://www.theguardian.com/news/2026/mar/11/here-we-are-again-inside-the-13-march-guardian-weekly,Here we are again: inside the 13 March Guardian Weekly,2026-03-11T18:00:55Z,609
business/2026/mar/11/iea-oil-reserves-stockpiles-release-price-per-barrel-analysis,https://www.theguardian.com/business/2026/mar/11/iea-oil-reserves-stockpiles-release-price-per-barrel-analysis,Will releasing millions of barrels of oil stockpiles really bring down fuel costs?,2026-03-11T17:14:23Z,862
world/2026/mar/11/the-shine-has-been-taken-off-dubai-faces-existential-threat-as-foreigners-flee-conflict,https://www.theguardian.com/world/2026/mar/11/the-shine-has-been-taken-off-dubai-faces-existential-threat-as-foreigners-flee-conflict,‘The shine has been taken off’: Dubai faces existential threat as foreigners flee conflict,2026-03-11T16:57:00Z,1257
world/2026/mar/11/stunned-sidelined-and-disunited-how-war-in-the-middle-east-paralysed-the-eu,https://www.theguardian.com/world/2026/mar/11/stunned-sidelined-and-disunited-how-war-in-the-middle-east-paralysed-the-eu,"‘Stunned, sidelined and disunited’: how war in the Middle East paralysed the EU",2026-03-11T15:22:30Z,1160
business/live/2026/mar/11/oil-prices-asian-shares-rise-iea-reserve-release-business-live-news-updates,https://www.theguardian.com/business/live/2026/mar/11/oil-prices-asian-shares-rise-iea-reserve-release-business-live-news-updates,World’s energy watchdog orders emergency release of 400m barrels of oil to curb prices – as it happened,2026-03-11T15:15:45Z,5157
culture/2026/mar/11/jimmy-kimmel-pentagon-food-iran-melania-documentary,https://www.theguardian.com/culture/2026/mar/11/jimmy-kimmel-pentagon-food-iran-melania-documentary,Jimmy Kimmel on Pentagon splurging on doughnuts: ‘Is this My 600lb Defense Department?’,2026-03-11T14:51:12Z,738
business/2026/mar/11/international-energy-agency-release-oil-stockpile-iran-war,https://www.theguardian.com/business/2026/mar/11/international-energy-agency-release-oil-stockpile-iran-war,IEA orders largest ever release of stockpiled oil to reduce crude price,2026-03-11T14:27:50Z,605
sport/2026/mar/11/ukraine-accuses-ipc-of-systemic-pressure-and-pro-russian-bias-at-winter-paralympics,https://www.theguardian.com/sport/2026/mar/11/ukraine-accuses-ipc-of-systemic-pressure-and-pro-russian-bias-at-winter-paralympics,Ukraine accuses IPC of ‘systemic pressure’ and pro-Russian bias at Winter Paralympics,2026-03-11T14:13:34Z,520
world/2026/mar/11/nigel-farage-iran-us-war-putin-russia-new-statesman-interview-reform,https://www.theguardian.com/world/2026/mar/11/nigel-farage-iran-us-war-putin-russia-new-statesman-interview-reform,Nigel Farage says Iran ‘bigger danger than Putin’ in New Statesman interview,2026-03-11T13:29:15Z,514
politics/2026/mar/11/nothing-off-the-table-as-rachel-reeves-considers-targeted-support-over-energy-costs,https://www.theguardian.com/politics/2026/mar/11/nothing-off-the-table-as-rachel-reeves-considers-targeted-support-over-energy-costs,‘Nothing off the table’ as Rachel Reeves considers ‘targeted support’ over energy costs,2026-03-11T12:57:30Z,698
world/2026/mar/11/investigation-roman-abramovich-chelsea-sale-cash,https://www.theguardian.com/world/2026/mar/11/investigation-roman-abramovich-chelsea-sale-cash,Roman Abramovich’s Chelsea FC sale cash may be under investigation as ‘proceeds of crime’,2026-03-11T10:38:07Z,669
world/2026/mar/11/how-iran-has-used-the-strait-of-hormuz-to-throttle-oil-and-gas-a-visual-guide,https://www.theguardian.com/world/2026/mar/11/how-iran-has-used-the-strait-of-hormuz-to-throttle-oil-and-gas-a-visual-guide,How Iran has used the strait of Hormuz to throttle oil and gas – a visual guide,2026-03-11T08:00:14Z,769
australia-news/live/2026/mar/11/federal-politics-updates-iran-womens-football-team-asylum-anthony-albanese-tony-burke-labor-angus-taylor-coalition-ntwnfb,https://www.theguardian.com/australia-news/live/2026/mar/11/federal-politics-updates-iran-womens-football-team-asylum-anthony-albanese-tony-burke-labor-angus-taylor-coalition-ntwnfb,ACCC calls emergency meeting with fuel suppliers – as it happened,2026-03-11T06:34:07Z,13114
environment/2026/mar/11/reaching-net-zero-by-2050-cheaper-for-uk-than-one-fossil-fuel-crisis,https://www.theguardian.com/environment/2026/mar/11/reaching-net-zero-by-2050-cheaper-for-uk-than-one-fossil-fuel-crisis,Reaching net zero by 2050 ‘cheaper for UK than one fossil fuel crisis’,2026-03-11T06:00:11Z,796
commentisfree/2026/mar/11/donald-trump-war-iran-ego-trip-economic-damage,https://www.theguardian.com/commentisfree/2026/mar/11/donald-trump-war-iran-ego-trip-economic-damage,Trump’s ego-trip war has collided with economic reality but he can’t undo the damage ,2026-03-11T05:00:08Z,1256
world/live/2026/mar/10/iran-war-live-updates-iranian-supreme-leader-mojtaba-khamenei-middle-east-tehran-oil-prices-latest-news,https://www.theguardian.com/world/live/2026/mar/10/iran-war-live-updates-iranian-supreme-leader-mojtaba-khamenei-middle-east-tehran-oil-prices-latest-news,"Five killed in strikes on Lebanon, health ministry reports – as it happened",2026-03-11T01:36:45Z,13199
world/2026/mar/11/ukraine-war-briefing-zelenskyy-accuses-hungary-of-banditry-over-82m-of-seized-gold,https://www.theguardian.com/world/2026/mar/11/ukraine-war-briefing-zelenskyy-accuses-hungary-of-banditry-over-82m-of-seized-gold,Ukraine war briefing: Zelenskyy accuses Hungary of ‘banditry’ over seized gold and cash,2026-03-11T00:36:21Z,710
business/2026/mar/10/aramco-warns-oil-market-catastrophe-strait-of-hormuz,https://www.theguardian.com/business/2026/mar/10/aramco-warns-oil-market-catastrophe-strait-of-hormuz,Aramco warns of oil market ‘catastrophe’ unless strait of Hormuz reopens soon,2026-03-10T19:01:45Z,725
business/2026/mar/10/uk-inflation-could-rise-1-because-of-middle-east-crisis-says-obr,https://www.theguardian.com/business/2026/mar/10/uk-inflation-could-rise-1-because-of-middle-east-crisis-says-obr,"Middle East crisis could push UK inflation back up to 3%, says OBR ",2026-03-10T17:01:07Z,736
world/2026/mar/10/how-eu-member-states-reacting-energy-crisis-iran-war,https://www.theguardian.com/world/2026/mar/10/how-eu-member-states-reacting-energy-crisis-iran-war,How are EU and member states reacting to energy crisis triggered by Iran war?,2026-03-10T16:46:30Z,809
politics/live/2026/mar/10/cost-of-living-middle-east-inflation-reeves-starmer-labour-lammy-courts-reform-uk-politics-live-news-updates,https://www.theguardian.com/politics/live/2026/mar/10/cost-of-living-middle-east-inflation-reeves-starmer-labour-lammy-courts-reform-uk-politics-live-news-updates,Lammy defends jury reforms against claims they will worsen racial bias in legal system – as it happened,2026-03-10T15:58:49Z,4774
environment/commentisfree/2026/mar/10/if-there-was-ever-a-moment-for-australias-shift-to-renewables-and-evs-this-is-it,https://www.theguardian.com/environment/commentisfree/2026/mar/10/if-there-was-ever-a-moment-for-australias-shift-to-renewables-and-evs-this-is-it,"If there was ever a moment for Australia’s shift to renewables and EVs, this is it",2026-03-10T14:00:06Z,1195
commentisfree/2026/mar/10/israeli-settlements-sanctions-west-bank,https://www.theguardian.com/commentisfree/2026/mar/10/israeli-settlements-sanctions-west-bank,Sanctions on Israeli settlements are working – even without the US,2026-03-10T12:00:04Z,1091
world/2026/mar/10/trump-free-flow-energy-fails-restart-shipping-strait-hormuz,https://www.theguardian.com/world/2026/mar/10/trump-free-flow-energy-fails-restart-shipping-strait-hormuz,Trump’s ‘free flow of energy’ vow fails to restart shipping in strait of Hormuz,2026-03-10T10:26:43Z,848
sport/2026/mar/10/the-nba-knows-how-to-punish-spectacle-systems-are-harder,https://www.theguardian.com/sport/2026/mar/10/the-nba-knows-how-to-punish-spectacle-systems-are-harder,The NBA knows how to punish spectacle. Systems are harder,2026-03-10T10:00:25Z,1182
business/2026/mar/10/north-sea-windfall-tax-rachel-reeves-uk-energy-bills-experts,https://www.theguardian.com/business/2026/mar/10/north-sea-windfall-tax-rachel-reeves-uk-energy-bills-experts,"Scrapping North Sea windfall tax would not reduce UK energy bills, say experts",2026-03-10T09:39:09Z,703
business/2026/mar/10/oil-prices-drop-trump-iran-war,https://www.theguardian.com/business/2026/mar/10/oil-prices-drop-trump-iran-war,Oil prices fall and stocks rebound after Trump says Iran war could end ‘very soon’,2026-03-10T09:01:13Z,716
australia-news/live/2026/mar/10/iran-football-team-tony-burke-anthony-albanese-labor-angus-taylor-coalition-oil-price-inflation-federal-parliament-ntwnfb,https://www.theguardian.com/australia-news/live/2026/mar/10/iran-football-team-tony-burke-anthony-albanese-labor-angus-taylor-coalition-oil-price-inflation-federal-parliament-ntwnfb,Fuel supply and Middle East conflict dominate political debate – as it happened,2026-03-10T07:42:20Z,14283
world/2026/mar/10/how-the-us-israeli-war-in-iran-parallels-russia-invasion-of-ukraine,https://www.theguardian.com/world/2026/mar/10/how-the-us-israeli-war-in-iran-parallels-russia-invasion-of-ukraine,‘Sounds familiar’: how the US-Israeli war in Iran parallels Russia’s invasion of Ukraine,2026-03-10T06:00:11Z,821
money/2026/mar/10/uk-households-heating-oil-surge-bills-iran-war-prices-treble,https://www.theguardian.com/money/2026/mar/10/uk-households-heating-oil-surge-bills-iran-war-prices-treble,UK households that use heating oil face ‘frightening’ surge in bills over Iran war,2026-03-10T06:00:09Z,735
australia-news/2026/mar/10/afternoon-update-tuesday-ntwnfb,https://www.theguardian.com/australia-news/2026/mar/10/afternoon-update-tuesday-ntwnfb,Afternoon Update: ADF aircraft and missiles sent to UAE; Littleproud quits as Nationals leader; and Kyle apologises to Jackie ‘O’,2026-03-10T05:49:28Z,535
world/live/2026/mar/09/iran-war-live-updates-new-supreme-leader-mojtaba-khamenei-oil-prices-soar,https://www.theguardian.com/world/live/2026/mar/09/iran-war-live-updates-new-supreme-leader-mojtaba-khamenei-oil-prices-soar,Vance and Hegseth attend dignified transfer ceremony – as it happened,2026-03-10T04:15:20Z,13873
world/2026/mar/10/trump-iran-war-over-pretty-quickly,https://www.theguardian.com/world/2026/mar/10/trump-iran-war-over-pretty-quickly,"Vague and contradictory Trump says Iran war ‘won’, but not ‘won enough’ ",2026-03-10T02:14:45Z,699
world/2026/mar/10/ukraine-war-briefing-trump-set-to-ease-oil-related-sanctions-following-putin-call,https://www.theguardian.com/world/2026/mar/10/ukraine-war-briefing-trump-set-to-ease-oil-related-sanctions-following-putin-call,Ukraine war briefing: Trump set to ease oil-related sanctions following Putin call,2026-03-10T01:58:38Z,840
business/2026/mar/09/iran-war-oil-prices-stagflation-global-economy,https://www.theguardian.com/business/2026/mar/09/iran-war-oil-prices-stagflation-global-economy,Why has the Iran war sparked fears of stagflation for the global economy?,2026-03-10T00:01:09Z,1207
business/2026/mar/09/iran-war-drives-oil-price-above-100-a-barrel-for-first-time-since-2022,https://www.theguardian.com/business/2026/mar/09/iran-war-drives-oil-price-above-100-a-barrel-for-first-time-since-2022,US stock markets close on high after Iran war drove oil prices above $100 a barrel,2026-03-09T21:07:52Z,1169
world/2026/mar/09/so-badenoch-farage-and-blair-think-the-iran-war-is-a-great-idea-hmm,https://www.theguardian.com/world/2026/mar/09/so-badenoch-farage-and-blair-think-the-iran-war-is-a-great-idea-hmm,"So Badenoch, Farage and Blair think the Iran war is a great idea? Hmm …",2026-03-09T20:02:08Z,1189
uk-news/2026/mar/09/hms-dragon-will-cyprus-defence-secretary-john-healey,https://www.theguardian.com/uk-news/2026/mar/09/hms-dragon-will-cyprus-defence-secretary-john-healey,"HMS Dragon will head to Cyprus in next couple of days, says defence secretary",2026-03-09T19:58:05Z,650
politics/2026/mar/09/uk-inflation-likely-to-rise-because-of-middle-east-war-says-rachel-reeves,https://www.theguardian.com/politics/2026/mar/09/uk-inflation-likely-to-rise-because-of-middle-east-war-says-rachel-reeves,"UK inflation likely to rise because of Middle East war, says Rachel Reeves",2026-03-09T19:31:50Z,1091
business/nils-pratley-on-finance/2026/mar/09/we-may-not-be-running-out-of-gas-but-we-still-need-a-serious-strategic-gas-reserve,https://www.theguardian.com/business/nils-pratley-on-finance/2026/mar/09/we-may-not-be-running-out-of-gas-but-we-still-need-a-serious-strategic-gas-reserve,We may not be running out of gas but we still need a serious strategic gas reserve,2026-03-09T19:24:05Z,843
commentisfree/2026/mar/09/the-guardian-view-on-the-iran-crisis-exposing-britains-energy-vulnerability-clean-power-offers-protection,https://www.theguardian.com/commentisfree/2026/mar/09/the-guardian-view-on-the-iran-crisis-exposing-britains-energy-vulnerability-clean-power-offers-protection,The Guardian view on the Iran crisis exposing Britain’s energy vulnerability: clean power offers protection,2026-03-09T19:11:25Z,596
sport/2026/mar/09/ukraine-winter-paralympics-chat-gpt-artificial-intelligence,https://www.theguardian.com/sport/2026/mar/09/ukraine-winter-paralympics-chat-gpt-artificial-intelligence,‘Revolutionary’: Ukrainian para-biathlete wins silver using ChatGPT as his coach,2026-03-09T18:52:04Z,306
business/2026/mar/09/trump-family-business-drones-merger,https://www.theguardian.com/business/2026/mar/09/trump-family-business-drones-merger,Golf club firm owned by Trump’s sons merges with drone manufacturer,2026-03-09T18:42:19Z,422
business/2026/mar/09/how-high-could-oil-go-and-what-might-the-global-economic-fallout-be,https://www.theguardian.com/business/2026/mar/09/how-high-could-oil-go-and-what-might-the-global-economic-fallout-be,How high could oil prices go – and what might the global economic fallout be?,2026-03-09T18:35:50Z,960
technology/2026/mar/09/x-suspends-accounts-massive-scale-manipulation-attempts-russia,https://www.theguardian.com/technology/2026/mar/09/x-suspends-accounts-massive-scale-manipulation-attempts-russia,X suspends 800m accounts in one year amid ‘massive’ scale of manipulation attempts,2026-03-09T18:34:56Z,371
business/live/2026/mar/09/stock-markets-plunge-oil-over-100-a-barrel-g7-emergency-oil-reserves-news-updates,https://www.theguardian.com/business/live/2026/mar/09/stock-markets-plunge-oil-over-100-a-barrel-g7-emergency-oil-reserves-news-updates,Rachel Reeves warns fuel retailers not to make ‘excess profits’ from oil crisis; G7 ‘stands ready’ to release crude reserves – as it happens,2026-03-09T17:32:08Z,7911
world/2026/mar/09/ukraine-sent-drone-experts-protect-us-bases-jordan-zelenskyy,https://www.theguardian.com/world/2026/mar/09/ukraine-sent-drone-experts-protect-us-bases-jordan-zelenskyy,"Ukraine sent drone experts to protect US bases in Jordan, says Zelenskyy ",2026-03-09T17:14:17Z,789
business/2026/mar/09/g7-release-emergency-reserves-oil-price-us-middle-east-war,https://www.theguardian.com/business/2026/mar/09/g7-release-emergency-reserves-oil-price-us-middle-east-war,G7 ready to take ‘necessary measures’ over economic impact of Iran war,2026-03-09T16:48:36Z,574
world/2026/mar/09/hope-and-solidarity-with-those-trying-to-stay-alive-in-iran,https://www.theguardian.com/world/2026/mar/09/hope-and-solidarity-with-those-trying-to-stay-alive-in-iran,Hope and solidarity with those trying to stay alive in Iran,2026-03-09T16:42:52Z,205
politics/live/2026/mar/09/keir-starmer-uk-gas-oil-prices-100-petrol-energy-inflation-latest-news-live-updates,https://www.theguardian.com/politics/live/2026/mar/09/keir-starmer-uk-gas-oil-prices-100-petrol-energy-inflation-latest-news-live-updates,Starmer warns of bigger impact on economy the longer Iran war continues - as it happened,2026-03-09T15:53:00Z,4630
world/2026/mar/09/roman-abramovich-ready-to-fight-uk-government-over-proceeds-from-chelsea-sale,https://www.theguardian.com/world/2026/mar/09/roman-abramovich-ready-to-fight-uk-government-over-proceeds-from-chelsea-sale,Roman Abramovich ready to fight UK government over proceeds from £2.5bn Chelsea sale,2026-03-09T15:23:14Z,452
artanddesign/2026/mar/09/venice-biennale-ukraine-exclude-russia,https://www.theguardian.com/artanddesign/2026/mar/09/venice-biennale-ukraine-exclude-russia,‘A stage for whitewashing war crimes’: Venice Biennale urged to exclude Russia,2026-03-09T13:31:14Z,506
world/2026/mar/09/uk-has-sufficient-oil-and-gas-supplies-says-minister-after-two-days-left-reports,https://www.theguardian.com/world/2026/mar/09/uk-has-sufficient-oil-and-gas-supplies-says-minister-after-two-days-left-reports,"Lengthy US-Iran war would affect ‘lives and households of everybody’, says Starmer",2026-03-09T13:00:22Z,726
sport/2026/mar/09/russia-flag-raised-and-national-anthem-played-after-first-gold-at-winter-paralympics,https://www.theguardian.com/sport/2026/mar/09/russia-flag-raised-and-national-anthem-played-after-first-gold-at-winter-paralympics,Russia flag raised and national anthem played after first gold at Winter Paralympics,2026-03-09T12:38:50Z,686
environment/2026/mar/09/countries-can-rewild-borders-to-deter-invasions-says-eu-environment-chief,https://www.theguardian.com/environment/2026/mar/09/countries-can-rewild-borders-to-deter-invasions-says-eu-environment-chief,"Countries can rewild borders to deter invasions, says EU environment chief",2026-03-09T11:17:36Z,768
australia-news/2026/mar/09/australia-iran-war-deception-greens-shoebridge,https://www.theguardian.com/australia-news/2026/mar/09/australia-iran-war-deception-greens-shoebridge,"Australia would be signed up to Iran war ‘by deception and stealth’ if military support sent, Shoebridge says",2026-03-09T08:06:56Z,734
australia-news/live/2026/mar/09/northern-territory-queensland-floods-federal-politics-reactions-penny-wong-iran-anthony-albanese-labor-angus-taylor-coalition-ntwnfb,https://www.theguardian.com/australia-news/live/2026/mar/09/northern-territory-queensland-floods-federal-politics-reactions-penny-wong-iran-anthony-albanese-labor-angus-taylor-coalition-ntwnfb,Nationals select former army colonel to contest Farrer byelection – as it happened,2026-03-09T06:25:45Z,5880
australia-news/2026/mar/09/australia-iran-war-assistance-middle-east-nations,https://www.theguardian.com/australia-news/2026/mar/09/australia-iran-war-assistance-middle-east-nations,Australia has been asked to assist Middle East nations coming under fire from Iran. What could that look like?,2026-03-09T06:21:37Z,777
world/live/2026/mar/08/middle-east-crisis-live-china-warns-world-cannot-return-to-law-of-the-jungle-trump-says-iran-being-decimated,https://www.theguardian.com/world/live/2026/mar/08/middle-east-crisis-live-china-warns-world-cannot-return-to-law-of-the-jungle-trump-says-iran-being-decimated,US orders government employees to leave Saudi Arabia – as it happened,2026-03-09T01:58:47Z,11405
world/2026/mar/09/ukraine-war-briefing-drone-experts-will-be-in-middle-east-in-coming-days-says-zelenskyy,https://www.theguardian.com/world/2026/mar/09/ukraine-war-briefing-drone-experts-will-be-in-middle-east-in-coming-days-says-zelenskyy,"Ukraine war briefing: drone experts will be in Middle East in coming days, says Zelenskyy ",2026-03-09T00:45:28Z,528
australia-news/2026/mar/09/morning-mail-monday-ntwnfb,https://www.theguardian.com/australia-news/2026/mar/09/morning-mail-monday-ntwnfb,Morning Mail: Israel warns it will target Iran’s next supreme leader; outsourced call centre faces accusations; alarm over NSW child blood lead testing,2026-03-08T20:04:25Z,1143
uk-news/2026/mar/08/mahmoods-new-rules-will-leave-refugees-in-cruel-state-of-uncertainty,https://www.theguardian.com/uk-news/2026/mar/08/mahmoods-new-rules-will-leave-refugees-in-cruel-state-of-uncertainty,Mahmood’s new rules will leave refugees in cruel state of uncertainty,2026-03-08T17:12:30Z,839
politics/2026/mar/08/private-jet-used-for-nigel-farage-chagos-stunt-linked-to-reform-mega-donor,https://www.theguardian.com/politics/2026/mar/08/private-jet-used-for-nigel-farage-chagos-stunt-linked-to-reform-mega-donor,Private jet used for Nigel Farage Chagos stunt linked to Reform mega-donor,2026-03-08T17:00:15Z,675
politics/2026/mar/08/starmer-speaks-with-trump-after-president-criticises-lack-of-uk-support-for-iran-strikes,https://www.theguardian.com/politics/2026/mar/08/starmer-speaks-with-trump-after-president-criticises-lack-of-uk-support-for-iran-strikes,Starmer speaks with Trump after president criticises lack of UK support for Iran strikes,2026-03-08T16:41:15Z,1081
world/2026/mar/08/ukraine-struggles-us-focus-iran-putin,https://www.theguardian.com/world/2026/mar/08/ukraine-struggles-us-focus-iran-putin,‘Putin smiled’: Ukraine hurries to adapt as US focus moves to Iran,2026-03-08T16:00:23Z,945
commentisfree/2026/mar/08/iran-war-keir-starmer-donald-trump-us-israel,https://www.theguardian.com/commentisfree/2026/mar/08/iran-war-keir-starmer-donald-trump-us-israel,The first lesson of war is ‘know your enemy’ – and Britain’s enemy now is Donald Trump,2026-03-08T13:00:20Z,1194
world/2026/mar/08/russia-ukraine-war-rural-communities,https://www.theguardian.com/world/2026/mar/08/russia-ukraine-war-rural-communities,‘My village has become deserted’: how Russia’s war is emptying its rural communities,2026-03-08T13:00:20Z,1295
business/2026/mar/08/uk-must-be-prepared-for-a-price-shock-from-the-iran-war,https://www.theguardian.com/business/2026/mar/08/uk-must-be-prepared-for-a-price-shock-from-the-iran-war,UK must be prepared for a price shock from the Iran war,2026-03-08T12:29:28Z,937
football/live/2026/mar/08/fa-cup-and-scottish-cup-countdown-football-news-and-more-matchday-live,https://www.theguardian.com/football/live/2026/mar/08/fa-cup-and-scottish-cup-countdown-football-news-and-more-matchday-live,"FA Cup and Scottish Cup countdown, football news and more – matchday live",2026-03-08T12:10:04Z,1675
us-news/2026/mar/08/lev-parnas-ukraine-congress-florida,https://www.theguardian.com/us-news/2026/mar/08/lev-parnas-ukraine-congress-florida,"Lev Parnas, ex-member of Trump’s ‘cult’, runs for Congress as Florida Democrat",2026-03-08T12:00:21Z,766
world/2026/mar/08/us-drivers-oil-prices-iran,https://www.theguardian.com/world/2026/mar/08/us-drivers-oil-prices-iran,White House worries as gas prices jump amid ongoing US-Israel war on Iran,2026-03-08T12:00:18Z,754
business/2026/mar/08/oil-prices-supply-disruption-iran-war-goldman-sachs,https://www.theguardian.com/business/2026/mar/08/oil-prices-supply-disruption-iran-war-goldman-sachs,Oil prices ‘could breach $100 a barrel within days’ amid supply disruption from Iran war,2026-03-08T10:55:24Z,692
football/2026/mar/08/england-womens-world-cup-qualifiers-what-we-learned,https://www.theguardian.com/football/2026/mar/08/england-womens-world-cup-qualifiers-what-we-learned,England make it two out of two in Women’s World Cup qualifiers: what we learned,2026-03-08T10:00:16Z,842
business/2026/mar/08/iran-israel-us-war-inflation-interest-rates-global-economy-middle-east,https://www.theguardian.com/business/2026/mar/08/iran-israel-us-war-inflation-interest-rates-global-economy-middle-east,Why an Iran war inflation shock could wreck global economic recovery,2026-03-08T08:00:15Z,1370
world/2026/mar/08/ukraine-war-briefing-zelenskyy-offers-help-to-saudi-crown-prince-on-combatting-iranian-drones,https://www.theguardian.com/world/2026/mar/08/ukraine-war-briefing-zelenskyy-offers-help-to-saudi-crown-prince-on-combatting-iranian-drones,Ukraine war briefing: Zelenskyy offers help to Saudi Crown prince on combatting Iranian drones,2026-03-08T02:57:36Z,432
world/2026/mar/06/revealed-the-ukrainian-facility-where-uk-engineers-help-fix-vital-weapons,https://www.theguardian.com/world/2026/mar/06/revealed-the-ukrainian-facility-where-uk-engineers-help-fix-vital-weapons,Revealed: the Ukrainian facility where UK engineers help fix vital weapons,2026-03-07T18:40:40Z,908
world/2026/mar/07/iran-us-israel-war-regime-change,https://www.theguardian.com/world/2026/mar/07/iran-us-israel-war-regime-change,Shrinking weapon stockpiles and regime-change uncertainty: doubts shadow US-Israel war on Iran,2026-03-07T17:04:46Z,748
business/2026/mar/07/trump-russia-sanctions-economy-us-india-putin-europe,https://www.theguardian.com/business/2026/mar/07/trump-russia-sanctions-economy-us-india-putin-europe,Trump shouldn’t ease Russia sanctions – they are choking its economy,2026-03-07T16:00:54Z,948
football/live/2026/mar/07/england-v-iceland-womens-world-cup-qualifying-live,https://www.theguardian.com/football/live/2026/mar/07/england-v-iceland-womens-world-cup-qualifying-live,England 2-0 Iceland: Women’s World Cup qualifying – as it happened,2026-03-07T15:00:43Z,2469
sport/2026/mar/07/oksana-masters-kendall-gretsch-us-one-two-paralympic-biathlon-sprint,https://www.theguardian.com/sport/2026/mar/07/oksana-masters-kendall-gretsch-us-one-two-paralympic-biathlon-sprint,US win first medals of Winter Paralympics as Oksana Masters leads American one-two,2026-03-07T14:58:48Z,701
football/2026/mar/07/england-iceland-womens-world-cup-qualifier-match-report,https://www.theguardian.com/football/2026/mar/07/england-iceland-womens-world-cup-qualifier-match-report,Bronze and Stanway fire England past Iceland in Women’s World Cup qualifier,2026-03-07T14:38:58Z,739
sport/2026/mar/07/voronchikhina-wins-russias-first-medal-of-winter-paralympics-with-downhill-bronze,https://www.theguardian.com/sport/2026/mar/07/voronchikhina-wins-russias-first-medal-of-winter-paralympics-with-downhill-bronze,Winter Paralympics: Russia flies flag with first medals since 2014 as Ukraine stage gold rush,2026-03-07T13:01:51Z,785
us-news/2026/mar/07/japanese-conman-convicted-drug-nuclear-weapons,https://www.theguardian.com/us-news/2026/mar/07/japanese-conman-convicted-drug-nuclear-weapons,A Japanese ‘conman’ tried to sell an undercover DEA agent nuclear materials – but how did he get them?,2026-03-07T13:00:51Z,1273
world/2026/mar/07/baba-vanga-mystic-prophecies-fuel-online-propaganda-conspiracy-theories,https://www.theguardian.com/world/2026/mar/07/baba-vanga-mystic-prophecies-fuel-online-propaganda-conspiracy-theories,The myth of Baba Vanga: how a mystic’s ‘prophecies’ fuel online propaganda,2026-03-07T12:01:49Z,1195
football/live/2026/mar/07/fa-cup-fifth-round-england-iceland-matchday-live,https://www.theguardian.com/football/live/2026/mar/07/fa-cup-fifth-round-england-iceland-matchday-live,"FA Cup fifth round, Wrexham eye shock, Lionesses build up – matchday live, as it happened",2026-03-07T12:00:04Z,2326
world/2026/mar/07/it-means-missile-defence-on-data-centres-drone-strikes-raises-doubts-over-gulf-as-ai-superpower,https://www.theguardian.com/world/2026/mar/07/it-means-missile-defence-on-data-centres-drone-strikes-raises-doubts-over-gulf-as-ai-superpower,‘It means missile defence on datacentres’: drone strikes raise doubts over Gulf as AI superpower,2026-03-07T11:00:48Z,1197
business/2026/mar/07/airlines-groundings-expose-air-travel-reliance-gulf-corridor,https://www.theguardian.com/business/2026/mar/07/airlines-groundings-expose-air-travel-reliance-gulf-corridor,Airline groundings expose depth of world travel’s reliance on Gulf corridor,2026-03-07T08:00:46Z,1352
world/live/2026/mar/06/iran-war-live-updates-us-temporarily-lets-india-buy-russian-oil-amid-energy-fears-israeli-military-launches-strikes-on-beirut,https://www.theguardian.com/world/live/2026/mar/06/iran-war-live-updates-us-temporarily-lets-india-buy-russian-oil-amid-energy-fears-israeli-military-launches-strikes-on-beirut,Tehran warns Europe to stay out of conflict or face ‘retaliation’ – as it happened,2026-03-07T03:48:23Z,14408
world/2026/mar/07/ukraine-war-briefing-nationwide-air-alert-issued-after-10-wounded-in-kharkiv-strikes,https://www.theguardian.com/world/2026/mar/07/ukraine-war-briefing-nationwide-air-alert-issued-after-10-wounded-in-kharkiv-strikes,Ukraine war briefing: nationwide air alert issued after at least six killed in strikes on Kharkiv and Dnipro ,2026-03-07T03:37:56Z,696
us-news/live/2026/mar/06/kristi-noem-democrats-ice-donald-trump-pete-hegseth-iran-middle-east-us-politics-latest-news-updates,https://www.theguardian.com/us-news/live/2026/mar/06/kristi-noem-democrats-ice-donald-trump-pete-hegseth-iran-middle-east-us-politics-latest-news-updates,Trump scolds Fox News reporter for question about Russia helping Iran target US troops – as it happened,2026-03-07T03:07:28Z,6968
sport/2026/mar/06/russian-flag-met-largely-by-silence-at-opening-ceremony-of-winter-paralympics,https://www.theguardian.com/sport/2026/mar/06/russian-flag-met-largely-by-silence-at-opening-ceremony-of-winter-paralympics,Russian flag met largely by silence at opening ceremony of Winter Paralympics,2026-03-06T22:02:37Z,764
australia-news/2026/mar/07/five-great-reads-christina-applegate-ms-pete-tong,https://www.theguardian.com/australia-news/2026/mar/07/five-great-reads-christina-applegate-ms-pete-tong,"Five Great Reads: Christina Applegate on life with MS, Pete Tong’s rave advice, and Mr Nobody Against Putin",2026-03-06T21:00:31Z,766
sport/2026/mar/06/weekend-guide-cricket-six-nations-fa-cup-formula-one-follow-with-us,https://www.theguardian.com/sport/2026/mar/06/weekend-guide-cricket-six-nations-fa-cup-formula-one-follow-with-us,"T20 World Cup final, Six Nations, FA Cup and F1 returns – follow with us",2026-03-06T17:39:32Z,1604
world/2026/mar/06/international-law-and-the-difficulty-of-dealing-with-trump-at-war,https://www.theguardian.com/world/2026/mar/06/international-law-and-the-difficulty-of-dealing-with-trump-at-war,International law and the difficulty of dealing with Trump at war,2026-03-06T17:34:09Z,672
football/live/2026/mar/06/fa-cup-buildup-tottenham-crisis-deepens-and-more-football-news-live,https://www.theguardian.com/football/live/2026/mar/06/fa-cup-buildup-tottenham-crisis-deepens-and-more-football-news-live,"Man Utd announce 5% increase in season ticket prices, Spurs latest – football news as it happened",2026-03-06T16:44:54Z,7850
business/live/2026/mar/06/oil-biggest-weekly-gain-four-years-strait-of-hormuz-traffic-halt-stock-markets-dollar-imf-news-updates,https://www.theguardian.com/business/live/2026/mar/06/oil-biggest-weekly-gain-four-years-strait-of-hormuz-traffic-halt-stock-markets-dollar-imf-news-updates,"Brent crude hits $90 as Kuwait ‘starts cutting oil production’; shock as US economy loses 92,000 jobs in February – as it happened",2026-03-06T16:44:34Z,4805
world/live/2026/mar/06/ukraine-russia-hungary-orban-zelenskyy-putin-middle-east-iran-cyprus-europe-latest-news-updates,https://www.theguardian.com/world/live/2026/mar/06/ukraine-russia-hungary-orban-zelenskyy-putin-middle-east-iran-cyprus-europe-latest-news-updates,Hungary ‘demands answers’ over seized Ukrainian gold and cash as Kyiv accuses Budapest of ‘hostage’ situation – as it happened,2026-03-06T16:29:26Z,2990
politics/live/2026/mar/06/david-lammy-raf-jets-cyprus-iran-middle-east-labour-keir-starmer-uk-politics-live-news-updates,https://www.theguardian.com/politics/live/2026/mar/06/david-lammy-raf-jets-cyprus-iran-middle-east-labour-keir-starmer-uk-politics-live-news-updates,Nigel Farage to discuss Chagos Islands deal at Mar-a-Lago dinner with Donald Trump tonight – as it happened,2026-03-06T16:02:30Z,5222
world/2026/mar/06/hungary-seizes-millions-euros-cash-gold-ukrainian-convoy,https://www.theguardian.com/world/2026/mar/06/hungary-seizes-millions-euros-cash-gold-ukrainian-convoy,Hungary seizes millions of euros in cash and gold from Ukrainian convoy,2026-03-06T16:00:40Z,699
australia-news/2026/mar/07/will-australia-be-dragged-into-us-israel-iran-war-ntwnfb,https://www.theguardian.com/australia-news/2026/mar/07/will-australia-be-dragged-into-us-israel-iran-war-ntwnfb,"As Australia becomes more integrated into the US military machine, can it avoid being dragged into war?",2026-03-06T14:00:25Z,1438
business/2026/mar/06/bp-new-boss-will-earn-more-than-double-predecessor,https://www.theguardian.com/business/2026/mar/06/bp-new-boss-will-earn-more-than-double-predecessor,"BP’s new boss will take home at least £11.7m this year, more than double her predecessor",2026-03-06T13:27:55Z,515
us-news/2026/mar/06/first-thing-israel-strikes-south-beirut-lebanon-mass-evacuation-iran-tehran-pedro-sanchez,https://www.theguardian.com/us-news/2026/mar/06/first-thing-israel-strikes-south-beirut-lebanon-mass-evacuation-iran-tehran-pedro-sanchez,First Thing: Israel launches huge strikes against south Beirut after mass evacuation order,2026-03-06T12:45:38Z,1116
us-news/2026/mar/05/us-waiver-india-russian-oil,https://www.theguardian.com/us-news/2026/mar/05/us-waiver-india-russian-oil,US grants waiver to allow India to buy Russian oil amid Iran war,2026-03-06T09:28:32Z,740
australia-news/live/2026/mar/06/middle-east-flights-return-queensland-weather-nsw-budget-estimates-anthony-albanese-angus-taylor-labor-coalition-politics-updates-ntwnfb,https://www.theguardian.com/australia-news/live/2026/mar/06/middle-east-flights-return-queensland-weather-nsw-budget-estimates-anthony-albanese-angus-taylor-labor-coalition-politics-updates-ntwnfb,Melbourne mosque closed after suspicious package found – as it happened,2026-03-06T08:30:24Z,7959
sport/2026/mar/06/winter-paralympic-games-everything-you-need-to-know-about-milano-cortina-2026,https://www.theguardian.com/sport/2026/mar/06/winter-paralympic-games-everything-you-need-to-know-about-milano-cortina-2026,Winter Paralympic Games: everything you need to know about Milano Cortina 2026,2026-03-06T08:00:15Z,943
world/2026/mar/06/friday-briefing-can-the-politics-of-cruelty-around-asylum-help-labour-in-the-polls,https://www.theguardian.com/world/2026/mar/06/friday-briefing-can-the-politics-of-cruelty-around-asylum-help-labour-in-the-polls,Friday briefing: Can the politics of cruelty around asylum help Labour in the polls?,2026-03-06T06:45:13Z,2928
commentisfree/2026/mar/06/france-far-right-president-europe-emmanuel-macron-national-rally,https://www.theguardian.com/commentisfree/2026/mar/06/france-far-right-president-europe-emmanuel-macron-national-rally,France may soon have a far-right president – and Europe is already scrambling to limit their power,2026-03-06T05:00:12Z,996
world/2026/mar/06/pedro-sanchez-spain-european-leader-take-on-trump,https://www.theguardian.com/world/2026/mar/06/pedro-sanchez-spain-european-leader-take-on-trump,A lone battle: Why is Pedro Sánchez the only European leader to take on Trump?,2026-03-06T05:00:12Z,1551
world/2026/mar/06/ukraine-war-briefing-trump-urges-zelenskyy-to-get-a-deal-done-with-russia,https://www.theguardian.com/world/2026/mar/06/ukraine-war-briefing-trump-urges-zelenskyy-to-get-a-deal-done-with-russia,Ukraine war briefing: Trump urges Zelenskyy to ‘get a deal done’ with Russia,2026-03-06T02:14:30Z,513
world/live/2026/mar/05/iran-war-latest-updates-canada-carney-trump-israel-tehran-strikes,https://www.theguardian.com/world/live/2026/mar/05/iran-war-latest-updates-canada-carney-trump-israel-tehran-strikes,Explosions heard across Tel Aviv  – as it happened,2026-03-06T01:54:28Z,12820
world/2026/mar/05/iran-war-briefing-israel-us-support-kurds-conflict-what-we-know-so-far-day-six,https://www.theguardian.com/world/2026/mar/05/iran-war-briefing-israel-us-support-kurds-conflict-what-we-know-so-far-day-six,Iran war briefing: Israeli military tells hundreds of thousands to leave Beirut,2026-03-05T22:40:51Z,689
politics/live/2026/mar/05/cabinet-ministers-blocked-starmer-from-letting-us-use-british-bases-for-military-operation-against-iran-on-friday-uk-politics-live,https://www.theguardian.com/politics/live/2026/mar/05/cabinet-ministers-blocked-starmer-from-letting-us-use-british-bases-for-military-operation-against-iran-on-friday-uk-politics-live,Starmer says UK sending more fighter jets to Middle East and first repatriation flight has left Oman – as it happened,2026-03-05T17:00:22Z,7157
sport/2026/mar/05/seven-countries-to-boycott-paralympics-ceremony-over-flag-flying-russians,https://www.theguardian.com/sport/2026/mar/05/seven-countries-to-boycott-paralympics-ceremony-over-flag-flying-russians,Seven countries to boycott Paralympics ceremony over flag-flying Russians,2026-03-05T16:49:00Z,623
commentisfree/2026/mar/05/us-israel-war-iran-islamic-republic-theocracy-dictatorship,https://www.theguardian.com/commentisfree/2026/mar/05/us-israel-war-iran-islamic-republic-theocracy-dictatorship,The US and Israel are waging war on an Iran they think they know. The reality is very different,2026-03-05T16:45:01Z,1253
football/2026/mar/05/fabian-hurzeler-and-brighton-win-one-battle-but-lose-the-one-that-matters,https://www.theguardian.com/football/2026/mar/05/fabian-hurzeler-and-brighton-win-one-battle-but-lose-the-one-that-matters,Fabian Hürzeler and Brighton win one battle but lose the one that matters,2026-03-05T15:52:41Z,888
world/live/2026/mar/05/spain-us-israel-war-iran-white-house-trade-evacuations-latest-news,https://www.theguardian.com/world/live/2026/mar/05/spain-us-israel-war-iran-white-house-trade-evacuations-latest-news,German foreign minister says ‘we will not allow ourselves to be divided’ after Trump-Spain spat – as it happened,2026-03-05T15:50:43Z,4764
business/live/2026/mar/05/wizz-air-profits-warning-iran-travel-middle-east-crisis-airlines-china-diesel-gasoline-exports-news-updates,https://www.theguardian.com/business/live/2026/mar/05/wizz-air-profits-warning-iran-travel-middle-east-crisis-airlines-china-diesel-gasoline-exports-news-updates,Slower UK interest rate cuts likely as some mortgage providers hike rates; oil and gas prices rising again – as it happened,2026-03-05T15:35:45Z,3173
money/2026/mar/05/ministers-discuss-offset-energy-price-surges-iran-war,https://www.theguardian.com/money/2026/mar/05/ministers-discuss-offset-energy-price-surges-iran-war,Ministers discuss ways to offset energy price surges caused by Iran war,2026-03-05T12:54:39Z,940
environment/2026/mar/05/uk-clean-energy-iran-war-fossil-fuel-prices-surge,https://www.theguardian.com/environment/2026/mar/05/uk-clean-energy-iran-war-fossil-fuel-prices-surge,"UK must double down on renewables as wars drive up energy costs, experts say",2026-03-05T11:00:59Z,935
sport/2026/mar/05/from-a-19-time-world-champ-to-monster-mike-us-athletes-to-watch-at-the-2026-winter-paralympics,https://www.theguardian.com/sport/2026/mar/05/from-a-19-time-world-champ-to-monster-mike-us-athletes-to-watch-at-the-2026-winter-paralympics,From a 19-time world champ to Monster Mike: US athletes to watch at the 2026 Winter Paralympics,2026-03-05T11:00:02Z,1202
world/2026/mar/05/vanuatu-un-climate-crisis-trump,https://www.theguardian.com/world/2026/mar/05/vanuatu-un-climate-crisis-trump,Vanuatu moves forward with UN climate resolution despite Trump opposition,2026-03-05T11:00:02Z,1038
world/2026/mar/05/globalisation-under-threat-britain-economy-iran-conflict,https://www.theguardian.com/world/2026/mar/05/globalisation-under-threat-britain-economy-iran-conflict,Globalisation is under threat from Iran war – and Britain is uniquely vulnerable,2026-03-05T08:34:32Z,1593
world/2026/mar/05/roma-families-ukraine-war-families-military-compensation,https://www.theguardian.com/world/2026/mar/05/roma-families-ukraine-war-families-military-compensation,"‘In the face of death, we are all equal’: Ukraine’s Roma fight for recognition for those serving in war",2026-03-05T08:00:54Z,1218
australia-news/live/2026/mar/05/australia-politics-live-anthony-albanese-angus-taylor-parliament-question-time-labor-coalition-one-nation-middle-east-mark-carney-canada-iran-ntwnfb,https://www.theguardian.com/australia-news/live/2026/mar/05/australia-politics-live-anthony-albanese-angus-taylor-parliament-question-time-labor-coalition-one-nation-middle-east-mark-carney-canada-iran-ntwnfb,Two ADF aircraft sent to assist Australians stranded in Middle East – as it happened,2026-03-05T07:06:21Z,12960
business/2026/mar/05/big-burden-for-farmers-gulf-shipping-crisis-threatens-food-price-shock,https://www.theguardian.com/business/2026/mar/05/big-burden-for-farmers-gulf-shipping-crisis-threatens-food-price-shock,‘A big burden for farmers’: Gulf shipping crisis threatens food price shock,2026-03-05T06:00:54Z,742
news/ng-interactive/2026/mar/05/power-without-a-throne-how-khalifa-haftar-controls-libya-and-is-answerable-to-no-one,https://www.theguardian.com/news/ng-interactive/2026/mar/05/power-without-a-throne-how-khalifa-haftar-controls-libya-and-is-answerable-to-no-one,Power without a throne: how Khalifa Haftar controls Libya ,2026-03-05T05:00:51Z,5209
world/live/2026/mar/04/iran-war-live-updates-us-israel-latest-news-strait-of-hormuz-middle-east-crisis,https://www.theguardian.com/world/live/2026/mar/04/iran-war-live-updates-us-israel-latest-news-strait-of-hormuz-middle-east-crisis,"US submarine sank Iranian warship, Hegseth says – as it happened",2026-03-05T04:09:44Z,16404
world/2026/mar/05/ukraine-war-briefing-putin-blames-ukraine-for-sinking-of-tanker-off-coast-of-libya,https://www.theguardian.com/world/2026/mar/05/ukraine-war-briefing-putin-blames-ukraine-for-sinking-of-tanker-off-coast-of-libya,Ukraine war briefing: Russia claims LNG tanker in Mediterranean hit by drones,2026-03-05T02:46:31Z,352
world/2026/mar/04/us-interceptors-iranian-drones,https://www.theguardian.com/world/2026/mar/04/us-interceptors-iranian-drones,"US may not have capacity to take down full barrage of Iranian drones, officials warn",2026-03-05T00:11:21Z,508
world/2026/mar/04/putin-accuses-ukraine-of-attacking-gas-tanker-that-exploded-and-sank-off-libya,https://www.theguardian.com/world/2026/mar/04/putin-accuses-ukraine-of-attacking-gas-tanker-that-exploded-and-sank-off-libya,Putin accuses Ukraine of attacking gas tanker that exploded and sank off Libya,2026-03-04T19:51:28Z,486
politics/2026/mar/04/badenoch-gives-a-borderline-disgraceful-performance-at-pmqs-on-iran,https://www.theguardian.com/politics/2026/mar/04/badenoch-gives-a-borderline-disgraceful-performance-at-pmqs-on-iran,Badenoch gives a borderline disgraceful performance at PMQs on Iran,2026-03-04T19:08:50Z,1118
business/nils-pratley-on-finance/2026/mar/04/reeves-should-scrap-the-north-sea-windfall-tax-now,https://www.theguardian.com/business/nils-pratley-on-finance/2026/mar/04/reeves-should-scrap-the-north-sea-windfall-tax-now,Rachel Reeves should scrap the North Sea windfall tax now,2026-03-04T18:33:11Z,865
money/2026/mar/04/iran-conflict-energy-bills-gas-prices,https://www.theguardian.com/money/2026/mar/04/iran-conflict-energy-bills-gas-prices,Energy bills could rise by £160 after Iran conflict pushes gas prices higher,2026-03-04T17:46:11Z,789
world/2026/mar/04/how-the-us-israeli-war-on-iran-created-a-massive-hole-in-global-airspace,https://www.theguardian.com/world/2026/mar/04/how-the-us-israeli-war-on-iran-created-a-massive-hole-in-global-airspace,How the US-Israeli war on Iran created a massive hole in global airspace,2026-03-04T17:21:43Z,700
politics/live/2026/mar/04/starmer-trump-iran-pmqs-immigration-uk-politics-live-news-updates,https://www.theguardian.com/politics/live/2026/mar/04/starmer-trump-iran-pmqs-immigration-uk-politics-live-news-updates,Labour MP says she had no reason to suspect her husband may have broken law after his arrest on suspicion of spying for China – as it happened,2026-03-04T16:59:20Z,7174
world/live/2026/mar/04/europe-latest-news-updates-pedro-sanchez-spain-nato-eu,https://www.theguardian.com/world/live/2026/mar/04/europe-latest-news-updates-pedro-sanchez-spain-nato-eu,"‘Any threat against member state is threat against the EU’, says commissioner in response to Trump comments – as it happened",2026-03-04T16:22:00Z,5415
business/live/2026/mar/04/war-middle-east-uk-living-standards-growth-markets-energy-shock-live-news-updates,https://www.theguardian.com/business/live/2026/mar/04/war-middle-east-uk-living-standards-growth-markets-energy-shock-live-news-updates,"UK motor fuel prices rise since Middle East conflict began, and energy bills could jump 10% in July – as it happened",2026-03-04T16:05:26Z,5275
business/2026/mar/04/war-in-middle-east-could-wipe-out-growth-in-uk-living-standards,https://www.theguardian.com/business/2026/mar/04/war-in-middle-east-could-wipe-out-growth-in-uk-living-standards,War in Middle East ‘could wipe out growth in UK living standards’,2026-03-04T15:55:10Z,714
world/2026/mar/04/will-trumps-middle-east-war-also-engulf-friedrich-merz,https://www.theguardian.com/world/2026/mar/04/will-trumps-middle-east-war-also-engulf-friedrich-merz,Will Trump’s Middle East war also engulf Friedrich Merz?,2026-03-04T15:40:34Z,950
commentisfree/2026/mar/04/keir-starmer-britain-europe-reset-four-ways,https://www.theguardian.com/commentisfree/2026/mar/04/keir-starmer-britain-europe-reset-four-ways,"Yes, Keir Starmer must do better and go faster in bringing Britain closer to Europe. Here’s how to reset his reset",2026-03-04T14:25:23Z,899
lifeandstyle/2026/mar/04/arthur-snell-interview-geopolitics-climate-crisis-book-elemental,https://www.theguardian.com/lifeandstyle/2026/mar/04/arthur-snell-interview-geopolitics-climate-crisis-book-elemental,Relentless sun and ruthless populists: how the climate crisis will change the next 20 years,2026-03-04T13:00:21Z,2363
world/2026/mar/04/wednesday-briefing-was-the-chancellors-spring-statement-already-out-of-date,https://www.theguardian.com/world/2026/mar/04/wednesday-briefing-was-the-chancellors-spring-statement-already-out-of-date,Wednesday briefing: ​​Was the chancellor’s spring statement already out of date?,2026-03-04T06:47:50Z,2046
world/2026/mar/04/middle-east-conflict-offers-economic-lifeline-to-russias-flagging-war-machine,https://www.theguardian.com/world/2026/mar/04/middle-east-conflict-offers-economic-lifeline-to-russias-flagging-war-machine,Middle East conflict offers economic lifeline to Russia’s flagging war machine,2026-03-04T06:00:42Z,984
world/live/2026/mar/03/us-israel-war-iran-live-updates-attacks-strikes-trump-netanyahu-lebanon-middle-east-latest-news,https://www.theguardian.com/world/live/2026/mar/03/us-israel-war-iran-live-updates-attacks-strikes-trump-netanyahu-lebanon-middle-east-latest-news,Trump says US will provide insurance for commercial shipping – as it happened,2026-03-04T02:41:19Z,12270
world/2026/mar/04/ukraine-war-briefing-merz-tells-trump-ukraine-must-not-give-up-more-territory,https://www.theguardian.com/world/2026/mar/04/ukraine-war-briefing-merz-tells-trump-ukraine-must-not-give-up-more-territory,Ukraine war briefing: Merz tells Trump Ukraine must not give up more territory ,2026-03-04T01:05:07Z,586
politics/2026/mar/04/mps-say-starmers-uk-eu-reset-lacks-direction-definition-and-drive,https://www.theguardian.com/politics/2026/mar/04/mps-say-starmers-uk-eu-reset-lacks-direction-definition-and-drive,"MPs say Starmer’s UK-EU reset lacks ‘direction, definition and drive’",2026-03-04T00:00:34Z,550
us-news/live/2026/mar/03/donald-trump-iran-war-powers-kristi-noem-primaries-friedrich-merz-latest-news-updates,https://www.theguardian.com/us-news/live/2026/mar/03/donald-trump-iran-war-powers-kristi-noem-primaries-friedrich-merz-latest-news-updates,Rubio tries to backtrack after Israel comments later contradicted by Trump trigger criticism – as it happened,2026-03-04T00:00:20Z,9517
football/live/2026/mar/03/wolves-v-liverpool-leeds-v-sunderland-and-more-premier-league-live,https://www.theguardian.com/football/live/2026/mar/03/wolves-v-liverpool-leeds-v-sunderland-and-more-premier-league-live,"Wolves 2-1 Liverpool, Leeds 0-1 Sunderland, and more: Premier League – as it happened",2026-03-03T22:39:14Z,4530
world/2026/mar/03/dubai-influencers-iran-war-strikes,https://www.theguardian.com/world/2026/mar/03/dubai-influencers-iran-war-strikes,Dubai influencers’ lives of luxury interrupted by Iran strikes: ‘The image of safety has been shattered’,2026-03-03T19:51:32Z,1771
football/live/2026/mar/03/ukraine-v-england-womens-world-cup-qualifying-live,https://www.theguardian.com/football/live/2026/mar/03/ukraine-v-england-womens-world-cup-qualifying-live,Ukraine 1-6 England: Women’s World Cup qualifying – as it happened,2026-03-03T19:42:53Z,2144
football/2026/mar/03/ukraine-england-womens-world-cup-qualifier,https://www.theguardian.com/football/2026/mar/03/ukraine-england-womens-world-cup-qualifier,Alessia Russo double for England sparks Women’s World Cup qualifying win against Ukraine,2026-03-03T19:38:20Z,763
world/2026/mar/03/trump-says-he-fears-irans-next-leader-could-be-as-bad-as-the-previous-person,https://www.theguardian.com/world/2026/mar/03/trump-says-he-fears-irans-next-leader-could-be-as-bad-as-the-previous-person,Trump says he fears Iran’s next leader could be ‘as bad as the previous person’,2026-03-03T19:32:18Z,893
politics/2026/mar/03/its-no-news-just-when-we-wanted-some-business-leaders-react-to-spring-statement,https://www.theguardian.com/politics/2026/mar/03/its-no-news-just-when-we-wanted-some-business-leaders-react-to-spring-statement,‘It’s no news just when we wanted some’: bosses react to spring statement,2026-03-03T18:52:16Z,1080
business/live/2026/mar/03/spring-forecast-rachel-reeves-statement-economic-plan-obr-oil-gas-stock-markets-live-updates,https://www.theguardian.com/business/live/2026/mar/03/spring-forecast-rachel-reeves-statement-economic-plan-obr-oil-gas-stock-markets-live-updates,"Iran conflict could have ‘very significant’ impact on UK economy, OBR warns; FTSE 100’s biggest fall in 11 months – as it happened",2026-03-03T17:58:49Z,11159
world/2026/mar/03/british-expats-dubai-iran-war,https://www.theguardian.com/world/2026/mar/03/british-expats-dubai-iran-war,Why some British expats in Dubai insist it’s business as usual – despite Iran war,2026-03-03T17:00:25Z,1215
stage/2026/mar/03/ukraine-unbroken-review-arcola-theatre-london,https://www.theguardian.com/stage/2026/mar/03/ukraine-unbroken-review-arcola-theatre-london,Ukraine Unbroken review – five searing dramas about the history and horror of Russia’s invasion,2026-03-03T16:37:34Z,513
football/2026/mar/03/sacked-after-8-0-win-filipe-luis-flamengo-football-daily-newsletter,https://www.theguardian.com/football/2026/mar/03/sacked-after-8-0-win-filipe-luis-flamengo-football-daily-newsletter,Sacked after an 8-0 win? The curious case of Filipe Luís and Flamengo,2026-03-03T16:28:23Z,1002
world/live/2026/mar/03/european-travel-flights-iran-middle-east-freidrich-merz-europe-latest-news-updates,https://www.theguardian.com/world/live/2026/mar/03/european-travel-flights-iran-middle-east-freidrich-merz-europe-latest-news-updates,Macron to address the nation on Middle East as European countries organise return of stranded citizens – as it happened ,2026-03-03T16:00:13Z,3359
politics/live/2026/mar/03/trump-starmer-us-special-relationship-iran-yvette-cooper-labour-uk-politics-latest-news-updates,https://www.theguardian.com/politics/live/2026/mar/03/trump-starmer-us-special-relationship-iran-yvette-cooper-labour-uk-politics-latest-news-updates,UK considering sending warship to Cyprus; government to charter flight from Oman ‘in the coming days’– as it happened,2026-03-03T15:59:58Z,5060
world/2026/mar/03/middle-east-war-decided-interceptors-missiles,https://www.theguardian.com/world/2026/mar/03/middle-east-war-decided-interceptors-missiles,"Middle East war could be decided by who runs out of missiles or interceptors first, analysts say",2026-03-03T15:44:15Z,985
australia-news/2026/mar/03/oil-gas-lng-prices-iran-war-middle-east-conflict-bills-australia-ntwnfb,https://www.theguardian.com/australia-news/2026/mar/03/oil-gas-lng-prices-iran-war-middle-east-conflict-bills-australia-ntwnfb,Australian energy bills could surge as Iran conflict drives up global gas prices,2026-03-03T14:00:05Z,668
world/2026/mar/03/global-south-condemns-us-israeli-war-with-iran,https://www.theguardian.com/world/2026/mar/03/global-south-condemns-us-israeli-war-with-iran,‘Imperialist undertones’: global south condemns US-Israeli war with Iran  ,2026-03-03T13:11:17Z,892
global-development/2026/mar/03/tech-firms-ai-farming-tools-food-system-security,https://www.theguardian.com/global-development/2026/mar/03/tech-firms-ai-farming-tools-food-system-security," Tech firms and AI farming tools ‘playing with the food system’, warns thinktank",2026-03-03T10:31:08Z,788
football/2026/mar/03/everton-fans-left-in-the-dark-with-need-to-find-home-comfort-at-new-stadium,https://www.theguardian.com/football/2026/mar/03/everton-fans-left-in-the-dark-with-need-to-find-home-comfort-at-new-stadium,Everton fans left in the dark with need to find home comfort at new stadium,2026-03-03T07:00:32Z,956
world/2026/mar/03/regulator-london-universal-church-of-the-kingdom-of-god-prosperity-gospel,https://www.theguardian.com/world/2026/mar/03/regulator-london-universal-church-of-the-kingdom-of-god-prosperity-gospel,‘They say you have to buy blessings’: the London women who gave everything to a controversial church,2026-03-03T06:00:32Z,871
commentisfree/2026/mar/03/starmer-position-iran-no-good-options,https://www.theguardian.com/commentisfree/2026/mar/03/starmer-position-iran-no-good-options,"Starmer’s position on Iran pleases no one, but that is because there are no good options",2026-03-03T06:00:30Z,1195
uk-news/2026/mar/03/rachel-reeves-middle-east-obr-spring-forecast,https://www.theguardian.com/uk-news/2026/mar/03/rachel-reeves-middle-east-obr-spring-forecast,"Rachel Reeves’s plans could be hit by Middle East conflict, say economists",2026-03-03T05:00:30Z,652
world/live/2026/mar/02/us-israel-war-iran-live-updates-attacks-strikes-tehran-lebanon-beirut-hezbollah-dubai-latest-news,https://www.theguardian.com/world/live/2026/mar/02/us-israel-war-iran-live-updates-attacks-strikes-tehran-lebanon-beirut-hezbollah-dubai-latest-news,Fire at US embassy in Riyadh after drone strike – as it happened,2026-03-03T04:57:11Z,17696
world/2026/mar/03/trump-us-iran-middle-east-china,https://www.theguardian.com/world/2026/mar/03/trump-us-iran-middle-east-china,Trump’s show of force in the Middle East creates a weakness China can exploit,2026-03-03T04:36:38Z,1104
world/2026/mar/03/ukraine-war-briefing-russia-army-records-slowest-advance-since-2024-amid-starlink-cut-data-shows,https://www.theguardian.com/world/2026/mar/03/ukraine-war-briefing-russia-army-records-slowest-advance-since-2024-amid-starlink-cut-data-shows,"Ukraine war briefing: Russia’s army records slowest advance since 2024 amid Starlink cut, data shows",2026-03-03T00:27:28Z,744
business/2026/mar/02/us-markets-war-iran,https://www.theguardian.com/business/2026/mar/02/us-markets-war-iran,US markets see-saw as investors keep close eye on Iran war,2026-03-02T21:32:30Z,443
football/2026/mar/02/lynda-hale-trailblazing-england-international-and-seven-time-fa-cup-winner-dies,https://www.theguardian.com/football/2026/mar/02/lynda-hale-trailblazing-england-international-and-seven-time-fa-cup-winner-dies,"‘Our first No 7’: Lynda Hale, pioneer who scored in England’s first women’s match, dies",2026-03-02T21:25:03Z,404
world/2026/mar/02/iran-unleashes-hundreds-of-drones-aimed-at-targets-across-middle-east,https://www.theguardian.com/world/2026/mar/02/iran-unleashes-hundreds-of-drones-aimed-at-targets-across-middle-east,Iran’s Shahed drones have brought terror to Ukrainian skies – now they are being deployed in the Middle East,2026-03-02T20:16:59Z,663
business/nils-pratley-on-finance/2026/mar/02/gas-shock-oil-iran-war-qatari-lng-strait-of-hormuz,https://www.theguardian.com/business/nils-pratley-on-finance/2026/mar/02/gas-shock-oil-iran-war-qatari-lng-strait-of-hormuz,A gas shock – not an oil shock – from the Iran war looks more threatening,2026-03-02T20:15:23Z,637
world/2026/mar/02/france-increase-nuclear-arsenal-european-weapons-cooperation-macron-says,https://www.theguardian.com/world/2026/mar/02/france-increase-nuclear-arsenal-european-weapons-cooperation-macron-says,"France to increase nuclear arsenal and European weapons cooperation, Macron says ",2026-03-02T19:41:47Z,827
world/2026/mar/02/iran-strait-of-hormuz-oil-gas-visualized,https://www.theguardian.com/world/2026/mar/02/iran-strait-of-hormuz-oil-gas-visualized,How escalating Iran conflict is driving up oil and gas prices – a visual guide,2026-03-02T19:13:22Z,984
world/2026/mar/02/anxiety-britons-caught-up-middle-east-conflict,https://www.theguardian.com/world/2026/mar/02/anxiety-britons-caught-up-middle-east-conflict,‘A constant state of anxiety’: Britons caught up in Middle East conflict,2026-03-02T18:54:50Z,1125
business/2026/mar/02/maritime-insurers-war-risk-cover-gulf-iran-shipping-strait-of-hormuz,https://www.theguardian.com/business/2026/mar/02/maritime-insurers-war-risk-cover-gulf-iran-shipping-strait-of-hormuz,Maritime insurers cancel war risk cover in Gulf as Iran conflict disrupts shipping,2026-03-02T18:31:51Z,877
business/live/2026/mar/02/oil-price-us-israel-iran-war-100-dollars-a-barrel-stock-markets-drop-travel-news-updates,https://www.theguardian.com/business/live/2026/mar/02/oil-price-us-israel-iran-war-100-dollars-a-barrel-stock-markets-drop-travel-news-updates,FTSE 100 share index records biggest fall since November as Iran war drives up oil and gas prices – as it happened,2026-03-02T17:18:10Z,7455
world/live/2026/mar/02/eu-response-middle-east-conflict-evacuate-citizens-europe-live-latest-news,https://www.theguardian.com/world/live/2026/mar/02/eu-response-middle-east-conflict-evacuate-citizens-europe-live-latest-news,"France to increase its number of nuclear warheads, Macron says – as it happened",2026-03-02T17:16:07Z,4506
world/2026/mar/02/iran-strait-hormuz-oil-global-prices-cost-of-living,https://www.theguardian.com/world/2026/mar/02/iran-strait-hormuz-oil-global-prices-cost-of-living,What disrupting the strait of Hormuz could mean for global cost-of-living pressures ,2026-03-02T14:00:13Z,1254
business/2026/mar/02/middle-east-crisis-oil-prices-inflation-us-iran-interest-rates-growth,https://www.theguardian.com/business/2026/mar/02/middle-east-crisis-oil-prices-inflation-us-iran-interest-rates-growth,Middle East crisis pushes up oil prices – and could drive inflation rises too,2026-03-02T13:02:32Z,694
football/2026/mar/02/england-lionesses-safety-turkey-sarina-wiegman-ukraine-world-cup-qualifier,https://www.theguardian.com/football/2026/mar/02/england-lionesses-safety-turkey-sarina-wiegman-ukraine-world-cup-qualifier,England keeping close eye on safety before World Cup qualifier in Turkey,2026-03-02T09:15:35Z,434
film/2026/mar/02/photophobia-review-ukraine-war-kharkiv-metro-12-year-old-bloodshed-rages-overhead,https://www.theguardian.com/film/2026/mar/02/photophobia-review-ukraine-war-kharkiv-metro-12-year-old-bloodshed-rages-overhead,Photophobia review – down in the Kharkiv rail tunnels with a 12-year-old as the bloodshed rages overhead,2026-03-02T09:00:05Z,298
stage/2026/mar/02/walk-my-world-bence-vagis-immersive-show-budapest-circus-dance,https://www.theguardian.com/stage/2026/mar/02/walk-my-world-bence-vagis-immersive-show-budapest-circus-dance,Flinging circus into the 21st century: how the immersive Walk My World became a Budapest must-see,2026-03-02T08:32:17Z,1638
australia-news/live/2026/mar/02/politics-updates-federal-parliament-anthony-albanese-labor-angus-taylor-coalition-nsw-budget-estimates-iran-war-reactions-ntwnfb,https://www.theguardian.com/australia-news/live/2026/mar/02/politics-updates-federal-parliament-anthony-albanese-labor-angus-taylor-coalition-nsw-budget-estimates-iran-war-reactions-ntwnfb,Hanson calls censure motion a ‘stunt’ before leaving chamber – as it happened,2026-03-02T07:01:23Z,12070
world/2026/mar/02/monday-briefing-what-does-the-escalation-in-the-middle-east-mean-for-global-stability,https://www.theguardian.com/world/2026/mar/02/monday-briefing-what-does-the-escalation-in-the-middle-east-mean-for-global-stability,Monday briefing: ​What does the escalation in the Middle East mean for global stability? ,2026-03-02T06:31:14Z,2094
film/2026/mar/02/teacher-putin-primary-school-propoganda-mr-nobody-against-putin-pavel-talankin,https://www.theguardian.com/film/2026/mar/02/teacher-putin-primary-school-propoganda-mr-nobody-against-putin-pavel-talankin,‘Some parents said they’d break my knees’: the teacher who exposed Putin’s primary school propaganda,2026-03-02T06:00:01Z,1102
australia-news/commentisfree/2026/mar/02/australia-response-us-israel-attack-iran-international-law,https://www.theguardian.com/australia-news/commentisfree/2026/mar/02/australia-response-us-israel-attack-iran-international-law,Australia’s timid response to the US and Israel’s attack on Iran risks being seen as complicity,2026-03-02T00:29:47Z,734
world/2026/mar/02/ukraine-war-briefing-drone-experts-to-stop-iran-drone-attacks-starmer,https://www.theguardian.com/world/2026/mar/02/ukraine-war-briefing-drone-experts-to-stop-iran-drone-attacks-starmer,Ukraine war briefing: Starmer says Ukrainian experts will help shoot down Iranian drone attacks in Gulf,2026-03-02T00:20:39Z,540
australia-news/2026/mar/02/morning-mail-monday-ntwnfb,https://www.theguardian.com/australia-news/2026/mar/02/morning-mail-monday-ntwnfb,Morning Mail: calls for talks as waves of missiles target Iran; scrutiny on ‘less lethal’ police projectiles; Australia’s energy hungry datacentres,2026-03-01T19:51:02Z,1049
world/2026/mar/01/iran-military-options-limited-us-israel-attack,https://www.theguardian.com/world/2026/mar/01/iran-military-options-limited-us-israel-attack,Iran’s military options limited as it tries to hit back at US-Israeli attack,2026-03-01T19:31:41Z,929
world/2026/mar/01/us-allies-foes-scrambling-trump-off-guard-iran,https://www.theguardian.com/world/2026/mar/01/us-allies-foes-scrambling-trump-off-guard-iran,US allies and foes left scrambling as Trump catches them off-guard on Iran,2026-03-01T19:10:42Z,1102
commentisfree/2026/mar/01/the-guardian-view-on-trumps-iranian-campaign-an-war-that-risks-becoming-the-new-normal,https://www.theguardian.com/commentisfree/2026/mar/01/the-guardian-view-on-trumps-iranian-campaign-an-war-that-risks-becoming-the-new-normal,The Guardian view on Trump’s Iranian campaign: an illegal war that risks becoming the new normal,2026-03-01T18:17:33Z,615
tv-and-radio/2026/mar/01/saturday-night-live-recap-connor-storrie,https://www.theguardian.com/tv-and-radio/2026/mar/01/saturday-night-live-recap-connor-storrie,Saturday Night Live: Heated Rivalry’s Connor Storrie makes debut to squealing fans,2026-03-01T17:51:28Z,1496
world/2026/mar/01/suspected-russian-shadow-fleet-tanker-seized-north-sea,https://www.theguardian.com/world/2026/mar/01/suspected-russian-shadow-fleet-tanker-seized-north-sea,Suspected Russian ‘shadow fleet’ tanker seized in North Sea,2026-03-01T16:02:00Z,663
commentisfree/2026/mar/01/trump-and-netanyahus-attack-on-iran-is-an-act-of-aggression,https://www.theguardian.com/commentisfree/2026/mar/01/trump-and-netanyahus-attack-on-iran-is-an-act-of-aggression,Trump and Netanyahu’s attack on Iran is an illegal act of aggression ,2026-03-01T15:00:43Z,1253
politics/2026/mar/01/keir-starmer-net-zero-reform-byelection,https://www.theguardian.com/politics/2026/mar/01/keir-starmer-net-zero-reform-byelection,Keir Starmer was advised to ditch net zero. He needs to re-embrace it,2026-03-01T13:00:41Z,1419
world/2026/mar/01/dubai-missile-drone-attack-iran-us-israel-war-middle-east,https://www.theguardian.com/world/2026/mar/01/dubai-missile-drone-attack-iran-us-israel-war-middle-east,‘We thought it was fireworks’: Dubai’s luxury seekers shaken by Iranian missiles ,2026-03-01T12:38:12Z,847
us-news/2026/mar/01/trump-cabinet-rfjk-jr,https://www.theguardian.com/us-news/2026/mar/01/trump-cabinet-rfjk-jr,Outcry grows over ‘clown car’ cabinet but no sign Trump ready for shakeup,2026-03-01T11:00:39Z,1618
commentisfree/2026/mar/01/trump-promised-no-wars-now-hes-a-bush-style-regime-change-president,https://www.theguardian.com/commentisfree/2026/mar/01/trump-promised-no-wars-now-hes-a-bush-style-regime-change-president,Trump promised no wars. Now he’s a Bush-style regime change president,2026-03-01T08:00:36Z,1225
world/2026/mar/01/ukraine-war-briefing-zelenskyy-says-russia-peace-talks-will-depend-on-situation-in-middle-east,https://www.theguardian.com/world/2026/mar/01/ukraine-war-briefing-zelenskyy-says-russia-peace-talks-will-depend-on-situation-in-middle-east,Ukraine war briefing: Zelenskyy says Russia peace talks will depend on situation in Middle East,2026-03-01T02:26:09Z,623
world/2026/mar/01/ayatollah-ali-khamenei-obituary,https://www.theguardian.com/world/2026/mar/01/ayatollah-ali-khamenei-obituary,Ayatollah Ali Khamenei obituary,2026-03-01T01:29:20Z,2497
politics/2026/feb/28/decision-allow-uk-exports-cygnet-texkimp-armenian-firm-review-russian-links,https://www.theguardian.com/politics/2026/feb/28/decision-allow-uk-exports-cygnet-texkimp-armenian-firm-review-russian-links,Decision to allow UK exports to Armenian firm under review over Russian links ,2026-02-28T13:00:12Z,719
australia-news/2026/feb/28/australians-warned-that-iran-attack-increases-risk-of-further-escalation-and-flight-cancellations-in-region,https://www.theguardian.com/australia-news/2026/feb/28/australians-warned-that-iran-attack-increases-risk-of-further-escalation-and-flight-cancellations-in-region,Albanese says Australia supports US action against Iran and stands with the Iranian people’s ‘struggle against oppression’,2026-02-28T07:47:34Z,861
sport/2026/feb/28/winter-paralympics-walks-tightrope-russia-inclusion-risks-ceremony-boycott,https://www.theguardian.com/sport/2026/feb/28/winter-paralympics-walks-tightrope-russia-inclusion-risks-ceremony-boycott,Winter Paralympics walks tightrope as Russia’s inclusion risks ceremony boycott,2026-02-28T07:00:07Z,839
culture/2026/feb/28/dirty-business-to-gisele-pelicot-the-week-in-rave-reviews,https://www.theguardian.com/culture/2026/feb/28/dirty-business-to-gisele-pelicot-the-week-in-rave-reviews,Dirty Business to Gisèle Pelicot’s memoir: the week in rave reviews,2026-02-28T06:00:05Z,1654
world/2026/feb/28/novelist-james-meek-returns-to-kyiv-ukraine,https://www.theguardian.com/world/2026/feb/28/novelist-james-meek-returns-to-kyiv-ukraine,‘A woman screams from a high balcony: “Help me! I’m freezing to death!”’ – novelist James Meek returns to Kyiv,2026-02-28T05:00:02Z,4660
world/2026/feb/28/ukraine-war-briefing-sweden-jammed-russian-drone-near-french-aircraft-carrier-amid-hybrid-war-fears,https://www.theguardian.com/world/2026/feb/28/ukraine-war-briefing-sweden-jammed-russian-drone-near-french-aircraft-carrier-amid-hybrid-war-fears,Ukraine war briefing: Sweden jammed Russian drone near French aircraft carrier amid hybrid war fears,2026-02-28T03:57:15Z,621
fashion/2026/feb/27/demna-brings-sexy-back-reinvigorate-gucci,https://www.theguardian.com/fashion/2026/feb/27/demna-brings-sexy-back-reinvigorate-gucci,Demna brings sexy back in effort to reinvigorate Gucci,2026-02-27T18:21:31Z,662
politics/live/2026/feb/27/gorton-and-denton-byelection-result-labour-green-party-reform-uk-politics-latest-news,https://www.theguardian.com/politics/live/2026/feb/27/gorton-and-denton-byelection-result-labour-green-party-reform-uk-politics-latest-news,PM vows to ‘keep fighting’ after Greens sweep past Labour and Reform to win byelection – as it happened,2026-02-27T17:57:46Z,17508
world/2026/feb/27/ghana-men-killed-fight-russia-ukraine,https://www.theguardian.com/world/2026/feb/27/ghana-men-killed-fight-russia-ukraine,Ghana says at least 55 of its people killed after Russia ‘lured’ them to fight Ukraine,2026-02-27T16:42:39Z,401
world/live/2026/feb/27/russia-europe-nuclear-plant-iaea-southern-ukraine-latest-news-updates,https://www.theguardian.com/world/live/2026/feb/27/russia-europe-nuclear-plant-iaea-southern-ukraine-latest-news-updates,"Von der Leyen pushes through Mercosur deal, splitting European leaders – as it happened",2026-02-27T16:34:12Z,3596
world/2026/feb/27/hungarys-viktor-orban-seeking-to-drum-up-votes-by-doing-down-ukraine,https://www.theguardian.com/world/2026/feb/27/hungarys-viktor-orban-seeking-to-drum-up-votes-by-doing-down-ukraine,Hungary’s Viktor Orbán seeking to drum up votes by doing down Ukraine,2026-02-27T07:00:36Z,1021
commentisfree/2026/feb/27/dirty-business-lady-mandelson-arrest-docudramas-intrusion,https://www.theguardian.com/commentisfree/2026/feb/27/dirty-business-lady-mandelson-arrest-docudramas-intrusion,"Dirty Business, The Lady, Mandelson’s arrest – are they truth, ‘faction’ or just more drama?",2026-02-27T06:00:33Z,800
world/2026/feb/27/ukraine-museum-opens-berlin-air-raid-bunker,https://www.theguardian.com/world/2026/feb/27/ukraine-museum-opens-berlin-air-raid-bunker,"‘A living, moving exhibition’: Ukraine Museum opens in Berlin air-raid bunker",2026-02-27T05:00:34Z,845
us-news/live/2026/feb/26/us-politics-latest-news-hillary-clinton-jeffrey-epstein-donald-trump,https://www.theguardian.com/us-news/live/2026/feb/26/us-politics-latest-news-hillary-clinton-jeffrey-epstein-donald-trump,Hillary Clinton says she answered every question in Epstein testimony and confirms Republican asked about UFOs and Pizzagate – as it happened,2026-02-27T02:58:08Z,9153
world/2026/feb/27/ukraine-war-briefing-imf-approves-81bn-loan-for-kyiv,https://www.theguardian.com/world/2026/feb/27/ukraine-war-briefing-imf-approves-81bn-loan-for-kyiv,Ukraine war briefing: IMF approves $8.1bn loan for Kyiv,2026-02-27T01:05:09Z,442
us-news/2026/feb/26/melania-trump-un-security-council,https://www.theguardian.com/us-news/2026/feb/26/melania-trump-un-security-council,"Melania Trump to lead UN security council session, White House says",2026-02-26T19:55:00Z,415
australia-news/2026/feb/27/morning-mail-friday-ntwnfb,https://www.theguardian.com/australia-news/2026/feb/27/morning-mail-friday-ntwnfb,Morning Mail: One Nation job for Pauline Hanson’s daughter; tensions high amid US-Iran nuclear talks; fears over ChatGPT Health advice,2026-02-26T19:49:15Z,1020
world/live/2026/feb/26/europe-latest-news-updates-russia-ukraine-war,https://www.theguardian.com/world/live/2026/feb/26/europe-latest-news-updates-russia-ukraine-war,Denmark’s Mette Frederiksen calls March election amid ‘Greenland bounce’ in polls – as it happened,2026-02-26T17:03:53Z,3557
commentisfree/2026/feb/26/autocracy-west-democracy-global-south,https://www.theguardian.com/commentisfree/2026/feb/26/autocracy-west-democracy-global-south,Autocracy is rising in the west. But the global south proves it’s not inevitable,2026-02-26T13:00:35Z,1234
world/2026/feb/26/the-base-far-right-terror-group-ukraine-russia,https://www.theguardian.com/world/2026/feb/26/the-base-far-right-terror-group-ukraine-russia,Far-right Base group claims murders in Ukraine amid questions over Russia ties,2026-02-26T13:00:35Z,763
commentisfree/2026/feb/26/us-intelligence-iraq-war-ukraine,https://www.theguardian.com/commentisfree/2026/feb/26/us-intelligence-iraq-war-ukraine,America lied about the Iraq war. Then they weren’t believed about Ukraine,2026-02-26T11:00:38Z,1155
commentisfree/2026/feb/26/friend-killed-reporting-marie-colvin,https://www.theguardian.com/commentisfree/2026/feb/26/friend-killed-reporting-marie-colvin,My friend was killed for telling you the truth. Now the powerful are even more desperate to silence us,2026-02-26T10:00:24Z,1016
world/2026/feb/26/ukraine-war-briefing-kyiv-to-accelerate-placement-of-anti-drone-nets-across-frontline,https://www.theguardian.com/world/2026/feb/26/ukraine-war-briefing-kyiv-to-accelerate-placement-of-anti-drone-nets-across-frontline,Ukraine war briefing: Kyiv to accelerate placement of anti-drone nets across frontline,2026-02-26T03:41:54Z,762
us-news/live/2026/feb/25/donald-trump-state-of-the-union-us-politics-iran-latest-news-updates,https://www.theguardian.com/us-news/live/2026/feb/25/donald-trump-state-of-the-union-us-politics-iran-latest-news-updates,Tim Walz accuses Trump of withholding $259m in Medicaid funds ‘to punish blue states’ – as it happened,2026-02-26T03:04:35Z,9641
media/2026/feb/25/record-number-journalists-killed-2025-israel-gaza-war,https://www.theguardian.com/media/2026/feb/25/record-number-journalists-killed-2025-israel-gaza-war,"Israel responsible for two-thirds of record 129 press killings in 2025, says CPJ",2026-02-25T19:24:39Z,831
news/2026/feb/25/heavy-lies-the-crown-inside-the-27-february-edition,https://www.theguardian.com/news/2026/feb/25/heavy-lies-the-crown-inside-the-27-february-edition,Heavy lies the crown: inside the 27 February edition,2026-02-25T18:00:04Z,594
politics/live/2026/feb/25/gorton-and-denton-byelection-campaign-greens-labour-reform-uk-politics-latest-news-updates,https://www.theguardian.com/politics/live/2026/feb/25/gorton-and-denton-byelection-campaign-greens-labour-reform-uk-politics-latest-news-updates,Foreign Office denies minister’s claim the Chagos Islands deal has been paused – as it happened,2026-02-25T17:30:46Z,6450
commentisfree/2026/feb/25/trump-state-of-the-union-address-review,https://www.theguardian.com/commentisfree/2026/feb/25/trump-state-of-the-union-address-review,Trump delivered the longest State of the Union address in history … and ran out of steam,2026-02-25T17:25:38Z,1088
world/live/2026/feb/25/ukraine-russia-zelenskyy-putin-orban-eu-hungary-sanctions-germany-china-merz-jinping-continues-europe-latest-news,https://www.theguardian.com/world/live/2026/feb/25/ukraine-russia-zelenskyy-putin-orban-eu-hungary-sanctions-germany-china-merz-jinping-continues-europe-latest-news,"Iceland to hold referendum on EU accession talks in next few months, PM says – as it happened",2026-02-25T17:24:34Z,3870
world/2026/feb/25/nobody-believed-that-putin-would-invade-ukraine-four-years-on-has-europe-learned-from-the-failures-of-2022,https://www.theguardian.com/world/2026/feb/25/nobody-believed-that-putin-would-invade-ukraine-four-years-on-has-europe-learned-from-the-failures-of-2022,"Nobody believed that Putin would invade Ukraine. Four years on, has Europe learned from the failures of 2022?",2026-02-25T15:30:01Z,1150
environment/2026/feb/25/germany-accused-ditching-climate-targets-scraps-renewables-mandate,https://www.theguardian.com/environment/2026/feb/25/germany-accused-ditching-climate-targets-scraps-renewables-mandate,Germany accused of ditching climate targets as it scraps renewables mandate,2026-02-25T15:11:02Z,643
business/2026/feb/25/ineos-in-talks-to-sell-parts-of-business-rising-debt-jim-ratcliffe-report,https://www.theguardian.com/business/2026/feb/25/ineos-in-talks-to-sell-parts-of-business-rising-debt-jim-ratcliffe-report,Ineos said to be in talks to sell parts of business to tackle rising debt,2026-02-25T14:30:24Z,480
us-news/2026/feb/25/first-thing-trump-claims-wins-attacks-foes-state-of-the-union,https://www.theguardian.com/us-news/2026/feb/25/first-thing-trump-claims-wins-attacks-foes-state-of-the-union,First Thing: Trump claims a year of wins and attacks old foes in longest State of the Union,2026-02-25T12:44:01Z,1073
technology/2026/feb/25/tech-legend-stewart-brand-on-musk-bezos-and-his-extraordinary-life-we-dont-need-to-passively-accept-our-fate,https://www.theguardian.com/technology/2026/feb/25/tech-legend-stewart-brand-on-musk-bezos-and-his-extraordinary-life-we-dont-need-to-passively-accept-our-fate,"Tech legend Stewart Brand on Musk, Bezos and his extraordinary life: ‘We don’t need to passively accept our fate’",2026-02-25T12:00:35Z,2419
money/2026/feb/25/energy-bills-fall-households-april-price-cap,https://www.theguardian.com/money/2026/feb/25/energy-bills-fall-households-april-price-cap,Energy bills will fall by £117 for millions of households in Great Britain from April,2026-02-25T08:31:51Z,796
world/2026/feb/25/russian-firms-have-routed-8bn-of-trade-through-british-island-territories-since-invasion-of-ukraine,https://www.theguardian.com/world/2026/feb/25/russian-firms-have-routed-8bn-of-trade-through-british-island-territories-since-invasion-of-ukraine,Russian firms have routed $8bn of trade through British island territories since invasion of Ukraine,2026-02-25T08:01:04Z,936
commentisfree/2026/feb/25/donald-trump-maga-nigel-farage-reform-vladimir-putin-nationalism,https://www.theguardian.com/commentisfree/2026/feb/25/donald-trump-maga-nigel-farage-reform-vladimir-putin-nationalism,"From Trump’s Maga to Farage’s Reform, they’re all following Putin’s nationalism playbook",2026-02-25T06:00:02Z,1130
commentisfree/2026/feb/25/world-ukraine-vladimir-putin-geopolitical-conflict-donald-trump,https://www.theguardian.com/commentisfree/2026/feb/25/world-ukraine-vladimir-putin-geopolitical-conflict-donald-trump,"Four years ago, the world expected Ukraine to be crushed, but it has stood firm. So what now for Putin?",2026-02-25T05:00:03Z,973
world/2026/feb/25/ukraine-war-briefing-four-years-un-secretary-general-guterres,https://www.theguardian.com/world/2026/feb/25/ukraine-war-briefing-four-years-un-secretary-general-guterres,"Ukraine war briefing: UN chief says war a ‘stain on our collective conscience’, as US abstains from vote",2026-02-25T01:01:28Z,607
us-news/2026/feb/24/anthropic-claude-military-ai,https://www.theguardian.com/us-news/2026/feb/24/anthropic-claude-military-ai,US military leaders pressure Anthropic to bend Claude safeguards,2026-02-25T00:35:31Z,637
tv-and-radio/2026/feb/24/the-zero-line-inside-russias-war-review-harrowing-testimony-from-a-military-that-turns-on-its-own,https://www.theguardian.com/tv-and-radio/2026/feb/24/the-zero-line-inside-russias-war-review-harrowing-testimony-from-a-military-that-turns-on-its-own,The Zero Line: Inside Russia’s War review – harrowing testimony from a military that turns on its own,2026-02-24T22:00:52Z,880
politics/live/2026/feb/24/peter-mandelson-ex-prince-andrew-labour-keir-starmer-uk-politics-latest-news-updates,https://www.theguardian.com/politics/live/2026/feb/24/peter-mandelson-ex-prince-andrew-labour-keir-starmer-uk-politics-latest-news-updates,Mandelson complains arrest followed ‘baseless suggestion’ he was about to flee the country – UK politics as it happened,2026-02-24T20:40:20Z,10953
football/2026/feb/24/england-womens-world-cup-qualifier-everton-hill-dickinson-stadium-ukraine-june,https://www.theguardian.com/football/2026/feb/24/england-womens-world-cup-qualifier-everton-hill-dickinson-stadium-ukraine-june,Williamson refuses to rule out strike action amid player overload concerns,2026-02-24T20:27:42Z,797
australia-news/2026/feb/25/morning-mail-wednesday-ntwnfb,https://www.theguardian.com/australia-news/2026/feb/25/morning-mail-wednesday-ntwnfb,"Morning Mail: PM evacuated over bomb threat, nearly 60% would consider voting One Nation, Trump prepares State of the Union",2026-02-24T19:50:32Z,976
world/live/2026/feb/24/russia-ukraine-war-four-year-anniversary-invasion-zelenskyy-putin-europe-latest-news,https://www.theguardian.com/world/live/2026/feb/24/russia-ukraine-war-four-year-anniversary-invasion-zelenskyy-putin-europe-latest-news,Zelenskyy pushes for Ukraine’s 2027 EU accession as Europe marks four years of war – as it happened,2026-02-24T18:06:11Z,8448
world/2026/feb/24/russia-criminal-case-telegram-founder-pavel-durov,https://www.theguardian.com/world/2026/feb/24/russia-criminal-case-telegram-founder-pavel-durov,Russia opens criminal case into Telegram founder Pavel Durov  ,2026-02-24T16:21:39Z,491
world/2026/feb/24/russia-fighting-ukraine-war-throughout-2026-military-thinktank,https://www.theguardian.com/world/2026/feb/24/russia-fighting-ukraine-war-throughout-2026-military-thinktank,"Russia can keep fighting Ukraine war throughout 2026, says military thinktank",2026-02-24T15:09:30Z,658
sport/2026/feb/24/italy-winter-olympics-highlights-magic-joy-tension-camaraderie,https://www.theguardian.com/sport/2026/feb/24/italy-winter-olympics-highlights-magic-joy-tension-camaraderie,‘I felt tears welling in my eyes’: our readers’ Winter Olympics highlights,2026-02-24T14:34:29Z,923
world/2026/feb/24/zelenskyy-trump-putin-invasion-anniversary-speech,https://www.theguardian.com/world/2026/feb/24/zelenskyy-trump-putin-invasion-anniversary-speech,Zelenskyy urges Trump to visit Ukraine in speech marking invasion anniversary,2026-02-24T14:05:37Z,1171
us-news/2026/feb/24/first-thing-trump-iran-airstrikes-kushner-witkoff,https://www.theguardian.com/us-news/2026/feb/24/first-thing-trump-iran-airstrikes-kushner-witkoff,First Thing: Trump Iran airstrikes decision to be guided by Kushner and Witkoff’s advice,2026-02-24T11:20:36Z,1016
commentisfree/2026/feb/24/ukraine-wounded-soldiers-heal-stories-patients-war,https://www.theguardian.com/commentisfree/2026/feb/24/ukraine-wounded-soldiers-heal-stories-patients-war,I went to a place deep in the forest where Ukraine’s wounded soldiers go to heal. This is what they told me,2026-02-24T11:00:00Z,1062
world/2026/feb/24/tuesday-briefing-long-and-winding-road-of-war-in-ukraine,https://www.theguardian.com/world/2026/feb/24/tuesday-briefing-long-and-winding-road-of-war-in-ukraine,"Tuesday briefing: The long and winding road of war in Ukraine, as the human cost mounts",2026-02-24T06:41:16Z,2041
world/2026/feb/24/four-years-ukraine-invasion-russia-gains-small-ukraine-remains-resilient,https://www.theguardian.com/world/2026/feb/24/four-years-ukraine-invasion-russia-gains-small-ukraine-remains-resilient,"Four years into Ukraine invasion, Russia’s gains are small, while Kyiv remains resilient ",2026-02-24T05:00:02Z,1009
commentisfree/2026/feb/24/ukraine-where-has-moral-clarity-gone-russia-invasion-putin,https://www.theguardian.com/commentisfree/2026/feb/24/ukraine-where-has-moral-clarity-gone-russia-invasion-putin,"In 2022, the world had moral clarity over Russia’s invasion. Now in Ukraine we ask: where has that gone?",2026-02-24T05:00:02Z,1179
world/2026/feb/24/ukraine-war-briefing-russia-exporting-more-oil-now-than-before-war-despite-sanctions-report,https://www.theguardian.com/world/2026/feb/24/ukraine-war-briefing-russia-exporting-more-oil-now-than-before-war-despite-sanctions-report,Ukraine war briefing: Russia exporting more oil now than before war despite sanctions – report,2026-02-24T02:17:32Z,785
world/2026/feb/23/eu-leaders-accuse-hungary-sabotaging-support-ukraine,https://www.theguardian.com/world/2026/feb/23/eu-leaders-accuse-hungary-sabotaging-support-ukraine,‘Political sabotage’: EU leaders accuse Hungary of undermining support for Ukraine,2026-02-24T00:09:39Z,990
sport/2026/feb/23/banned-ukrainian-vladislav-heraskevych-return-glory-helmet-memory-ioc-winter-olympics-2026,https://www.theguardian.com/sport/2026/feb/23/banned-ukrainian-vladislav-heraskevych-return-glory-helmet-memory-ioc-winter-olympics-2026,"‘I want to come back, to win gold’: banned Ukrainian determined to race for glory in helmet of memory",2026-02-23T20:00:49Z,1700
australia-news/2026/feb/24/morning-mail-tuesday-ntwnfb,https://www.theguardian.com/australia-news/2026/feb/24/morning-mail-tuesday-ntwnfb,"Morning Mail: PM backs plan to remove Andrew from line of succession, high-speed rail plan unveiled, best hot cross bun named",2026-02-23T19:53:58Z,954
politics/live/2026/feb/23/send-white-paper-keir-starmer-labour-reform-tories-uk-politics-latest-news-updates,https://www.theguardian.com/politics/live/2026/feb/23/send-white-paper-keir-starmer-labour-reform-tories-uk-politics-latest-news-updates,Met police arrest former British ambassador to US Peter Mandelson – as it happened ,2026-02-23T19:29:50Z,10275
commentisfree/2026/feb/23/the-guardian-view-on-the-fourth-anniversary-of-vladimir-putins-war-ukraine-is-exhausted-but-not-broken-,https://www.theguardian.com/commentisfree/2026/feb/23/the-guardian-view-on-the-fourth-anniversary-of-vladimir-putins-war-ukraine-is-exhausted-but-not-broken-,"The Guardian view on the fourth anniversary of Putin’s war: Ukraine is exhausted, but not broken",2026-02-23T18:39:46Z,596
world/2026/feb/23/diplomatic-failure-in-the-run-up-to-war-in-ukraine,https://www.theguardian.com/world/2026/feb/23/diplomatic-failure-in-the-run-up-to-war-in-ukraine,Diplomatic failure in the run-up to war in Ukraine,2026-02-23T18:15:37Z,581
world/2026/feb/23/chickens-coming-home-to-roost-in-eastern-europe,https://www.theguardian.com/world/2026/feb/23/chickens-coming-home-to-roost-in-eastern-europe,Chickens coming home to roost in eastern Europe,2026-02-23T18:15:32Z,309
world/live/2026/feb/23/russia-ukraine-war-sanctions-hungary-eu-europe-latest-news-updates,https://www.theguardian.com/world/live/2026/feb/23/russia-ukraine-war-sanctions-hungary-eu-europe-latest-news-updates,EU fails to agree on new sanctions on Russia ahead of fourth anniversary of war – Europe live ,2026-02-23T17:49:02Z,6438
artanddesign/2026/feb/23/julia-kochetova-photographs-war-ukraine,https://www.theguardian.com/artanddesign/2026/feb/23/julia-kochetova-photographs-war-ukraine,‘This girl was braver than I was’: Julia Kochetova’s astonishing photographs of war in Ukraine,2026-02-23T16:51:15Z,2864
commentisfree/2026/feb/23/award-ceremonies-anodyne-prince-william-bafta-moment,https://www.theguardian.com/commentisfree/2026/feb/23/award-ceremonies-anodyne-prince-william-bafta-moment,Award ceremonies can be anodyne – but Prince William’s Bafta moment broke through,2026-02-23T15:27:36Z,738
world/2026/feb/23/ukraine-economic-resilience-eu-business-tie-ups,https://www.theguardian.com/world/2026/feb/23/ukraine-economic-resilience-eu-business-tie-ups, ‘Progressive membership’: Ukraine’s economic resilience shows future for EU business tie-ups,2026-02-23T13:47:21Z,1254
food/2026/feb/23/uk-food-security-cyber-attack-riots-tinderbox-analysis,https://www.theguardian.com/food/2026/feb/23/uk-food-security-cyber-attack-riots-tinderbox-analysis,"‘Tinderbox’ UK may be one shock away from food riots, experts say",2026-02-23T13:29:15Z,823
environment/2026/feb/23/weather-tracker-spring-europe-france-noreaster-boston-blizzards,https://www.theguardian.com/environment/2026/feb/23/weather-tracker-spring-europe-france-noreaster-boston-blizzards,Weather tracker: Early taste of spring to sweep parts of Europe,2026-02-23T10:33:19Z,357
australia-news/live/2026/feb/23/australia-news-live-health-measles-vaccination-weather-rain-storm-sydney-melbourne-bondi-attack-ahmed-al-ahmed-ntwnfb,https://www.theguardian.com/australia-news/live/2026/feb/23/australia-news-live-health-measles-vaccination-weather-rain-storm-sydney-melbourne-bondi-attack-ahmed-al-ahmed-ntwnfb,Modest pullback on ASX after Trump tariff hike – as it happened,2026-02-23T07:02:20Z,6393
world/2026/feb/23/monday-briefing-will-the-new-send-reforms-work-for-englands-children,https://www.theguardian.com/world/2026/feb/23/monday-briefing-will-the-new-send-reforms-work-for-englands-children,Monday briefing: ​Will the new Send reforms work for England’s children? ,2026-02-23T06:45:02Z,2215
lifeandstyle/2026/feb/23/why-have-apples-increased-so-much-in-price-in-the-uk,https://www.theguardian.com/lifeandstyle/2026/feb/23/why-have-apples-increased-so-much-in-price-in-the-uk,Why are homegrown apples in the UK more expensive than imported bananas?,2026-02-23T05:00:58Z,1108
world/2026/feb/23/ukraine-war-briefing-russian-embassy-raises-victory-will-be-ours-banner-over-seoul-embassy-drawing-complaints,https://www.theguardian.com/world/2026/feb/23/ukraine-war-briefing-russian-embassy-raises-victory-will-be-ours-banner-over-seoul-embassy-drawing-complaints,"Ukraine war briefing: Russian embassy in Seoul raises ‘victory will be ours’ banner, drawing complaints",2026-02-23T02:29:17Z,856
sport/live/2026/feb/22/winter-olympics-2026-gold-medals-bobsleigh-curling-canada-usa-ice-hockey-final-closing-ceremony-live,https://www.theguardian.com/sport/live/2026/feb/22/winter-olympics-2026-gold-medals-bobsleigh-curling-canada-usa-ice-hockey-final-closing-ceremony-live,Winter Olympics 2026 come to a close at Verona Arena after Norway top medal table – as it happened,2026-02-22T22:11:57Z,11845
film/2026/feb/22/one-battle-after-another-defeats-hamnet-and-sinners-at-baftas-i-swear-robert-aramayo-best-actor-jessie-buckley-leading-actress,https://www.theguardian.com/film/2026/feb/22/one-battle-after-another-defeats-hamnet-and-sinners-at-baftas-i-swear-robert-aramayo-best-actor-jessie-buckley-leading-actress,"One Battle After Another defeats Hamnet and Sinners at Baftas, as I Swear’s Robert Aramayo takes best actor",2026-02-22T20:29:52Z,1447
australia-news/2026/feb/23/morning-mail-monday-ntwnfb,https://www.theguardian.com/australia-news/2026/feb/23/morning-mail-monday-ntwnfb,Morning Mail: NDIS call centre staff ‘burnt out’; the rise of AI in Australian schools; armed man killed at Trump’s Mar-a-Lago estate ,2026-02-22T20:03:55Z,1002
politics/2026/feb/22/labour-must-take-drastic-action-to-regain-its-standing,https://www.theguardian.com/politics/2026/feb/22/labour-must-take-drastic-action-to-regain-its-standing,Labour must take drastic action to regain its standing,2026-02-22T17:55:17Z,681
world/2026/feb/22/russia-missiles-ukraine-hungary-block-eu-sanctions,https://www.theguardian.com/world/2026/feb/22/russia-missiles-ukraine-hungary-block-eu-sanctions,Russia fires scores of missiles at Ukraine as Hungary threatens to block EU sanctions,2026-02-22T16:12:50Z,856
politics/live/2026/feb/22/uk-education-ehcp-attainment-schools-andrew-latest-news-updates,https://www.theguardian.com/politics/live/2026/feb/22/uk-education-ehcp-attainment-schools-andrew-latest-news-updates,Defence secretary says he hopes to deploy British troops to Ukraine - as it happened,2026-02-22T15:37:41Z,4379
us-news/ng-interactive/2026/feb/22/world-order-trump,https://www.theguardian.com/us-news/ng-interactive/2026/feb/22/world-order-trump,Global leaders are dreaming of a US-free world order. Do they stand a chance?,2026-02-22T14:00:40Z,2734
world/2026/feb/22/erik-prince-drone-company-ukraine,https://www.theguardian.com/world/2026/feb/22/erik-prince-drone-company-ukraine,"Blackwater founder Erik Prince has joined the drone-warfare fray in Ukraine, SEC filings reveal",2026-02-22T12:00:37Z,894
business/2026/feb/22/china-overtakes-us-as-germany-top-trading-partner,https://www.theguardian.com/business/2026/feb/22/china-overtakes-us-as-germany-top-trading-partner,China overtakes US as Germany’s top trading partner,2026-02-22T10:51:40Z,467
commentisfree/2026/feb/22/russia-cultural-liberal-elite-putin,https://www.theguardian.com/commentisfree/2026/feb/22/russia-cultural-liberal-elite-putin,The strategy of Russia’s liberal elite is clear: make your peace with Putin. This is how they survive,2026-02-22T08:00:31Z,1152
business/2026/feb/22/high-energy-prices-threaten-uks-status-as-manufacturing-power-business-groups-say,https://www.theguardian.com/business/2026/feb/22/high-energy-prices-threaten-uks-status-as-manufacturing-power-business-groups-say,"High energy prices threaten UK’s status as manufacturing power, business groups say",2026-02-22T07:00:32Z,812
world/2026/feb/22/ukraine-war-russia-birthrates-families-parents-children,https://www.theguardian.com/world/2026/feb/22/ukraine-war-russia-birthrates-families-parents-children,‘A patriotic act’: the Ukrainians having babies and raising children in wartime,2026-02-22T06:00:30Z,1189
world/2026/feb/22/ukraine-war-briefing-kyiv-condemns-hungary-slovakia-energy-supply-dispute,https://www.theguardian.com/world/2026/feb/22/ukraine-war-briefing-kyiv-condemns-hungary-slovakia-energy-supply-dispute,Ukraine war briefing: Kyiv condemns ‘blackmail’ by Hungary and Slovakia in energy supplies dispute,2026-02-22T02:02:58Z,761
commentisfree/2026/feb/21/ukraine-us-betrayal-donald-trump-vladimir-putin,https://www.theguardian.com/commentisfree/2026/feb/21/ukraine-us-betrayal-donald-trump-vladimir-putin,Ukraine is the biggest and most consequential of all the American betrayals,2026-02-21T06:00:02Z,981
world/2026/feb/21/ukraine-war-briefing-hungary-threatens-to-block-90bn-eu-loan-to-kyiv-in-oil-row,https://www.theguardian.com/world/2026/feb/21/ukraine-war-briefing-hungary-threatens-to-block-90bn-eu-loan-to-kyiv-in-oil-row,Ukraine war briefing: Hungary threatens to block €90bn EU loan to Kyiv in oil row,2026-02-21T03:59:06Z,772
sport/live/2026/feb/20/winter-olympics-2026-ski-cross-halfpipe-and-more-on-day-14-live,https://www.theguardian.com/sport/live/2026/feb/20/winter-olympics-2026-ski-cross-halfpipe-and-more-on-day-14-live,Winter Olympics 2026: Norway break own record for golds won in single Games after biathlon triumph – as it happened,2026-02-20T21:56:09Z,9018
world/live/2026/feb/20/european-defence-meeting-ukraine-war-russia-latest-news,https://www.theguardian.com/world/live/2026/feb/20/european-defence-meeting-ukraine-war-russia-latest-news,Zelenskyy says ‘real opportunities to end war with dignity still exist’ - as it happened,2026-02-20T15:35:41Z,2794
world/2026/feb/20/austria-climber-convicted-manslaughter-girlfriend-kerstin-g-grossglockner-mountain,https://www.theguardian.com/world/2026/feb/20/austria-climber-convicted-manslaughter-girlfriend-kerstin-g-grossglockner-mountain,Climber convicted of manslaughter after leaving girlfriend on Austria’s highest peak to seek help,2026-02-20T13:45:54Z,1210
world/2026/feb/20/europe-papers-react-arrest-former-prince-andrew,https://www.theguardian.com/world/2026/feb/20/europe-papers-react-arrest-former-prince-andrew,‘A momentous watershed’: Europe’s papers react to arrest of former prince Andrew,2026-02-20T11:15:48Z,846
global-development/2026/feb/20/true-cost-ecuador-roses-global-flower-trade-poison-water-workers-land,https://www.theguardian.com/global-development/2026/feb/20/true-cost-ecuador-roses-global-flower-trade-poison-water-workers-land,The true cost of Ecuador’s perfect roses: how the global flower trade poisons workers ,2026-02-20T11:00:37Z,1432
world/ng-interactive/2026/feb/20/a-war-foretold-cia-mi6-putin-ukraine-plans-russia,https://www.theguardian.com/world/ng-interactive/2026/feb/20/a-war-foretold-cia-mi6-putin-ukraine-plans-russia,A war foretold: how the CIA and MI6 got hold of Putin’s Ukraine plans and why nobody believed them,2026-02-20T10:00:35Z,8264
artanddesign/2026/feb/20/an-unknown-woman-how-i-discovered-a-hidden-tragedy-tied-to-russias-most-famous-painting,https://www.theguardian.com/artanddesign/2026/feb/20/an-unknown-woman-how-i-discovered-a-hidden-tragedy-tied-to-russias-most-famous-painting,An Unknown Woman: how I discovered a hidden tragedy tied to Russia’s most famous painting,2026-02-20T07:00:26Z,1218
business/2026/feb/20/france-germany-fighter-jet-of-the-future-fcas,https://www.theguardian.com/business/2026/feb/20/france-germany-fighter-jet-of-the-future-fcas,France and Germany agreed to build the fighter jet of the future. Now they can’t agree who is in charge,2026-02-20T06:00:26Z,1394
us-news/live/2026/feb/19/donald-trump-first-board-of-peace-washington-us-politics-live,https://www.theguardian.com/us-news/live/2026/feb/19/donald-trump-first-board-of-peace-washington-us-politics-live,"Trump responds to Obama’s viral interview, saying he will ask Pentagon to release files on UFOs and extraterrestrials – as it happened",2026-02-20T03:03:48Z,7843
world/2026/feb/20/ukraine-war-briefing-eu-eager-for-membership-talks-with-kyiv-to-begin-as-soon-as-possible,https://www.theguardian.com/world/2026/feb/20/ukraine-war-briefing-eu-eager-for-membership-talks-with-kyiv-to-begin-as-soon-as-possible,Ukraine war briefing: EU eager for membership talks with Kyiv to begin ‘as soon as possible’,2026-02-20T00:37:12Z,501
sport/live/2026/feb/19/winter-olympics-2026-winter-olympics-2026-day-13-live-updates-slalom-slopestyle-curling-biathlon,https://www.theguardian.com/sport/live/2026/feb/19/winter-olympics-2026-winter-olympics-2026-day-13-live-updates-slalom-slopestyle-curling-biathlon,Winter Olympics 2026: GB men win curling semi-final and Alysa Liu’s skating gold – as it happened,2026-02-19T22:04:49Z,9747
football/2026/feb/19/manchester-united-atletico-madrid-womens-champions-league-playoff-second-leg-match-report,https://www.theguardian.com/football/2026/feb/19/manchester-united-atletico-madrid-womens-champions-league-playoff-second-leg-match-report,Manchester United sweep aside Atlético to tee up Bayern Munich clash in WCL,2026-02-19T21:55:49Z,615
news/2026/feb/19/corrections-and-clarifications,https://www.theguardian.com/news/2026/feb/19/corrections-and-clarifications,Corrections and clarifications,2026-02-19T21:00:13Z,160
australia-news/2026/feb/20/morning-mail-friday-ntwnfb,https://www.theguardian.com/australia-news/2026/feb/20/morning-mail-friday-ntwnfb,"Morning Mail: Andrew Mountbatten-Windsor released after arrest, Gaza graves anger, Team Rose for Oscar",2026-02-19T19:57:49Z,1004
commentisfree/2026/feb/19/the-guardian-view-on-merz-and-meloni-an-emerging-berlin-rome-axis-is-threatening-the-eus-green-deal,https://www.theguardian.com/commentisfree/2026/feb/19/the-guardian-view-on-merz-and-meloni-an-emerging-berlin-rome-axis-is-threatening-the-eus-green-deal,The Guardian view on Merz and Meloni: an emerging Berlin-Rome axis is threatening the EU’s green deal,2026-02-19T19:05:08Z,588
sport/2026/feb/19/an-olympic-miracle-twist-in-conan-doyles-skimo-tale-as-russian-snares-silver,https://www.theguardian.com/sport/2026/feb/19/an-olympic-miracle-twist-in-conan-doyles-skimo-tale-as-russian-snares-silver,‘An Olympic miracle’: twist in Conan Doyle’s skimo tale as Russian snares silver,2026-02-19T18:14:53Z,877
us-news/2026/feb/19/forget-the-board-of-peace-trump-may-be-closer-than-thought-to-attacking-iran,https://www.theguardian.com/us-news/2026/feb/19/forget-the-board-of-peace-trump-may-be-closer-than-thought-to-attacking-iran,"Forget the Board of Peace, Trump may be closer than thought to attacking Iran",2026-02-19T17:59:37Z,1073
politics/2026/feb/19/spending-even-more-on-defence-wont-buy-us-peace,https://www.theguardian.com/politics/2026/feb/19/spending-even-more-on-defence-wont-buy-us-peace,Spending even more on defence won’t buy us peace,2026-02-19T17:31:28Z,999
world/live/2026/feb/19/ukraine-russia-zelenskyy-putin-peace-talks-deal-donald-trump-europe-latest-news-updates,https://www.theguardian.com/world/live/2026/feb/19/ukraine-russia-zelenskyy-putin-peace-talks-deal-donald-trump-europe-latest-news-updates,"Russia ‘not ready for peace’ with ‘no tangible signs’ of serious engagement, EU says - as it happened",2026-02-19T16:18:13Z,4060
business/2026/feb/19/british-manufacturing-continues-to-face-low-orders-and-upward-price-pressure-says-cbi,https://www.theguardian.com/business/2026/feb/19/british-manufacturing-continues-to-face-low-orders-and-upward-price-pressure-says-cbi,"UK manufacturing still beset by low orders and price pressure, says CBI",2026-02-19T15:07:59Z,464
business/live/2026/feb/19/british-gas-centrica-profit-gen-z-trades-ai-ftse-sterling-pound-stocks-business-live-news,https://www.theguardian.com/business/live/2026/feb/19/british-gas-centrica-profit-gen-z-trades-ai-ftse-sterling-pound-stocks-business-live-news,Oil prices rise amid fears of US strikes on Iran – as it happened ,2026-02-19T15:07:48Z,2874
world/2026/feb/19/kenyan-soldiers-russia-ukraine-war-intelligence-report,https://www.theguardian.com/world/2026/feb/19/kenyan-soldiers-russia-ukraine-war-intelligence-report,"More than 1,000 Kenyans lured to fight for Russia in Ukraine war, report says",2026-02-19T14:39:41Z,601
world/2026/feb/19/kyiv-ukraine-zoo-blackouts-bombardment-animals-warm,https://www.theguardian.com/world/2026/feb/19/kyiv-ukraine-zoo-blackouts-bombardment-animals-warm,Kyiv zoo braves blackouts and bombardment to keep animals warm,2026-02-19T11:32:51Z,793
football/2026/feb/19/world-cup-bump-mls,https://www.theguardian.com/football/2026/feb/19/world-cup-bump-mls,Is the World Cup bump real? MLS is going to find out,2026-02-19T11:00:55Z,1922
technology/2026/feb/19/emmanuel-macron-eu-ai-rules-child-safety-digital-abuse,https://www.theguardian.com/technology/2026/feb/19/emmanuel-macron-eu-ai-rules-child-safety-digital-abuse,Macron defends EU AI rules and vows crackdown on child ‘digital abuse’,2026-02-19T08:26:23Z,826
business/2026/feb/19/british-gas-owner-centrica-pauses-share-buyback-profits-plummet,https://www.theguardian.com/business/2026/feb/19/british-gas-owner-centrica-pauses-share-buyback-profits-plummet,Centrica boss to get £3.6m bonus despite sharp fall in profits,2026-02-19T08:25:39Z,825
sport/2026/feb/19/winter-olympics-briefing-shiffrins-sublime-showing-delivers-release-of-emotion,https://www.theguardian.com/sport/2026/feb/19/winter-olympics-briefing-shiffrins-sublime-showing-delivers-release-of-emotion,Winter Olympics briefing: Shiffrin’s sublime showing delivers release of emotion,2026-02-19T08:00:02Z,1250
commentisfree/2026/feb/19/keir-starmer-labour-win-next-election-pm,https://www.theguardian.com/commentisfree/2026/feb/19/keir-starmer-labour-win-next-election-pm,"If Keir Starmer is ousted, Labour could still win the next election. Here’s how that would work",2026-02-19T07:00:59Z,917
australia-news/live/2026/feb/19/tony-burke-syria-camp-jobs-figures-angus-taylor-anthony-albanese-coalition-labor-accc-coles-ntwnfb,https://www.theguardian.com/australia-news/live/2026/feb/19/tony-burke-syria-camp-jobs-figures-angus-taylor-anthony-albanese-coalition-labor-accc-coles-ntwnfb,Coles admits in court to strong-arming supplier amid ‘Down Down’ campaign – as it happened,2026-02-19T06:44:40Z,8377
commentisfree/2026/feb/19/the-us-is-dragging-europe-back-to-the-days-of-white-supremacism-our-leaders-are-playing-along,https://www.theguardian.com/commentisfree/2026/feb/19/the-us-is-dragging-europe-back-to-the-days-of-white-supremacism-our-leaders-are-playing-along,The US is dragging Europe back to the days of white supremacism. Our leaders are playing along,2026-02-19T05:00:56Z,1024
us-news/live/2026/feb/18/us-politics-latest-news-updates-donald-trump-colbert-cbs,https://www.theguardian.com/us-news/live/2026/feb/18/us-politics-latest-news-updates-donald-trump-colbert-cbs,White House says Trump wants diplomacy with Iran as US reportedly could be ready for military attack – as it happened,2026-02-19T02:51:43Z,7291
world/2026/feb/19/ukraine-war-briefing-trump-sees-conflict-as-very-unfair-for-war-dead-and-us-taxpayers-says-white-house,https://www.theguardian.com/world/2026/feb/19/ukraine-war-briefing-trump-sees-conflict-as-very-unfair-for-war-dead-and-us-taxpayers-says-white-house,"Ukraine war briefing: Trump sees conflict as ‘very unfair’ for war dead and US taxpayers, says White House",2026-02-19T02:08:22Z,800
sport/live/2026/feb/18/winter-olympics-2026-day-12-live-updates-slalom-slopestyle-curling-biathlon,https://www.theguardian.com/sport/live/2026/feb/18/winter-olympics-2026-day-12-live-updates-slalom-slopestyle-curling-biathlon,Winter Olympics 2026: USA defeat Sweden in men’s ice hockey and glory for Shiffrin on day 12 – as it happened,2026-02-18T23:04:30Z,6063
australia-news/2026/feb/19/morning-mail-thursday-ntwnfb,https://www.theguardian.com/australia-news/2026/feb/19/morning-mail-thursday-ntwnfb,"Morning Mail: Lake Cargelligo suspect’s past revealed, supermarket ‘per unit’ prices under scrutiny, shark attack spike",2026-02-18T20:23:22Z,893
education/2026/feb/18/anne-parry-obituary,https://www.theguardian.com/education/2026/feb/18/anne-parry-obituary,Anne Parry obituary,2026-02-18T19:55:58Z,518
commentisfree/2026/feb/18/the-guardian-view-on-uk-eu-defence-moving-in-the-right-direction-much-too-slowly,https://www.theguardian.com/commentisfree/2026/feb/18/the-guardian-view-on-uk-eu-defence-moving-in-the-right-direction-much-too-slowly,"The Guardian view on UK-EU defence: moving in the right direction, much too slowly",2026-02-18T18:30:41Z,576
news/2026/feb/18/rios-bloodiest-day-inside-the-20-february-guardian-weekly,https://www.theguardian.com/news/2026/feb/18/rios-bloodiest-day-inside-the-20-february-guardian-weekly,Rio’s bloodiest day: inside the 20 February Guardian Weekly,2026-02-18T18:00:40Z,592
politics/live/2026/feb/18/keir-starmer-labour-youth-unemployment-minimum-wage-eluned-morgan-wales-robert-jenrick-reform-conservatives-kemi-badenoch-uk-politics-latest,https://www.theguardian.com/politics/live/2026/feb/18/keir-starmer-labour-youth-unemployment-minimum-wage-eluned-morgan-wales-robert-jenrick-reform-conservatives-kemi-badenoch-uk-politics-latest,UK politics: Starmer says Reform’s pledge to restore two-child benefit cap in full is ‘shameful’ – as it happened,2026-02-18T17:45:08Z,6545
music/2026/feb/18/bono-lambasts-ice-putin-netanyahu-and-more-as-u2-release-first-collection-of-new-songs-since-2017,https://www.theguardian.com/music/2026/feb/18/bono-lambasts-ice-putin-netanyahu-and-more-as-u2-release-first-collection-of-new-songs-since-2017,"Bono lambasts ICE, Putin, Netanyahu and more as U2 release first collection of new songs since 2017",2026-02-18T17:00:57Z,1254
sport/2026/feb/18/soft-toys-jagged-edge-russia-circling-winter-olympics-los-angeles-2028,https://www.theguardian.com/sport/2026/feb/18/soft-toys-jagged-edge-russia-circling-winter-olympics-los-angeles-2028,Soft toys and a jagged edge: how Russia is circling the Winter Olympics,2026-02-18T17:00:56Z,989
world/live/2026/feb/18/ukraine-russia-peace-talks-zelenskyy-trump-putin-denmark-greenland-europe-live,https://www.theguardian.com/world/live/2026/feb/18/ukraine-russia-peace-talks-zelenskyy-trump-putin-denmark-greenland-europe-live,Zelenskyy says no agreement on key issues in peace talks as he accuses Russia of ‘dragging out negotiations’ – as it happened,2026-02-18T16:07:54Z,4232
business/live/2026/feb/18/uk-inflation-fall-cost-of-living-interest-rates-house-prices-rents-news-updates,https://www.theguardian.com/business/live/2026/feb/18/uk-inflation-fall-cost-of-living-interest-rates-house-prices-rents-news-updates,March cut to UK interest rates more likely after inflation drops to 10-month low; London house prices fall – as it happened,2026-02-18T15:02:30Z,5936
world/2026/feb/18/latest-russia-ukraine-peace-talks-geneva-no-breakthrough,https://www.theguardian.com/world/2026/feb/18/latest-russia-ukraine-peace-talks-geneva-no-breakthrough,Zelenskyy accuses Russia of ‘trying to drag out’ process as Ukraine talks end without breakthrough,2026-02-18T14:34:19Z,607
money/2026/feb/18/household-energy-bills-in-great-britain-forecast-to-fall,https://www.theguardian.com/money/2026/feb/18/household-energy-bills-in-great-britain-forecast-to-fall,Household energy bills in Great Britain forecast to fall by £117 a year,2026-02-18T14:13:26Z,464
world/2026/feb/18/france-arrests-over-killing-far-right-activist-quentin-deranque-lyon,https://www.theguardian.com/world/2026/feb/18/france-arrests-over-killing-far-right-activist-quentin-deranque-lyon,Parliamentary aide among 11 arrested over killing of French far-right activist ,2026-02-18T13:09:57Z,605
sport/2026/feb/18/ukraine-sports-minister-slams-russia-winter-paralympics-entry,https://www.theguardian.com/sport/2026/feb/18/ukraine-sports-minister-slams-russia-winter-paralympics-entry,Ukraine officials to boycott Winter Paralympics opening ceremony over Russian athletes,2026-02-18T12:23:48Z,423
music/2026/feb/18/a-cry-of-pain-from-every-player-the-new-reality-of-ukraines-musicians,https://www.theguardian.com/music/2026/feb/18/a-cry-of-pain-from-every-player-the-new-reality-of-ukraines-musicians,‘A cry of pain from every player’: the new reality of Ukraine’s musicians,2026-02-18T12:19:08Z,852
law/2026/feb/18/international-criminal-court-icc-judges-trump-sanctions,https://www.theguardian.com/law/2026/feb/18/international-criminal-court-icc-judges-trump-sanctions,"Credit cards cancelled, Google accounts closed: ICC judges on life under Trump sanctions",2026-02-18T12:00:32Z,930
politics/2026/feb/18/bae-systems-urges-ministers-to-publish-delayed-military-spending-defence-investment-plan,https://www.theguardian.com/politics/2026/feb/18/bae-systems-urges-ministers-to-publish-delayed-military-spending-defence-investment-plan,Boss of BAE Systems urges ministers to publish delayed military spending plan,2026-02-18T10:36:46Z,502
books/2026/feb/18/the-disappearing-act-by-maria-stepanova-review-a-poetic-exploration-of-russian-guilt,https://www.theguardian.com/books/2026/feb/18/the-disappearing-act-by-maria-stepanova-review-a-poetic-exploration-of-russian-guilt,The Disappearing Act by Maria Stepanova review – a poetic exploration of Russian guilt,2026-02-18T09:00:04Z,759
sport/2026/feb/17/winter-olympics-briefing-italy-blades-of-glory-speed-skating,https://www.theguardian.com/sport/2026/feb/17/winter-olympics-briefing-italy-blades-of-glory-speed-skating,Winter Olympics briefing: Italy’s blades of glory deliver a lights-out performance,2026-02-18T08:00:04Z,1102
australia-news/2026/feb/18/afternoon-update-wednesday-ntwnfb,https://www.theguardian.com/australia-news/2026/feb/18/afternoon-update-wednesday-ntwnfb,Afternoon Update: Hanson condemned for ‘reprehensible’ comments; Americans top NZ ‘golden visa’ surge; and ringing in lunar new year,2026-02-18T05:49:40Z,489
commentisfree/2026/feb/18/us-military-support-european-defence-union-ukraine,https://www.theguardian.com/commentisfree/2026/feb/18/us-military-support-european-defence-union-ukraine,"Without US military support, we need a European defence union. Here’s what that looks like",2026-02-18T05:00:02Z,963
technology/2026/feb/18/delhi-ai-expo-modi-jostles-lead-south,https://www.theguardian.com/technology/2026/feb/18/delhi-ai-expo-modi-jostles-lead-south,Tech billionaires fly in for Delhi AI expo as Modi jostles to lead in south,2026-02-18T05:00:00Z,956
us-news/live/2026/feb/17/hillary-clinton-trump-epstein-iran-vance-latest-news-updates,https://www.theguardian.com/us-news/live/2026/feb/17/hillary-clinton-trump-epstein-iran-vance-latest-news-updates,"James Talarico gets Colbert bump, with assist from FCC, as voting starts in Texas primary – as it happened",2026-02-18T03:02:12Z,6094
world/2026/feb/18/ukraine-war-briefing-zelenskyy-says-trump-pressure-geneva-talks,https://www.theguardian.com/world/2026/feb/18/ukraine-war-briefing-zelenskyy-says-trump-pressure-geneva-talks,Ukraine war briefing: Zelenskyy says Trump exerting ‘unfair’ pressure on Kyiv during Geneva talks,2026-02-18T01:49:58Z,729
sport/2026/feb/17/winter-olympics-womens-figure-skating-short-program,https://www.theguardian.com/sport/2026/feb/17/winter-olympics-womens-figure-skating-short-program,Japanese teenager Ami Nakai overshadows USA’s Blade Angels in women’s figure skating opener,2026-02-18T00:01:41Z,813
sport/live/2026/feb/17/winter-olympics-2026-crunch-time-in-curling-slopestyle-bobsleigh-and-more-on-day-11-live,https://www.theguardian.com/sport/live/2026/feb/17/winter-olympics-2026-crunch-time-in-curling-slopestyle-bobsleigh-and-more-on-day-11-live,"Winter Olympics 2026: Team GB lose crunch men’s curling tie, Norway’s Frostad wins big air – as it happened",2026-02-17T22:27:21Z,8701
us-news/2026/feb/17/marco-rubio-viktor-orban-eu-disunity-analysis,https://www.theguardian.com/us-news/2026/feb/17/marco-rubio-viktor-orban-eu-disunity-analysis,Marco Rubio’s warm words to Viktor Orbán reinforce EU fears that US seeks disunity in Europe,2026-02-17T19:49:10Z,748
culture/2026/feb/17/javier-bardem-and-tilda-swinton-among-those-to-condemn-berlinales-silence-on-gaza,https://www.theguardian.com/culture/2026/feb/17/javier-bardem-and-tilda-swinton-among-those-to-condemn-berlinales-silence-on-gaza,Javier Bardem and Tilda Swinton among those to condemn Berlinale’s ‘silence’ on Gaza,2026-02-17T19:30:37Z,542
society/2026/feb/17/fostering-target-brings-hope-for-thousands-of-children,https://www.theguardian.com/society/2026/feb/17/fostering-target-brings-hope-for-thousands-of-children,Fostering target brings hope for thousands of children,2026-02-17T17:39:45Z,346
artanddesign/2026/feb/17/shigeru-ban-architect-cathedrals-quake-shelters-beer-crates-paper,https://www.theguardian.com/artanddesign/2026/feb/17/shigeru-ban-architect-cathedrals-quake-shelters-beer-crates-paper,Cardboard crazy! Scavenger genius Shigeru Ban on building cathedrals and quake shelters with paper ,2026-02-17T16:16:31Z,1450
world/live/2026/feb/17/ukraine-talks-geneva-russia-zelenskyy-putin-orban-rubio-latest-news-updates,https://www.theguardian.com/world/live/2026/feb/17/ukraine-talks-geneva-russia-zelenskyy-putin-orban-rubio-latest-news-updates,"France releases suspected Russian shadow fleet tanker after huge fine, as Ukraine peace talks begin – as it happened",2026-02-17T16:09:03Z,3412
football/2026/feb/17/leah-williamson-england-squad-world-cup-qualifiers-sarina-wiegman-contract,https://www.theguardian.com/football/2026/feb/17/leah-williamson-england-squad-world-cup-qualifiers-sarina-wiegman-contract,Williamson back for World Cup qualifiers as Wiegman denies contract is ‘distraction’,2026-02-17T13:23:08Z,535
us-news/2026/feb/17/first-thing-jesse-jackson-civil-rights-icon-dies-aged-84,https://www.theguardian.com/us-news/2026/feb/17/first-thing-jesse-jackson-civil-rights-icon-dies-aged-84,"First Thing: Jesse Jackson, civil rights icon, dies aged 84",2026-02-17T11:47:39Z,1057
world/2026/feb/17/russia-threatens-to-deploy-navy-vessels-shadow-fleet-europe,https://www.theguardian.com/world/2026/feb/17/russia-threatens-to-deploy-navy-vessels-shadow-fleet-europe,Russia threatens to deploy navy to protect vessels from ‘western piracy’,2026-02-17T09:46:07Z,453
sport/2026/feb/17/russian-woman-carried-ukraine-team-placard-at-winter-olympics-opening-ceremony,https://www.theguardian.com/sport/2026/feb/17/russian-woman-carried-ukraine-team-placard-at-winter-olympics-opening-ceremony,Russian woman carried Ukraine team placard at Winter Olympics opening ceremony,2026-02-17T09:14:45Z,299
film/2026/feb/17/dear-beautiful-beloved-review-a-powerful-message-from-the-ukrainian-frontline,https://www.theguardian.com/film/2026/feb/17/dear-beautiful-beloved-review-a-powerful-message-from-the-ukrainian-frontline,Dear Beautiful Beloved review – a powerful message from the Ukrainian frontline,2026-02-17T09:00:04Z,308
world/2026/feb/16/ukraine-russia-second-round-talks-fourth-anniversary-war,https://www.theguardian.com/world/2026/feb/16/ukraine-russia-second-round-talks-fourth-anniversary-war,Ukraine and Russia to meet for third round of talks as fourth anniversary of war looms,2026-02-17T08:49:20Z,960
commentisfree/2026/feb/17/donald-trump-world-health-organization-hypocrisy-nigel-farage,https://www.theguardian.com/commentisfree/2026/feb/17/donald-trump-world-health-organization-hypocrisy-nigel-farage,Trump has pulled the US out of the World Health Organization – here’s why that’s sheer hypocrisy,2026-02-17T08:00:03Z,779
us-news/2026/feb/17/trump-administration-news-updates-today,https://www.theguardian.com/us-news/2026/feb/17/trump-administration-news-updates-today,"Trump news at a glance: Ukraine must reach a deal with Russia ‘fast’, says president before trilateral talks ",2026-02-17T02:18:18Z,706
world/2026/feb/17/ukraine-war-briefing-kyivs-forces-made-fastest-battlefield-gains-since-2023-analysis-finds,https://www.theguardian.com/world/2026/feb/17/ukraine-war-briefing-kyivs-forces-made-fastest-battlefield-gains-since-2023-analysis-finds,"Ukraine war briefing: Kyiv’s forces made fastest battlefield gains since 2023, analysis finds",2026-02-17T01:48:54Z,648
sport/live/2026/feb/16/winter-olympics-2026-men-slalom-plus-curling-speed-skating-and-more-day-10-live,https://www.theguardian.com/sport/live/2026/feb/16/winter-olympics-2026-men-slalom-plus-curling-speed-skating-and-more-day-10-live,Winter Olympics 2026: Elana Meyers Taylor wins monobob gold for USA; Canada’s Oldham lands freeski big air crown – as it happened,2026-02-16T22:29:34Z,9327
sport/2026/feb/16/heraskevych-ban-reflects-badly-on-the-international-olympic-committee,https://www.theguardian.com/sport/2026/feb/16/heraskevych-ban-reflects-badly-on-the-international-olympic-committee,Heraskevych ban reflects badly on the International Olympic Committee,2026-02-16T16:51:36Z,414
world/live/2026/feb/16/marco-rubio-viktor-orban-hungary-ukraine-europe-france-germany-europe-live-news-updates,https://www.theguardian.com/world/live/2026/feb/16/marco-rubio-viktor-orban-hungary-ukraine-europe-france-germany-europe-live-news-updates,"Trump is ‘deeply committed to your success’, Rubio tells Orbán during Hungary visit – as it happened",2026-02-16T16:19:20Z,4795
world/2026/feb/16/cyprus-appeals-reduce-water-use-reservoirs-record-lows-drought,https://www.theguardian.com/world/2026/feb/16/cyprus-appeals-reduce-water-use-reservoirs-record-lows-drought,Cyprus appeals to residents to cut water use by two minutes a day amid drought,2026-02-16T14:49:31Z,897
politics/2026/feb/16/britain-needs-to-go-faster-on-defence-spending-keir-starmer,https://www.theguardian.com/politics/2026/feb/16/britain-needs-to-go-faster-on-defence-spending-keir-starmer,"Britain ‘needs to go faster’ on defence spending, Starmer says",2026-02-16T14:06:46Z,669
commentisfree/2026/feb/16/international-humanitarian-law-gaza-sudan-ukraine,https://www.theguardian.com/commentisfree/2026/feb/16/international-humanitarian-law-gaza-sudan-ukraine,International humanitarian law is at risk – but it still carries weight,2026-02-16T13:00:27Z,1307
us-news/2026/feb/16/first-thing-ukrainian-civilian-casualties-rose-by-26-in-2025,https://www.theguardian.com/us-news/2026/feb/16/first-thing-ukrainian-civilian-casualties-rose-by-26-in-2025,"First Thing: Ukrainian civilian casualties rose by 26% in 2025, researchers say",2026-02-16T11:49:30Z,1089
us-news/2026/feb/16/republicans-and-democrats-unite-to-condemn-trumps-attacks-on-allies,https://www.theguardian.com/us-news/2026/feb/16/republicans-and-democrats-unite-to-condemn-trumps-attacks-on-allies,Republicans and Democrats unite to condemn Trump’s attacks on allies,2026-02-16T11:00:25Z,837
commentisfree/2026/feb/16/marco-rubio-speech-europe-munich-jd-vance-maga-us,https://www.theguardian.com/commentisfree/2026/feb/16/marco-rubio-speech-europe-munich-jd-vance-maga-us,Why Marco Rubio’s ‘reassuring’ speech to Europe was nothing of the kind,2026-02-16T10:41:56Z,1157
world/2026/feb/16/ukrainian-civilian-casualties-surged-by-26-in-2025-say-researchers,https://www.theguardian.com/world/2026/feb/16/ukrainian-civilian-casualties-surged-by-26-in-2025-say-researchers,"Ukrainian civilian casualties surged by 26% in 2025, say researchers",2026-02-16T06:00:44Z,584
world/2026/feb/16/north-korea-housing-ukraine-war-families,https://www.theguardian.com/world/2026/feb/16/north-korea-housing-ukraine-war-families,Kim Jong-un unveils housing for families of North Koreans killed in Ukraine war,2026-02-16T03:49:20Z,443
us-news/2026/feb/16/trump-administration-news-updates-today-security-europe,https://www.theguardian.com/us-news/2026/feb/16/trump-administration-news-updates-today-security-europe,Trump news at a glance: EU chief hits back after US claims of Europe’s ‘civilisational erasure’ ,2026-02-16T02:07:06Z,577
world/2026/feb/16/ukraine-war-briefing-drone-attack-on-russian-port-sparks-fires-ahead-of-fresh-peace-talks,https://www.theguardian.com/world/2026/feb/16/ukraine-war-briefing-drone-attack-on-russian-port-sparks-fires-ahead-of-fresh-peace-talks,Ukraine war briefing: Drone attack on Russian port sparks fires ahead of fresh peace talks,2026-02-16T01:50:22Z,574
world/2026/feb/16/munich-security-conference-greenland-ukraine,https://www.theguardian.com/world/2026/feb/16/munich-security-conference-greenland-ukraine,What next for Greenland and Ukraine? Questions after the Munich security conference,2026-02-16T01:22:38Z,961
politics/2026/feb/15/top-british-and-german-military-chiefs-press-moral-case-for-rearmament,https://www.theguardian.com/politics/2026/feb/15/top-british-and-german-military-chiefs-press-moral-case-for-rearmament,British and German military chiefs press ‘moral’ case for rearmament ,2026-02-15T18:02:46Z,922
commentisfree/2026/feb/15/defence-chiefs-russia-rearmament-security-britain-germany-europe,https://www.theguardian.com/commentisfree/2026/feb/15/defence-chiefs-russia-rearmament-security-britain-germany-europe,"As defence chiefs, we must warn you about Russia and say this: rearmament is not warmongering",2026-02-15T18:00:28Z,798
politics/2026/feb/15/uk-considers-new-russia-sanctions-navalny-frog-toxin,https://www.theguardian.com/politics/2026/feb/15/uk-considers-new-russia-sanctions-navalny-frog-toxin,UK considers new Russia sanctions after Navalny frog toxin finding,2026-02-15T16:52:25Z,796
world/2026/feb/15/eu-foreign-policy-chief-criticises-fashionable-euro-bashing-by-the-us,https://www.theguardian.com/world/2026/feb/15/eu-foreign-policy-chief-criticises-fashionable-euro-bashing-by-the-us,EU foreign policy chief criticises ‘fashionable euro-bashing’ by US,2026-02-15T16:23:41Z,617
world/2026/feb/15/offer-to-join-trumps-new-era-is-met-with-growing-sense-of-european-steeliness,https://www.theguardian.com/world/2026/feb/15/offer-to-join-trumps-new-era-is-met-with-growing-sense-of-european-steeliness,Offer to join Trump’s new era is met with growing sense of European steeliness,2026-02-15T16:03:17Z,1289
politics/2026/feb/15/jonathan-powell-rejects-replacing-morgan-mcsweeney-starmer-chief-of-staff,https://www.theguardian.com/politics/2026/feb/15/jonathan-powell-rejects-replacing-morgan-mcsweeney-starmer-chief-of-staff,Jonathan Powell rejects overtures to replace McSweeney as Starmer’s chief of staff,2026-02-15T15:32:54Z,688
uk-news/2026/feb/15/welsh-munitions-factory-delay-bae-systems-glascoed-delay-shells-ukraine,https://www.theguardian.com/uk-news/2026/feb/15/welsh-munitions-factory-delay-bae-systems-glascoed-delay-shells-ukraine,Welsh munitions factory seen as crucial to boosting UK stockpiles and aiding Ukraine is yet to open,2026-02-15T15:16:49Z,823
lifeandstyle/2026/feb/15/readers-reply-can-you-acquire-courage,https://www.theguardian.com/lifeandstyle/2026/feb/15/readers-reply-can-you-acquire-courage,Readers reply: can you acquire courage?,2026-02-15T14:00:26Z,1487
politics/live/2026/feb/15/yvette-cooper-navalny-palestine-action-starmer-labour-uk-politics-live-news-updates,https://www.theguardian.com/politics/live/2026/feb/15/yvette-cooper-navalny-palestine-action-starmer-labour-uk-politics-live-news-updates,UK politics: Cooper defends Palestine Action ban despite court ruling it was unlawful – as it happened,2026-02-15T12:58:59Z,3106
uk-news/2026/feb/15/yvette-cooper-says-reform-and-greens-are-soft-on-russia-and-weak-on-nato,https://www.theguardian.com/uk-news/2026/feb/15/yvette-cooper-says-reform-and-greens-are-soft-on-russia-and-weak-on-nato,"Reform and Greens undermining UK commitment to Nato, Cooper says",2026-02-15T12:29:20Z,520
world/live/2026/feb/15/munich-security-conference-rubio-kallas-lagarde-europe-latest-news-updates,https://www.theguardian.com/world/live/2026/feb/15/munich-security-conference-rubio-kallas-lagarde-europe-latest-news-updates,"‘Woke Europe not facing civilisational erasure,’ says EU’s Kallas after Rubio’s Munich speech – as it happened",2026-02-15T12:08:00Z,3655
sport/2026/feb/15/ukrainian-skier-kateryna-kotsar-gets-engaged-winter-olympics-big-air-final,https://www.theguardian.com/sport/2026/feb/15/ukrainian-skier-kateryna-kotsar-gets-engaged-winter-olympics-big-air-final,Love is in the big air for Ukrainian skier after reaching Winter Olympics final,2026-02-15T10:09:29Z,388
news/ng-interactive/2026/feb/15/cuba-crisis-oil-shortage-venezuela-donald-trump-havana,https://www.theguardian.com/news/ng-interactive/2026/feb/15/cuba-crisis-oil-shortage-venezuela-donald-trump-havana,"No fuel, no tourists, no cash – this was the week the Cuban crisis got real",2026-02-15T06:00:15Z,1218
world/2026/feb/15/ukraine-war-briefing-zelenskyy-denounces-vladimir-putin-as-slave-to-war-at-munich-conference,https://www.theguardian.com/world/2026/feb/15/ukraine-war-briefing-zelenskyy-denounces-vladimir-putin-as-slave-to-war-at-munich-conference,Ukraine war briefing: Zelenskyy denounces Vladimir Putin as ‘slave to war’ at Munich conference ,2026-02-15T02:22:16Z,477
world/live/2026/feb/14/munich-security-conference-live-marco-rubio-keir-starmer-eu-europe-ukraine-russia-latest-news-updates,https://www.theguardian.com/world/live/2026/feb/14/munich-security-conference-live-marco-rubio-keir-starmer-eu-europe-ukraine-russia-latest-news-updates,"US pressure on Greenland is ‘totally unacceptable’, says Danish PM – as it happened",2026-02-14T20:49:29Z,14024
world/2026/feb/14/ukraine-wants-20-year-us-security-guarantee-to-sign-peace-deal,https://www.theguardian.com/world/2026/feb/14/ukraine-wants-20-year-us-security-guarantee-to-sign-peace-deal,Ukraine wants 20-year US security guarantee to sign peace deal,2026-02-14T18:44:40Z,839
world/2026/feb/14/alexei-navalny-poisoning-death-russia-frog-toxin,https://www.theguardian.com/world/2026/feb/14/alexei-navalny-poisoning-death-russia-frog-toxin,"Russia killed Alexei Navalny with frog toxin, UK and four European allies say",2026-02-14T14:03:57Z,754
world/2026/feb/14/denmark-us-powers-legal-action-greenland-washington-donald-trump-europe,https://www.theguardian.com/world/2026/feb/14/denmark-us-powers-legal-action-greenland-washington-donald-trump-europe,Danish state could face legal action over deal that gives US powers on its soil,2026-02-14T12:00:52Z,554
sport/2026/feb/13/cas-dismisses-ukrainians-appeal-over-helmet-of-memory-disqualification,https://www.theguardian.com/sport/2026/feb/13/cas-dismisses-ukrainians-appeal-over-helmet-of-memory-disqualification,Volodymyr Zelenskyy honours disqualified skeleton racer with order of freedom,2026-02-14T11:46:45Z,308
us-news/2026/feb/14/marco-rubio-us-child-of-europe-trump-munich,https://www.theguardian.com/us-news/2026/feb/14/marco-rubio-us-child-of-europe-trump-munich,Rubio tells Europe US wants renewed alliance – but on Trump’s terms,2026-02-14T10:21:26Z,665
commentisfree/2026/feb/14/jeff-bezos-washington-post-news-not-safe,https://www.theguardian.com/commentisfree/2026/feb/14/jeff-bezos-washington-post-news-not-safe,"Learn this from Bezos and the Washington Post: with hyper-capitalists in charge, your news is not safe ",2026-02-14T10:00:49Z,922
world/2026/feb/14/the-time-of-monsters-everyone-is-quoting-gramsci-but-what-did-he-actually-say,https://www.theguardian.com/world/2026/feb/14/the-time-of-monsters-everyone-is-quoting-gramsci-but-what-did-he-actually-say,‘The time of monsters’: everyone is quoting Gramsci – but what did he actually say?,2026-02-14T08:00:47Z,1009
news/2026/feb/14/six-great-reads-a-writers-last-words-inside-epsteins-world-and-on-the-zack-polanski-trail,https://www.theguardian.com/news/2026/feb/14/six-great-reads-a-writers-last-words-inside-epsteins-world-and-on-the-zack-polanski-trail,"Six great reads: a writer’s last words, inside Epstein’s world and on the Zack Polanski trail ",2026-02-14T06:00:49Z,469
world/2026/feb/14/soviet-era-heating-system-ukraine-russia-visual-guide,https://www.theguardian.com/world/2026/feb/14/soviet-era-heating-system-ukraine-russia-visual-guide,How a Soviet-era heating system exposes Ukraine to Russian attack – a visual guide,2026-02-14T06:00:46Z,490
world/2026/feb/14/ukraine-war-briefing-conflict-could-end-if-russia-economically-or-militarily-exhausted-says-germanys-merz,https://www.theguardian.com/world/2026/feb/14/ukraine-war-briefing-conflict-could-end-if-russia-economically-or-militarily-exhausted-says-germanys-merz,"Ukraine war briefing: conflict could end if Russia economically or militarily ‘exhausted’, says Germany’s Merz",2026-02-14T03:25:23Z,767
us-news/live/2026/feb/13/trump-climate-epa-repeal-pollution-john-kerry-us-politics-latest-news-updates,https://www.theguardian.com/us-news/live/2026/feb/13/trump-climate-epa-repeal-pollution-john-kerry-us-politics-latest-news-updates,Trump says regime change in Iran ‘would be the best thing’ as US military reportedly plans for operation – as it happened,2026-02-14T03:01:25Z,9239
sport/live/2026/feb/13/winter-olympics-2026-seven-gold-medals-up-for-grabs-gb-look-to-end-medal-drought-and-more-live,https://www.theguardian.com/sport/live/2026/feb/13/winter-olympics-2026-seven-gold-medals-up-for-grabs-gb-look-to-end-medal-drought-and-more-live,"Winter Olympics 2026: Weston ends GB drought, Heraskevych’s appeal rejected by Cas – as it happened",2026-02-13T22:33:50Z,7243
sport/live/2026/feb/13/winter-olympics-ilia-malinin-figure-skating-free-skate,https://www.theguardian.com/sport/live/2026/feb/13/winter-olympics-ilia-malinin-figure-skating-free-skate,Winter Olympics: Ilia Malinin misses podium in figure skating shock; Shaidorov takes gold – as it happened,2026-02-13T22:11:18Z,6166
world/live/2026/feb/13/munich-security-conference-rubio-flies-in-amid-testing-times-for-us-europe-ties-live,https://www.theguardian.com/world/live/2026/feb/13/munich-security-conference-rubio-flies-in-amid-testing-times-for-us-europe-ties-live,Macron swipes at Trump tariffs and Greenland threats; Zelenskyy has strong words for Russia – as it happened,2026-02-13T20:49:06Z,12257
world/2026/feb/13/us-not-powerful-enough-to-go-it-alone-merz-tells-munich-conference,https://www.theguardian.com/world/2026/feb/13/us-not-powerful-enough-to-go-it-alone-merz-tells-munich-conference,"US ‘not powerful enough to go it alone’, Merz tells Munich conference",2026-02-13T19:47:04Z,1006
commentisfree/2026/feb/13/the-guardian-view-on-the-bbc-world-service-this-is-london-calling,https://www.theguardian.com/commentisfree/2026/feb/13/the-guardian-view-on-the-bbc-world-service-this-is-london-calling,The Guardian view on the BBC World Service: this is London calling,2026-02-13T18:25:31Z,592
politics/live/2026/feb/13/keir-starmer-cabinet-secretary-chris-wormald-labour-badenoch-conservatives-uk-latest-news-updates,https://www.theguardian.com/politics/live/2026/feb/13/keir-starmer-cabinet-secretary-chris-wormald-labour-badenoch-conservatives-uk-latest-news-updates,Scottish Labour leader says he doesn’t regret calling for Starmer to quit – UK politics live,2026-02-13T16:30:21Z,4591
us-news/2026/feb/13/first-thing-trump-repeals-landmark-climate-finding-in-gift-to-billionaire-polluters,https://www.theguardian.com/us-news/2026/feb/13/first-thing-trump-repeals-landmark-climate-finding-in-gift-to-billionaire-polluters,First Thing: Trump repeals landmark climate finding in gift to ‘billionaire polluters’,2026-02-13T12:06:37Z,1049
sport/2026/feb/13/milano-cortina-olympic-chiefs-vladyslav-heraskevych-ban-winter-olympics-ukraine,https://www.theguardian.com/sport/2026/feb/13/milano-cortina-olympic-chiefs-vladyslav-heraskevych-ban-winter-olympics-ukraine,Olympic chiefs have got it badly wrong over Heraskevych ban and owe him an apology,2026-02-13T11:17:45Z,744
global/2026/feb/13/reader-qa-europe-future-look-like-post-your-questions-for-jon-henley,https://www.theguardian.com/global/2026/feb/13/reader-qa-europe-future-look-like-post-your-questions-for-jon-henley,Reader Q&A: Jon Henley on Europe’s future – ‘Nobody really knows if it can get its act together’,2026-02-13T08:41:23Z,3113
sport/2026/feb/12/winter-olympics-briefing-vladyslav-heraskevych-helmet-dispute-raises-tough-questions,https://www.theguardian.com/sport/2026/feb/12/winter-olympics-briefing-vladyslav-heraskevych-helmet-dispute-raises-tough-questions,Winter Olympics briefing: Heraskevych’s helmet dispute raises tough questions,2026-02-13T07:30:36Z,1066
world/ng-interactive/2026/feb/13/these-charts-show-how-trump-is-isolating-the-us-on-the-world-stage,https://www.theguardian.com/world/ng-interactive/2026/feb/13/these-charts-show-how-trump-is-isolating-the-us-on-the-world-stage,These charts show how Trump is isolating the US on the world stage,2026-02-13T07:00:40Z,880
us-news/2026/feb/13/democrats-munich-security-conference-urge-europe-stand-up-to-trump,https://www.theguardian.com/us-news/2026/feb/13/democrats-munich-security-conference-urge-europe-stand-up-to-trump,Democrats at Munich security summit to urge Europe to stand up to Trump,2026-02-13T06:00:36Z,1037
world/2026/feb/13/everything-is-frozen-bitter-winter-drags-on-for-kyiv-residents-as-russia-wipes-out-power,https://www.theguardian.com/world/2026/feb/13/everything-is-frozen-bitter-winter-drags-on-for-kyiv-residents-as-russia-wipes-out-power,‘Everything is frozen’: bitter winter drags on for Kyiv residents as Russia wipes out power,2026-02-13T05:00:36Z,1316
world/2026/feb/13/ukraine-war-briefing-marco-rubio-meet-volodymyr-zelenskyy-munich,https://www.theguardian.com/world/2026/feb/13/ukraine-war-briefing-marco-rubio-meet-volodymyr-zelenskyy-munich,Ukraine war briefing: Rubio to meet Zelenskyy in Munich as Russian strikes leave thousands without power,2026-02-13T02:38:05Z,723
football/2026/feb/13/jersey-ban-australia-a-league-multicultural-round,https://www.theguardian.com/football/2026/feb/13/jersey-ban-australia-a-league-multicultural-round,Jerseys of nations ‘involved in major conflict’ banned from A-League multicultural round,2026-02-13T02:10:43Z,800
environment/2026/feb/13/tony-blair-institute-thinktank-ed-miliband-energy-prices,https://www.theguardian.com/environment/2026/feb/13/tony-blair-institute-thinktank-ed-miliband-energy-prices,Tony Blair’s thinktank accuses Ed Miliband of driving up energy prices ,2026-02-13T00:01:30Z,738
sport/live/2026/feb/12/winter-olympics-2026-day-six-live-action,https://www.theguardian.com/sport/live/2026/feb/12/winter-olympics-2026-day-six-live-action,"Winter Olympics 2026: Ukrainian athlete kicked out over helmet tribute, Lollobrigida claims dramatic speed skating gold – as it happened",2026-02-12T22:09:47Z,7856
football/2026/feb/12/thomas-tuchel-england-contract-extension-2028-head-coach-nations-league,https://www.theguardian.com/football/2026/feb/12/thomas-tuchel-england-contract-extension-2028-head-coach-nations-league,Thomas Tuchel targets World Cup glory after signing contract extension until 2028,2026-02-12T19:43:12Z,830
sport/2026/feb/12/vladyslav-heraskevych-ioc-skeleton-ukraine-helmet-winter-olympics,https://www.theguardian.com/sport/2026/feb/12/vladyslav-heraskevych-ioc-skeleton-ukraine-helmet-winter-olympics,Heraskevych’s ‘helmet of memory’ forces IOC on to PR back foot at Winter Olympics,2026-02-12T17:56:41Z,1111
sport/2026/feb/12/ukraine-vladyslav-heraskevych-disqualified-winter-olympics-skeleton-helmet-protest-war-deaths,https://www.theguardian.com/sport/2026/feb/12/ukraine-vladyslav-heraskevych-disqualified-winter-olympics-skeleton-helmet-protest-war-deaths,‘It’s emptiness’: banned Ukrainian athlete accuses IOC of fuelling Russia’s propaganda,2026-02-12T17:41:35Z,978
world/2026/feb/12/pentagon-policy-chief-tells-european-nato-members-to-step-up-combat-capabilities,https://www.theguardian.com/world/2026/feb/12/pentagon-policy-chief-tells-european-nato-members-to-step-up-combat-capabilities,Pentagon policy chief tells European Nato members to step up combat capabilities,2026-02-12T17:36:34Z,620
stage/2026/feb/12/donbas-review-theatre503-london-olga-braga,https://www.theguardian.com/stage/2026/feb/12/donbas-review-theatre503-london-olga-braga,Donbas review – a Ukrainian family fractures on the brink of invasion,2026-02-12T17:00:19Z,401
world/live/2026/feb/12/ukraine-russia-strikes-odesa-power-drone-strikes-zelenskyy-putin-portugal-floods-europe-live-news,https://www.theguardian.com/world/live/2026/feb/12/ukraine-russia-strikes-odesa-power-drone-strikes-zelenskyy-putin-portugal-floods-europe-live-news,UK pledges to send £540m worth of weapons to Ukraine - Europe live ,2026-02-12T15:57:20Z,4739
world/2026/feb/12/billions-funding-wrongly-released-hungary-eu-court-adviser,https://www.theguardian.com/world/2026/feb/12/billions-funding-wrongly-released-hungary-eu-court-adviser,"Billions in funding wrongly released to Hungary, says EU court’s top adviser",2026-02-12T15:11:43Z,419
world/2026/feb/12/portugal-climate-emergency-battered-storms-extreme-weather,https://www.theguardian.com/world/2026/feb/12/portugal-climate-emergency-battered-storms-extreme-weather,Portugal urged to adapt to climate emergency after series of deadly storms,2026-02-12T13:40:44Z,782
media/2026/feb/12/guardian-nominated-more-than-20-honours-2026-press-awards,https://www.theguardian.com/media/2026/feb/12/guardian-nominated-more-than-20-honours-2026-press-awards,Guardian nominated for more than 20 honours at 2026 Press Awards,2026-02-12T11:36:32Z,527
lifeandstyle/2026/feb/12/i-lived-the-life-ive-always-dreamed-of-the-man-who-cycled-around-the-world-for-four-years,https://www.theguardian.com/lifeandstyle/2026/feb/12/i-lived-the-life-ive-always-dreamed-of-the-man-who-cycled-around-the-world-for-four-years,‘I lived the life I’ve always dreamed of’: the man who cycled around the world for four years,2026-02-12T10:00:40Z,2467
australia-news/live/2026/feb/12/australia-politics-live-liberals-leadership-spill-challenge-angus-taylor-sussan-ley-libspill-question-time-anthony-albanese-senate-estimates-ntwnfb,https://www.theguardian.com/australia-news/live/2026/feb/12/australia-politics-live-liberals-leadership-spill-challenge-angus-taylor-sussan-ley-libspill-question-time-anthony-albanese-senate-estimates-ntwnfb,Thousands gather at Melbourne Herzog protest – as it happened,2026-02-12T08:46:52Z,13622
world/2026/feb/12/thursday-briefing-britain-is-flooding-so-why-is-support-for-net-zero-drying-up,https://www.theguardian.com/world/2026/feb/12/thursday-briefing-britain-is-flooding-so-why-is-support-for-net-zero-drying-up,"Thursday briefing: Britain ​is ​flooding, ​so ​why ​is ​support for ​net ​zero ​drying ​up? ",2026-02-12T06:48:02Z,2063
world/2026/feb/12/russia-attempt-block-whatsapp-meta-says,https://www.theguardian.com/world/2026/feb/12/russia-attempt-block-whatsapp-meta-says,"Russia attempted to ‘fully block’ WhatsApp, Meta-owned company says",2026-02-12T05:49:21Z,464
world/2026/feb/12/ukraine-war-briefing-elections-only-after-ceasefire-zelenskyy,https://www.theguardian.com/world/2026/feb/12/ukraine-war-briefing-elections-only-after-ceasefire-zelenskyy,"Ukraine war briefing: Elections will be held only after ceasefire, says Zelenskyy",2026-02-12T00:46:25Z,842
sport/live/2026/feb/11/winter-olympics-2026-gold-medals-up-for-grabs-in-skiing-figure-skating-and-more-live,https://www.theguardian.com/sport/live/2026/feb/11/winter-olympics-2026-gold-medals-up-for-grabs-in-skiing-figure-skating-and-more-live,Winter Olympics 2026: France beat USA to figure skating gold as GB’s wait for medal goes on – as it happened,2026-02-11T22:11:06Z,9472
sport/2026/feb/11/ukrainian-skeleton-athlete-helmet-protest-winter-olympics-ban,https://www.theguardian.com/sport/2026/feb/11/ukrainian-skeleton-athlete-helmet-protest-winter-olympics-ban,Ukrainian skeleton athlete ready to be disqualified over ‘helmet of memory’,2026-02-11T19:14:06Z,518
business/nils-pratley-on-finance/2026/feb/11/wake-up-labour-mps-price-of-electricity-is-crisis-for-industry-and-growth,https://www.theguardian.com/business/nils-pratley-on-finance/2026/feb/11/wake-up-labour-mps-price-of-electricity-is-crisis-for-industry-and-growth,Wake up Labour MPs: the price of electricity is a crisis for industry and growth,2026-02-11T18:58:17Z,841
football/2026/feb/11/andriy-shevchenko-gianni-infantino-russia-football-ban,https://www.theguardian.com/football/2026/feb/11/andriy-shevchenko-gianni-infantino-russia-football-ban,Shevchenko plans to tell Infantino face-to-face that Russia’s football ban must stand,2026-02-11T17:00:24Z,345
uk-news/2026/feb/11/rotherham-council-accused-flag-terror-500-grants-erect-st-george-union-flags,https://www.theguardian.com/uk-news/2026/feb/11/rotherham-council-accused-flag-terror-500-grants-erect-st-george-union-flags,Rotherham council accused of ignoring ‘flag terror’ with £500 grants for St George’s and union flags,2026-02-11T17:00:23Z,723
world/live/2026/feb/11/europe-live-latest-news-updates-eu-ukraine-russia,https://www.theguardian.com/world/live/2026/feb/11/europe-live-latest-news-updates-eu-ukraine-russia,"Putin ‘trying to break the Ukrainian people – they will not be broken,’ says Nato’s Rutte - Europe live",2026-02-11T16:41:17Z,4966
world/2026/feb/11/russian-tourists-evacuate-cuba-us-oil-blockade,https://www.theguardian.com/world/2026/feb/11/russian-tourists-evacuate-cuba-us-oil-blockade,Moscow preparing to evacuate Russian tourists from Cuba amid US oil blockade,2026-02-11T16:14:38Z,367
commentisfree/2026/feb/11/keir-starmer-grip-government-10-point-plan,https://www.theguardian.com/commentisfree/2026/feb/11/keir-starmer-grip-government-10-point-plan,This 10-point plan would allow Keir Starmer to get a grip on his government. He should read it and fast ,2026-02-11T14:54:19Z,885
world/2026/feb/11/russian-crackdown-telegram-app-criticism-soldiers-pro-war-bloggers,https://www.theguardian.com/world/2026/feb/11/russian-crackdown-telegram-app-criticism-soldiers-pro-war-bloggers,"Russian crackdown on Telegram app prompts rare criticism from soldiers, pro-war bloggers and officials",2026-02-11T12:48:18Z,697
sport/2026/feb/10/winter-olympics-briefing-johannes-hosflot-klaebo,https://www.theguardian.com/sport/2026/feb/10/winter-olympics-briefing-johannes-hosflot-klaebo,Winter Olympics briefing: Klæbo triumphs again … and is hungry for golden record,2026-02-11T08:02:36Z,1196
commentisfree/2026/feb/11/jeffrey-epstein-files-norway-illusions-far-right,https://www.theguardian.com/commentisfree/2026/feb/11/jeffrey-epstein-files-norway-illusions-far-right,The Jeffrey Epstein files have shattered Norway’s illusions about itself,2026-02-11T05:00:08Z,1204
world/2026/feb/11/ukraine-war-briefing-uk-promises-to-double-troop-numbers-in-norway-to-deter-putin,https://www.theguardian.com/world/2026/feb/11/ukraine-war-briefing-uk-promises-to-double-troop-numbers-in-norway-to-deter-putin,Ukraine war briefing: UK promises to double troop numbers in Norway to deter Putin,2026-02-11T00:53:52Z,794
sport/live/2026/feb/10/winter-olympics-2026-live-day-four,https://www.theguardian.com/sport/live/2026/feb/10/winter-olympics-2026-live-day-four,Winter Olympics 2026 day four: Slovenia win ski jumping gold as Sweden’s Wranå siblings star – as it happened,2026-02-10T20:44:44Z,7766
australia-news/2026/feb/11/morning-mail-wednesday-ntwnfb,https://www.theguardian.com/australia-news/2026/feb/11/morning-mail-wednesday-ntwnfb,"Morning Mail: Labor group’s ‘disgust’ at Sydney police, claims Trump said ‘everyone’ knew what Epstein was doing in 2006, and a very elaborate coffee",2026-02-10T20:19:55Z,1005
politics/2026/feb/10/alistair-carns-labours-ex-marine-who-would-be-a-nightmare-for-the-tories,https://www.theguardian.com/politics/2026/feb/10/alistair-carns-labours-ex-marine-who-would-be-a-nightmare-for-the-tories,Alistair Carns: Labour’s ex-marine who ‘would be a nightmare’ for the Tories,2026-02-10T19:57:09Z,716
world/2026/feb/10/norway-defence-chief-russia-nuclear-assets,https://www.theguardian.com/world/2026/feb/10/norway-defence-chief-russia-nuclear-assets,Norway defence chief says Russia could invade to protect nuclear assets ,2026-02-10T19:07:06Z,1030
commentisfree/2026/feb/10/the-guardian-view-on-fostering-reform-is-welcome-but-excess-profits-must-be-tackled,https://www.theguardian.com/commentisfree/2026/feb/10/the-guardian-view-on-fostering-reform-is-welcome-but-excess-profits-must-be-tackled,"The Guardian view on fostering: reform is welcome, but excess profits must be tackled",2026-02-10T18:55:49Z,587
sport/2026/feb/10/ukrainian-accuses-ioc-of-betrayal-for-banning-helmet-with-images-of-dead-athletes-winter-olympics,https://www.theguardian.com/sport/2026/feb/10/ukrainian-accuses-ioc-of-betrayal-for-banning-helmet-with-images-of-dead-athletes-winter-olympics,Ukraine racer defies IOC ban by wearing ‘helmet of memory’ as anger grows,2026-02-10T18:53:23Z,391
commentisfree/2026/feb/10/peter-mandelson-new-labour-jeffrey-epstein-corporate-power,https://www.theguardian.com/commentisfree/2026/feb/10/peter-mandelson-new-labour-jeffrey-epstein-corporate-power,There is a lot of convenient amnesia about Peter Mandelson’s New Labour days. Let’s jog some memories,2026-02-10T18:07:02Z,1121
world/live/2026/feb/10/russia-ukraine-war-us-talks-europe-live-updates-latest-news,https://www.theguardian.com/world/live/2026/feb/10/russia-ukraine-war-us-talks-europe-live-updates-latest-news,EU’s von der Leyen calls for bloc to ‘deepen’ the single market – as it happened,2026-02-10T16:25:05Z,3496
media/2026/feb/10/bbc-world-service-funding-tim-davie,https://www.theguardian.com/media/2026/feb/10/bbc-world-service-funding-tim-davie,"BBC World Service faces funding cliff edge in seven weeks, says Tim Davie",2026-02-10T12:35:40Z,665
environment/2026/feb/10/ticking-time-bomb-iran-shadow-fleet-old-tankers-risking-catastrophic-oil-spill,https://www.theguardian.com/environment/2026/feb/10/ticking-time-bomb-iran-shadow-fleet-old-tankers-risking-catastrophic-oil-spill,"Iran’s shadow fleet of old tankers a ticking bomb for sea life, say experts",2026-02-10T11:50:01Z,991
football/2026/feb/10/infantino-dogged-by-threat-of-russia-and-fear-of-trump-as-he-heads-to-sweet-talk-uefa,https://www.theguardian.com/football/2026/feb/10/infantino-dogged-by-threat-of-russia-and-fear-of-trump-as-he-heads-to-sweet-talk-uefa,Infantino dogged by threat of Russia and fear of Trump as he heads to sweet-talk Uefa,2026-02-10T08:00:18Z,931
world/2026/feb/10/ukraine-war-briefing-france-to-start-making-weapons-with-kyiv,https://www.theguardian.com/world/2026/feb/10/ukraine-war-briefing-france-to-start-making-weapons-with-kyiv,Ukraine war briefing: France to start making weapons with Kyiv,2026-02-10T01:37:53Z,806
world/2026/feb/09/air-canada-cancels-cuba-flights-fuel,https://www.theguardian.com/world/2026/feb/09/air-canada-cancels-cuba-flights-fuel,Air Canada cancels all flights to Cuba as US oil blockade cuts off fuel access,2026-02-09T21:00:03Z,862
australia-news/2026/feb/10/morning-mail-tuesday-ntwnfb,https://www.theguardian.com/australia-news/2026/feb/10/morning-mail-tuesday-ntwnfb,"Morning Mail: Sydney protest chaos, Japan’s gas lobbying revealed, Bad Bunny’s cultural moment",2026-02-09T19:55:17Z,936
world/live/2026/feb/09/europe-eu-jimmy-lai-ukraine-russia-us-portugal-latest-news-updates,https://www.theguardian.com/world/live/2026/feb/09/europe-eu-jimmy-lai-ukraine-russia-us-portugal-latest-news-updates,"US not trying to dismantle Nato or undermine world order, says ambassador – as it happened",2026-02-09T17:02:34Z,6692
business/2026/feb/09/eu-urged-not-roll-back-green-agenda-revive-faltering-economy,https://www.theguardian.com/business/2026/feb/09/eu-urged-not-roll-back-green-agenda-revive-faltering-economy,EU urged not to roll back green agenda in effort to revive faltering economy,2026-02-09T12:47:31Z,569
world/2026/feb/09/russia-scrambles-starlink-access-deactivated-elon-musk-space-x,https://www.theguardian.com/world/2026/feb/09/russia-scrambles-starlink-access-deactivated-elon-musk-space-x,Russian military scrambles to find Starlink alternative after access blocked,2026-02-09T12:39:17Z,610
business/2026/feb/09/experts-sound-alarm-over-uk-exports-to-firm-linked-to-russian-war-machine,https://www.theguardian.com/business/2026/feb/09/experts-sound-alarm-over-uk-exports-to-firm-linked-to-russian-war-machine,Experts sound alarm over UK exports to firm linked to Russian war machine,2026-02-09T10:33:20Z,1750
world/2026/feb/09/europe-us-munich-security-conference-report,https://www.theguardian.com/world/2026/feb/09/europe-us-munich-security-conference-report,Europe’s ‘painful’ realisation it must be bolder with US set out in security report,2026-02-09T09:00:02Z,793
world/2026/feb/09/ukraine-war-briefing-zelenskyy-says-russian-energy-sites-are-legitimate-targets,https://www.theguardian.com/world/2026/feb/09/ukraine-war-briefing-zelenskyy-says-russian-energy-sites-are-legitimate-targets,Ukraine war briefing: Zelenskyy says Russian energy sites are legitimate targets,2026-02-09T06:56:38Z,597
sport/live/2026/feb/08/winter-olympics-2026-womens-downhill-snowboarding-luge-speed-skating-live,https://www.theguardian.com/sport/live/2026/feb/08/winter-olympics-2026-womens-downhill-snowboarding-luge-speed-skating-live,"Winter Olympics 2026: Vonn ‘stable’ after crash; luge, speed skating and more – as it happened",2026-02-08T20:06:30Z,7825
world/2026/feb/08/treaties-to-limit-the-proliferation-of-nuclear-weapons-are-failing,https://www.theguardian.com/world/2026/feb/08/treaties-to-limit-the-proliferation-of-nuclear-weapons-are-failing,Treaties to limit the proliferation of nuclear weapons are failing,2026-02-08T16:51:49Z,209
world/2026/feb/08/russia-says-man-suspected-of-shooting-general-detained-in-dubai,https://www.theguardian.com/world/2026/feb/08/russia-says-man-suspected-of-shooting-general-detained-in-dubai,Russia says man suspected of shooting general detained in Dubai,2026-02-08T15:55:37Z,702
commentisfree/2026/feb/08/nuclear-war-risk-rising-global-peace,https://www.theguardian.com/commentisfree/2026/feb/08/nuclear-war-risk-rising-global-peace,The risk of nuclear war is rising again. We need a new movement for global peace,2026-02-08T14:00:35Z,815
news/ng-interactive/2026/feb/08/washington-post-layoffs-democracy-trump,https://www.theguardian.com/news/ng-interactive/2026/feb/08/washington-post-layoffs-democracy-trump,As goes the Washington Post: US democracy takes another hit under Trump,2026-02-08T06:00:24Z,1865
commentisfree/2026/feb/08/state-terror-us-israel-donald-trump-benjamin-netanyahu,https://www.theguardian.com/commentisfree/2026/feb/08/state-terror-us-israel-donald-trump-benjamin-netanyahu,"After years spent documenting state terror, I know it when I see it. And I see it now in the US and Israel",2026-02-08T06:00:23Z,1290
world/2026/feb/08/ukraine-war-briefing-zelenskyy-hints-june-deadline-for-peace-with-russia-could-be-linked-to-us-midterms,https://www.theguardian.com/world/2026/feb/08/ukraine-war-briefing-zelenskyy-hints-june-deadline-for-peace-with-russia-could-be-linked-to-us-midterms,Ukraine war briefing: Zelenskyy hints June deadline for peace with Russia could be linked to US midterms,2026-02-08T02:15:05Z,569
world/2026/feb/07/volodymyr-zelenskyy-us-june-deadline-ukraine-russia-peace-deal,https://www.theguardian.com/world/2026/feb/07/volodymyr-zelenskyy-us-june-deadline-ukraine-russia-peace-deal,Zelenskyy says US has set June deadline for Ukraine-Russia peace deal,2026-02-07T14:38:36Z,326
world/2026/feb/07/ukraine-war-briefing-zelenskyy-calls-for-faster-action-to-boost-air-defences-as-trump-hails-very-good-peace-talks,https://www.theguardian.com/world/2026/feb/07/ukraine-war-briefing-zelenskyy-calls-for-faster-action-to-boost-air-defences-as-trump-hails-very-good-peace-talks,"Ukraine war briefing: Russia launches ‘massive attack’ on energy sites, triggering widespread blackouts ",2026-02-07T07:55:22Z,649
world/2026/feb/07/uk-threatens-to-seize-russia-linked-shadow-fleet-tanker-in-escalatory-move,https://www.theguardian.com/world/2026/feb/07/uk-threatens-to-seize-russia-linked-shadow-fleet-tanker-in-escalatory-move,UK threatens to seize Russia-linked shadow fleet tanker in escalatory move,2026-02-07T07:00:56Z,997
commentisfree/2026/feb/07/europe-trump-invasion-global-political-revolution-new-right,https://www.theguardian.com/commentisfree/2026/feb/07/europe-trump-invasion-global-political-revolution-new-right,The biggest threat facing Europe is not a Trump invasion. It’s his global political revolution ,2026-02-07T07:00:56Z,1091
money/2026/feb/07/london-flat-dwellers-heating-bill-heat-networks,https://www.theguardian.com/money/2026/feb/07/london-flat-dwellers-heating-bill-heat-networks,"‘Plainly wrong’: London flat dwellers fight shock £200,000 heating bill",2026-02-07T07:00:55Z,1579
world/2026/feb/06/russia-military-general-vladimir-alekseyev,https://www.theguardian.com/world/2026/feb/06/russia-military-general-vladimir-alekseyev,Russian general Vladimir Alekseyev in critical condition after Moscow shooting,2026-02-07T04:10:39Z,633
sport/live/2026/feb/06/winter-olympics-2026-milano-cortina-opening-ceremony-action,https://www.theguardian.com/sport/live/2026/feb/06/winter-olympics-2026-milano-cortina-opening-ceremony-action,Winter Olympics 2026: opening ceremony at Milan’s San Siro and beyond – as it happened,2026-02-06T22:58:29Z,8176
football/2026/feb/06/premier-league-news-guardiola-manchester-city-newcastle-united,https://www.theguardian.com/football/2026/feb/06/premier-league-news-guardiola-manchester-city-newcastle-united,Premier League news: Guardiola refuses to be silenced; Arteta apologises to Rosenior,2026-02-06T22:30:43Z,2535
tv-and-radio/2026/feb/06/frontline-our-soldiers-facing-putin-review-nato-mission-channel-4,https://www.theguardian.com/tv-and-radio/2026/feb/06/frontline-our-soldiers-facing-putin-review-nato-mission-channel-4,"Frontline: Our Soldiers Facing Putin review – if you have a fetish for military jargon, you’ll love this",2026-02-06T21:00:43Z,802
politics/2026/feb/06/mandelson-lobbying-firm-russia-china-state-global-counsel,https://www.theguardian.com/politics/2026/feb/06/mandelson-lobbying-firm-russia-china-state-global-counsel,"Mandelson lobbying firm sought work with Russia and China state companies, Epstein emails show",2026-02-06T19:06:24Z,1019
football/live/2026/feb/06/premier-league-news-ronaldo-warned-milner-eyes-record-and-more-football-live,https://www.theguardian.com/football/live/2026/feb/06/premier-league-news-ronaldo-warned-milner-eyes-record-and-more-football-live,"Oxlade-Chamberlain set to join Celtic, Slot praises Wirtz, Milner eyes record – as it happened",2026-02-06T16:58:20Z,5769
world/live/2026/feb/06/russian-military-intelligence-chief-shot-moscow-vladimir-alekseyev-ukraine-europe-live-news-updates,https://www.theguardian.com/world/live/2026/feb/06/russian-military-intelligence-chief-shot-moscow-vladimir-alekseyev-ukraine-europe-live-news-updates,Russia blames Ukraine for attempted assassination of top general – as it happened ,2026-02-06T15:28:17Z,3311
politics/2026/feb/06/ben-wegg-prosser-boss-lobbying-firm-peter-mandelson-quits-jeffrey-epstein-revelations,https://www.theguardian.com/politics/2026/feb/06/ben-wegg-prosser-boss-lobbying-firm-peter-mandelson-quits-jeffrey-epstein-revelations,Boss of lobbying firm founded with Peter Mandelson quits after Epstein revelations,2026-02-06T12:48:41Z,967
sport/2026/feb/06/abdusattorov-triumphs-at-wijk-aan-zee-as-uzbek-pair-sweep-chess-wimbledon,https://www.theguardian.com/sport/2026/feb/06/abdusattorov-triumphs-at-wijk-aan-zee-as-uzbek-pair-sweep-chess-wimbledon,Abdusattorov triumphs at Wijk aan Zee as Uzbek pair sweep ‘chess Wimbledon’,2026-02-06T08:00:03Z,832
world/2026/feb/06/friday-briefing-gaza,https://www.theguardian.com/world/2026/feb/06/friday-briefing-gaza,Friday briefing: Why a ​growing ​number of ​experts ​say Israel ​is ​practising ​apartheid,2026-02-06T06:56:39Z,2571
world/ng-interactive/2026/feb/06/the-russian-economy-is-finally-stagnating-what-does-it-mean-for-the-war-and-for-putin,https://www.theguardian.com/world/ng-interactive/2026/feb/06/the-russian-economy-is-finally-stagnating-what-does-it-mean-for-the-war-and-for-putin,The Russian economy is finally stagnating. What does it mean for the war – and for Putin?,2026-02-06T06:00:03Z,1431
world/2026/feb/06/western-europeans-turning-against-us-after-greenland-threat-poll-finds,https://www.theguardian.com/world/2026/feb/06/western-europeans-turning-against-us-after-greenland-threat-poll-finds,"Opposition to US has hardened in western Europe after Greenland threat, poll finds",2026-02-06T06:00:01Z,639
us-news/live/2026/feb/05/donald-trump-immigration-ice-minneapolis-jeffrey-epstein-save-act-politics-latest-news-updates,https://www.theguardian.com/us-news/live/2026/feb/05/donald-trump-immigration-ice-minneapolis-jeffrey-epstein-save-act-politics-latest-news-updates,White House doubles down on Tulsi Gabbard’s presence at FBI raid of election center – as it happened,2026-02-06T03:04:27Z,5968
world/2026/feb/06/ukraine-war-briefing-kyiv-and-moscow-hold-major-prisoner-exchange,https://www.theguardian.com/world/2026/feb/06/ukraine-war-briefing-kyiv-and-moscow-hold-major-prisoner-exchange,Ukraine war briefing: Kyiv and Moscow hold major prisoner exchange,2026-02-06T01:21:22Z,607
australia-news/2026/feb/06/morning-mail-friday-ntwnfb,https://www.theguardian.com/australia-news/2026/feb/06/morning-mail-friday-ntwnfb,"Morning Mail: Aukus critics say subs from US unlikely, Rowland assists in wrongful people-smuggler case, Epstein files reveal Bannon’s ambitions",2026-02-05T19:43:14Z,990
commentisfree/2026/feb/05/the-guardian-view-on-saudi-arabia-and-the-uae-as-former-allies-clash-others-are-likely-to-pay,https://www.theguardian.com/commentisfree/2026/feb/05/the-guardian-view-on-saudi-arabia-and-the-uae-as-former-allies-clash-others-are-likely-to-pay,"The Guardian view on Saudi Arabia and the UAE: as former allies clash, others are likely to pay",2026-02-05T18:46:43Z,585
business/2026/feb/05/shell-increases-multibillion-pound-debt-pile-record-shareholder-payouts-oil-prices,https://www.theguardian.com/business/2026/feb/05/shell-increases-multibillion-pound-debt-pile-record-shareholder-payouts-oil-prices,"Shell will consider fossil fuel investment in Venezuela, says chief executive",2026-02-05T17:45:54Z,696
world/live/2026/feb/05/ukraine-russia-us-talk-end-war-abu-dhabi-live-updates-latest-news,https://www.theguardian.com/world/live/2026/feb/05/ukraine-russia-us-talk-end-war-abu-dhabi-live-updates-latest-news,Zelenskyy says Ukraine-Russia talks ‘not easy’ but ‘constructive’ after prisoner swap agreed - as it happened,2026-02-05T16:33:50Z,4647
business/2026/feb/05/bank-of-england-interest-rates-held-inflation-concerns,https://www.theguardian.com/business/2026/feb/05/bank-of-england-interest-rates-held-inflation-concerns,Bank of England keeps interest rates at 3.75% as inflation concerns persist,2026-02-05T15:56:25Z,779
world/2026/feb/05/second-day-of-ukraine-russia-peace-talks-in-uae-end-without-breakthrough,https://www.theguardian.com/world/2026/feb/05/second-day-of-ukraine-russia-peace-talks-in-uae-end-without-breakthrough,Second day of Ukraine-Russia peace talks in UAE end without breakthrough,2026-02-05T14:19:09Z,508
world/2026/feb/05/dubai-real-estate-fortune-hunters-entrepreneurs-population,https://www.theguardian.com/world/2026/feb/05/dubai-real-estate-fortune-hunters-entrepreneurs-population,Dubai’s potent lure: the reality behind the real-estate frenzy ,2026-02-05T14:10:18Z,1208
football/2026/feb/05/infantino-and-coventry-backing-russias-return-shows-sports-soft-power-is-in-rotten-hands,https://www.theguardian.com/football/2026/feb/05/infantino-and-coventry-backing-russias-return-shows-sports-soft-power-is-in-rotten-hands,Infantino and Coventry backing Russia’s return shows sport’s soft power is in rotten hands,2026-02-05T13:46:45Z,1092
world/2026/feb/05/spain-hits-back-at-pavel-durov-over-mass-telegram-post-on-social-media-ban-plan,https://www.theguardian.com/world/2026/feb/05/spain-hits-back-at-pavel-durov-over-mass-telegram-post-on-social-media-ban-plan,Spain hits back at Pavel Durov over mass Telegram post on social media ban plan,2026-02-05T13:33:14Z,1099
sport/2026/feb/05/winter-olympics-2026-milano-cortina-italy-schedule-events-opening-ceremony,https://www.theguardian.com/sport/2026/feb/05/winter-olympics-2026-milano-cortina-italy-schedule-events-opening-ceremony,"Winter Olympics 2026: all your questions about the Milano Cortina Games, answered",2026-02-05T08:00:26Z,2154
sport/2026/feb/05/heated-rivalries-curling-couples-10-things-winter-olympics-2026-milano-cortina,https://www.theguardian.com/sport/2026/feb/05/heated-rivalries-curling-couples-10-things-winter-olympics-2026-milano-cortina,Heated rivalries and curling couples: 10 things to look out for at the Winter Olympics,2026-02-05T08:00:26Z,1184
world/2026/feb/05/xi-jinping-donald-trump-phone-call-china-us-taiwan-relationship,https://www.theguardian.com/world/2026/feb/05/xi-jinping-donald-trump-phone-call-china-us-taiwan-relationship,"Be ‘prudent’ about supplying arms to Taiwan, Xi tells Trump in call",2026-02-05T06:31:37Z,412
world/2026/feb/05/ukrainian-sumo-star-aonishiki-arata-japan-top-competition,https://www.theguardian.com/world/2026/feb/05/ukrainian-sumo-star-aonishiki-arata-japan-top-competition,"‘You can’t progress without a struggle’: Ukrainian sumo star Aonishiki on the next step, and life back home",2026-02-05T06:10:58Z,972
world/2026/feb/05/i-wondered-if-i-would-be-a-coward-or-not-five-ukrainian-men-on-how-war-has-changed-them,https://www.theguardian.com/world/2026/feb/05/i-wondered-if-i-would-be-a-coward-or-not-five-ukrainian-men-on-how-war-has-changed-them,‘I wondered if I would be a coward or not’: five Ukrainian men on how war has changed them,2026-02-05T05:00:21Z,2393
world/2026/feb/05/sanctions-significant-impact-russian-economy-interview-eu-special-envoy-david-osullivan,https://www.theguardian.com/world/2026/feb/05/sanctions-significant-impact-russian-economy-interview-eu-special-envoy-david-osullivan,"Sanctions having ‘significant impact’ on Russian economy, says EU special envoy",2026-02-05T05:00:21Z,956
us-news/live/2026/feb/04/donald-trump-epstein-files-us-politics-live-latest-news-updates,https://www.theguardian.com/us-news/live/2026/feb/04/donald-trump-epstein-files-us-politics-live-latest-news-updates,Tulsi Gabbard reportedly oversaw probe of Puerto Rico voting machines last year – as it happened,2026-02-05T03:03:32Z,9481
world/2026/feb/05/russia-us-nuclear-new-start-treaty-expires-un-warning,https://www.theguardian.com/world/2026/feb/05/russia-us-nuclear-new-start-treaty-expires-un-warning,"‘Grave moment’: end of US-Russia nuclear pact comes at worst possible time, UN chief warns",2026-02-05T02:13:20Z,693
world/2026/feb/05/ukraine-war-briefing-russia-us-talks-abu-dhabi-zelenskyy-hopes-for-prisoner-exchange,https://www.theguardian.com/world/2026/feb/05/ukraine-war-briefing-russia-us-talks-abu-dhabi-zelenskyy-hopes-for-prisoner-exchange,Ukraine war briefing: Zelenskyy voices hope for new prisoner exchange as talks continue,2026-02-05T00:22:10Z,523
politics/2026/feb/05/minister-luke-pollard-defends-long-delays-uk-military-spending-plan,https://www.theguardian.com/politics/2026/feb/05/minister-luke-pollard-defends-long-delays-uk-military-spending-plan,Minister defends long delays to UK military spending plan,2026-02-05T00:01:15Z,459
world/2026/feb/04/ukraine-russia-second-round-peace-talks-abu-dhabi,https://www.theguardian.com/world/2026/feb/04/ukraine-russia-second-round-peace-talks-abu-dhabi,Ukraine and Russia hold ‘productive’ first day of US-led peace talks in Abu Dhabi,2026-02-04T23:38:14Z,750
sport/2026/feb/04/new-cold-war-global-political-chaos-winter-olympics-2026-milano-cortina,https://www.theguardian.com/sport/2026/feb/04/new-cold-war-global-political-chaos-winter-olympics-2026-milano-cortina,Welcome to new cold war as world descends on Italy amid global political chaos,2026-02-04T21:41:16Z,1038
world/2026/feb/04/eu-deal-on-ukraine-loan-could-boost-uk-if-it-agrees-to-help-pay-costs,https://www.theguardian.com/world/2026/feb/04/eu-deal-on-ukraine-loan-could-boost-uk-if-it-agrees-to-help-pay-costs,EU deal on Ukraine loan could boost UK if it agrees to help pay costs,2026-02-04T18:50:24Z,782
uk-news/2026/feb/04/killing-on-a-mass-scale-piecing-together-the-full-picture-of-irans-brutal-crackdown,https://www.theguardian.com/uk-news/2026/feb/04/killing-on-a-mass-scale-piecing-together-the-full-picture-of-irans-brutal-crackdown,Killing on a mass scale: piecing together the full picture of Iran’s brutal crackdown,2026-02-04T17:02:00Z,821
football/2026/feb/04/arsenal-quadruple-attempt-football-daily-newsletter,https://www.theguardian.com/football/2026/feb/04/arsenal-quadruple-attempt-football-daily-newsletter,Arsenal’s fun boat sails on but quadruple attempt will surely hit the rocks,2026-02-04T15:38:17Z,872
world/live/2026/feb/04/ukraine-russia-europe-live-eu-us-abu-dhabi-talks-latest-news-europe-live,https://www.theguardian.com/world/live/2026/feb/04/ukraine-russia-europe-live-eu-us-abu-dhabi-talks-latest-news-europe-live,Ukraine-Russia talks under way in Abu Dhabi in wake of ‘massive’ strikes on Kyiv – as it happened,2026-02-04T15:21:38Z,2690
us-news/2026/feb/04/first-thing-trump-prompts-outcry-suggesting-republicans-should-take-over-elections,https://www.theguardian.com/us-news/2026/feb/04/first-thing-trump-prompts-outcry-suggesting-republicans-should-take-over-elections,First Thing: Trump prompts outcry by suggesting Republicans should ‘take over’ elections,2026-02-04T11:58:31Z,1074
sport/2026/feb/04/ten-athletes-from-team-usa-to-watch-at-the-milano-cortina-winter-olympics,https://www.theguardian.com/sport/2026/feb/04/ten-athletes-from-team-usa-to-watch-at-the-milano-cortina-winter-olympics,Ten athletes from Team USA to watch at the Milano Cortina Winter Olympics,2026-02-04T11:00:41Z,1509
world/2026/feb/04/wednesday-briefing-how-outdated-rules-on-reporting-fuel-misinformation-in-high-profile-trials,https://www.theguardian.com/world/2026/feb/04/wednesday-briefing-how-outdated-rules-on-reporting-fuel-misinformation-in-high-profile-trials,Wednesday briefing: How ​outdated ​rules ​on reporting fuel ​misinformation in ​high-profile ​trials,2026-02-04T06:45:35Z,2495
world/2026/feb/04/ukraine-russia-talks-how-close-is-a-peace-deal-and-what-does-each-side-want,https://www.theguardian.com/world/2026/feb/04/ukraine-russia-talks-how-close-is-a-peace-deal-and-what-does-each-side-want,Ukraine-Russia talks: how close is a peace deal and what does each side want?,2026-02-04T03:00:30Z,848
world/2026/feb/04/ukraine-war-briefing-second-round-talks-abu-dhabi-russia-strike,https://www.theguardian.com/world/2026/feb/04/ukraine-war-briefing-second-round-talks-abu-dhabi-russia-strike,Ukraine war briefing: second round of Abu Dhabi talks set for tense start after ‘massive’ strikes on Kyiv,2026-02-04T02:00:02Z,664
global-development/2026/feb/04/trump-us-china-russia-democratic-recession-peril-human-rights-watch,https://www.theguardian.com/global-development/2026/feb/04/trump-us-china-russia-democratic-recession-peril-human-rights-watch,"Trump-led abuses amid ‘democratic recession’ put human rights in peril, HRW report says",2026-02-04T00:01:28Z,763
society/2026/feb/04/private-child-social-care-providers-in-england-pushed-out-for-profiteering,https://www.theguardian.com/society/2026/feb/04/private-child-social-care-providers-in-england-pushed-out-for-profiteering,Ministers to crack down on profiteering in care sector and make renewed fostering push,2026-02-04T00:00:27Z,756
football/2026/feb/03/people-are-dying-you-have-to-help-guardiola-decries-wars-in-sudan-ukraine-and-palestine,https://www.theguardian.com/football/2026/feb/03/people-are-dying-you-have-to-help-guardiola-decries-wars-in-sudan-ukraine-and-palestine,"‘People are dying, you have to help’: Guardiola decries wars in Sudan, Ukraine and Palestine",2026-02-03T22:30:25Z,512
world/2026/feb/03/thousands-without-heating-ukraine-russia-winter-attacks-before-talks,https://www.theguardian.com/world/2026/feb/03/thousands-without-heating-ukraine-russia-winter-attacks-before-talks,Zelenskyy accuses Russia of violating Trump-brokered truce amid cold snap,2026-02-03T18:58:37Z,1045
world/live/2026/feb/03/russia-ukraine-europe-live-eu-us-military-plan-response-latest-news,https://www.theguardian.com/world/live/2026/feb/03/russia-ukraine-europe-live-eu-us-military-plan-response-latest-news,"Ukraine ‘ready to play ball’ on peace deal but Russia ‘creating chaos’ with its attacks, says Nato chief – as it happened",2026-02-03T18:05:35Z,4539
sport/2026/feb/03/ioc-president-kirsty-coventry-russia-2028-olympics-ukraine-sports-minister-fifa-gianni-infantino,https://www.theguardian.com/sport/2026/feb/03/ioc-president-kirsty-coventry-russia-2028-olympics-ukraine-sports-minister-fifa-gianni-infantino,IOC president gives clearest signal so far that Russia could be at 2028 Olympics,2026-02-03T18:01:48Z,947
environment/2026/feb/03/lithium-boom-cornwall-mine-largest-deposit-europe,https://www.theguardian.com/environment/2026/feb/03/lithium-boom-cornwall-mine-largest-deposit-europe,The lithium boom: could a disused quarry bring riches to Cornwall?,2026-02-03T16:08:55Z,2245
australia-news/2026/feb/04/iranian-woman-australian-student-visa-expiring-fears-execution,https://www.theguardian.com/australia-news/2026/feb/04/iranian-woman-australian-student-visa-expiring-fears-execution,"With just weeks left on her Australian student visa, one Iranian woman fears she will be executed if she has to return",2026-02-03T14:00:07Z,761
world/2026/feb/03/expiry-nuclear-weapons-pact-us-russia-arms-race,https://www.theguardian.com/world/2026/feb/03/expiry-nuclear-weapons-pact-us-russia-arms-race,Expiry of nuclear weapons pact between US and Russia risks new arms race,2026-02-03T13:40:04Z,962
global-development/2026/feb/03/crew-ship-ukraine-cargo-seafarers-abandoned-war-zones,https://www.theguardian.com/global-development/2026/feb/03/crew-ship-ukraine-cargo-seafarers-abandoned-war-zones,‘It’s a miracle we survived’: the civilian crew trapped on a ship in Ukraine as bombs rained down,2026-02-03T10:03:34Z,1028
world/2026/feb/03/ukraine-war-briefing-kyiv-under-russian-missile-attack,https://www.theguardian.com/world/2026/feb/03/ukraine-war-briefing-kyiv-under-russian-missile-attack,Ukraine war briefing: Kyiv and Kharkiv under Russian air attack after Trump says US may have ‘good news’ on war,2026-02-03T06:41:17Z,676
commentisfree/2026/feb/03/iran-donald-trump-us-middle-east-regime-collapse,https://www.theguardian.com/commentisfree/2026/feb/03/iran-donald-trump-us-middle-east-regime-collapse,"War, a Trump-imposed deal or internal regime collapse: for Tehran, none of the options are good",2026-02-03T06:00:30Z,934
us-news/live/2026/feb/02/donald-trump-jeffrey-epstein-files-trevor-noah-ice-minnesota-minneapolis-cuba-latest-news-updates,https://www.theguardian.com/us-news/live/2026/feb/02/donald-trump-jeffrey-epstein-files-trevor-noah-ice-minnesota-minneapolis-cuba-latest-news-updates,Judge blocks Trump administration plan to strip protected status for Haitians in US – as it happened,2026-02-03T02:58:52Z,7479
uk-news/2026/feb/03/sarah-ferguson-charity-to-close-after-new-details-of-friendship-with-epstein,https://www.theguardian.com/uk-news/2026/feb/03/sarah-ferguson-charity-to-close-after-new-details-of-friendship-with-epstein,Sarah Ferguson charity to close after new details of friendship with Epstein,2026-02-03T00:22:49Z,514
sport/2026/feb/02/nfl-investigating-messages-between-giants-co-owner-steve-tisch-and-jeffrey-epstein,https://www.theguardian.com/sport/2026/feb/02/nfl-investigating-messages-between-giants-co-owner-steve-tisch-and-jeffrey-epstein,NFL looking into messages between Giants co-owner Steve Tisch and Jeffrey Epstein,2026-02-02T23:16:39Z,608
politics/live/2026/feb/02/uk-politics-peter-mandelson-jeffrey-epstein-labour-party-fallout-latest-updates,https://www.theguardian.com/politics/live/2026/feb/02/uk-politics-peter-mandelson-jeffrey-epstein-labour-party-fallout-latest-updates,Met to review reports of alleged misconduct in public office after latest Epstein files release - as it happened,2026-02-02T20:39:57Z,8151
us-news/2026/feb/02/trump-tariffs-deal-india-modi-russian-oil,https://www.theguardian.com/us-news/2026/feb/02/trump-tariffs-deal-india-modi-russian-oil,Trump says he will cut tariffs on India after Modi agrees to stop buying Russian oil,2026-02-02T17:51:47Z,443
world/live/2026/feb/02/eu-us-foreign-policy-shift-security-defence-latest-news-updates,https://www.theguardian.com/world/live/2026/feb/02/eu-us-foreign-policy-shift-security-defence-latest-news-updates,"Current world order ‘dead’, Draghi warns Europe, as he outlines US and China threats – as it happened",2026-02-02T16:00:46Z,4992
environment/2026/feb/02/weather-tracker-cyclone-fytia-madagascar-floods,https://www.theguardian.com/environment/2026/feb/02/weather-tracker-cyclone-fytia-madagascar-floods,Weather tracker: Cyclone Fytia in Madagascar kills several people and floods homes,2026-02-02T12:25:58Z,389
environment/2026/feb/02/ukrainian-botanists-rare-endangered-plants-russian-occupation-biodiversity-aoe,https://www.theguardian.com/environment/2026/feb/02/ukrainian-botanists-rare-endangered-plants-russian-occupation-biodiversity-aoe,‘Nothing is sacred to them’: the race to save rare plants as Russian troops advance,2026-02-02T09:00:51Z,980
world/2026/feb/02/monday-briefing-the-community-solidarity-driving-the-fightback-against-ice-in-minneapolis,https://www.theguardian.com/world/2026/feb/02/monday-briefing-the-community-solidarity-driving-the-fightback-against-ice-in-minneapolis, Monday briefing: The community solidarity driving the fightback against ICE in Minneapolis,2026-02-02T06:34:13Z,2609
law/2026/feb/02/more-than-100000-civilians-killed-war-crimes-out-of-control-study,https://www.theguardian.com/law/2026/feb/02/more-than-100000-civilians-killed-war-crimes-out-of-control-study,"International law meant to limit effects of war at breaking point, study finds",2026-02-02T05:00:48Z,732
world/2026/feb/02/ukraine-war-briefing-kyiv-reschedules-peace-talks-battered-power-grid-strains-cold-snaps,https://www.theguardian.com/world/2026/feb/02/ukraine-war-briefing-kyiv-reschedules-peace-talks-battered-power-grid-strains-cold-snaps,Ukraine war briefing: Kyiv reschedules peace talks as battered power grid strains in -15C,2026-02-02T01:27:43Z,533
australia-news/2026/feb/02/morning-mail-monday-ntwnfb,https://www.theguardian.com/australia-news/2026/feb/02/morning-mail-monday-ntwnfb,"Morning Mail: Turning Point eyes Australian politics, real estate agent data exposed, Alcaraz triumphs over Djokovic",2026-02-01T19:47:54Z,985
commentisfree/2026/feb/01/the-guardian-view-on-the-eus-answer-to-trump-trade-without-threats,https://www.theguardian.com/commentisfree/2026/feb/01/the-guardian-view-on-the-eus-answer-to-trump-trade-without-threats,The Guardian view on the EU’s answer to Trump: trade without threats,2026-02-01T17:30:32Z,557
environment/2026/feb/01/fossil-fuel-firms-may-have-to-pay-for-climate-damage-under-proposed-un-tax,https://www.theguardian.com/environment/2026/feb/01/fossil-fuel-firms-may-have-to-pay-for-climate-damage-under-proposed-un-tax,Fossil fuel firms may have to pay for climate damage under proposed UN tax,2026-02-01T12:00:28Z,853
news/ng-interactive/2026/feb/01/ukraine-war-kherson-frontline-russian-bombs-drones-life-lived-underground,https://www.theguardian.com/news/ng-interactive/2026/feb/01/ukraine-war-kherson-frontline-russian-bombs-drones-life-lived-underground,‘It’s not just about surviving’: the Ukrainian frontline city where life goes on under cover ,2026-02-01T06:00:20Z,1242
commentisfree/2026/feb/01/trump-xi-putin-china-nuclear-armageddon,https://www.theguardian.com/commentisfree/2026/feb/01/trump-xi-putin-china-nuclear-armageddon,China is leading the charge to nuclear Armageddon – and Starmer barely noticed,2026-02-01T06:00:19Z,982
world/2026/feb/01/ukraine-war-briefing-us-reports-constructive-peace-talks-with-russia,https://www.theguardian.com/world/2026/feb/01/ukraine-war-briefing-us-reports-constructive-peace-talks-with-russia,Ukraine war briefing: US reports ’constructive’ peace talks with Russia as Zelenskyy pushes for ‘results’,2026-02-01T02:54:43Z,693
world/2026/jan/31/record-harvest-berlin-giveaway-potatoes,https://www.theguardian.com/world/2026/jan/31/record-harvest-berlin-giveaway-potatoes,Record harvest sparks mass giveaway of free potatoes across Berlin,2026-01-31T13:00:59Z,783
world/2026/jan/31/european-defence-disarray-future-nato-trump,https://www.theguardian.com/world/2026/jan/31/european-defence-disarray-future-nato-trump,‘Keep on dreaming’: could Europe really defend itself without the US?,2026-01-31T13:00:59Z,1215
business/2026/jan/31/end-ukraine-war-sanction-refineries-buying-russian-crude-oil-bill-browder,https://www.theguardian.com/business/2026/jan/31/end-ukraine-war-sanction-refineries-buying-russian-crude-oil-bill-browder,"Impose sanctions on refineries that buy Russian crude oil to end war, says Bill Browder",2026-01-31T12:00:57Z,1052
world/2026/jan/31/concerns-over-chinese-cctv-cameras-guarding-magna-carta,https://www.theguardian.com/world/2026/jan/31/concerns-over-chinese-cctv-cameras-guarding-magna-carta,Alarm raised over Chinese CCTV cameras guarding ‘symbol of democracy’ Magna Carta,2026-01-31T07:24:00Z,873
politics/2026/jan/31/uk-and-eu-to-explore-renewed-talks-on-defence-cooperation,https://www.theguardian.com/politics/2026/jan/31/uk-and-eu-to-explore-renewed-talks-on-defence-cooperation,UK and EU to explore renewed talks on defence cooperation,2026-01-31T07:00:54Z,1003
politics/2026/jan/30/treasurer-jim-chalmers-inflation-tax-reform-australia,https://www.theguardian.com/politics/2026/jan/30/treasurer-jim-chalmers-inflation-tax-reform-australia,"Chalmers rejects opposition claims Labor is fuelling inflation, and says he is ‘impatient for reform’",2026-01-31T02:47:27Z,923
world/2026/jan/31/ukraine-war-briefing-rising-us-iran-tensions-key-peace-talks-in-uae,https://www.theguardian.com/world/2026/jan/31/ukraine-war-briefing-rising-us-iran-tensions-key-peace-talks-in-uae,Ukraine war briefing: Zelenskyy fears rising US-Iran tensions will scupper key peace talks in UAE,2026-01-31T02:27:30Z,593
sport/2026/jan/30/chess-nodirbek-abdusattorov-narrowly-ahead-as-wijk-aan-zee-reaches-final-weekend,https://www.theguardian.com/sport/2026/jan/30/chess-nodirbek-abdusattorov-narrowly-ahead-as-wijk-aan-zee-reaches-final-weekend,Chess: Uzbek pair share narrow half-point lead as Wijk aan Zee reaches final weekend,2026-01-30T19:32:26Z,595
commentisfree/2026/jan/30/the-guardian-view-on-chinas-military-purge-the-risks-grow-in-an-age-of-strongmen,https://www.theguardian.com/commentisfree/2026/jan/30/the-guardian-view-on-chinas-military-purge-the-risks-grow-in-an-age-of-strongmen,The Guardian view on China’s military purge: the risks grow in an age of strongmen,2026-01-30T17:59:21Z,612
film/2026/jan/30/displacement-film-fund-review-cate-blanchett-short-film-collection-that-brims-with-life-and-intensity,https://www.theguardian.com/film/2026/jan/30/displacement-film-fund-review-cate-blanchett-short-film-collection-that-brims-with-life-and-intensity,Displacement Film Fund review – Cate Blanchett masterminds short film collection that brims with life and intensity,2026-01-30T17:16:08Z,563
world/live/2026/jan/30/europe-ukraine-russia-eu-zelenskyy-latest-news-updates,https://www.theguardian.com/world/live/2026/jan/30/europe-ukraine-russia-eu-zelenskyy-latest-news-updates,Hungary doubles down on opposition to Ukraine’s EU accession as Zelenskyy aims for 2027 – as it happened,2026-01-30T15:40:31Z,2666
world/2026/jan/30/zelenskyy-cautious-russian-bombing-pause-extreme-cold-weather-ukraine,https://www.theguardian.com/world/2026/jan/30/zelenskyy-cautious-russian-bombing-pause-extreme-cold-weather-ukraine,Zelenskyy cautious on Russian bombing pause during extreme cold weather,2026-01-30T12:07:13Z,442
music/2026/jan/30/add-to-playlist-the-boundless-bedroom-made-black-metal-of-powerplant-and-the-weeks-best-new-tracks,https://www.theguardian.com/music/2026/jan/30/add-to-playlist-the-boundless-bedroom-made-black-metal-of-powerplant-and-the-weeks-best-new-tracks,Add to playlist: the boundless bedroom-made black metal of Powerplant and the week’s best new tracks,2026-01-30T12:00:23Z,576
society/ng-interactive/2026/jan/30/polymarket-prediction-markets-betting,https://www.theguardian.com/society/ng-interactive/2026/jan/30/polymarket-prediction-markets-betting,"On Polymarket, ‘privileged’ users made millions betting on war strikes and diplomatic strategy. What did they know beforehand?",2026-01-30T12:00:23Z,3519
artanddesign/2026/jan/30/10-years-of-photo-brussels-belgiums-leading-photography-festival,https://www.theguardian.com/artanddesign/2026/jan/30/10-years-of-photo-brussels-belgiums-leading-photography-festival,"10 years of Photo Brussels, Belgium’s leading photography festival",2026-01-30T07:00:13Z,1226
us-news/live/2026/jan/29/alex-pretti-minneapolis-ice-tom-homan-democrats-republicans-donald-trump-us-politics-latest-news,https://www.theguardian.com/us-news/live/2026/jan/29/alex-pretti-minneapolis-ice-tom-homan-democrats-republicans-donald-trump-us-politics-latest-news,Trump reportedly sues US Treasury and IRS for $10bn; US Senate reaches deal to avert partial government shutdown – as it happened,2026-01-30T02:55:41Z,8530
politics/2026/jan/29/keir-starmer-opens-door-to-uk-visit-by-xi-jinping-after-bilateral-talks,https://www.theguardian.com/politics/2026/jan/29/keir-starmer-opens-door-to-uk-visit-by-xi-jinping-after-bilateral-talks,Keir Starmer opens door to UK visit by Xi Jinping after bilateral talks,2026-01-30T02:19:39Z,1064
us-news/2026/jan/29/trump-administration-news-updates-today-iran,https://www.theguardian.com/us-news/2026/jan/29/trump-administration-news-updates-today-iran,Trump news at a glance: Turkey steps in as president maintains threats of US-Iran war ,2026-01-30T02:03:51Z,917
world/2026/jan/30/ukraine-war-briefing-zelenskyy-and-merz-welcome-trump-truce-claim-and-condemn-russia-attacks,https://www.theguardian.com/world/2026/jan/30/ukraine-war-briefing-zelenskyy-and-merz-welcome-trump-truce-claim-and-condemn-russia-attacks,Ukraine war briefing: Zelenskyy and Merz welcome Trump truce claim and condemn Russia attacks,2026-01-30T01:50:32Z,599
society/2026/jan/30/hacking-network-targeting-vulnerable-children-charity-warns-com,https://www.theguardian.com/society/2026/jan/30/hacking-network-targeting-vulnerable-children-charity-warns-com,"‘Chilling’ hacking network is targeting vulnerable children, charity warns",2026-01-30T00:01:05Z,717
world/2026/jan/29/trump-claims-putin-agreed-to-halt-ukraine-energy-strikes-amid-extreme-cold,https://www.theguardian.com/world/2026/jan/29/trump-claims-putin-agreed-to-halt-ukraine-energy-strikes-amid-extreme-cold,Trump claims Putin agreed to halt strikes on Ukraine energy sites amid extreme cold,2026-01-29T22:51:26Z,650
us-news/2026/jan/29/trump-putin-white-house-photo,https://www.theguardian.com/us-news/2026/jan/29/trump-putin-white-house-photo,Critics aghast as White House displays framed photo of Trump with Putin,2026-01-29T19:34:28Z,553
world/2026/jan/29/eu-formally-designates-iran-irgc-revolutionary-guards-terrorist-organisation,https://www.theguardian.com/world/2026/jan/29/eu-formally-designates-iran-irgc-revolutionary-guards-terrorist-organisation,EU designates Iran’s Revolutionary Guards as a terrorist organisation,2026-01-29T17:51:55Z,940
politics/live/2026/jan/29/starmer-xi-jinping-meeting-uk-china-relationship-live,https://www.theguardian.com/politics/live/2026/jan/29/starmer-xi-jinping-meeting-uk-china-relationship-live,Starmer announces visa-free travel to China after talks with Xi in Beijing – UK politics live,2026-01-29T17:32:15Z,8820
world/live/2026/jan/29/denmark-us-greenland-ukraine-russia-germany-friedrich-merz-poland-europe-latest-news,https://www.theguardian.com/world/live/2026/jan/29/denmark-us-greenland-ukraine-russia-germany-friedrich-merz-poland-europe-latest-news,EU designates Iran’s revolutionary guard as terrorist organisation – as it happened,2026-01-29T17:19:51Z,4780
football/2026/jan/29/football-daily-email-benfica-anatoliy-trubin-jose-mourinho,https://www.theguardian.com/football/2026/jan/29/football-daily-email-benfica-anatoliy-trubin-jose-mourinho,‘The big guy’ lights up another chaotic European night and saves Mourinho,2026-01-29T15:48:50Z,1026
politics/2026/jan/29/xi-starmer-china-uk-meeting-chinese-leader-rise-above-differences-sophisticated,https://www.theguardian.com/politics/2026/jan/29/xi-starmer-china-uk-meeting-chinese-leader-rise-above-differences-sophisticated,Xi-Starmer meeting: Chinese leader tells PM he hopes both countries can ‘rise above differences’,2026-01-29T14:02:04Z,852
sport/live/2026/jan/29/aryna-sabalenka-elina-svitolina-jessica-pegula-elena-rybakina-australian-open-womens-singles-semi-finals-live,https://www.theguardian.com/sport/live/2026/jan/29/aryna-sabalenka-elina-svitolina-jessica-pegula-elena-rybakina-australian-open-womens-singles-semi-finals-live,Sabalenka and Rybakina battle through: Australian Open 2026 semi-finals – as it happened,2026-01-29T12:44:06Z,5732
us-news/2026/jan/29/first-thing-footage-alex-pretti-federal-officers-11-days-before-killed,https://www.theguardian.com/us-news/2026/jan/29/first-thing-footage-alex-pretti-federal-officers-11-days-before-killed,First Thing: Footage shows altercation between Alex Pretti and federal officers 11 days before he was killed,2026-01-29T12:26:51Z,1039
world/2026/jan/29/ukraine-war-briefing-russia-pounds-cities-across-country-ahead-of-fresh-round-of-peace-talks,https://www.theguardian.com/world/2026/jan/29/ukraine-war-briefing-russia-pounds-cities-across-country-ahead-of-fresh-round-of-peace-talks,Ukraine war briefing: Russia pounds cities across country ahead of fresh round of peace talks,2026-01-29T01:06:40Z,599
politics/2026/jan/29/keir-starmer-xi-jinping-china-economy-politics,https://www.theguardian.com/politics/2026/jan/29/keir-starmer-xi-jinping-china-economy-politics,Keir Starmer holds talks with Xi to bolster economic ties with China,2026-01-28T22:30:28Z,863
australia-news/2026/jan/29/morning-mail-thursday-ntwnfb,https://www.theguardian.com/australia-news/2026/jan/29/morning-mail-thursday-ntwnfb,Morning Mail: the ‘terrifying’ impacts of US aid cuts; Trump threatens Iran as US fleet nears; PM pushes for progress on gun buybacks,2026-01-28T19:51:12Z,1095
commentisfree/2026/jan/28/the-guardian-view-on-keir-starmer-in-china-engagement-is-necessary-caution-is-vital,https://www.theguardian.com/commentisfree/2026/jan/28/the-guardian-view-on-keir-starmer-in-china-engagement-is-necessary-caution-is-vital,"The Guardian view on Keir Starmer in China: engagement is necessary, caution is vital",2026-01-28T18:32:15Z,595
world/live/2026/jan/28/europe-defence-kallas-greenland-frederiksen-macron-ukraine-netherlands-latest-news-updates,https://www.theguardian.com/world/live/2026/jan/28/europe-defence-kallas-greenland-frederiksen-macron-ukraine-netherlands-latest-news-updates,"Nato needs to be ‘reimagined’ with Europe showing more capabilities, says Marco Rubio – as it happened ",2026-01-28T16:35:40Z,4206
world/2026/jan/28/this-is-europe-european-film-awards-culture-war-pacifism,https://www.theguardian.com/world/2026/jan/28/this-is-europe-european-film-awards-culture-war-pacifism,The arts of war: can Europe’s artists embrace the idea of ‘armed pacifism’?,2026-01-28T16:16:59Z,774
football/2026/jan/28/leon-goretzka-donald-trump-makes-us-feel-german-european-world-cup,https://www.theguardian.com/football/2026/jan/28/leon-goretzka-donald-trump-makes-us-feel-german-european-world-cup,Leon Goretzka says Donald Trump ‘makes us feel not only German but European’,2026-01-28T15:44:31Z,506
artanddesign/2026/jan/28/moldovan-village-laetitia-vancons-best-photograph,https://www.theguardian.com/artanddesign/2026/jan/28/moldovan-village-laetitia-vancons-best-photograph,The last man left in a Moldovan village: Laetitia Vançon’s best photograph,2026-01-28T15:09:41Z,618
world/2026/jan/28/russia-ukraine-military-casualties-war-study,https://www.theguardian.com/world/2026/jan/28/russia-ukraine-military-casualties-war-study,"Russian and Ukrainian military casualties in war nearing 2m, study finds",2026-01-28T11:28:38Z,511
football/2026/jan/28/celtic-fc-foundation-london-girls-football,https://www.theguardian.com/football/2026/jan/28/celtic-fc-foundation-london-girls-football,‘In our DNA’: Celtic deepen London ties with girls’ football initiative,2026-01-28T10:30:38Z,791
world/2026/jan/28/wednesday-briefing-can-we-turn-around-the-growing-school-readiness-crisis,https://www.theguardian.com/world/2026/jan/28/wednesday-briefing-can-we-turn-around-the-growing-school-readiness-crisis,Wednesday briefing: ​Can we turn around the growing school readiness crisis?,2026-01-28T06:45:06Z,2340
commentisfree/2026/jan/28/andy-burnham-china-visit-keir-starmer,https://www.theguardian.com/commentisfree/2026/jan/28/andy-burnham-china-visit-keir-starmer,"From the Burnham row to the China visit, avoiding hard choices is the Starmer doctrine",2026-01-28T06:00:05Z,1134
commentisfree/2026/jan/28/donald-trump-attention-europe-greenland-venezuela-iran,https://www.theguardian.com/commentisfree/2026/jan/28/donald-trump-attention-europe-greenland-venezuela-iran,Trump wants our attention. Let’s stop falling for his geopolitical clickbait,2026-01-28T05:00:05Z,846
world/2026/jan/28/odesa-russia-crosshairs-war-pivots-back-to-black-sea,https://www.theguardian.com/world/2026/jan/28/odesa-russia-crosshairs-war-pivots-back-to-black-sea,‘Attacks day after day’: Odesa in Russia’s crosshairs as war pivots back to Black Sea,2026-01-28T05:00:04Z,1285
world/2026/jan/28/ukraine-war-briefing-nearly-2-million-military-casualties-to-date-study,https://www.theguardian.com/world/2026/jan/28/ukraine-war-briefing-nearly-2-million-military-casualties-to-date-study,"Ukraine war briefing: Nearly 2 million military casualties to date, study finds, with Russia bearing brunt of losses",2026-01-28T02:12:00Z,583
world/2026/jan/27/keir-starmer-walks-tightrope-over-myriad-issues-in-quest-to-bolster-china-ties,https://www.theguardian.com/world/2026/jan/27/keir-starmer-walks-tightrope-over-myriad-issues-in-quest-to-bolster-china-ties,Keir Starmer walks tightrope over myriad issues in quest to bolster China ties ,2026-01-27T23:21:53Z,1056
commentisfree/2026/jan/27/the-guardian-view-on-deepening-poverty-in-the-uk-a-catastrophic-tory-legacy-has-cut-millions-adrift,https://www.theguardian.com/commentisfree/2026/jan/27/the-guardian-view-on-deepening-poverty-in-the-uk-a-catastrophic-tory-legacy-has-cut-millions-adrift,The Guardian view on deepening poverty in the UK: a catastrophic Tory legacy has cut millions adrift,2026-01-27T18:52:04Z,602
politics/live/2026/jan/27/uk-politics-latest-news-updates-keir-starmer-leaseholders-andy-burnham-labour-reform,https://www.theguardian.com/politics/live/2026/jan/27/uk-politics-latest-news-updates-keir-starmer-leaseholders-andy-burnham-labour-reform,"30% of Britons think Burnham would do better job than Starmer as prime minister, poll suggests – as it happened",2026-01-27T17:33:47Z,7499
world/live/2026/jan/27/european-union-india-trade-deal-ukraine-greenland-holocaust-news-updates-europe-live,https://www.theguardian.com/world/live/2026/jan/27/european-union-india-trade-deal-ukraine-greenland-holocaust-news-updates-europe-live,EU-India deal ‘accelerated’ over past six months amid Trump’s tariff threats – Europe live,2026-01-27T16:10:06Z,3426
business/live/2026/jan/27/eu-car-sales-electric-tesla-elon-musk-gold-rises-business-live-latest-news-updates,https://www.theguardian.com/business/live/2026/jan/27/eu-car-sales-electric-tesla-elon-musk-gold-rises-business-live-latest-news-updates,Treasury announces business rate support package worth more than £80m a year – as it happened,2026-01-27T15:26:26Z,5582
business/2026/jan/27/eu-and-india-sign-free-trade-agreement,https://www.theguardian.com/business/2026/jan/27/eu-and-india-sign-free-trade-agreement,‘Mother of all deals’: EU and India sign free trade agreement ,2026-01-27T12:00:46Z,913
australia-news/2026/jan/27/turnbull-albanese-australia-trump-global-political-reality,https://www.theguardian.com/australia-news/2026/jan/27/turnbull-albanese-australia-trump-global-political-reality,Turnbull urges Albanese to acknowledge new global political reality under ‘bully’ Trump,2026-01-27T06:44:16Z,621
world/2026/jan/27/tuesday-briefing-andy-burnham-byelection-greater-manchester-labour-first-edition,https://www.theguardian.com/world/2026/jan/27/tuesday-briefing-andy-burnham-byelection-greater-manchester-labour-first-edition,Tuesday briefing: Why Labour banned Burnham – and what the ‘King of the North’ might do next,2026-01-27T06:30:20Z,2255
world/2026/jan/27/ukraine-war-briefing-mark-rutte-nato-russian-attack-kharkiv-power-outages-kyiv-monastery,https://www.theguardian.com/world/2026/jan/27/ukraine-war-briefing-mark-rutte-nato-russian-attack-kharkiv-power-outages-kyiv-monastery,Ukraine war briefing: Nato chief warns of ‘harshest winter’ in a decade as Russian attacks cut power in Kharkiv,2026-01-27T06:29:53Z,700
commentisfree/2026/jan/27/grandfather-nazi-camp-museum-zone-of-interest-stutthof,https://www.theguardian.com/commentisfree/2026/jan/27/grandfather-nazi-camp-museum-zone-of-interest-stutthof," To show the next generation the horrors of the past, we need to learn from David Lynch",2026-01-27T05:00:07Z,880
australia-news/2026/jan/27/morning-mail-tuesday-ntwnfb,https://www.theguardian.com/australia-news/2026/jan/27/morning-mail-tuesday-ntwnfb,Morning Mail: Bunnings accused of ‘greenwashing’ timber; extinction fears for K’gari dingoes; extreme heat warning,2026-01-26T19:46:05Z,1013
business/2026/jan/26/bank-of-scotland-fined-putin-ally-dmitrii-ovsiannikov,https://www.theguardian.com/business/2026/jan/26/bank-of-scotland-fined-putin-ally-dmitrii-ovsiannikov,"Bank of Scotland fined £160,000 over account for sanctioned Putin ally",2026-01-26T17:29:13Z,399
politics/2026/jan/26/a-sad-day-for-labour-and-andy-burnham,https://www.theguardian.com/politics/2026/jan/26/a-sad-day-for-labour-and-andy-burnham,A sad day for Labour and Andy Burnham,2026-01-26T17:01:17Z,270
media/2026/jan/26/washington-post-february-job-cuts-layoffs,https://www.theguardian.com/media/2026/jan/26/washington-post-february-job-cuts-layoffs,‘No one knows anything’: Washington Post staffers fear major cuts,2026-01-26T16:55:14Z,1232
commentisfree/2026/jan/26/ukraine-winter-power-freezing-cold-russia,https://www.theguardian.com/commentisfree/2026/jan/26/ukraine-winter-power-freezing-cold-russia,Tents pitched indoors for warmth and makeshift radiators: Ukrainians are freezing to death,2026-01-26T16:44:02Z,983
world/live/2026/jan/26/ukraine-russia-us-greenland-europe-trade-deal-nato-latest-news-updates,https://www.theguardian.com/world/live/2026/jan/26/ukraine-russia-us-greenland-europe-trade-deal-nato-latest-news-updates,Nato chief Rutte: ‘Keep on dreaming’ if you think Europe could defend itself without US – as it happened,2026-01-26T16:43:40Z,4966
world/2026/jan/26/african-men-tricked-into-fighting-ukraine-for-russia,https://www.theguardian.com/world/2026/jan/26/african-men-tricked-into-fighting-ukraine-for-russia,‘I didn’t know how to shoot’: how African men have been tricked into fighting for Russia,2026-01-26T15:14:09Z,1583
business/live/2026/jan/26/gold-silver-record-tariff-us-shutdown-ryanair-fares-fears-business-live--,https://www.theguardian.com/business/live/2026/jan/26/gold-silver-record-tariff-us-shutdown-ryanair-fares-fears-business-live--,"Gold soars past $5,100 an ounce, silver hits new record on tariff and US shutdown fears – as it happened",2026-01-26T15:09:16Z,3351
us-news/2026/jan/26/first-thing-obamas-call-alex-pretti-killing-investigation,https://www.theguardian.com/us-news/2026/jan/26/first-thing-obamas-call-alex-pretti-killing-investigation,First Thing: Obamas call Alex Pretti’s killing a ‘tragedy’ as pressure mounts for full investigation,2026-01-26T13:05:27Z,1095
us-news/2026/jan/26/costa-rica-us-deportation,https://www.theguardian.com/us-news/2026/jan/26/costa-rica-us-deportation,‘They threw us out like baggage’: Russian family deported from US to Costa Rica still in limbo,2026-01-26T13:00:37Z,2068
tv-and-radio/2026/jan/26/the-traitors-to-get-bold-and-surprising-adaptation-for-stage,https://www.theguardian.com/tv-and-radio/2026/jan/26/the-traitors-to-get-bold-and-surprising-adaptation-for-stage,The Traitors to get ‘bold and surprising’ adaptation for stage,2026-01-26T08:00:31Z,590
commentisfree/2026/jan/26/europe-is-at-a-turning-point-timid-eu-elites-should-take-lessons-from-the-leopard,https://www.theguardian.com/commentisfree/2026/jan/26/europe-is-at-a-turning-point-timid-eu-elites-should-take-lessons-from-the-leopard,Europe is at a turning point. Timid EU elites should take lessons from The Leopard ,2026-01-26T05:00:28Z,977
us-news/live/2026/jan/25/minneapolis-shooting-parents-of-alex-pretti-say-trump-officials-are-telling-sickening-lies,https://www.theguardian.com/us-news/live/2026/jan/25/minneapolis-shooting-parents-of-alex-pretti-say-trump-officials-are-telling-sickening-lies,More Republicans call for investigation after Minneapolis shooting – as it happened,2026-01-26T04:54:56Z,12780
world/2026/jan/26/ukraine-war-briefing-us-security-agreement-volodymyr-zelenskyy,https://www.theguardian.com/world/2026/jan/26/ukraine-war-briefing-us-security-agreement-volodymyr-zelenskyy,"Ukraine war briefing: US security agreement ‘100% ready’ to be signed, Zelenskyy says",2026-01-26T00:54:05Z,594
australia-news/2026/jan/26/morning-mail-monday-ntwnfb,https://www.theguardian.com/australia-news/2026/jan/26/morning-mail-monday-ntwnfb,"Morning Mail: NDIS call centre staff told to ‘pretend to be public servants’, fury at ICE shooting, Australia Day honours revealed",2026-01-25T19:40:53Z,991
commentisfree/2026/jan/25/the-guardian-view-on-europes-payments-problem-sovereignty-starts-at-the-till,https://www.theguardian.com/commentisfree/2026/jan/25/the-guardian-view-on-europes-payments-problem-sovereignty-starts-at-the-till,The Guardian view on Europe’s payments problem: sovereignty starts at the till,2026-01-25T17:30:13Z,560
commentisfree/2026/jan/25/global-rule-of-law-donald-trump-approval-ratings,https://www.theguardian.com/commentisfree/2026/jan/25/global-rule-of-law-donald-trump-approval-ratings,The global rule of law is not collapsing – Trump is the lone problem and he can be defeated,2026-01-25T13:27:50Z,1003
uk-news/2026/jan/25/uk-politicians-welcome-trump-retreat-over-british-troops-role-in-afghanistan,https://www.theguardian.com/uk-news/2026/jan/25/uk-politicians-welcome-trump-retreat-over-british-troops-role-in-afghanistan,UK politicians welcome Trump’s retreat over British troops’ role in Afghanistan,2026-01-25T12:23:59Z,568
news/ng-interactive/2026/jan/25/china-europe-canada-charm-offensive-trump,https://www.theguardian.com/news/ng-interactive/2026/jan/25/china-europe-canada-charm-offensive-trump,Advantage China: Trump’s tantrums push US allies closer to Beijing,2026-01-25T11:06:18Z,1246
us-news/2026/jan/25/minneapolis-shooting-ice-trump-analysis,https://www.theguardian.com/us-news/2026/jan/25/minneapolis-shooting-ice-trump-analysis,‘This is what fascism looks like’: terror in Minneapolis reminiscent of civil war,2026-01-25T10:00:05Z,1006
world/2026/jan/25/ukraine-war-briefing-kyiv-and-moscow-set-to-hold-more-face-to-face-talks-as-us-hails-big-step-forward,https://www.theguardian.com/world/2026/jan/25/ukraine-war-briefing-kyiv-and-moscow-set-to-hold-more-face-to-face-talks-as-us-hails-big-step-forward,Ukraine war briefing: Kyiv and Moscow set to hold more face-to-face talks as US hails ‘big step’ forward,2026-01-25T01:47:26Z,611
us-news/2026/jan/24/protesters-minneapolis-federal-agents-kill-second-us-citizen,https://www.theguardian.com/us-news/2026/jan/24/protesters-minneapolis-federal-agents-kill-second-us-citizen,"‘You ask us for peace, we get shot in the face’: Minneapolis in turmoil after federal agents kill second US citizen",2026-01-24T20:56:52Z,679
us-news/commentisfree/2026/jan/25/trump-new-global-order-australia-marooned,https://www.theguardian.com/us-news/commentisfree/2026/jan/25/trump-new-global-order-australia-marooned,Trump’s ‘new normal’ leaves Australia marooned. We can no longer pretend otherwise,2026-01-24T19:00:46Z,808
us-news/2026/jan/24/tucker-carlson-book-review,https://www.theguardian.com/us-news/2026/jan/24/tucker-carlson-book-review,‘What the hell happened’ to Tucker Carlson? A new book tries to find out,2026-01-24T17:00:44Z,1614
business/2026/jan/24/europe-divorce-donald-trump-wef-davos-us-government-bonds,https://www.theguardian.com/business/2026/jan/24/europe-divorce-donald-trump-wef-davos-us-government-bonds,Here’s how Europe can file for divorce from Donald Trump,2026-01-24T16:00:42Z,953
world/2026/jan/24/russia-launches-deadly-strikes-on-kyiv-and-kharkiv-ahead-of-day-two-of-peace-talks,https://www.theguardian.com/world/2026/jan/24/russia-launches-deadly-strikes-on-kyiv-and-kharkiv-ahead-of-day-two-of-peace-talks,Russia launches ‘brutal’ attack on Ukraine as peace talks continue ,2026-01-24T15:01:41Z,802
world/live/2026/jan/24/ukraine-russia-war-us-talks-uae-europe-live-latest-news-updates,https://www.theguardian.com/world/live/2026/jan/24/ukraine-russia-war-us-talks-uae-europe-live-latest-news-updates,"‘Massive’ Russian strikes on Ukraine hit negotiation table as well as people, Kyiv says – as it happened",2026-01-24T13:24:50Z,2139
us-news/2026/jan/24/joe-biden-legacy-donald-trump,https://www.theguardian.com/us-news/2026/jan/24/joe-biden-legacy-donald-trump,‘The invisible man’: Joe Biden has disappeared in almost every way – except in Trump’s daily commentary,2026-01-24T13:00:38Z,1172
commentisfree/2026/jan/24/eu-economic-threat-donald-trump-greenland,https://www.theguardian.com/commentisfree/2026/jan/24/eu-economic-threat-donald-trump-greenland,The EU finally used an economic threat against Trump. But the markets forced his climbdown,2026-01-24T10:00:36Z,990
world/2026/jan/24/ukraine-war-briefing-russia-launches-strikes-on-kyiv-and-kharkhiv-during-abu-dhabi-talks,https://www.theguardian.com/world/2026/jan/24/ukraine-war-briefing-russia-launches-strikes-on-kyiv-and-kharkhiv-during-abu-dhabi-talks,Ukraine war briefing: energy crisis worsens amid more Russia airstrikes,2026-01-24T05:39:25Z,673
environment/2026/jan/24/finland-russian-wolves-blamed-record-reindeer-deaths-ukraine-war-aoe,https://www.theguardian.com/environment/2026/jan/24/finland-russian-wolves-blamed-record-reindeer-deaths-ukraine-war-aoe,‘We cannot say for sure these wolves come from Russia’: Finns try to fathom cause of record reindeer deaths,2026-01-24T05:00:29Z,850
world/2026/jan/24/distraction-threat-how-ukrainians-view-greenland-crisis,https://www.theguardian.com/world/2026/jan/24/distraction-threat-how-ukrainians-view-greenland-crisis,"A distraction, a threat: how Ukrainians have viewed the Greenland crisis",2026-01-24T05:00:29Z,960
us-news/live/2026/jan/23/ice-immigration-protests-trump-minnesota-economic-blackout-latest-news,https://www.theguardian.com/us-news/live/2026/jan/23/ice-immigration-protests-trump-minnesota-economic-blackout-latest-news,Federal prosecutors reportedly blocked from investigating Renee Good’s killing – as it happened,2026-01-24T03:00:39Z,7324
world/2026/jan/23/us-ukraine-russia-abu-dhabi-talks-putin-witkoff-kushner,https://www.theguardian.com/world/2026/jan/23/us-ukraine-russia-abu-dhabi-talks-putin-witkoff-kushner,Russia keeps up demand for Ukrainian land as three-way talks begin in UAE,2026-01-23T18:26:19Z,960
world/live/2026/jan/23/ukraine-war-russia-us-trilateral-talks-latest-updates-news,https://www.theguardian.com/world/live/2026/jan/23/ukraine-war-russia-us-trilateral-talks-latest-updates-news,Ukraine-Russia-US talks start in Abu Dhabi – as it happened,2026-01-23T18:00:10Z,3973
us-news/2026/jan/23/trump-concerning-moments,https://www.theguardian.com/us-news/2026/jan/23/trump-concerning-moments,Trump’s second term has been rife with bizarre moments – here are seven,2026-01-23T17:16:56Z,1885
commentisfree/2026/jan/23/world-punches-back-donald-trump-went-too-far-davos,https://www.theguardian.com/commentisfree/2026/jan/23/world-punches-back-donald-trump-went-too-far-davos,"As the world finally punches back, was this the week Donald Trump went too far?",2026-01-23T16:28:04Z,1273
business/2026/jan/23/davos-turbulent-week-trump-circus,https://www.theguardian.com/business/2026/jan/23/davos-turbulent-week-trump-circus,‘At the table or on the menu’: a turbulent Davos week with Trump’s circus in town,2026-01-23T16:15:10Z,1596
business/2026/jan/23/pay-growth-limit-interest-rate-cuts-bank-policymaker-megan-greene,https://www.theguardian.com/business/2026/jan/23/pay-growth-limit-interest-rate-cuts-bank-policymaker-megan-greene,"Strong UK pay growth could limit interest rate cuts, Bank policymaker warns",2026-01-23T16:00:39Z,605
business/live/2026/jan/23/davos-world-economic-outlook-lagarde-georgieva-ai-okonjo-iweala-ecb-imf-wto-business-live-updates,https://www.theguardian.com/business/live/2026/jan/23/davos-world-economic-outlook-lagarde-georgieva-ai-okonjo-iweala-ecb-imf-wto-business-live-updates,"Davos: ECB’s Lagarde plays down fears of ‘rupture’ in world order, as IMF’s Georgieva warns of AI ‘tsunami’ hitting jobs market – as it happened",2026-01-23T13:48:10Z,2480
commentisfree/2026/jan/23/donald-trump-lies-ice,https://www.theguardian.com/commentisfree/2026/jan/23/donald-trump-lies-ice,Donald Trump doesn’t want us to believe our own eyes,2026-01-23T13:00:12Z,1170
commentisfree/2026/jan/23/borgen-trump-greenland-denmark-adam-price,https://www.theguardian.com/commentisfree/2026/jan/23/borgen-trump-greenland-denmark-adam-price,If I’d pitched Trump’s Greenland plot for Borgen I’d have been laughed at. Now we’re living his sinister drama,2026-01-23T13:00:11Z,1202
us-news/2026/jan/23/trump-davos-diplomacy,https://www.theguardian.com/us-news/2026/jan/23/trump-davos-diplomacy,Disaster averted at Davos but world ever vulnerable to capricious Trump’s whims,2026-01-23T13:00:10Z,858
world/2026/jan/23/russia-deploys-new-high-speed-drones-amid-claims-they-contain-western-parts,https://www.theguardian.com/world/2026/jan/23/russia-deploys-new-high-speed-drones-amid-claims-they-contain-western-parts,Russia deploys new high-speed drones amid claims they contain western parts,2026-01-23T11:53:19Z,593
us-news/2026/jan/23/first-thing-white-house-posts-digitally-altered-image-arrested-woman-ice-protest,https://www.theguardian.com/us-news/2026/jan/23/first-thing-white-house-posts-digitally-altered-image-arrested-woman-ice-protest,First Thing: White House posts digitally altered image of woman arrested after ICE protest,2026-01-23T11:51:04Z,993
commentisfree/2026/jan/23/europe-trump-climbdown-genuflecting-tacos-greenland,https://www.theguardian.com/commentisfree/2026/jan/23/europe-trump-climbdown-genuflecting-tacos-greenland,Trump’s Greenland U-turn was spectacular. The lesson for Europe: strongmen understand only strength,2026-01-23T11:06:22Z,993
world/2026/jan/23/weather-tracker-record-snowfall-eastern-russia-people-stranded,https://www.theguardian.com/world/2026/jan/23/weather-tracker-record-snowfall-eastern-russia-people-stranded,Weather tracker: Record snowfall in eastern Russia leaves people stranded,2026-01-23T10:46:47Z,483
commentisfree/2026/jan/23/britain-us-establishment-russia-donald-trump,https://www.theguardian.com/commentisfree/2026/jan/23/britain-us-establishment-russia-donald-trump,The greatest threat facing Britain may soon be the US – but the establishment won’t recognise it,2026-01-23T08:00:11Z,1051
music/2026/jan/23/some-artists-thought-it-was-too-political-can-jarvis-damon-olivia-rodrigo-and-arctic-monkeys-reboot-the-biggest-charity-album-of-the-90s,https://www.theguardian.com/music/2026/jan/23/some-artists-thought-it-was-too-political-can-jarvis-damon-olivia-rodrigo-and-arctic-monkeys-reboot-the-biggest-charity-album-of-the-90s,"‘Some artists thought it was too political’: can Jarvis, Damon, Olivia Rodrigo and Arctic Monkeys reboot the biggest charity album of the 90s?",2026-01-23T08:00:09Z,1628
world/2026/jan/22/eu-leaders-meet-in-brussels-to-discuss-new-reality-of-relations-with-us,https://www.theguardian.com/world/2026/jan/22/eu-leaders-meet-in-brussels-to-discuss-new-reality-of-relations-with-us,"Relations with US have taken ‘big blow’, says EU foreign policy chief",2026-01-23T07:33:47Z,1130
world/2026/jan/23/friday-briefing-what-the-mood-at-davos-can-tell-us-about-a-changing-world-order,https://www.theguardian.com/world/2026/jan/23/friday-briefing-what-the-mood-at-davos-can-tell-us-about-a-changing-world-order,Friday briefing: What the mood at Davos can tell us about a changing world order ,2026-01-23T06:45:07Z,2341
commentisfree/2026/jan/23/war-keep-calm-and-carry-on-donald-trump,https://www.theguardian.com/commentisfree/2026/jan/23/war-keep-calm-and-carry-on-donald-trump,Doomscrolling won’t bring order to the chaos. It’s OK to put the phone down and take a break,2026-01-23T06:00:08Z,1197
environment/2026/jan/23/water-related-violence-increase-pacific-institute,https://www.theguardian.com/environment/2026/jan/23/water-related-violence-increase-pacific-institute,Dramatic rise in water-related violence recorded since 2022,2026-01-23T06:00:07Z,621
australia-news/2026/jan/23/afternoon-update-friday-ntwnfb,https://www.theguardian.com/australia-news/2026/jan/23/afternoon-update-friday-ntwnfb,Afternoon Update: NSW manhunt after three shot dead; Trump punishes Canada; and a ‘miracle’ moment for conjoined twins,2026-01-23T05:31:57Z,526
lifeandstyle/2026/jan/23/experience-my-daughters-were-born-conjoined-at-the-head,https://www.theguardian.com/lifeandstyle/2026/jan/23/experience-my-daughters-were-born-conjoined-at-the-head,Experience: my daughters were born conjoined at the head,2026-01-23T05:00:05Z,781
us-news/live/2026/jan/22/donald-trump-greenland-tariffs-ice-democrats-funding-bill-us-politics-live-news-updates,https://www.theguardian.com/us-news/live/2026/jan/22/donald-trump-greenland-tariffs-ice-democrats-funding-bill-us-politics-live-news-updates,Trump to Canada’s Mark Carney: you are uninvited to my ‘board of peace’ – as it happened,2026-01-23T03:06:07Z,7901
world/2026/jan/23/ukraine-war-briefing-zelenskyy-russia-must-compromise,https://www.theguardian.com/world/2026/jan/23/ukraine-war-briefing-zelenskyy-russia-must-compromise,"Ukraine war briefing: Russians must compromise, Zelenskyy says as envoys race to Abu Dhabi",2026-01-23T02:49:14Z,684
us-news/2026/jan/22/trump-administration-news-updates-today,https://www.theguardian.com/us-news/2026/jan/22/trump-administration-news-updates-today,Trump news at a glance: president’s ‘board of peace’ takes shape,2026-01-23T02:43:22Z,1300
world/live/2026/jan/22/zelenskyy-trump-putin-ukraine-russia-us-davos-greenland-eu-europe-live-news,https://www.theguardian.com/world/live/2026/jan/22/zelenskyy-trump-putin-ukraine-russia-us-davos-greenland-eu-europe-live-news,"EU stands by Denmark and Greenland and wants ‘respectful’ relations with US, says European Council president – as it happened",2026-01-23T00:14:10Z,10935
world/2026/jan/22/zelenskyy-accuses-eu-leaders-waiting-direction-donald-trump-greenland,https://www.theguardian.com/world/2026/jan/22/zelenskyy-accuses-eu-leaders-waiting-direction-donald-trump-greenland,"Get out of Greenland mode and stand up for yourself, Zelenskyy tells Europe",2026-01-22T22:14:02Z,1093
politics/2026/jan/22/uk-not-ready-sign-trump-board-of-peace-treaty-yvette-cooper,https://www.theguardian.com/politics/2026/jan/22/uk-not-ready-sign-trump-board-of-peace-treaty-yvette-cooper,"UK not ready to sign up to Donald Trump’s ‘board of peace’, says Yvette Cooper",2026-01-22T18:36:15Z,458
world/2026/jan/22/trump-board-of-peace-launch-davos,https://www.theguardian.com/world/2026/jan/22/trump-board-of-peace-launch-davos,"Trump claims world ‘richer, safer’ than year ago at launch of his ‘board of peace’",2026-01-22T18:35:12Z,908
us-news/2026/jan/22/trump-defamation-suit-new-york-times-poll,https://www.theguardian.com/us-news/2026/jan/22/trump-defamation-suit-new-york-times-poll,Trump says he’s expanding defamation suit against New York Times after unfavorable poll,2026-01-22T18:16:48Z,565
politics/live/2026/jan/22/uk-will-not-be,https://www.theguardian.com/politics/live/2026/jan/22/uk-will-not-be,Labour’s Andrew Gwynne resigns paving the way for return of Andy Burnham as an MP– as it happened,2026-01-22T18:02:06Z,5623
world/2026/jan/22/denmark-pm-calls-for-constructive-greenland-negotiation-with-trump,https://www.theguardian.com/world/2026/jan/22/denmark-pm-calls-for-constructive-greenland-negotiation-with-trump,Greenland says red lines must be respected as Trump says US will have ‘total’ access to island,2026-01-22T17:52:01Z,1230
world/2026/jan/22/french-navy-intercepts-suspected-russian-shadow-fleet-tanker-mediterranean,https://www.theguardian.com/world/2026/jan/22/french-navy-intercepts-suspected-russian-shadow-fleet-tanker-mediterranean,French navy intercepts suspected Russian ‘shadow fleet’ tanker in Mediterranean,2026-01-22T17:49:24Z,645
business/2026/jan/22/friedrich-merz-german-chancellor-speech-davos-world-economic-forum,https://www.theguardian.com/business/2026/jan/22/friedrich-merz-german-chancellor-speech-davos-world-economic-forum,"World is entering time of ‘great power politics’, warns German chancellor",2026-01-22T16:41:06Z,495
business/live/2026/jan/22/davos-nato-ukraine-rutte-stubb-trump-greenland-deal-live-updates,https://www.theguardian.com/business/live/2026/jan/22/davos-nato-ukraine-rutte-stubb-trump-greenland-deal-live-updates,Davos: Trump launches his ‘board of peace’ as Kushner presents Gaza ‘master plan’ – as it happened,2026-01-22T16:33:37Z,7557
music/2026/jan/22/arctic-monkeys-release-first-new-song-since-2022-to-benefit-war-child,https://www.theguardian.com/music/2026/jan/22/arctic-monkeys-release-first-new-song-since-2022-to-benefit-war-child,Arctic Monkeys release first new song since 2022 to benefit War Child,2026-01-22T15:14:39Z,326
business/2026/jan/22/uk-government-borrowing-falls-december,https://www.theguardian.com/business/2026/jan/22/uk-government-borrowing-falls-december,UK government borrowing falls to £11.6bn in December,2026-01-22T14:11:06Z,579
world/2026/jan/22/emmanuel-macron-french-president-sunglasses-davos,https://www.theguardian.com/world/2026/jan/22/emmanuel-macron-french-president-sunglasses-davos,‘Not a typical day’: makers of Macron’s sunglasses deluged with demand ,2026-01-22T13:30:54Z,612
world/2026/jan/22/whats-in-trump-greenland-deal-and-will-it-last,https://www.theguardian.com/world/2026/jan/22/whats-in-trump-greenland-deal-and-will-it-last,What’s in Trump’s Greenland ‘deal’ and will it last?,2026-01-22T13:04:33Z,997
football/2026/jan/22/football-world-cup-boycott-2026-usa-donald-trump-politics-greenland,https://www.theguardian.com/football/2026/jan/22/football-world-cup-boycott-2026-usa-donald-trump-politics-greenland,A World Cup boycott over Trump? Football’s hypotheticals cannot be dismissed any more,2026-01-22T12:43:39Z,776
business/2026/jan/22/bm-the-works-hit-by-tough-christmas-trading,https://www.theguardian.com/business/2026/jan/22/bm-the-works-hit-by-tough-christmas-trading,B&M and The Works hit by tough Christmas trading,2026-01-22T10:56:45Z,482
commentisfree/2026/jan/22/europe-must-heed-mark-carney-and-embrace-a-painful-emancipation-from-the-us,https://www.theguardian.com/commentisfree/2026/jan/22/europe-must-heed-mark-carney-and-embrace-a-painful-emancipation-from-the-us,Europe must heed Mark Carney – and embrace a painful emancipation from the US,2026-01-22T05:00:04Z,868
us-news/live/2026/jan/21/us-politics-live-supreme-court-fed-lisa-cook-donald-trump-latest-news-updates,https://www.theguardian.com/us-news/live/2026/jan/21/us-politics-live-supreme-court-fed-lisa-cook-donald-trump-latest-news-updates,Greenlandic lawmaker says Nato has no mandate to negotiate nation’s status – as it happened,2026-01-22T04:53:16Z,8049
australia-news/2026/jan/22/mark-carney-canada-denunciation-trump-australia-jim-chalmers,https://www.theguardian.com/australia-news/2026/jan/22/mark-carney-canada-denunciation-trump-australia-jim-chalmers,Jim Chalmers says Canadian PM’s ‘stunning’ denunciation of Trump is being widely discussed in Australian government,2026-01-22T02:39:34Z,458
world/2026/jan/22/ukraine-war-briefing-zelenskyy-expected-in-davos-after-all-to-meet-trump,https://www.theguardian.com/world/2026/jan/22/ukraine-war-briefing-zelenskyy-expected-in-davos-after-all-to-meet-trump,Ukraine war briefing: Zelenskyy expected in Davos after all to meet Trump,2026-01-22T02:06:26Z,516
world/2026/jan/21/how-badenoch-meeting-with-mike-johnson-led-to-trump-chagos-deal-rant,https://www.theguardian.com/world/2026/jan/21/how-badenoch-meeting-with-mike-johnson-led-to-trump-chagos-deal-rant,How Badenoch’s meeting with Mike Johnson led to Trump’s Chagos deal rant,2026-01-21T20:00:53Z,1114
us-news/2026/jan/21/trumps-rambling-davos-speech-rehashes-warped-ideas-of-us-supremacy,https://www.theguardian.com/us-news/2026/jan/21/trumps-rambling-davos-speech-rehashes-warped-ideas-of-us-supremacy,Trump’s rambling Davos speech rehashes warped ideas of US supremacy,2026-01-21T19:04:40Z,989
business/live/2026/jan/21/davos-trump-speech-wef-greenland-bessent-trade-milei-globalisation-business-live-updates,https://www.theguardian.com/business/live/2026/jan/21/davos-trump-speech-wef-greenland-bessent-trade-milei-globalisation-business-live-updates,"Denmark welcomes Trump ruling out force to take Greenland, before ‘future deal’ framework announced – as it happened",2026-01-21T18:52:11Z,9069
politics/live/2026/jan/21/keir-starmer-donald-trump-greenland-uk-politics-live-latest-updates,https://www.theguardian.com/politics/live/2026/jan/21/keir-starmer-donald-trump-greenland-uk-politics-live-latest-updates,"Britain facing ‘catastrophe’ because of children being addicted to social media, peers told – as it happened",2026-01-21T18:51:41Z,9484
commentisfree/2026/jan/21/the-guardian-view-on-keir-starmer-and-donald-trump-quiet-diplomacy-has-reached-its-limit,https://www.theguardian.com/commentisfree/2026/jan/21/the-guardian-view-on-keir-starmer-and-donald-trump-quiet-diplomacy-has-reached-its-limit,The Guardian view on Keir Starmer and Donald Trump: quiet diplomacy has reached its limit,2026-01-21T18:39:06Z,591
politics/2026/jan/21/kemi-fails-to-resist-the-cheap-shot-as-she-backs-trump-on-chagos-islands,https://www.theguardian.com/politics/2026/jan/21/kemi-fails-to-resist-the-cheap-shot-as-she-backs-trump-on-chagos-islands,Kemi fails to resist the cheap shot as she backs Trump on Chagos Islands,2026-01-21T18:17:11Z,1053
world/live/2026/jan/21/europe-donald-trump-davos-speech-greenland-denmark-latest-updates,https://www.theguardian.com/world/live/2026/jan/21/europe-donald-trump-davos-speech-greenland-denmark-latest-updates,Zelenskyy meeting with Trump expected to take place on Thursday – as it happened,2026-01-21T18:03:08Z,9473
world/2026/jan/21/the-spy-who-came-in-from-the-bus-stop,https://www.theguardian.com/world/2026/jan/21/the-spy-who-came-in-from-the-bus-stop,The spy who came in from the bus stop,2026-01-21T17:49:08Z,296
football/2026/jan/21/world-cup-fan-fests-training-camps-legacy,https://www.theguardian.com/football/2026/jan/21/world-cup-fan-fests-training-camps-legacy,The World Cup is out of reach for many. The hope lies outside the stadiums,2026-01-21T17:40:58Z,930
commentisfree/2026/jan/21/donald-trump-europe-tariff-threat-us-president,https://www.theguardian.com/commentisfree/2026/jan/21/donald-trump-europe-tariff-threat-us-president,Trump’s tariff threat leaves Europe with a choice: fight back or cease to matter,2026-01-21T17:13:34Z,953
business/2026/jan/21/trump-disorder-prompts-talk-liberal-alliances-mark-carney,https://www.theguardian.com/business/2026/jan/21/trump-disorder-prompts-talk-liberal-alliances-mark-carney,Middle powers assemble? Trump disorder prompts talk of new liberal alliances,2026-01-21T17:09:57Z,927
world/2026/jan/21/the-moment-of-truth-over-greenland-as-leaders-ditch-appeasement-of-trump,https://www.theguardian.com/world/2026/jan/21/the-moment-of-truth-over-greenland-as-leaders-ditch-appeasement-of-trump,"Europe’s moment of truth over Greenland looms, as leaders ditch appeasement of Trump",2026-01-21T16:20:41Z,1192
commentisfree/2026/jan/21/mark-carney-davos-canadian-prime-minister-donald-trump-new-world-order,https://www.theguardian.com/commentisfree/2026/jan/21/mark-carney-davos-canadian-prime-minister-donald-trump-new-world-order,‘The powerful have their power. We have the capacity to stop pretending’: the Canadian PM’s call to action at Davos,2026-01-21T14:24:10Z,2131
stage/2026/jan/21/a-new-henry-v-is-a-barometer-of-our-times-what-can-shakespeares-war-play-tell-us-amid-global-chaos,https://www.theguardian.com/stage/2026/jan/21/a-new-henry-v-is-a-barometer-of-our-times-what-can-shakespeares-war-play-tell-us-amid-global-chaos,A new Henry V is a barometer of our times – what can Shakespeare’s war play tell us amid global chaos?,2026-01-21T11:20:54Z,794
music/2026/jan/21/soviet-attitudes-framed-local-culture-as-backward-the-record-label-standing-up-to-russian-imperialism,https://www.theguardian.com/music/2026/jan/21/soviet-attitudes-framed-local-culture-as-backward-the-record-label-standing-up-to-russian-imperialism,‘Soviet attitudes framed local culture as backward’: the record label standing up to Russian imperialism,2026-01-21T09:01:02Z,974
world/2026/jan/21/body-seekers-ukraine-platzdarm-soldiers-bodies-frontline,https://www.theguardian.com/world/2026/jan/21/body-seekers-ukraine-platzdarm-soldiers-bodies-frontline,‘All these souls deserve a dignified rest’: Ukraine’s ‘body seekers’ bring home the fallen,2026-01-21T08:00:56Z,1193
world/2026/jan/21/ukraine-war-briefing-kyiv-to-replace-chinese-made-mavic-drones,https://www.theguardian.com/world/2026/jan/21/ukraine-war-briefing-kyiv-to-replace-chinese-made-mavic-drones,Ukraine war briefing: Kyiv to replace Chinese-made Mavic drones ,2026-01-21T06:31:50Z,702
us-news/2026/jan/20/trump-press-briefing-greenland,https://www.theguardian.com/us-news/2026/jan/20/trump-press-briefing-greenland,‘You’ll find out’: Trump refuses to say how far he would go to seize Greenland,2026-01-21T05:22:17Z,867
world/2026/jan/21/what-is-nato-explained-in-30-seconds,https://www.theguardian.com/world/2026/jan/21/what-is-nato-explained-in-30-seconds,What is Nato – explained in 30 seconds,2026-01-21T03:23:18Z,271
us-news/live/2026/jan/20/donald-trump-supreme-court-tariffs-greenland-ice-immigration-us-politics-live,https://www.theguardian.com/us-news/live/2026/jan/20/donald-trump-supreme-court-tariffs-greenland-ice-immigration-us-politics-live,Number of Democrats say they will vote against DHS funding bill amid alarm over ICE tactics – as it happened,2026-01-21T02:55:50Z,6556
world/2026/jan/21/china-strategic-opportunity-greenland-us-donald-trump,https://www.theguardian.com/world/2026/jan/21/china-strategic-opportunity-greenland-us-donald-trump,"China sees an opportunity in Greenland, but not in the way that Trump thinks",2026-01-21T01:25:23Z,907
world/2026/jan/21/trump-us-stranglehold-eu-uk-energy-supply-lng,https://www.theguardian.com/world/2026/jan/21/trump-us-stranglehold-eu-uk-energy-supply-lng,"Trump has growing stranglehold over EU and UK energy supply, study shows",2026-01-21T00:01:45Z,688
world/live/2026/jan/20/europe-greenland-donald-trump-davos-europe-live-latest-updates,https://www.theguardian.com/world/live/2026/jan/20/europe-greenland-donald-trump-davos-europe-live-latest-updates,"Trump denies Greenland threats could risk Nato alliance, claiming ‘things are going to work out very well’ – as it happened",2026-01-20T22:58:58Z,13578
uk-news/2026/jan/20/starmer-strategy-trump-protect-uk-us-ties-divides-opinion,https://www.theguardian.com/uk-news/2026/jan/20/starmer-strategy-trump-protect-uk-us-ties-divides-opinion,"Love, actually? Starmer’s ‘keep calm’ approach to Trump comes under strain",2026-01-20T21:01:50Z,906
us-news/2026/jan/20/trump-macron-private-message-intimidation,https://www.theguardian.com/us-news/2026/jan/20/trump-macron-private-message-intimidation,Trump airing Macron’s private message was designed to hurt and intimidate,2026-01-20T18:52:13Z,747
football/2026/jan/20/arsenal-ethan-nwaneri-marseille-loan-oleksandr-zinchenko-transfers,https://www.theguardian.com/football/2026/jan/20/arsenal-ethan-nwaneri-marseille-loan-oleksandr-zinchenko-transfers,Aston Villa move for Jean-Philippe Mateta after Juventus offer falls short,2026-01-20T18:31:23Z,645
commentisfree/2026/jan/20/the-guardian-view-on-food-security-britain-can-no-longer-trust-markets-alone,https://www.theguardian.com/commentisfree/2026/jan/20/the-guardian-view-on-food-security-britain-can-no-longer-trust-markets-alone,The Guardian view on food security: Britain can no longer trust markets alone,2026-01-20T18:29:38Z,608
us-news/2026/jan/20/trumps-board-of-peace-is-an-imperial-court-completely-unlike-what-was-proposed,https://www.theguardian.com/us-news/2026/jan/20/trumps-board-of-peace-is-an-imperial-court-completely-unlike-what-was-proposed,Trump’s board of peace is an imperial court completely unlike what was proposed,2026-01-20T18:20:34Z,1068
politics/live/2026/jan/20/chagos-donald-trump-keir-starmer-greenland-uk-politics-live,https://www.theguardian.com/politics/live/2026/jan/20/chagos-donald-trump-keir-starmer-greenland-uk-politics-live,Minister tells MPs that China mega-embassy will have ‘clear security advantages’ – as it happened,2026-01-20T18:00:05Z,7951
business/live/2026/jan/20/davos-von-der-leyen-he-macron-carney-wef-greenland-trump-uk-unemployment-business-live-news-updates,https://www.theguardian.com/business/live/2026/jan/20/davos-von-der-leyen-he-macron-carney-wef-greenland-trump-uk-unemployment-business-live-news-updates,Davos: Reeves urges leaders to keep cool heads over tariff threat; Canada’s Carney stands with Greenland – as it happened,2026-01-20T17:16:58Z,7705
commentisfree/2026/jan/20/donald-trump-britain-europe-labour-uk,https://www.theguardian.com/commentisfree/2026/jan/20/donald-trump-britain-europe-labour-uk,"In the face of Trump’s threats, Britain’s best path is clearer than ever: hurry back to Europe",2026-01-20T16:00:35Z,913
us-news/2026/jan/20/california-newsom-europe-comment-trump-greenland,https://www.theguardian.com/us-news/2026/jan/20/california-newsom-europe-comment-trump-greenland,Gavin Newsom attacks Europe’s ‘complicity’ over Trump Greenland demands,2026-01-20T15:43:17Z,391
us-news/2026/jan/20/catholic-cardinals-trump-foreign-policy,https://www.theguardian.com/us-news/2026/jan/20/catholic-cardinals-trump-foreign-policy,Catholic cardinals warn US foreign policy under Trump risks global suffering,2026-01-20T14:44:02Z,740
us-news/2026/jan/20/us-foreign-policy-mad-king-trump-whims,https://www.theguardian.com/us-news/2026/jan/20/us-foreign-policy-mad-king-trump-whims,Might is right: US ‘foreign policy’ held hostage to mad king Trump’s whims,2026-01-20T14:40:52Z,1338
us-news/2026/jan/20/trump-inaugural-speech-10-key-promises,https://www.theguardian.com/us-news/2026/jan/20/trump-inaugural-speech-10-key-promises,Trump made 10 key pledges a year ago – here’s what happened since then,2026-01-20T10:00:23Z,3157
film/2026/jan/20/a-poem-for-little-people-review-ukraines-war-with-russia-seen-through-eyes-of-emergency-evacuation-team,https://www.theguardian.com/film/2026/jan/20/a-poem-for-little-people-review-ukraines-war-with-russia-seen-through-eyes-of-emergency-evacuation-team,A Poem for Little People review – Ukraine’s war with Russia seen through eyes of emergency evacuation team,2026-01-20T09:00:20Z,297
sport/2026/jan/20/madison-keys-australian-open-title-defence-womens-tennis,https://www.theguardian.com/sport/2026/jan/20/madison-keys-australian-open-title-defence-womens-tennis,Madison Keys’ Australian Open title defence nearly falters as Ukrainian steals the show,2026-01-20T06:23:41Z,790
world/2026/jan/20/chinese-japan-tourist-numbers-halve-wake-taiwan-invasion-row,https://www.theguardian.com/world/2026/jan/20/chinese-japan-tourist-numbers-halve-wake-taiwan-invasion-row,Chinese tourists shun Japan in wake of Taiwan invasion row,2026-01-20T04:58:22Z,543
world/2026/jan/20/ukraine-war-briefing-zelenskyy-says-military-innovation-will-transform-air-defences,https://www.theguardian.com/world/2026/jan/20/ukraine-war-briefing-zelenskyy-says-military-innovation-will-transform-air-defences,Ukraine war briefing: Zelenskyy says military innovation will ‘transform’ air defences,2026-01-20T03:13:19Z,623
world/live/2026/jan/19/donald-trump-greenland-denmark-nobel-nato-europe-live-latest-news-updates,https://www.theguardian.com/world/live/2026/jan/19/donald-trump-greenland-denmark-nobel-nato-europe-live-latest-news-updates,Trump says ‘no comment’ when asked if he would seize Greenland by force – as it happened ,2026-01-19T22:17:56Z,9537
politics/2026/jan/19/greenland-keir-starmer-rules-out-retaliatory-tariffs-against-us,https://www.theguardian.com/politics/2026/jan/19/greenland-keir-starmer-rules-out-retaliatory-tariffs-against-us,Starmer plays down prospect of retaliatory tariffs against US over Greenland,2026-01-19T20:33:44Z,766
world/2026/jan/19/kremlin-says-putin-invited-join-trump-gaza-board-of-peace,https://www.theguardian.com/world/2026/jan/19/kremlin-says-putin-invited-join-trump-gaza-board-of-peace,Kremlin says Putin has been invited to join Trump’s Gaza ‘board of peace’,2026-01-19T19:04:09Z,1009
politics/live/2026/jan/19/keir-starmer-greenland-tariffs-donald-trump-uk-politics-latest-news-updates,https://www.theguardian.com/politics/live/2026/jan/19/keir-starmer-greenland-tariffs-donald-trump-uk-politics-latest-news-updates,"Minister defends UK’s decision not to hit back at Trump tariffs threat, saying ‘aim is to de-escalate’ – as it happened",2026-01-19T18:10:30Z,8256
business/live/2026/jan/19/global-stock-markets-trump-tariff-threats-rachel-reeves-city-business-live-news,https://www.theguardian.com/business/live/2026/jan/19/global-stock-markets-trump-tariff-threats-rachel-reeves-city-business-live-news,"European stock markets fall as Trump renews tariff threats; trade war would be a ‘wrecking ball’ for UK manufacturing, union says",2026-01-19T17:36:33Z,6090
politics/2026/jan/19/starmer-calm-diplomacy-mistake-trump-sentient-being,https://www.theguardian.com/politics/2026/jan/19/starmer-calm-diplomacy-mistake-trump-sentient-being,Starmer’s calm diplomacy makes mistake of assuming Trump is a sentient being,2026-01-19T15:28:33Z,1101
environment/2026/jan/19/weather-tracker-tropical-storm-forecast-torrential-rain-philippines,https://www.theguardian.com/environment/2026/jan/19/weather-tracker-tropical-storm-forecast-torrential-rain-philippines,Weather tracker: Tropical storm brings torrential rain to Philippines,2026-01-19T11:42:34Z,428
world/2026/jan/19/monday-news-briefing-greenland-denmark-us-donald-trump,https://www.theguardian.com/world/2026/jan/19/monday-news-briefing-greenland-denmark-us-donald-trump,What is it like living in Greenland and being threatened by Trump?,2026-01-19T06:45:16Z,2000
world/2026/jan/18/europe-diplomats-crisis-talks-trump-tariffs-greenland,https://www.theguardian.com/world/2026/jan/18/europe-diplomats-crisis-talks-trump-tariffs-greenland,EU considers retaliatory measures over Trump Greenland tariff ‘blackmail’,2026-01-19T04:31:57Z,1471
australia-news/2026/jan/19/bondi-terror-attack-footbridge-painted-yellow-parents-victim-matilda-ntwnfb,https://www.theguardian.com/australia-news/2026/jan/19/bondi-terror-attack-footbridge-painted-yellow-parents-victim-matilda-ntwnfb,"Rushed laws after a tragedy are ‘never good’, warns father of youngest Bondi victim",2026-01-19T01:50:21Z,541
world/2026/jan/19/ukraine-war-briefing-russian-attacks-kill-two-as-ukrainian-strikes-trigger-blackouts-in-occupied-south,https://www.theguardian.com/world/2026/jan/19/ukraine-war-briefing-russian-attacks-kill-two-as-ukrainian-strikes-trigger-blackouts-in-occupied-south,Ukraine war briefing: Russian attacks kill two as Ukrainian strikes trigger blackouts in occupied south,2026-01-19T01:03:57Z,464
world/2026/jan/18/tariffs-nato-allies-keir-starmer-donald-trump-greenland-crisis-call,https://www.theguardian.com/world/2026/jan/18/tariffs-nato-allies-keir-starmer-donald-trump-greenland-crisis-call,"Tariffs on Nato allies are wrong, Starmer tells Trump in Greenland crisis call",2026-01-18T22:38:19Z,786
world/live/2026/jan/18/greenland-eu-donald-trump-tariffs-keir-starmer-europe-live-latest-updates,https://www.theguardian.com/world/live/2026/jan/18/greenland-eu-donald-trump-tariffs-keir-starmer-europe-live-latest-updates,"Trump’s tariff threat over Greenland risks ‘dangerous downward spiral’, warn Nato members – as it happened",2026-01-18T18:30:57Z,4652
world/2026/jan/18/eu-weighs-tough-restrictions-in-face-of-trump-tariffs-but-appeasement-remains-most-likely-path,https://www.theguardian.com/world/2026/jan/18/eu-weighs-tough-restrictions-in-face-of-trump-tariffs-but-appeasement-remains-most-likely-path,Trump’s tariff shock suggests EU’s strategy of flattery and appeasement has failed,2026-01-18T18:10:35Z,740
commentisfree/2026/jan/18/trump-greenland-britain-europe,https://www.theguardian.com/commentisfree/2026/jan/18/trump-greenland-britain-europe,"If it wasn’t clear before, it is now: Britain needs an escape plan from the Trump world order",2026-01-18T16:59:26Z,802
world/2026/jan/18/chinese-mega-embassy-london-british-spies-mi5-analysis,https://www.theguardian.com/world/2026/jan/18/chinese-mega-embassy-london-british-spies-mi5-analysis,Why a Chinese ‘mega embassy’ is not such a worry for British spies,2026-01-18T09:19:38Z,975
commentisfree/2026/jan/18/iran-democracy-independent-media-civil-society-rule-of-law,https://www.theguardian.com/commentisfree/2026/jan/18/iran-democracy-independent-media-civil-society-rule-of-law,Iran cannot be bombed into democracy. But it can be helped to find its way there,2026-01-18T08:00:49Z,985
business/ng-interactive/2026/jan/18/davos-2026-donald-trump-us-wef-world-economic-forum,https://www.theguardian.com/business/ng-interactive/2026/jan/18/davos-2026-donald-trump-us-wef-world-economic-forum,Davos 2026: the last-chance saloon to save the old world order?,2026-01-18T06:00:47Z,1701
world/2026/jan/18/ukraine-war-briefing-russia-readying-strikes-on-nuclear-power-system-zelenskyy-warns,https://www.theguardian.com/world/2026/jan/18/ukraine-war-briefing-russia-readying-strikes-on-nuclear-power-system-zelenskyy-warns,"Ukraine war briefing: Russia readying strikes on nuclear power system, Zelenskyy warns",2026-01-18T02:12:57Z,549
us-news/2026/jan/18/trump-news-at-a-glance-european-leaders-condemn-threat-of-tariffs-over-greenland,https://www.theguardian.com/us-news/2026/jan/18/trump-news-at-a-glance-european-leaders-condemn-threat-of-tariffs-over-greenland,Trump news at a glance: European leaders condemn threat of tariffs over Greenland,2026-01-18T02:11:42Z,1006
world/live/2026/jan/17/hands-off-greenland-protests-denmark-us-donald-trump-europe-latest-news-updates,https://www.theguardian.com/world/live/2026/jan/17/hands-off-greenland-protests-denmark-us-donald-trump-europe-latest-news-updates,European leaders warn of ‘downward spiral’ after Trump threatens tariffs over Greenland – as it happened ,2026-01-17T23:38:42Z,5785
us-news/2026/jan/17/trump-tariff-european-countries-greenland,https://www.theguardian.com/us-news/2026/jan/17/trump-tariff-european-countries-greenland,Trump threatens 25% tariff on European allies until Denmark sells Greenland to US,2026-01-17T22:17:27Z,1311
world/2026/jan/17/macron-no-amount-of-intimidation-will-change-eu-nations-course-on-greenland,https://www.theguardian.com/world/2026/jan/17/macron-no-amount-of-intimidation-will-change-eu-nations-course-on-greenland,Macron: ‘No amount of intimidation’ will change EU nations’ course on Greenland,2026-01-17T21:03:30Z,859
sport/2026/jan/18/daria-kasatkina-australian-open-tennis-home-grand-slam,https://www.theguardian.com/sport/2026/jan/18/daria-kasatkina-australian-open-tennis-home-grand-slam,Daria Kasatkina: ‘I’m really looking forward to playing in a home slam – I can’t believe I’m saying that’,2026-01-17T19:00:36Z,1301
us-news/2026/jan/17/trump-energy-bill-prices-increase,https://www.theguardian.com/us-news/2026/jan/17/trump-energy-bill-prices-increase,How Trump’s promise to slash energy bills in half has failed across the US,2026-01-17T15:00:29Z,1613
us-news/2026/jan/17/marco-rubio-trump-foreign-policy,https://www.theguardian.com/us-news/2026/jan/17/marco-rubio-trump-foreign-policy,"Principles jettisoned, is former Trump foe Marco Rubio playing the long game?",2026-01-17T12:00:25Z,1790
world/2026/jan/17/greenland-crisis-europe-needs-trump-but-it-also-needs-to-stand-up-to-him,https://www.theguardian.com/world/2026/jan/17/greenland-crisis-europe-needs-trump-but-it-also-needs-to-stand-up-to-him,"Greenland crisis: Europe needs the US, but it also needs to stand up to Trump",2026-01-17T05:15:49Z,1114
world/2026/jan/17/ukraine-war-briefing-czechs-offer-drone-hunting-jets-as-zelenskyy-flags-air-defence-shortages,https://www.theguardian.com/world/2026/jan/17/ukraine-war-briefing-czechs-offer-drone-hunting-jets-as-zelenskyy-flags-air-defence-shortages,Ukraine war briefing: Czechs offer drone-hunting jets as Zelenskyy flags air defence shortages,2026-01-17T02:33:44Z,579
world/live/2026/jan/16/greenland-denmark-us-europe-live-news-updates,https://www.theguardian.com/world/live/2026/jan/16/greenland-denmark-us-europe-live-news-updates,Donald Trump says he may put a tariff on ‘countries that don’t go along with Greenland’ – as it happened,2026-01-16T16:52:12Z,3455
business/2026/jan/16/the-dollar-is-losing-credibility-why-central-banks-are-scrambling-for-gold,https://www.theguardian.com/business/2026/jan/16/the-dollar-is-losing-credibility-why-central-banks-are-scrambling-for-gold,‘The dollar is losing credibility’: why central banks are scrambling for gold,2026-01-16T16:00:02Z,1311
politics/live/2026/jan/16/uk-politics-live-robert-jenrick-defection-conservatives-labour-latest-news,https://www.theguardian.com/politics/live/2026/jan/16/uk-politics-live-robert-jenrick-defection-conservatives-labour-latest-news,Jenrick says he hopes his defection to Reform UK will ‘unite the right’ after Badenoch says he ‘tells a lot of lies’ – as it happened,2026-01-16T15:44:26Z,3816
commentisfree/2026/jan/16/greenland-us-trump-diplomacy-european-troops,https://www.theguardian.com/commentisfree/2026/jan/16/greenland-us-trump-diplomacy-european-troops,Panicking over Greenland plays into Trump’s hands – it’s time for cool heads and stalling diplomacy,2026-01-16T15:21:10Z,960
commentisfree/2026/jan/16/trump-war-iran,https://www.theguardian.com/commentisfree/2026/jan/16/trump-war-iran,Trump has pulled back from the brink on Iran – for now,2026-01-16T15:00:02Z,1558
world/2026/jan/16/urkraine-bucha-russia-weaponisation-winter-air-strikes-power-plants,https://www.theguardian.com/world/2026/jan/16/urkraine-bucha-russia-weaponisation-winter-air-strikes-power-plants,‘An attempt to break people’: Bucha holds out amid Russia’s weaponisation of winter ,2026-01-16T12:30:56Z,1063
us-news/2026/jan/16/rump-linked-figures-talks-european-pipeline-contract,https://www.theguardian.com/us-news/2026/jan/16/rump-linked-figures-talks-european-pipeline-contract,Trump-linked figures lead talks on $200m European pipeline contract,2026-01-16T06:00:02Z,697
australia-news/2026/jan/16/afternoon-update-friday-ntwnfb,https://www.theguardian.com/australia-news/2026/jan/16/afternoon-update-friday-ntwnfb,Afternoon Update: Victoria floods as fires still burn; Trump staffer’s ‘leftwing hack’ tirade; and the best live albums of all time,2026-01-16T05:50:23Z,473
commentisfree/2026/jan/16/nazi-theorist-vision-great-spaces-new-advocate-trump,https://www.theguardian.com/commentisfree/2026/jan/16/nazi-theorist-vision-great-spaces-new-advocate-trump,Has a Nazi theorist’s vision of a world divided into ‘great spaces’ found a new advocate in Trump?,2026-01-16T05:00:03Z,1066
world/2026/jan/16/rightwing-leaders-endorse-viktor-orban-video-election,https://www.theguardian.com/world/2026/jan/16/rightwing-leaders-endorse-viktor-orban-video-election,Rightwing leaders endorse Viktor Orbán in Hungarian election campaign video,2026-01-16T05:00:00Z,734
world/2026/jan/16/ukraine-war-briefing-russian-attack-destroys-kharkiv-energy-facility-as-uk-announces-emergency-support,https://www.theguardian.com/world/2026/jan/16/ukraine-war-briefing-russian-attack-destroys-kharkiv-energy-facility-as-uk-announces-emergency-support,Ukraine war briefing: Russian attack destroys Kharkiv energy facility as UK pledges emergency support,2026-01-16T01:39:02Z,641
politics/live/2026/jan/15/local-elections-delays-uk-politics-live-latest-news-keir-starmer,https://www.theguardian.com/politics/live/2026/jan/15/local-elections-delays-uk-politics-live-latest-news-keir-starmer,Opponents label Jenrick a ‘chancer’ and a ‘charlatan’ as he defects to Reform – as it happend,2026-01-15T22:29:46Z,11852
football/2026/jan/15/geopolitical-football-iran-trump-how-can-the-game-stand-strong-in-a-fractured-world,https://www.theguardian.com/football/2026/jan/15/geopolitical-football-iran-trump-how-can-the-game-stand-strong-in-a-fractured-world,Geopolitical football: Iran? Trump? How the game can stand strong in a fractured world,2026-01-15T19:56:52Z,1402
us-news/2026/jan/15/people-affected-by-the-us-visa-freeze-share-your-experience,https://www.theguardian.com/us-news/2026/jan/15/people-affected-by-the-us-visa-freeze-share-your-experience,People affected by the US visa freeze: share your experience,2026-01-15T17:33:30Z,121
world/live/2026/jan/15/european-nations-troops-greenland-trump-europe-live,https://www.theguardian.com/world/live/2026/jan/15/european-nations-troops-greenland-trump-europe-live,Danish PM says US ‘ambition to take over Greenland’ is intact after Washington meeting – as it happened,2026-01-15T16:31:11Z,3154
world/2026/jan/15/greenland-new-shipping-routes-hidden-minerals-and-a-frontline-between-the-us-and-russia,https://www.theguardian.com/world/2026/jan/15/greenland-new-shipping-routes-hidden-minerals-and-a-frontline-between-the-us-and-russia,"Greenland: new shipping routes, hidden minerals – and a frontline between the US and Russia?",2026-01-15T12:10:17Z,892
us-news/2026/jan/15/ronald-lauder-billionaire-donor-donald-trump-ukraine-greenland,https://www.theguardian.com/us-news/2026/jan/15/ronald-lauder-billionaire-donor-donald-trump-ukraine-greenland,How a billionaire with interests in Greenland encouraged Trump to acquire the territory,2026-01-15T12:00:18Z,1242
world/2026/jan/15/british-diplomat-expelled-russia-accused-spy,https://www.theguardian.com/world/2026/jan/15/british-diplomat-expelled-russia-accused-spy,British diplomat expelled from Russia after ‘baseless’ accusation of being a spy,2026-01-15T11:29:56Z,325
world/2026/jan/15/thursday-briefing-is-your-body-really-full-of-microplastics,https://www.theguardian.com/world/2026/jan/15/thursday-briefing-is-your-body-really-full-of-microplastics,Thursday briefing: Is your body really full of microplastics?,2026-01-15T06:48:37Z,2055
world/2026/jan/15/ukraine-war-briefing-zelenskyy-declares-state-of-emergency-as-cities-shiver-from-energy-attacks,https://www.theguardian.com/world/2026/jan/15/ukraine-war-briefing-zelenskyy-declares-state-of-emergency-as-cities-shiver-from-energy-attacks,Ukraine war briefing: Zelenskyy declares energy emergency as cities shiver,2026-01-15T02:30:40Z,707
us-news/2026/jan/14/global-survey-suggests-trump-is-making-china-not-america-great-again,https://www.theguardian.com/us-news/2026/jan/14/global-survey-suggests-trump-is-making-china-not-america-great-again,"Trump is making China – not America – great again, global survey suggests",2026-01-15T00:01:46Z,903
world/live/2026/jan/14/denmark-greenland-us-latest-news-updates-europe-live-trump,https://www.theguardian.com/world/live/2026/jan/14/denmark-greenland-us-latest-news-updates-europe-live-trump,"US acquisition of Greenland ‘absolutely not necessary,’ Danish foreign minister says after ‘frank’ talks with JD Vance – as it happened",2026-01-14T20:34:30Z,6388
us-news/2026/jan/14/immigrant-visas-suspended-trump,https://www.theguardian.com/us-news/2026/jan/14/immigrant-visas-suspended-trump,Trump administration halts immigrant visa processing from 75 countries,2026-01-14T20:11:52Z,494
australia-news/2026/jan/15/morning-mail-thursday-ntwnfb,https://www.theguardian.com/australia-news/2026/jan/15/morning-mail-thursday-ntwnfb,"Morning mail: tensions after Greenland talks, Hizb ut-Tahrir not planning to disband, tennis coach’s $1m slam dunk",2026-01-14T19:59:59Z,1052
politics/live/2026/jan/14/pmqs-live-digital-id-cards-keir-starmer-kemi-badenoch-labour-conservatives-latest-news-updates,https://www.theguardian.com/politics/live/2026/jan/14/pmqs-live-digital-id-cards-keir-starmer-kemi-badenoch-labour-conservatives-latest-news-updates,UK politics: West Midlands crime commissioner resists calls for immediate sacking of chief constable – as it happened,2026-01-14T18:16:22Z,9787
business/live/2026/jan/14/trump-jerome-powell-fed-chair-jp-morgan-offshore-windfarm-contracts-miliband-business-live-news,https://www.theguardian.com/business/live/2026/jan/14/trump-jerome-powell-fed-chair-jp-morgan-offshore-windfarm-contracts-miliband-business-live-news,"Falling inflation this year should smooth way for more interest rate cuts, says Bank of England policymaker - as it happened",2026-01-14T15:14:59Z,4204
world/2026/jan/14/how-far-will-europe-be-willing-to-go-to-defend-greenland-against-trump,https://www.theguardian.com/world/2026/jan/14/how-far-will-europe-be-willing-to-go-to-defend-greenland-against-trump,How far will Europe go to defend Greenland from Trump?,2026-01-14T14:31:21Z,987
world/2026/jan/14/yulia-tymoshenko-reportedly-accused-bribe-mps-ukraine,https://www.theguardian.com/world/2026/jan/14/yulia-tymoshenko-reportedly-accused-bribe-mps-ukraine,Yulia Tymoshenko reportedly accused of scheming to bribe Ukrainian MPs,2026-01-14T13:45:36Z,724
world/2026/jan/14/us-invasion-threat-greenland-trump-denmark,https://www.theguardian.com/world/2026/jan/14/us-invasion-threat-greenland-trump-denmark,‘Are they going to bring their violence here?’: Fear – but little preparation – as threat of invasion looms over Greenland,2026-01-14T13:26:31Z,1673
world/2026/jan/14/ukraine-buy-weapons-non-european-suppliers-90bn-eu-loan,https://www.theguardian.com/world/2026/jan/14/ukraine-buy-weapons-non-european-suppliers-90bn-eu-loan,Ukraine able to buy weapons from non-European suppliers with €90bn EU loan,2026-01-14T13:11:36Z,524
commentisfree/2026/jan/14/trump-might-makes-right-world,https://www.theguardian.com/commentisfree/2026/jan/14/trump-might-makes-right-world,What would happen if every state acted like Donald Trump’s America?,2026-01-14T11:00:23Z,1948
commentisfree/2026/jan/14/record-wind-power-auction-rightwing-doubters-britain-energy-fossil-fuels-ed-miliband,https://www.theguardian.com/commentisfree/2026/jan/14/record-wind-power-auction-rightwing-doubters-britain-energy-fossil-fuels-ed-miliband,"With this record wind power auction, we’ve proved the rightwing doubters wrong",2026-01-14T09:30:53Z,792
business/2026/jan/14/economic-conflicts-are-worlds-greatest-risk-wef-survey-suggests,https://www.theguardian.com/business/2026/jan/14/economic-conflicts-are-worlds-greatest-risk-wef-survey-suggests,"Economic conflicts are world’s greatest risk, WEF survey suggests",2026-01-14T09:15:20Z,490
world/2026/jan/14/ukraine-war-briefing-estonia-leads-with-entry-ban-on-russians-who-fought-in-ukraine,https://www.theguardian.com/world/2026/jan/14/ukraine-war-briefing-estonia-leads-with-entry-ban-on-russians-who-fought-in-ukraine,Ukraine war briefing: Estonia leads with entry ban on Russians who fought in Ukraine,2026-01-14T01:47:08Z,430
australia-news/2026/jan/14/morning-mail-wednesday-ntwnfb,https://www.theguardian.com/australia-news/2026/jan/14/morning-mail-wednesday-ntwnfb,"Morning Mail: loss of threatened species habitat doubles, microplastics ‘bombshell’, the world of professional ‘merpeople’",2026-01-13T19:58:17Z,1000
world/2026/jan/13/russian-strikes-kyiv-energy-grid-darkest-days,https://www.theguardian.com/world/2026/jan/13/russian-strikes-kyiv-energy-grid-darkest-days,‘They want to break us’: Russian energy grid strikes give freezing Kyiv some of its darkest days,2026-01-13T18:24:46Z,1039
politics/2026/jan/13/end-of-western-alliance-trump-uk-chatham-house-director,https://www.theguardian.com/politics/2026/jan/13/end-of-western-alliance-trump-uk-chatham-house-director,"End of western alliance means UK must be bolder, says Chatham House director",2026-01-13T18:00:02Z,878
world/live/2026/jan/13/zelenskyy-ukraine-russia-strikes-drones-energy-europe-live,https://www.theguardian.com/world/live/2026/jan/13/zelenskyy-ukraine-russia-strikes-drones-energy-europe-live,Greenland’s PM says territory ‘chooses Denmark over the US’ ahead of talks with JD Vance – as it happened,2026-01-13T16:55:44Z,3311
society/2026/jan/13/hmrc-wrongly-targeted-child-benefit-crackdown,https://www.theguardian.com/society/2026/jan/13/hmrc-wrongly-targeted-child-benefit-crackdown,HMRC admits 71% wrongly targeted in child benefit fraud crackdown,2026-01-13T13:39:05Z,677
world/2026/jan/13/i-made-the-biggest-mistake-young-yemeni-men-lured-into-russian-army-with-empty-promises,https://www.theguardian.com/world/2026/jan/13/i-made-the-biggest-mistake-young-yemeni-men-lured-into-russian-army-with-empty-promises,‘I made the biggest mistake’: the young Yemeni men lured into the Russian army with empty promises,2026-01-13T10:00:23Z,2241
money/2026/jan/13/co-op-will-writing-service-born-in-russia-citizenship-nationality,https://www.theguardian.com/money/2026/jan/13/co-op-will-writing-service-born-in-russia-citizenship-nationality,Co-op refuses its will-writing service because I was born in Russia,2026-01-13T07:00:27Z,539
world/2026/jan/13/ukraine-war-briefing-oreshnik-missile-sparks-anger-at-un-security-council,https://www.theguardian.com/world/2026/jan/13/ukraine-war-briefing-oreshnik-missile-sparks-anger-at-un-security-council,Ukraine war briefing: Oreshnik missile sparks anger at UN security council,2026-01-13T05:55:00Z,530
world/2026/jan/13/russia-working-to-circumvent-sanctions-to-ensure-india-oil-imports-continue,https://www.theguardian.com/world/2026/jan/13/russia-working-to-circumvent-sanctions-to-ensure-india-oil-imports-continue,Russia working to circumvent sanctions to ensure India oil imports continue,2026-01-13T05:00:25Z,961
commentisfree/2026/jan/13/greenland-europe-credibility-litmus-test-trump-aggression-carries-price,https://www.theguardian.com/commentisfree/2026/jan/13/greenland-europe-credibility-litmus-test-trump-aggression-carries-price,Greenland is Europe’s credibility litmus test – it must show Trump that aggression carries a price,2026-01-13T05:00:24Z,909
business/2026/jan/13/coal-power-generation-falls-china-india-since-1970s,https://www.theguardian.com/business/2026/jan/13/coal-power-generation-falls-china-india-since-1970s,Coal power generation falls in China and India for first time since 1970s,2026-01-13T00:01:19Z,402
politics/2026/jan/12/starmer-tells-labour-mps-his-foreign-trips-can-help-fix-cost-of-living-crisis,https://www.theguardian.com/politics/2026/jan/12/starmer-tells-labour-mps-his-foreign-trips-can-help-fix-cost-of-living-crisis,Starmer tells Labour MPs his foreign trips can help fix cost of living crisis,2026-01-12T22:39:50Z,551
world/live/2026/jan/12/iran-protest-crackdown-us-donald-trump-latest-news-updates,https://www.theguardian.com/world/live/2026/jan/12/iran-protest-crackdown-us-donald-trump-latest-news-updates,"Iran crisis: Trump ‘unafraid’ to use ‘lethal force’ on Iran but wants diplomacy to be ‘first option’, says White House – as it happened",2026-01-12T21:32:54Z,5684
commentisfree/2026/jan/12/the-guardian-view-on-europes-crisis-of-self-confidence-a-new-mindset-needed-for-new-times,https://www.theguardian.com/commentisfree/2026/jan/12/the-guardian-view-on-europes-crisis-of-self-confidence-a-new-mindset-needed-for-new-times,The Guardian view on Europe’s crisis of self-confidence: a new mindset needed for new times,2026-01-12T18:49:37Z,597
politics/live/2026/jan/12/grok-x-nudification-technology-online-safety-labour-reform-tories-lib-dems-uk-politics-latest-news-updates,https://www.theguardian.com/politics/live/2026/jan/12/grok-x-nudification-technology-online-safety-labour-reform-tories-lib-dems-uk-politics-latest-news-updates,"Law making creation of nonconsensual, intimate images illegal to come into force this week – as it happened ",2026-01-12T18:16:28Z,8647
world/live/2026/jan/12/greenland-denmark-us-donald-trump-ukraine-russia-europe-latest-news-updates,https://www.theguardian.com/world/live/2026/jan/12/greenland-denmark-us-donald-trump-ukraine-russia-europe-latest-news-updates,"Greenland’s security ‘firmly’ belongs in Nato, says prime minister, after latest Trump threats to take over territory – as it happened",2026-01-12T17:08:06Z,3088
business/2026/jan/12/trump-fed-us-central-bank-risks-70s-style-inflation-economy,https://www.theguardian.com/business/2026/jan/12/trump-fed-us-central-bank-risks-70s-style-inflation-economy,Trump’s attempts to influence Fed risk 1970s-style inflation and global backlash’,2026-01-12T16:42:18Z,774
world/2026/jan/12/hungary-grants-asylum-to-former-polish-minister-zbigniew-ziobro-abuse-of-power-investigation,https://www.theguardian.com/world/2026/jan/12/hungary-grants-asylum-to-former-polish-minister-zbigniew-ziobro-abuse-of-power-investigation,Hungary grants asylum to former Polish minister amid abuse of power investigation,2026-01-12T13:17:41Z,393
us-news/2026/jan/12/us-oil-producers-global-supply-glut-venezuela,https://www.theguardian.com/us-news/2026/jan/12/us-oil-producers-global-supply-glut-venezuela,US frackers were already facing a global oil supply glut. Trump’s Venezuelan dream could make it worse,2026-01-12T11:00:03Z,883
commentisfree/2026/jan/12/donald-trump-greenland-eu-membership-europe,https://www.theguardian.com/commentisfree/2026/jan/12/donald-trump-greenland-eu-membership-europe,Trump is ready to grab Greenland. The EU should move first – and offer it membership,2026-01-12T10:00:54Z,936
world/2026/jan/12/what-can-the-eu-and-nato-do-to-stop-trump-from-trying-to-claim-greenland,https://www.theguardian.com/world/2026/jan/12/what-can-the-eu-and-nato-do-to-stop-trump-from-trying-to-claim-greenland,What can the EU and Nato do to stop Trump from trying to claim Greenland?,2026-01-12T05:00:46Z,1031
world/2026/jan/12/ukraine-war-briefing-nightfall-britain-races-to-develop-ballistic-missile-for-kyiv,https://www.theguardian.com/world/2026/jan/12/ukraine-war-briefing-nightfall-britain-races-to-develop-ballistic-missile-for-kyiv,Ukraine war briefing: Nightfall – Britain races to develop ballistic missile for Kyiv,2026-01-12T00:55:32Z,345
world/2026/jan/11/trump-wants-to-help-iranian-protesters-but-his-advice-is-conflicted,https://www.theguardian.com/world/2026/jan/11/trump-wants-to-help-iranian-protesters-but-his-advice-is-conflicted,Unpredictable Trump weighs up Iranian pleas for help against calls for restraint,2026-01-11T19:31:57Z,986
business/2026/jan/11/3000-jobs-at-risk-unless-mod-signs-helicopter-order-sources-say,https://www.theguardian.com/business/2026/jan/11/3000-jobs-at-risk-unless-mod-signs-helicopter-order-sources-say,"3,000 jobs at risk unless MoD signs helicopter order, sources say",2026-01-11T18:58:32Z,433
politics/live/2026/jan/11/tories-ban-under-16s-social-media-badenoch-uk-politics-live,https://www.theguardian.com/politics/live/2026/jan/11/tories-ban-under-16s-social-media-badenoch-uk-politics-live,Mandelson praises Trump’s ‘graciousness’ and declines to apologise for friendship with Jeffrey Epstein – as it happened,2026-01-11T14:46:02Z,3625
commentisfree/2026/jan/11/ukraine-end-war-peace-paris-declaration-coalition-russia,https://www.theguardian.com/commentisfree/2026/jan/11/ukraine-end-war-peace-paris-declaration-coalition-russia,Ending the war in Ukraine has more support than ever. So why is peace still not in sight?,2026-01-11T13:00:26Z,577
business/2026/jan/11/trump-move-for-venezuelas-resources-likely-to-weaken-economic-might-of-us,https://www.theguardian.com/business/2026/jan/11/trump-move-for-venezuelas-resources-likely-to-weaken-economic-might-of-us,Trump move for Venezuela’s resources likely to weaken economic might of US,2026-01-11T11:33:31Z,855
us-news/2026/jan/11/trumps-greenland-threats-echo-dark-moments-of-cold-war-alliances,https://www.theguardian.com/us-news/2026/jan/11/trumps-greenland-threats-echo-dark-moments-of-cold-war-alliances,Trump’s Greenland threats echo dark moments of cold war alliances,2026-01-11T08:00:21Z,873
society/2026/jan/11/uk-parents-jesy-nelson-sma-screening,https://www.theguardian.com/society/2026/jan/11/uk-parents-jesy-nelson-sma-screening,"Calls for SMA screening ignored before Jesy Nelson campaign, say families",2026-01-11T07:00:20Z,961
commentisfree/2026/jan/11/greenland-venezuela-ukraine-donald-trump-lies-europe,https://www.theguardian.com/commentisfree/2026/jan/11/greenland-venezuela-ukraine-donald-trump-lies-europe,"What unites Greenland, Venezuela and Ukraine? Trump’s immoral lies and Europe’s chronic weakness",2026-01-11T06:00:18Z,966
world/2026/jan/11/ukraine-war-briefing-kyiv-struggles-to-stablise-ruined-power-grid-after-major-russian-attack,https://www.theguardian.com/world/2026/jan/11/ukraine-war-briefing-kyiv-struggles-to-stablise-ruined-power-grid-after-major-russian-attack,Ukraine war briefing: Kyiv struggles to stabilise ruined power grid after major Russian attack,2026-01-11T02:38:19Z,464
us-news/2026/jan/10/ai-generated-sexualised-images-x-jd-vance-grok,https://www.theguardian.com/us-news/2026/jan/10/ai-generated-sexualised-images-x-jd-vance-grok,David Lammy: JD Vance agrees that sexualised AI images on X are ‘unacceptable’,2026-01-10T17:00:02Z,870
business/2026/jan/10/russia-economy-collapse-oil-prices-fall-war,https://www.theguardian.com/business/2026/jan/10/russia-economy-collapse-oil-prices-fall-war,Why Russia’s economy is unlikely to collapse even if oil prices fall,2026-01-10T16:00:03Z,1050
us-news/2026/jan/10/trump-worldview-inner-circle-personal-whim,https://www.theguardian.com/us-news/2026/jan/10/trump-worldview-inner-circle-personal-whim,Self-interest over ideology as disparate inner circle shapes Trump foreign policy,2026-01-10T16:00:03Z,1580
global-development/2026/jan/10/cuba-regime-polycrisis-collapse-exodus-economy-migration-us-sanctions-trump,https://www.theguardian.com/global-development/2026/jan/10/cuba-regime-polycrisis-collapse-exodus-economy-migration-us-sanctions-trump,"‘History will tell’: as US pressure grows, Cuba edges closer to collapse amid mass exodus",2026-01-10T16:00:01Z,3595
artanddesign/2026/jan/10/martin-roemers-homo-mobilis-photography-book-car-vehicle-owners-portraits,https://www.theguardian.com/artanddesign/2026/jan/10/martin-roemers-homo-mobilis-photography-book-car-vehicle-owners-portraits,"What does your car say about you? A global portrait of people and their rides, from Shanghai to Santa Monica",2026-01-10T06:00:52Z,954
news/ng-interactive/2026/jan/10/trump-territorial-ambition-imperialism,https://www.theguardian.com/news/ng-interactive/2026/jan/10/trump-territorial-ambition-imperialism,Trump’s territorial ambition: new imperialism or a case of the emperor’s new clothes?,2026-01-10T06:00:51Z,2368
us-news/live/2026/jan/09/trump-venezuela-oil-attacks-minnesota-portland-ice-supreme-court-tariffs-latest-news-updates,https://www.theguardian.com/us-news/live/2026/jan/09/trump-venezuela-oil-attacks-minnesota-portland-ice-supreme-court-tariffs-latest-news-updates,Trump threatens Greenland and Iran at meeting with oil bosses on Venezuela – as it happened,2026-01-10T02:59:35Z,7935
world/2026/jan/10/ukraine-war-briefing-uk-earmarks-200m-to-prepare-for-possible-ukraine-deployment,https://www.theguardian.com/world/2026/jan/10/ukraine-war-briefing-uk-earmarks-200m-to-prepare-for-possible-ukraine-deployment,Ukraine war briefing: UK earmarks £200m to prepare for possible Ukraine troop deployment ,2026-01-10T02:33:44Z,826
commentisfree/2026/jan/09/caracas-minneapolis-american-president-donald-trump-global-emperor,https://www.theguardian.com/commentisfree/2026/jan/09/caracas-minneapolis-american-president-donald-trump-global-emperor,"From Caracas to Minneapolis, the threat is the same – an American president ruling like a global emperor",2026-01-09T17:24:51Z,1246
business/live/2026/jan/09/rio-tinto-glencore-merger-talks-mining-sainsbury-us-jobs-report-business-live-news-updates,https://www.theguardian.com/business/live/2026/jan/09/rio-tinto-glencore-merger-talks-mining-sainsbury-us-jobs-report-business-live-news-updates,"US economy added fewer jobs than forecast in December, but January interest rate cut very unlikely – as it happened",2026-01-09T16:47:23Z,4815
world/live/2026/jan/09/ukraine-russia-tanker-fleet-meloni-switzerland-fire-greenland-europe-latest-news-updates,https://www.theguardian.com/world/live/2026/jan/09/ukraine-russia-tanker-fleet-meloni-switzerland-fire-greenland-europe-latest-news-updates,Le Constellation bar co-owner arrested as Switzerland honours victims of Crans-Montana fire – as it happened,2026-01-09T16:28:37Z,5123
politics/live/2026/jan/09/labour-pubs-disability-benefits-assisted-dying-defence-spending-farage-reform-latest-news-updates,https://www.theguardian.com/politics/live/2026/jan/09/labour-pubs-disability-benefits-assisted-dying-defence-spending-farage-reform-latest-news-updates,UK politics: Reform UK mayoral candidate apologises for Lammy ‘go home’ tweet – as it happened,2026-01-09T16:15:34Z,5403
education/2026/jan/09/laszlo-czaban-obituary,https://www.theguardian.com/education/2026/jan/09/laszlo-czaban-obituary,László Czabán obituary,2026-01-09T15:40:40Z,419
law/2026/jan/09/uk-right-to-weigh-diplomacy-before-calling-out-allies-on-international-law-breaches-says-attorney-general,https://www.theguardian.com/law/2026/jan/09/uk-right-to-weigh-diplomacy-before-calling-out-allies-on-international-law-breaches-says-attorney-general,"UK right to weigh diplomacy before ‘calling out’ allies on international law breaches, says attorney general",2026-01-09T15:14:17Z,1207
world/2026/jan/09/russia-ukraine-hypersonic-oreshnik-missile-attack,https://www.theguardian.com/world/2026/jan/09/russia-ukraine-hypersonic-oreshnik-missile-attack,Russia fires hypersonic Oreshnik missile at Ukraine in massive attack,2026-01-09T13:38:42Z,648
culture/2026/jan/09/adelaide-festival-boycott-pro-palestine-academic-randa-abdel-fattah-ntwnfb,https://www.theguardian.com/culture/2026/jan/09/adelaide-festival-boycott-pro-palestine-academic-randa-abdel-fattah-ntwnfb,Almost 50 writers boycott Adelaide festival after it dumps Palestinian academic Randa Abdel-Fattah,2026-01-09T08:21:36Z,1119
world/2026/jan/09/friday-briefing-trump-tactics-could-leave-office-with-him-or-the-us-could-descend-into-a-rogue-state,https://www.theguardian.com/world/2026/jan/09/friday-briefing-trump-tactics-could-leave-office-with-him-or-the-us-could-descend-into-a-rogue-state,Friday briefing: Trump tactics could leave office with him – or the US could descend into a rogue state,2026-01-09T06:45:29Z,2436
us-news/live/2026/jan/08/minneapolis-shooting-ice-minnesota-protests-vigils-donald-trump-latest-news-updates,https://www.theguardian.com/us-news/live/2026/jan/08/minneapolis-shooting-ice-minnesota-protests-vigils-donald-trump-latest-news-updates,US immigration agents shoot two people – as it happened,2026-01-09T06:26:04Z,9731
commentisfree/2026/jan/09/donald-trump-greenland-arctic-ice-north-pole-asia-north-america,https://www.theguardian.com/commentisfree/2026/jan/09/donald-trump-greenland-arctic-ice-north-pole-asia-north-america,Why is Trump interested in Greenland? Look to the thawing Arctic ice,2026-01-09T06:00:31Z,1132
commentisfree/2026/jan/09/why-spains-prime-minister-has-broken-ranks-in-europe-and-dared-to-confront-trump,https://www.theguardian.com/commentisfree/2026/jan/09/why-spains-prime-minister-has-broken-ranks-in-europe-and-dared-to-confront-trump,Why Spain’s prime minister has broken ranks in Europe – and dared to confront Trump ,2026-01-09T05:00:30Z,882
world/2026/jan/09/ukraine-war-briefing-kremlin-denounces-european-troops-plan-as-kyiv-warns-of-massive-russian-attack,https://www.theguardian.com/world/2026/jan/09/ukraine-war-briefing-kremlin-denounces-european-troops-plan-as-kyiv-warns-of-massive-russian-attack,Ukraine war briefing: Kremlin denounces European troops plan as Kyiv warns of ‘massive Russian attack’,2026-01-09T02:04:52Z,859
us-news/2026/jan/08/trump-power-international-law,https://www.theguardian.com/us-news/2026/jan/08/trump-power-international-law,‘I don’t need international law’: Trump says power constrained only by ‘my own morality’,2026-01-08T21:19:40Z,469
uk-news/2026/jan/08/two-oil-tankers-us-sanctions-english-channel-russia,https://www.theguardian.com/uk-news/2026/jan/08/two-oil-tankers-us-sanctions-english-channel-russia,Two oil tankers under US sanctions sailing through Channel towards Russia,2026-01-08T19:27:35Z,436
politics/2026/jan/08/the-world-is-in-chaos-so-thank-god-for-the-uks-lone-fixed-point-liz-truss,https://www.theguardian.com/politics/2026/jan/08/the-world-is-in-chaos-so-thank-god-for-the-uks-lone-fixed-point-liz-truss,The world is in chaos. So thank God for the UK’s lone fixed point: Liz Truss,2026-01-08T18:24:56Z,1107
politics/live/2026/jan/08/starmer-labour-reform-uk-tories-two-child-benefit-cap-nigel-farage-kemi-badenoch-uk-politics-live-latest-news,https://www.theguardian.com/politics/live/2026/jan/08/starmer-labour-reform-uk-tories-two-child-benefit-cap-nigel-farage-kemi-badenoch-uk-politics-live-latest-news,"Badenoch claims forthcoming business rates U-turn for pubs ‘too little, too late’ – as it happened ",2026-01-08T18:02:10Z,6595
world/live/2026/jan/08/russia-ukraine-putin-zelenskyy-greenland-denmark-france-macron-germany-merz-europe-latest-news-updates,https://www.theguardian.com/world/live/2026/jan/08/russia-ukraine-putin-zelenskyy-greenland-denmark-france-macron-germany-merz-europe-latest-news-updates,France’s Macron warns US under Trump is ‘turning away’ from allies – as it happened,2026-01-08T17:57:22Z,4301
world/2026/jan/08/aldrich-ames-obituary,https://www.theguardian.com/world/2026/jan/08/aldrich-ames-obituary,Aldrich Ames obituary,2026-01-08T17:31:56Z,1057
business/2026/jan/08/shadow-fleet-ships-sanctioned-oil-reflagged-russia-lloyds-list-analysis,https://www.theguardian.com/business/2026/jan/08/shadow-fleet-ships-sanctioned-oil-reflagged-russia-lloyds-list-analysis,‘Shadow fleet’ ships moving sanctioned oil reflagged to Russia at rising rate,2026-01-08T17:24:48Z,654
us-news/2026/jan/08/french-german-presidents-macron-steinmeier-condemn-us-foreign-policy-trump,https://www.theguardian.com/us-news/2026/jan/08/french-german-presidents-macron-steinmeier-condemn-us-foreign-policy-trump,French president condemns US for ‘turning away from allies’,2026-01-08T17:10:36Z,628
media/2026/jan/08/tom-davie-says-bbc-will-stay-on-x-to-try-to-stem-flood-of-global-misinformation,https://www.theguardian.com/media/2026/jan/08/tom-davie-says-bbc-will-stay-on-x-to-try-to-stem-flood-of-global-misinformation,Tim Davie says BBC will stay on X to try to stem ‘flood’ of global misinformation ,2026-01-08T15:40:04Z,735
business/live/2026/jan/08/marks-spencer-tesco-greggs-christmas-trading-house-prices-stock-markets-business-live-news-updates,https://www.theguardian.com/business/live/2026/jan/08/marks-spencer-tesco-greggs-christmas-trading-house-prices-stock-markets-business-live-news-updates,Pub chain shares rise on reports of government U-turn over business rates – as it happened,2026-01-08T15:26:30Z,4603
football/2026/jan/08/usa-world-cup-2026-venezuela,https://www.theguardian.com/football/2026/jan/08/usa-world-cup-2026-venezuela,US actions in Venezuela put the 2026 World Cup in disgraceful company,2026-01-08T14:21:22Z,893
us-news/2026/jan/08/first-thing-woman-in-minnesota-37-shot-and-killed-by-ice-agent-during-raid-video-shows,https://www.theguardian.com/us-news/2026/jan/08/first-thing-woman-in-minnesota-37-shot-and-killed-by-ice-agent-during-raid-video-shows,"First Thing: Woman in Minnesota, 37, shot and killed by ICE agent during raid, video shows",2026-01-08T11:23:45Z,1108
politics/2026/jan/08/farage-accused-of-parroting-kremlin-lines-after-remarks-on-uk-troops-in-ukraine,https://www.theguardian.com/politics/2026/jan/08/farage-accused-of-parroting-kremlin-lines-after-remarks-on-uk-troops-in-ukraine,Farage accused of ‘parroting Kremlin lines’ after remarks on UK troops in Ukraine,2026-01-08T11:20:37Z,584
politics/2026/jan/08/mandelson-accuses-european-leaders-of-histrionic-reaction-to-trump-greenland-stance,https://www.theguardian.com/politics/2026/jan/08/mandelson-accuses-european-leaders-of-histrionic-reaction-to-trump-greenland-stance,Mandelson accuses European leaders of ‘histrionic’ reaction to Trump’s Greenland stance,2026-01-08T08:56:32Z,598
world/2026/jan/08/thursday-briefing-why-skinny-jabs-short-term-fix-comes-with-long-term-concerns,https://www.theguardian.com/world/2026/jan/08/thursday-briefing-why-skinny-jabs-short-term-fix-comes-with-long-term-concerns,Thursday briefing: Why skinny jabs’ short-term fix comes with long-term concerns,2026-01-08T06:41:31Z,2343
world/live/2026/jan/07/europe-greenland-denmark-us-france-trade-weather-latest-news-updates,https://www.theguardian.com/world/live/2026/jan/07/europe-greenland-denmark-us-france-trade-weather-latest-news-updates,US and Colombian presidents speak – as it happened,2026-01-08T05:45:40Z,11604
world/2026/jan/08/coalition-of-the-willing-must-be-robust-to-deal-with-russia-warns-ex-us-general,https://www.theguardian.com/world/2026/jan/08/coalition-of-the-willing-must-be-robust-to-deal-with-russia-warns-ex-us-general,"Coalition of the willing must be ‘robust’ to deal with Russia, warns ex-US general",2026-01-08T05:00:04Z,778
world/2026/jan/08/eu-accused-of-fuelling-putins-war-by-importing-russian-liquefied-natural-gas,https://www.theguardian.com/world/2026/jan/08/eu-accused-of-fuelling-putins-war-by-importing-russian-liquefied-natural-gas,EU accused of fuelling Putin’s war by importing Russian liquefied natural gas,2026-01-08T05:00:03Z,552
us-news/live/2026/jan/07/donald-trump-venezuela-greenland-oil-childcare-us-politics-live,https://www.theguardian.com/us-news/live/2026/jan/07/donald-trump-venezuela-greenland-oil-childcare-us-politics-live,Democrats slam Trump’s justification for immigration agent killing woman during ICE raid and call for investigation – as it happened,2026-01-08T03:04:09Z,11656
us-news/2026/jan/07/trump-administration-news-latest-updates-today,https://www.theguardian.com/us-news/2026/jan/07/trump-administration-news-latest-updates-today,Trump news at a glance: A tale of two tankers (seized by US),2026-01-08T02:14:33Z,877
world/2026/jan/08/ukraine-war-briefing-allies-no-cast-iron-security-guarantees-yet,https://www.theguardian.com/world/2026/jan/08/ukraine-war-briefing-allies-no-cast-iron-security-guarantees-yet,"Ukraine war briefing: Allies yet to provide details of security guarantee, Zelenskyy says",2026-01-08T01:13:52Z,562
politics/live/2026/jan/07/pmqs-live-uk-politics-latest-news-keir-starmer-kemi-badenoch-labour-nigel-farage,https://www.theguardian.com/politics/live/2026/jan/07/pmqs-live-uk-politics-latest-news-keir-starmer-kemi-badenoch-labour-nigel-farage,"Marinera oil tanker changed flags ‘five times in five years’, says defence secretary – as it happened",2026-01-07T20:46:22Z,10098
world/2026/jan/07/russia-submarine-escort-shadow-fleet-tanker-us-sanctions,https://www.theguardian.com/world/2026/jan/07/russia-submarine-escort-shadow-fleet-tanker-us-sanctions,US seizes Russian-flagged oil tanker in Atlantic after two-week pursuit,2026-01-07T19:18:52Z,1050
politics/2026/jan/07/desperate-for-attention-nigel-farage-skips-pmqs-to-hold-marathon-presser,https://www.theguardian.com/politics/2026/jan/07/desperate-for-attention-nigel-farage-skips-pmqs-to-hold-marathon-presser,"Desperate for attention, Nige holds marathon presser and skips PMQs",2026-01-07T17:20:01Z,1177
world/2026/jan/07/marinera-seized-tanker-atlantic-us-uk-russia,https://www.theguardian.com/world/2026/jan/07/marinera-seized-tanker-atlantic-us-uk-russia,"Reflagged by Russia, spied on by UK, seized by US: why so much interest in a rusty tanker in the Atlantic?",2026-01-07T16:56:37Z,834
uk-news/2026/jan/07/uk-helped-us-seize-russian-flagged-tanker-defence-ministry-says,https://www.theguardian.com/uk-news/2026/jan/07/uk-helped-us-seize-russian-flagged-tanker-defence-ministry-says,"UK helped US seize Russian-flagged tanker, defence ministry says",2026-01-07T16:23:59Z,714
world/2026/jan/07/how-is-it-possible-berliners-demand-answers-after-sabotage-causes-blackout,https://www.theguardian.com/world/2026/jan/07/how-is-it-possible-berliners-demand-answers-after-sabotage-causes-blackout,‘How is it possible?’: Berliners demand answers after sabotage causes blackout,2026-01-07T16:20:06Z,931
uk-news/2026/jan/07/shadow-attorney-general-lord-david-wolfson-kemi-badenoch-on-ukraine-russia-roman-abramovich,https://www.theguardian.com/uk-news/2026/jan/07/shadow-attorney-general-lord-david-wolfson-kemi-badenoch-on-ukraine-russia-roman-abramovich,Shadow attorney general steps back on Ukraine over Abramovich link,2026-01-07T15:54:53Z,533
business/2026/jan/07/oil-prices-fall-after-trump-says-venezuela-will-send-up-to-50m-barrels-to-us,https://www.theguardian.com/business/2026/jan/07/oil-prices-fall-after-trump-says-venezuela-will-send-up-to-50m-barrels-to-us,"Venezuela to continue supplying oil to US ‘indefinitely’, White House says",2026-01-07T15:20:13Z,1129
politics/2026/jan/07/mps-would-get-vote-on-troop-deployment-to-ukraine-says-keir-starmer,https://www.theguardian.com/politics/2026/jan/07/mps-would-get-vote-on-troop-deployment-to-ukraine-says-keir-starmer,"MPs would get vote on troop deployment to Ukraine, says Keir Starmer",2026-01-07T13:19:59Z,539
world/2026/jan/07/trump-venezuela-oil-regime-after-maduro,https://www.theguardian.com/world/2026/jan/07/trump-venezuela-oil-regime-after-maduro,Trump claims Venezuela is set for an oil boom after US attack – history points to a bumpy road ahead,2026-01-07T12:00:12Z,543
us-news/2026/jan/07/first-thing-white-house-says-using-us-military-always-an-option-acquiring-greenland,https://www.theguardian.com/us-news/2026/jan/07/first-thing-white-house-says-using-us-military-always-an-option-acquiring-greenland,First Thing: White House says using US military ‘always an option’ for acquiring Greenland,2026-01-07T11:41:56Z,1073
books/2026/jan/07/the-oak-and-the-larch-by-sophie-pinkham-review-are-russias-forests-the-key-to-its-identity,https://www.theguardian.com/books/2026/jan/07/the-oak-and-the-larch-by-sophie-pinkham-review-are-russias-forests-the-key-to-its-identity,The Oak and the Larch by Sophie Pinkham review – are Russia’s forests the key to its identity? ,2026-01-07T09:00:38Z,888
australia-news/live/2026/jan/07/australia-news-live-heatwave-weather-bushfire-warning-anthony-albanese-antisemitism-bondi-royal-commission-inflation-abs-rba-interest-rates-ntwnfb,https://www.theguardian.com/australia-news/live/2026/jan/07/australia-news-live-heatwave-weather-bushfire-warning-anthony-albanese-antisemitism-bondi-royal-commission-inflation-abs-rba-interest-rates-ntwnfb,PM attends funeral of Bondi victim – as it happened,2026-01-07T07:29:42Z,7279
world/2026/jan/07/wednesday-briefing-what-europes-silence-over-venezuela-says-about-its-fear-of-trump,https://www.theguardian.com/world/2026/jan/07/wednesday-briefing-what-europes-silence-over-venezuela-says-about-its-fear-of-trump,Wednesday briefing: What Europe’s silence over Venezuela says about its fear of Trump,2026-01-07T06:45:35Z,1665
commentisfree/2026/jan/07/keir-starmer-donald-trump-venezuela-europe,https://www.theguardian.com/commentisfree/2026/jan/07/keir-starmer-donald-trump-venezuela-europe,Is Starmer’s reluctance to criticise Trump smart tactics – or the sign of a man without a plan? ,2026-01-07T06:00:35Z,1256
world/2026/jan/07/eu-trump-raids-venezuela-greenland-ukraine-us-president,https://www.theguardian.com/world/2026/jan/07/eu-trump-raids-venezuela-greenland-ukraine-us-president,EU reveals weak hand as Trump raids Venezuela and threatens Greenland,2026-01-07T06:00:35Z,961
world/live/2026/jan/06/venezuela-live-updates-maduro-trump-us-attack-opposition-machado-return,https://www.theguardian.com/world/live/2026/jan/06/venezuela-live-updates-maduro-trump-us-attack-opposition-machado-return,"Trump renews push to acquire Greenland, says US will get millions of barrels of Venezuelan oil – as it happened",2026-01-07T03:00:03Z,10945
world/2026/jan/07/ukraine-war-briefing-us-backs-european-ceasefire-security-guarantees-for-first-time,https://www.theguardian.com/world/2026/jan/07/ukraine-war-briefing-us-backs-european-ceasefire-security-guarantees-for-first-time,Ukraine war briefing: US backs European ceasefire security guarantees for first time ,2026-01-07T01:23:04Z,607
us-news/2026/jan/06/aldrich-ames-cia-agent-dead,https://www.theguardian.com/us-news/2026/jan/06/aldrich-ames-cia-agent-dead,"Aldrich Ames, CIA agent who spied for Soviet Union and Russia, dies aged 84",2026-01-07T01:20:32Z,388
us-news/2026/jan/06/trump-greenland-control-us-military,https://www.theguardian.com/us-news/2026/jan/06/trump-greenland-control-us-military,White House says using US military is ‘always an option’ for seizing Greenland,2026-01-06T23:45:09Z,1035
world/live/2026/jan/06/coalition-willing-paris-ukraine-zelenskyy-greenland-denmark-venezuela-trump-latest-news-updates,https://www.theguardian.com/world/live/2026/jan/06/coalition-willing-paris-ukraine-zelenskyy-greenland-denmark-venezuela-trump-latest-news-updates,UK and France agree to deploy forces to Ukraine in the event of a peace deal – as it happened,2026-01-06T20:27:43Z,4624
world/2026/jan/06/uk-france-ready-to-deploy-troops-to-ukraine-after-ceasefire,https://www.theguardian.com/world/2026/jan/06/uk-france-ready-to-deploy-troops-to-ukraine-after-ceasefire,UK and France ‘ready to deploy troops’ to Ukraine after ceasefire,2026-01-06T20:26:09Z,913
world/2026/jan/06/stephen-miller-donald-trump-threats-take-over-greenland,https://www.theguardian.com/world/2026/jan/06/stephen-miller-donald-trump-threats-take-over-greenland,European leaders rally behind Greenland as US ramps up threats,2026-01-06T20:13:21Z,1178
politics/2026/jan/06/labour-government-emotion-link-starmer-mcsweeney,https://www.theguardian.com/politics/2026/jan/06/labour-government-emotion-link-starmer-mcsweeney,"Government lacks emotional link with voters, cabinet ministers warned",2026-01-06T18:03:31Z,848
politics/live/2026/jan/06/badenoch-trump-venezuela-maduro-starmer-streeting-uk-politics-latest-news-updates,https://www.theguardian.com/politics/live/2026/jan/06/badenoch-trump-venezuela-maduro-starmer-streeting-uk-politics-latest-news-updates,Liz Kendall says Elon Musk’s X must urgently deal with ‘appalling’ sexualised deepfake content produced by Grok AI - as it happened ,2026-01-06T17:49:47Z,6545
politics/2026/jan/06/kemiworld-might-makes-right-dont-mention-greenland,https://www.theguardian.com/politics/2026/jan/06/kemiworld-might-makes-right-dont-mention-greenland,"In KemiWorld, might makes right. Just don’t mention Greenland",2026-01-06T17:29:49Z,1145
world/2026/jan/06/yvette-cooper-criticise-trump-venezuela-ukraine,https://www.theguardian.com/world/2026/jan/06/yvette-cooper-criticise-trump-venezuela-ukraine,Why won’t Yvette Cooper criticise Trump over Venezuela? Look no further than Ukraine,2026-01-06T17:02:40Z,987
world/2026/jan/06/how-us-takeover-greenland-undermine-nato,https://www.theguardian.com/world/2026/jan/06/how-us-takeover-greenland-undermine-nato,How a US takeover of Greenland would undermine Nato from within,2026-01-06T16:44:43Z,760
us-news/2026/jan/06/first-thing-us-foes-allies-denounce-trump-crime-of-aggression-venezuela,https://www.theguardian.com/us-news/2026/jan/06/first-thing-us-foes-allies-denounce-trump-crime-of-aggression-venezuela,First Thing: US foes and allies denounce Trump’s ‘crime of aggression’ in Venezuela,2026-01-06T14:10:21Z,1099
business/2026/jan/06/bank-of-england-venezuelan-gold-nicolas-maduro-us-uk,https://www.theguardian.com/business/2026/jan/06/bank-of-england-venezuelan-gold-nicolas-maduro-us-uk,Deep in the vaults: the Bank of England’s £1.4bn Venezuelan gold conundrum,2026-01-06T11:57:03Z,739
commentisfree/2026/jan/06/donald-trump-threat-civilization,https://www.theguardian.com/commentisfree/2026/jan/06/donald-trump-threat-civilization,Donald Trump poses a threat to civilization,2026-01-06T11:00:02Z,616
commentisfree/2026/jan/06/donald-trump-new-world-order-venezuela-cuba-mexico-colombia-greenland,https://www.theguardian.com/commentisfree/2026/jan/06/donald-trump-new-world-order-venezuela-cuba-mexico-colombia-greenland,Trump’s new world order is being born – and Venezuela is just the start,2026-01-06T06:00:29Z,1177
commentisfree/2026/jan/06/europe-venezuela-donald-trump-vladimir-putin,https://www.theguardian.com/commentisfree/2026/jan/06/europe-venezuela-donald-trump-vladimir-putin,Europe’s failure to condemn Trump’s illegal aggression in Venezuela isn’t just wrong – it’s stupid,2026-01-06T05:00:30Z,1020
world/2026/jan/06/ukraine-war-briefing-russian-strikes-kill-two-and-trigger-hospital-fire-ahead-of-paris-peace-talks,https://www.theguardian.com/world/2026/jan/06/ukraine-war-briefing-russian-strikes-kill-two-and-trigger-hospital-fire-ahead-of-paris-peace-talks,Ukraine war briefing: Russian strikes kill two and trigger hospital fire ahead of Paris peace talks,2026-01-06T01:26:56Z,649
world/2026/jan/05/mps-across-parties-criticise-ministers-for-stance-on-trump-attack-on-venezuela,https://www.theguardian.com/world/2026/jan/05/mps-across-parties-criticise-ministers-for-stance-on-trump-attack-on-venezuela,MPs across UK parties criticise ministers over cautious stance on Venezuela attack,2026-01-05T20:34:39Z,689
world/2026/jan/05/keir-starmer-masterclass-hedging-bets-venezuela-raid,https://www.theguardian.com/world/2026/jan/05/keir-starmer-masterclass-hedging-bets-venezuela-raid,Starmer delivers masterclass in hedging his bets after Venezuela raid,2026-01-05T19:41:55Z,719
commentisfree/2026/jan/05/the-guardian-view-on-europes-response-to-america-first-imperialism-too-weak-too-timid,https://www.theguardian.com/commentisfree/2026/jan/05/the-guardian-view-on-europes-response-to-america-first-imperialism-too-weak-too-timid,"The Guardian view on Europe’s response to ‘America first’ imperialism: too weak, too timid",2026-01-05T19:05:51Z,547
world/2026/jan/05/un-security-council-trump-attack-venezuela,https://www.theguardian.com/world/2026/jan/05/un-security-council-trump-attack-venezuela,US foes and allies denounce Trump’s ‘crime of aggression’ in Venezuela at UN meeting,2026-01-05T18:57:31Z,881
world/2026/jan/05/chrystia-freeland-economic-adviser-ukraine-canada,https://www.theguardian.com/world/2026/jan/05/chrystia-freeland-economic-adviser-ukraine-canada,Zelenskyy names Canada’s ex-finance minister as economic adviser in Ukraine,2026-01-05T18:21:51Z,642
politics/live/2026/jan/05/uk-venezuela-response-starmer-trump-labour-conservatives-latest-news-updates,https://www.theguardian.com/politics/live/2026/jan/05/uk-venezuela-response-starmer-trump-labour-conservatives-latest-news-updates,No 10 suggests UK would not vote for UN security council resolution condemning US arrest of Maduro – as it happened,2026-01-05T18:10:22Z,5951
world/2026/jan/05/volodymr-zelenskyy-sacks-ukrainian-spy-chief-vasyl-malyuk,https://www.theguardian.com/world/2026/jan/05/volodymr-zelenskyy-sacks-ukrainian-spy-chief-vasyl-malyuk,Zelenskyy forces out Ukrainian spy chief who led daring raids against Russia,2026-01-05T18:00:12Z,519
world/2026/jan/05/trump-lawless-actions-in-venezuela-demand-a-resolute-response,https://www.theguardian.com/world/2026/jan/05/trump-lawless-actions-in-venezuela-demand-a-resolute-response,Trump’s lawless actions in Venezuela demand a resolute response,2026-01-05T17:55:05Z,593
world/live/2026/jan/05/europe-greenland-denmark-eu-venezuela-trump-latest-news-updates,https://www.theguardian.com/world/live/2026/jan/05/europe-greenland-denmark-eu-venezuela-trump-latest-news-updates,"Trump serious about wanting to take over Greenland, says Danish prime minister – as it happened ",2026-01-05T17:14:27Z,4469
business/live/2026/jan/05/gold-price-defence-shares-us-venezuela-maduro-oil-business-live-news-updates,https://www.theguardian.com/business/live/2026/jan/05/gold-price-defence-shares-us-venezuela-maduro-oil-business-live-news-updates,"US oil company shares and Venezuelan bonds rally after Maduro seized, sending Dow to record high – as it happened",2026-01-05T16:52:05Z,4710
politics/2026/jan/05/starmer-goes-full-sycophant-trump-politics-sketch,https://www.theguardian.com/politics/2026/jan/05/starmer-goes-full-sycophant-trump-politics-sketch,"‘See no evil, hear no evil’: Starmer goes on full sycophant alert",2026-01-05T16:19:30Z,1192
world/2026/jan/05/us-planes-monitor-tanker-ireland-clampdown-venezuelan-oil,https://www.theguardian.com/world/2026/jan/05/us-planes-monitor-tanker-ireland-clampdown-venezuelan-oil,US aircraft monitor tanker off Ireland that tried to evade Venezuela blockade,2026-01-05T15:05:02Z,724
commentisfree/2026/jan/05/donald-trump-venezuela-nicolas-maduro,https://www.theguardian.com/commentisfree/2026/jan/05/donald-trump-venezuela-nicolas-maduro,Trump’s Venezuela invasion sets a perilous precedent,2026-01-05T15:00:11Z,1206
us-news/2026/jan/03/trump-nicolas-maduro-venezuela,https://www.theguardian.com/us-news/2026/jan/03/trump-nicolas-maduro-venezuela,Maduro’s capture had the world’s ear – but Trump returned to petty gripes,2026-01-05T12:29:30Z,738
world/2026/jan/05/russia-weighs-up-fall-of-nicolas-maduro-venezuela,https://www.theguardian.com/world/2026/jan/05/russia-weighs-up-fall-of-nicolas-maduro-venezuela,From grudging respect to unease: Russia weighs up fall of Maduro ,2026-01-05T12:14:06Z,876
commentisfree/2026/jan/05/keir-starmer-new-year-bbc-interview-vision,https://www.theguardian.com/commentisfree/2026/jan/05/keir-starmer-new-year-bbc-interview-vision,Who does new year Keir look like after his reset? Last year Keir – and that’s a huge problem,2026-01-05T11:42:27Z,782
politics/2026/jan/05/venezuela-attack-embolden-china-russia-uk-labour-emily-thornberry,https://www.theguardian.com/politics/2026/jan/05/venezuela-attack-embolden-china-russia-uk-labour-emily-thornberry,"Venezuela attack could embolden China and Russia, says Emily Thornberry",2026-01-05T09:30:17Z,631
environment/2026/jan/05/weather-tracker-arctic-air-grips-europe-winds-corsica,https://www.theguardian.com/environment/2026/jan/05/weather-tracker-arctic-air-grips-europe-winds-corsica,Weather tracker: Arctic air grips Europe as severe winds batter Corsica,2026-01-05T09:15:51Z,312
commentisfree/2026/jan/05/donald-trump-coup-venezuela-break-rules-regret,https://www.theguardian.com/commentisfree/2026/jan/05/donald-trump-coup-venezuela-break-rules-regret,Trump’s coup in Venezuela didn’t just break the rules – it showed there aren’t any. We’ll all regret that,2026-01-05T06:00:29Z,1239
world/2026/jan/05/yulia-lemeshchenko-weightlifting-champion-jailed-by-russia-for-plotting-sabotage-and-assassinations,https://www.theguardian.com/world/2026/jan/05/yulia-lemeshchenko-weightlifting-champion-jailed-by-russia-for-plotting-sabotage-and-assassinations,The weightlifting champion jailed by Russia for ‘plotting sabotage and assassinations’,2026-01-05T05:00:27Z,874
world/2026/jan/05/ukraine-war-briefing-kyiv-escalating-drone-attacks-on-russia-moscow-claims,https://www.theguardian.com/world/2026/jan/05/ukraine-war-briefing-kyiv-escalating-drone-attacks-on-russia-moscow-claims,"Ukraine war briefing: Kyiv escalating drone attacks on Russia, Moscow claims",2026-01-05T00:50:54Z,421
politics/2026/jan/04/uk-unclear-us-attack-venezuela,https://www.theguardian.com/politics/2026/jan/04/uk-unclear-us-attack-venezuela,UK ‘not entirely clear’ what it means for US to ‘run’ Venezuela,2026-01-04T17:36:17Z,794
us-news/ng-interactive/2026/jan/04/ice-2025-deaths-timeline,https://www.theguardian.com/us-news/ng-interactive/2026/jan/04/ice-2025-deaths-timeline,2025 was ICE’s deadliest year in two decades. Here are the 32 people who died in custody,2026-01-04T16:27:08Z,5509
world/2026/jan/04/venezuela-european-leaders-divided-and-torn-in-response-to-us-ousting-of-maduro,https://www.theguardian.com/world/2026/jan/04/venezuela-european-leaders-divided-and-torn-in-response-to-us-ousting-of-maduro,European leaders appear torn in face of new world order after Venezuela attack ,2026-01-04T16:00:12Z,937
business/2026/jan/04/global-economic-outlook-2026,https://www.theguardian.com/business/2026/jan/04/global-economic-outlook-2026,From the AI bubble to Fed fears: the global economic outlook for 2026,2026-01-04T12:00:07Z,1392
world/2026/jan/04/venezuelan-leaders-fever-dream-of-a-us-invasion-finally-becomes-reality,https://www.theguardian.com/world/2026/jan/04/venezuelan-leaders-fever-dream-of-a-us-invasion-finally-becomes-reality,Venezuelan leaders’ fever dream of a US invasion finally becomes reality,2026-01-04T10:00:03Z,925
world/2026/jan/04/leading-uk-far-right-activist-russian-nationalist-event-mark-collett,https://www.theguardian.com/world/2026/jan/04/leading-uk-far-right-activist-russian-nationalist-event-mark-collett,Leading UK far-right activist spoke at Russian extreme nationalist event,2026-01-04T10:00:03Z,792
world/2026/jan/04/difficult-to-live-hungarian-krasznahorkai-writers-bemoan-hostile-environment,https://www.theguardian.com/world/2026/jan/04/difficult-to-live-hungarian-krasznahorkai-writers-bemoan-hostile-environment,‘It has become difficult to live’: Hungarian writers bemoan country’s hostile environment,2026-01-04T08:00:00Z,905
commentisfree/2026/jan/03/today-trumps-target-was-caracas-what-tomorrow,https://www.theguardian.com/commentisfree/2026/jan/03/today-trumps-target-was-caracas-what-tomorrow,"Today, Trump’s target was Caracas. What tomorrow?",2026-01-04T06:27:29Z,763
world/live/2026/jan/03/caracas-explosions-venezuela-maduro-latest-news-updates-live,https://www.theguardian.com/world/live/2026/jan/03/caracas-explosions-venezuela-maduro-latest-news-updates-live,Venezuelan leader lands in New York after capture – as it happened,2026-01-04T05:09:35Z,16781
world/2026/jan/04/business-as-usual-boss-bombed-ukrainian-vodka-maker-intent-on-expanding-exports,https://www.theguardian.com/world/2026/jan/04/business-as-usual-boss-bombed-ukrainian-vodka-maker-intent-on-expanding-exports,‘This is business as usual’: boss of bombed Ukrainian vodka maker seeks to expand exports,2026-01-04T05:00:03Z,796
world/2026/jan/04/ukraine-war-briefing-ukraine-will-fight-on-if-peace-talks-fail-zelenskyy-vows,https://www.theguardian.com/world/2026/jan/04/ukraine-war-briefing-ukraine-will-fight-on-if-peace-talks-fail-zelenskyy-vows,"Ukraine war briefing: Ukraine will fight on if peace talks fail, Zelenskyy vows",2026-01-04T03:47:58Z,620
football/2026/jan/03/paranoia-and-mali-get-the-better-of-timid-tetchy-tunisia,https://www.theguardian.com/football/2026/jan/03/paranoia-and-mali-get-the-better-of-timid-tetchy-tunisia,"Paranoia and Mali get the better of timid, tetchy Tunisia",2026-01-03T22:28:35Z,810
world/2026/jan/03/putin-russia-us-foreign-policy-venezuela,https://www.theguardian.com/world/2026/jan/03/putin-russia-us-foreign-policy-venezuela,The ‘Putinization’ of US foreign policy has arrived in Venezuela,2026-01-03T19:22:12Z,1124
us-news/2026/jan/03/us-politicians-reaction-capture-venezuelan-president-maduro,https://www.theguardian.com/us-news/2026/jan/03/us-politicians-reaction-capture-venezuelan-president-maduro,‘It sends a horrible signal’: US politicians react to capture of Nicolás Maduro,2026-01-03T18:15:48Z,1461
world/2026/jan/03/is-there-any-legal-justification-for-the-us-attack-on-venezuela-trump-maduro,https://www.theguardian.com/world/2026/jan/03/is-there-any-legal-justification-for-the-us-attack-on-venezuela-trump-maduro,Is there any legal justification for the US attack on Venezuela?,2026-01-03T17:21:48Z,1066
commentisfree/2026/jan/03/illegal-coup-venezuela-donald-trump-peace-war,https://www.theguardian.com/commentisfree/2026/jan/03/illegal-coup-venezuela-donald-trump-peace-war,"Today an illegal coup in Venezuela, but where next? Donald Trump talks peace but he is a man of war",2026-01-03T14:40:00Z,947
world/2026/jan/03/colombia-sends-armed-forces-venezuela-border-concern-refugee-influx,https://www.theguardian.com/world/2026/jan/03/colombia-sends-armed-forces-venezuela-border-concern-refugee-influx,Global outcry after US launches strikes on Venezuela and captures president,2026-01-03T12:19:22Z,991
world/2026/jan/03/ukraine-2026-peace-deal-elusive,https://www.theguardian.com/world/2026/jan/03/ukraine-2026-peace-deal-elusive,"New year, new deal? Why peace still feels elusive for Ukraine",2026-01-03T10:00:34Z,1280
world/2026/jan/03/ukraine-war-briefing-russia-makes-biggest-battleground-gains-since-first-year-of-war-analysis-shows,https://www.theguardian.com/world/2026/jan/03/ukraine-war-briefing-russia-makes-biggest-battleground-gains-since-first-year-of-war-analysis-shows,"Ukraine war briefing: Russia makes biggest battleground gains since first year of war, analysis shows",2026-01-03T02:31:38Z,479
artanddesign/2026/jan/02/no-photo-story-of-the-century-should-overlook-the-horrors-of-gaza,https://www.theguardian.com/artanddesign/2026/jan/02/no-photo-story-of-the-century-should-overlook-the-horrors-of-gaza,No photo story of the century should overlook the horrors of Gaza,2026-01-02T16:25:33Z,309
music/2026/jan/02/hardwicke-circus-interview-cumbria-rock-band-touring-ukraine,https://www.theguardian.com/music/2026/jan/02/hardwicke-circus-interview-cumbria-rock-band-touring-ukraine,‘Playing in a war zone isn’t for most people’: the British band braving drone strikes and pneumonia to tour Ukraine,2026-01-02T13:00:09Z,2018
world/2026/jan/02/uk-medics-helping-ukrainian-amputees-rehabilitation-centre,https://www.theguardian.com/world/2026/jan/02/uk-medics-helping-ukrainian-amputees-rehabilitation-centre,‘Truly humbling’: inside the centre where UK medics are helping Ukrainian amputees ,2026-01-02T05:00:03Z,1022
world/2026/jan/02/ukraine-war-briefing-kyivs-gur-faked-russian-ordered-killing-and-bagged-500k-kremlin-reward,https://www.theguardian.com/world/2026/jan/02/ukraine-war-briefing-kyivs-gur-faked-russian-ordered-killing-and-bagged-500k-kremlin-reward,Ukraine war briefing: Kyiv’s GUR ‘faked Russian-ordered killing and bagged $500k Kremlin reward’,2026-01-02T01:13:11Z,414
world/2026/jan/01/new-year-drone-strike-kills-24-in-russian-occupied-ukraine-moscow-says,https://www.theguardian.com/world/2026/jan/01/new-year-drone-strike-kills-24-in-russian-occupied-ukraine-moscow-says,"New year drone strike kills 24 in Russian-occupied Ukraine, Moscow says",2026-01-01T20:52:15Z,660
business/2026/jan/01/oil-prices-record-steepest-annual-fall-covid-pandemic,https://www.theguardian.com/business/2026/jan/01/oil-prices-record-steepest-annual-fall-covid-pandemic,Oil prices record steepest annual fall since Covid pandemic  ,2026-01-01T13:06:18Z,546
news/2026/jan/01/its-payback-time-inside-the-2-january-guardian-weekly,https://www.theguardian.com/news/2026/jan/01/its-payback-time-inside-the-2-january-guardian-weekly,It’s payback time: inside the 2 January Guardian Weekly,2026-01-01T12:00:39Z,609
politics/2026/jan/01/caerphilly-byelection-how-reform-juggernaut-backfired,https://www.theguardian.com/politics/2026/jan/01/caerphilly-byelection-how-reform-juggernaut-backfired,‘They misjudged Caerphilly’: how the Reform juggernaut backfired in Welsh byelection,2026-01-01T11:20:14Z,1201
lifeandstyle/live/2025/dec/31/new-years-eve-2026-world-ring-in-live-latest,https://www.theguardian.com/lifeandstyle/live/2025/dec/31/new-years-eve-2026-world-ring-in-live-latest,New Year’s Eve celebrations around the world – as it happened,2026-01-01T06:43:50Z,7224
world/2026/jan/01/australian-reportedly-killed-fighting-with-ukrainian-forces-against-russia-ntwnfb,https://www.theguardian.com/world/2026/jan/01/australian-reportedly-killed-fighting-with-ukrainian-forces-against-russia-ntwnfb,Australian man reportedly killed fighting with Ukrainian forces against Russia,2026-01-01T05:02:54Z,411
world/2026/jan/01/ukraine-war-briefing-10-away-from-peace-zelenskyy-tells-ukrainians,https://www.theguardian.com/world/2026/jan/01/ukraine-war-briefing-10-away-from-peace-zelenskyy-tells-ukrainians,"Ukraine war briefing: 10% away from peace, Zelenskyy tells Ukrainians ",2026-01-01T01:53:17Z,742
world/2025/dec/31/finnish-police-seize-vessel-suspected-damaging-underwater-cable,https://www.theguardian.com/world/2025/dec/31/finnish-police-seize-vessel-suspected-damaging-underwater-cable,Finnish police seize vessel suspected of damaging underwater cable,2025-12-31T16:52:04Z,632
business/2025/dec/31/ftse-100-index-best-year-since-2009,https://www.theguardian.com/business/2025/dec/31/ftse-100-index-best-year-since-2009,London stock exchange beats Wall Street with best FTSE 100 year since 2009,2025-12-31T15:31:10Z,631
business/live/2025/dec/31/london-stock-market-year-record-high-pound-dollar-oil-gold-eurostar-disruption-business-live-news-updates,https://www.theguardian.com/business/live/2025/dec/31/london-stock-market-year-record-high-pound-dollar-oil-gold-eurostar-disruption-business-live-news-updates,UK’s FTSE 100 share index records best year since 2009 – as it happened,2025-12-31T15:16:31Z,2314
commentisfree/2025/dec/31/women-rights-threat-world-hope-el-salvador-russia-syria,https://www.theguardian.com/commentisfree/2025/dec/31/women-rights-threat-world-hope-el-salvador-russia-syria,"Yes, women’s rights are under threat around the world. But we’ve found hope in unlikely places",2025-12-31T14:00:15Z,958
world/2025/dec/31/war-romanian-villagers-threat-russian-drones,https://www.theguardian.com/world/2025/dec/31/war-romanian-villagers-threat-russian-drones,‘We live with war over our heads’: the Romanian villagers threatened by Russian drones ,2025-12-31T14:00:11Z,1103
money/2025/dec/31/typical-households-would-save-138-a-year-under-forecast-drop-in-energy-price-cap,https://www.theguardian.com/money/2025/dec/31/typical-households-would-save-138-a-year-under-forecast-drop-in-energy-price-cap,Drop in energy price cap from April forecast to save typical home £138 a year,2025-12-31T13:37:10Z,694
world/2025/dec/31/polycrisis-world-care-challenge-2025-courage,https://www.theguardian.com/world/2025/dec/31/polycrisis-world-care-challenge-2025-courage,"A polycrisis has shattered our world this year. But with care, we can put it back together",2025-12-31T12:00:10Z,1197
world/2025/dec/31/cyprus-pledges-different-mindset-as-it-assumes-eu-presidency,https://www.theguardian.com/world/2025/dec/31/cyprus-pledges-different-mindset-as-it-assumes-eu-presidency,Cyprus pledges ‘different mindset’ as it assumes EU presidency,2025-12-31T10:29:49Z,777
world/2025/dec/31/ukraine-war-briefing-attack-on-global-food-security-as-russia-hits-wheat-ships-and-ports,https://www.theguardian.com/world/2025/dec/31/ukraine-war-briefing-attack-on-global-food-security-as-russia-hits-wheat-ships-and-ports,Ukraine war briefing: ‘Attack on global food security’ as Russia hits wheat ships and ports,2025-12-31T01:42:43Z,538
world/live/2025/dec/30/ukraine-russia-war-zelenskyy-putin-us-trump-eu-latest-updates,https://www.theguardian.com/world/live/2025/dec/30/ukraine-russia-war-zelenskyy-putin-us-trump-eu-latest-updates,Russia says it has moved its nuclear-capable Oreshnik missiles into Belarus – as it happened,2025-12-30T18:25:16Z,4533
world/2025/dec/30/russia-claims-moved-nuclear-capable-missile-system-belarus,https://www.theguardian.com/world/2025/dec/30/russia-claims-moved-nuclear-capable-missile-system-belarus,Russia claims to have moved nuclear-capable missile system into Belarus,2025-12-30T18:15:50Z,801
business/live/2025/dec/30/global-stock-markets-best-year-since-2019-us-dollar-trade-war-octopus-energy-ftse-pound-business-live-news-updates,https://www.theguardian.com/business/live/2025/dec/30/global-stock-markets-best-year-since-2019-us-dollar-trade-war-octopus-energy-ftse-pound-business-live-news-updates,Eurostar disruption: Channel tunnel partially reopens but ‘significant’ delays ongoing – as it happened,2025-12-30T18:01:25Z,5817
commentisfree/2025/dec/30/the-guardian-view-on-the-new-monroe-doctrine-trumps-forceful-approach-to-the-western-hemisphere-comes-at-a-cost,https://www.theguardian.com/commentisfree/2025/dec/30/the-guardian-view-on-the-new-monroe-doctrine-trumps-forceful-approach-to-the-western-hemisphere-comes-at-a-cost,The Guardian view on the new Monroe doctrine: Trump’s forceful approach to the western hemisphere comes at a cost,2025-12-30T17:30:46Z,1123
commentisfree/2025/dec/30/charles-cancer-royal-family-finances-monarchy-transparency,https://www.theguardian.com/commentisfree/2025/dec/30/charles-cancer-royal-family-finances-monarchy-transparency,"The royal family is edging toward modernity – but in 2026, the public will expect yet more transparency",2025-12-30T16:21:03Z,1044
business/2025/dec/30/five-charts-that-explain-the-global-economic-outlook-for-2026,https://www.theguardian.com/business/2025/dec/30/five-charts-that-explain-the-global-economic-outlook-for-2026,Five charts that explain the global economic outlook for 2026,2025-12-30T16:00:45Z,1142
world/2025/dec/30/russia-still-importing-michelin-aviation-tyres-despite-sanctions-records-suggest,https://www.theguardian.com/world/2025/dec/30/russia-still-importing-michelin-aviation-tyres-despite-sanctions-records-suggest,"Russia still importing Michelin aviation tyres despite sanctions, records suggest",2025-12-30T16:00:44Z,643
politics/2025/dec/30/keir-starmer-key-tests-2026-send-single-sex-spaces-elections,https://www.theguardian.com/politics/2025/dec/30/keir-starmer-key-tests-2026-send-single-sex-spaces-elections,From Send to single-sex spaces: key tests facing Keir Starmer in 2026,2025-12-30T14:49:33Z,825
politics/2025/dec/30/badenoch-under-fire-as-tory-shadow-attorney-general-acts-for-roman-abramovich,https://www.theguardian.com/politics/2025/dec/30/badenoch-under-fire-as-tory-shadow-attorney-general-acts-for-roman-abramovich,Badenoch under fire as Tory shadow attorney general acts for Roman Abramovich,2025-12-30T14:06:08Z,550
world/2025/dec/30/did-ukraine-target-putin-residence-russian-claim-trump,https://www.theguardian.com/world/2025/dec/30/did-ukraine-target-putin-residence-russian-claim-trump,Did Ukraine target Putin’s residence or is Russian claim a ploy to sway Trump?,2025-12-30T12:35:09Z,846
world/2025/dec/30/former-chinese-police-officer-bringing-bubble-tea-to-wartorn-ukraine,https://www.theguardian.com/world/2025/dec/30/former-chinese-police-officer-bringing-bubble-tea-to-wartorn-ukraine,‘A little light in the dark’: the former Chinese police officer bringing bubble tea to wartorn Ukraine ,2025-12-30T12:00:39Z,1474
world/2025/dec/30/donald-trump-benjamin-netanyahu-white-house-conference-analysis,https://www.theguardian.com/world/2025/dec/30/donald-trump-benjamin-netanyahu-white-house-conference-analysis,Trump shows customary disdain for protocol as poker-faced Netanyahu looks on,2025-12-30T09:00:02Z,1028
travel/2025/dec/30/oulu-finland-european-capital-of-culture-2026,https://www.theguardian.com/travel/2025/dec/30/oulu-finland-european-capital-of-culture-2026,"Saunas, electronica and air guitar: Oulu, Finland’s tech city, is European Capital of Culture 2026",2025-12-30T07:00:04Z,986
world/2025/dec/30/first-edition-political-cartoons-of-2025,https://www.theguardian.com/world/2025/dec/30/first-edition-political-cartoons-of-2025,Tuesday briefing: A surreal year in news gives our cartoonists endless material,2025-12-30T06:45:01Z,994
world/2025/dec/30/ukraine-war-briefing-zelenskyy-says-kyiv-cannot-win-without-us-support-as-putin-orders-advance-in-zaporizhzhia,https://www.theguardian.com/world/2025/dec/30/ukraine-war-briefing-zelenskyy-says-kyiv-cannot-win-without-us-support-as-putin-orders-advance-in-zaporizhzhia,Ukraine war briefing: Zelenskyy says Kyiv cannot win without US support as Putin orders advance in Zaporizhzhia,2025-12-30T02:07:33Z,576
us-news/live/2025/dec/29/trump-netanyahu-israel-gaza-live,https://www.theguardian.com/us-news/live/2025/dec/29/trump-netanyahu-israel-gaza-live,Trump says ‘there’ll be hell to pay’ if Hamas does not disarm as he meets Netanyahu at Mar-a-Lago – as it happened,2025-12-29T22:28:40Z,4789
world/2025/dec/29/volodymyr-zelenskyy-donald-trump-us-security-guarantees-ukraine,https://www.theguardian.com/world/2025/dec/29/volodymyr-zelenskyy-donald-trump-us-security-guarantees-ukraine,Zelenskyy accuses Russia of trying to sabotage peace talks with ‘typical Russian lies’,2025-12-29T19:35:45Z,1082
world/live/2025/dec/29/ukraine-war-russia-us-zelenskyy-trump-security-guarantees-latest-news-updates,https://www.theguardian.com/world/live/2025/dec/29/ukraine-war-russia-us-zelenskyy-trump-security-guarantees-latest-news-updates,Ukraine war: Zelenskyy denies Russian accusation that Putin’s residence was attacked by Ukrainian drones – as it happened,2025-12-29T18:08:32Z,5095
business/live/2025/dec/29/silver-precious-metals-prices-fed-rate-cut-oil-rises-trump-zelenskyy-meeting-business-live,https://www.theguardian.com/business/live/2025/dec/29/silver-precious-metals-prices-fed-rate-cut-oil-rises-trump-zelenskyy-meeting-business-live,Silver and other precious metals hit new peaks before falling back; oil price rises after Trump-Zelenskyy meeting – as it happened,2025-12-29T15:05:46Z,5128
world/2025/dec/29/ukraine-deal-trump-russia-zelenskyy,https://www.theguardian.com/world/2025/dec/29/ukraine-deal-trump-russia-zelenskyy,Is claim Ukraine deal is ‘95% done’ just another empty assertion from Trump?,2025-12-29T13:38:52Z,744
business/2025/dec/29/copper-price-rise-shortage-renewable-energy-silver-gold,https://www.theguardian.com/business/2025/dec/29/copper-price-rise-shortage-renewable-energy-silver-gold,Copper price on track for biggest rise in 15 years amid global shortage fears,2025-12-29T13:27:29Z,473
world/2025/dec/28/trump-zelenskyy-talks-amid-heavy-russian-airstrikes-on-ukraine,https://www.theguardian.com/world/2025/dec/28/trump-zelenskyy-talks-amid-heavy-russian-airstrikes-on-ukraine,Trump says ‘tough’ issues remain for Ukraine peace deal after meeting Zelenskyy in Florida,2025-12-29T08:18:27Z,1303
world/2025/dec/29/peace-power-and-profit-the-logic-behind-donald-trumps-dealmaking-diplomacy,https://www.theguardian.com/world/2025/dec/29/peace-power-and-profit-the-logic-behind-donald-trumps-dealmaking-diplomacy,"Peace, power and profit – the logic behind Donald Trump’s dealmaking diplomacy",2025-12-29T06:45:28Z,1450
world/2025/dec/29/search-for-malaysia-airlines-flight-mh370-expected-to-resume,https://www.theguardian.com/world/2025/dec/29/search-for-malaysia-airlines-flight-mh370-expected-to-resume,Search for Malaysia Airlines flight MH370 expected to resume on Tuesday,2025-12-29T05:00:30Z,508
lifeandstyle/2025/dec/29/photographs-defined-2025-stories-behind-them,https://www.theguardian.com/lifeandstyle/2025/dec/29/photographs-defined-2025-stories-behind-them,The photographs that defined 2025 – and the stories behind them,2025-12-29T05:00:28Z,5423
world/2025/dec/29/ukraine-war-briefing-trump-zelenskyy-talks-florida-peace-deal,https://www.theguardian.com/world/2025/dec/29/ukraine-war-briefing-trump-zelenskyy-talks-florida-peace-deal,Ukraine war briefing: thorny questions remain after Trump-Zelenskyy talks,2025-12-29T01:07:07Z,496
us-news/2025/dec/29/trump-administration-latest-news-today,https://www.theguardian.com/us-news/2025/dec/29/trump-administration-latest-news-today,Trump news at a glance: progress but no breakthrough in Ukraine peace talks,2025-12-29T00:51:29Z,557
world/live/2025/dec/28/ukraine-war-live-russia-zelenskyy-trump-meeting-florida-kyiv-latest-news-updates,https://www.theguardian.com/world/live/2025/dec/28/ukraine-war-live-russia-zelenskyy-trump-meeting-florida-kyiv-latest-news-updates,Trump and Zelenskyy meet in Florida – as it happened,2025-12-28T23:37:49Z,6298
film/2025/dec/28/brigitte-bardot-image-support-of-far-right,https://www.theguardian.com/film/2025/dec/28/brigitte-bardot-image-support-of-far-right,Brigitte Bardot’s image complicated by her controversial politics,2025-12-28T18:14:13Z,688
science/2025/dec/28/let-jules-verne-crater-on-the-moon-be-a-new-point-nemo,https://www.theguardian.com/science/2025/dec/28/let-jules-verne-crater-on-the-moon-be-a-new-point-nemo,Let Jules Verne crater on the moon be a new Point Nemo,2025-12-28T17:53:53Z,318
us-news/2025/dec/28/military-strikes-nigeria-syria-trump-islamic-state,https://www.theguardian.com/us-news/2025/dec/28/military-strikes-nigeria-syria-trump-islamic-state,"US strikes on Nigeria and Syria are ‘consistent’ with policy to combat IS, Republican says",2025-12-28T17:37:15Z,401
world/2025/dec/28/kyivs-heritage-rebuilding-shadow-of-war,https://www.theguardian.com/world/2025/dec/28/kyivs-heritage-rebuilding-shadow-of-war,Saving Kyiv’s heritage: a city rebuilding itself in the shadow of war,2025-12-28T10:00:04Z,906
commentisfree/2025/dec/28/donald-trump-legacy-maga-2026-tyrants,https://www.theguardian.com/commentisfree/2025/dec/28/donald-trump-legacy-maga-2026-tyrants,"Through the lens of history, Trump’s legacy will be more of a blotch than a Maga masterpiece",2025-12-28T10:00:03Z,1027
world/2025/dec/27/zelenskyy-to-meet-european-leaders-and-trump-for-ukraine-peace-talks-amid-fresh-strikes-on-kyiv,https://www.theguardian.com/world/2025/dec/27/zelenskyy-to-meet-european-leaders-and-trump-for-ukraine-peace-talks-amid-fresh-strikes-on-kyiv,Zelenskyy heads to Florida for talks with Trump amid fresh strikes on Kyiv,2025-12-28T09:26:55Z,844
world/2025/dec/28/germany-military-recruits-bundeswehr-new-rules-young-men,https://www.theguardian.com/world/2025/dec/28/germany-military-recruits-bundeswehr-new-rules-young-men,‘Times have changed’: Germany’s military seeks recruits as it confronts new era ,2025-12-28T07:00:03Z,1000
world/2025/dec/28/bulgaria-europe-eurozone-russia-disinformation-economy,https://www.theguardian.com/world/2025/dec/28/bulgaria-europe-eurozone-russia-disinformation-economy,Bulgaria prepares to join eurozone amid fears of Russian-backed disinformation,2025-12-28T06:00:04Z,916
world/2025/dec/28/ukraine-war-briefing-nabu-and-sapo-raid-kyiv-parliament-in-new-corruption-inquiry,https://www.theguardian.com/world/2025/dec/28/ukraine-war-briefing-nabu-and-sapo-raid-kyiv-parliament-in-new-corruption-inquiry,Ukraine war briefing: Nabu and Sapo raid Kyiv parliament in new corruption inquiry,2025-12-28T02:38:06Z,511
world/2025/dec/27/poland-anti-drone-fortifications-eastern-borders-cezary-tomczyk,https://www.theguardian.com/world/2025/dec/27/poland-anti-drone-fortifications-eastern-borders-cezary-tomczyk,Poland preparing €2bn anti-drone fortifications along its eastern border amid Russian threat,2025-12-27T15:55:41Z,708
commentisfree/2025/dec/27/year-in-patriarchy-2025,https://www.theguardian.com/commentisfree/2025/dec/27/year-in-patriarchy-2025,"The year in patriarchy: Taylor Swift’s engagement, Trump 2.0 and the Epstein files",2025-12-27T11:00:35Z,1123
news/ng-interactive/2025/dec/27/trump-republicans-midterm-elections-approval-rating,https://www.theguardian.com/news/ng-interactive/2025/dec/27/trump-republicans-midterm-elections-approval-rating,"Dragged down by an unpopular president, Republicans are bracing for a midterm trouncing",2025-12-27T06:00:34Z,2060
artanddesign/2025/dec/27/the-sight-of-it-is-still-shocking-46-photos-that-tell-the-story-of-the-century-so-far,https://www.theguardian.com/artanddesign/2025/dec/27/the-sight-of-it-is-still-shocking-46-photos-that-tell-the-story-of-the-century-so-far,‘The sight of it is still shocking’: 46 photos that tell the story of the century so far,2025-12-27T06:00:31Z,6798
commentisfree/2025/dec/27/best-opinion-cartoons-2025-donald-trump-prince-andrew,https://www.theguardian.com/commentisfree/2025/dec/27/best-opinion-cartoons-2025-donald-trump-prince-andrew,2025: a year in political cartoons – from a Bond-villain Trump to a toppled prince ,2025-12-27T06:00:30Z,496
world/2025/dec/27/ukraine-war-briefing-kim-jong-un-celebrates-sharing-blood-life-and-death-with-russia,https://www.theguardian.com/world/2025/dec/27/ukraine-war-briefing-kim-jong-un-celebrates-sharing-blood-life-and-death-with-russia,"Ukraine war briefing: Kim Jong-un celebrates sharing ‘blood, life and death’ with Russia ",2025-12-27T02:40:45Z,733
world/2025/dec/26/zelenskyy-to-meet-trump-in-coming-days-as-us-steps-up-push-for-ukraine-peace-deal,https://www.theguardian.com/world/2025/dec/26/zelenskyy-to-meet-trump-in-coming-days-as-us-steps-up-push-for-ukraine-peace-deal,Zelenskyy to travel to US for Trump meeting amid push for Ukraine  deal,2025-12-27T01:04:58Z,987
us-news/live/2025/dec/26/us-nigeria-strikes-militants-donald-trump-zelenskyy-ukraine-epstein-us-politics-latest-news-updates,https://www.theguardian.com/us-news/live/2025/dec/26/us-nigeria-strikes-militants-donald-trump-zelenskyy-ukraine-epstein-us-politics-latest-news-updates,"Nigeria provided US with intelligence for strikes on Islamist militants, says foreign minister – as it happened",2025-12-26T17:16:44Z,2916
world/2025/dec/26/china-imposes-sanctions-on-us-defence-firms-over-taiwan-arms-deal,https://www.theguardian.com/world/2025/dec/26/china-imposes-sanctions-on-us-defence-firms-over-taiwan-arms-deal,China imposes sanctions on US defence firms over Taiwan arms deal,2025-12-26T16:01:11Z,425
world/2025/dec/26/russia-selling-personal-data-leaks-probiv-ukraine-spies,https://www.theguardian.com/world/2025/dec/26/russia-selling-personal-data-leaks-probiv-ukraine-spies,‘All brakes are off’: Russia’s attempt to rein in illicit market for leaked data backfires,2025-12-26T09:00:04Z,689
world/2025/dec/26/ukraine-war-briefing-kyiv-hits-russian-oil-refinery-with-british-storm-shadow-missiles,https://www.theguardian.com/world/2025/dec/26/ukraine-war-briefing-kyiv-hits-russian-oil-refinery-with-british-storm-shadow-missiles,Ukraine war briefing: Kyiv hits Russian oil refinery with British Storm Shadow missiles,2025-12-26T01:59:10Z,563
australia-news/2025/dec/25/sima-samar-afghanistan-first-female-vice-president,https://www.theguardian.com/australia-news/2025/dec/25/sima-samar-afghanistan-first-female-vice-president,‘International community has lost interest’: Afghanistan’s first female vice-president sees history repeating,2025-12-25T21:19:51Z,1343
law/ng-interactive/2025/dec/25/how-donald-trump-killed-international-law,https://www.theguardian.com/law/ng-interactive/2025/dec/25/how-donald-trump-killed-international-law,Into the void: how Trump killed international law,2025-12-25T13:00:40Z,2559
world/2025/dec/25/christmas-day-sermons-urge-unity-in-common-humanity-to-combat-divisions-in-society,https://www.theguardian.com/world/2025/dec/25/christmas-day-sermons-urge-unity-in-common-humanity-to-combat-divisions-in-society,"Immigration debate ‘dividing us’, incoming archbishop of Canterbury warns in Christmas sermon",2025-12-25T11:30:38Z,937
world/2025/dec/25/mariupol-bombed-theatre-reopen-russification-ukraine,https://www.theguardian.com/world/2025/dec/25/mariupol-bombed-theatre-reopen-russification-ukraine,‘Dancing on bones’: Mariupol theatre to reopen with staging of Russian fairytale,2025-12-25T11:00:39Z,1219
world/2025/dec/25/ukrainian-refugee-leaves-uk-sixth-form-college-that-urged-her-to-study-russian,https://www.theguardian.com/world/2025/dec/25/ukrainian-refugee-leaves-uk-sixth-form-college-that-urged-her-to-study-russian,Ukrainian refugee leaves UK sixth-form college that urged her ‘to study Russian’,2025-12-25T08:34:38Z,538
world/2025/dec/25/displaced-islamic-state-insurgency-mozambique,https://www.theguardian.com/world/2025/dec/25/displaced-islamic-state-insurgency-mozambique,Hundreds of thousands newly displaced as Islamic State insurgency expands in Mozambique,2025-12-25T08:00:34Z,767
books/2025/dec/25/books-to-look-out-for-in-2026-nonfiction,https://www.theguardian.com/books/2025/dec/25/books-to-look-out-for-in-2026-nonfiction,Books to look out for in 2026 – nonfiction,2025-12-25T07:00:33Z,1039
world/2025/dec/25/ukraine-war-briefing-zelenskyy-open-to-creating-demilitarised-zone-in-countrys-east,https://www.theguardian.com/world/2025/dec/25/ukraine-war-briefing-zelenskyy-open-to-creating-demilitarised-zone-in-countrys-east,Ukraine war briefing: Zelenskyy open to creating demilitarised zone in country’s east,2025-12-25T01:05:26Z,343
business/live/2025/dec/24/gold-silver-platinum-record-highs-santa-rally-bp-castrol-stake-sale-business-live-news-updates,https://www.theguardian.com/business/live/2025/dec/24/gold-silver-platinum-record-highs-santa-rally-bp-castrol-stake-sale-business-live-news-updates,S&P 500 and Dow hit record highs as Santa rally reaches Wall Street – as it happened,2025-12-24T18:19:23Z,3883
world/2025/dec/24/three-killed-in-moscow-car-explosion-say-russian-authorities,https://www.theguardian.com/world/2025/dec/24/three-killed-in-moscow-car-explosion-say-russian-authorities,"Three killed in Moscow car explosion, say Russian authorities",2025-12-24T17:21:34Z,369
us-news/2025/dec/24/tashkent-supermarket-west-village,https://www.theguardian.com/us-news/2025/dec/24/tashkent-supermarket-west-village,Fresh ‘manty’ and cheap figs: a post-Soviet supermarket becomes a must-visit spot in NYC,2025-12-24T15:00:15Z,1155
us-news/2025/dec/24/trump-venezuela-oil-resource-imperialism,https://www.theguardian.com/us-news/2025/dec/24/trump-venezuela-oil-resource-imperialism,"Trump’s claims to Venezuelan oil are part of broader ‘resource imperialism’, experts say",2025-12-24T15:00:14Z,1034
world/2025/dec/24/us-ukraine-edge-closer-joint-plan-end-war-moscow-response-uncertain,https://www.theguardian.com/world/2025/dec/24/us-ukraine-edge-closer-joint-plan-end-war-moscow-response-uncertain,US and Ukraine edge closer to joint plan to end war – with Moscow’s response uncertain,2025-12-24T13:37:53Z,885
technology/2025/dec/24/macron-eu-condemn-us-visa-bans-row-censorship-escalates,https://www.theguardian.com/technology/2025/dec/24/macron-eu-condemn-us-visa-bans-row-censorship-escalates,European leaders condemn US visa bans as row over ‘censorship’ escalates,2025-12-24T12:36:36Z,1176
business/2025/dec/24/tg-jones-brand-replaced-wh-smith-high-street,https://www.theguardian.com/business/2025/dec/24/tg-jones-brand-replaced-wh-smith-high-street,‘I’ll never say I’m popping to Jones’s’: shoppers yet to feel love for WH Smith’s high street replacement,2025-12-24T12:00:10Z,1165
world/2025/dec/24/ukraine-best-hope-russia-inches-forward-on-battlefield,https://www.theguardian.com/world/2025/dec/24/ukraine-best-hope-russia-inches-forward-on-battlefield,Ukraine’s best hope may lie elsewhere as Russia inches forward on the battlefield,2025-12-24T12:00:10Z,1025
world/2025/dec/24/wednesday-briefing-from-cranberries-to-christmas-how-the-climate-crisis-threatens-food-security,https://www.theguardian.com/world/2025/dec/24/wednesday-briefing-from-cranberries-to-christmas-how-the-climate-crisis-threatens-food-security,Wednesday briefing: What your Christmas cranberries reveal about the climate crisis,2025-12-24T06:45:03Z,1457
australia-news/2025/dec/24/afternoon-update-nsw-protest-laws-take-effect-trump-and-andrew-in-new-epstein-files-and-the-christmas-weather-forecast,https://www.theguardian.com/australia-news/2025/dec/24/afternoon-update-nsw-protest-laws-take-effect-trump-and-andrew-in-new-epstein-files-and-the-christmas-weather-forecast,Afternoon Update: NSW protest laws take effect; Trump and Andrew in new Epstein files; and the Christmas weather forecast,2025-12-24T05:44:09Z,540
world/2025/dec/24/militia-leader-murky-death-stanislav-orlov-russia-kremlin-control,https://www.theguardian.com/world/2025/dec/24/militia-leader-murky-death-stanislav-orlov-russia-kremlin-control,‘Warning to others’: murky death of militia leader as Kremlin reasserts control,2025-12-24T05:00:04Z,952
world/2025/dec/24/ukraine-war-briefing-pope-leo-expresses-great-sadness-at-russian-rejection-of-truce-calls,https://www.theguardian.com/world/2025/dec/24/ukraine-war-briefing-pope-leo-expresses-great-sadness-at-russian-rejection-of-truce-calls,Ukraine war briefing: Pope Leo expresses ‘great sadness’ at Russian rejection of truce calls,2025-12-24T04:22:33Z,702
commentisfree/2025/dec/23/the-guardian-view-on-the-festive-season-a-suffering-world-needs-messages-of-peace-hope-and-goodwill,https://www.theguardian.com/commentisfree/2025/dec/23/the-guardian-view-on-the-festive-season-a-suffering-world-needs-messages-of-peace-hope-and-goodwill,"The Guardian view on the festive season: a suffering world needs messages of peace, hope and goodwill",2025-12-23T18:30:49Z,620
world/2025/dec/23/ukrainian-cities-lose-power-in-winter-weather-after-russian-attacks,https://www.theguardian.com/world/2025/dec/23/ukrainian-cities-lose-power-in-winter-weather-after-russian-attacks,Russian attacks kill three and cut power to freezing Ukrainian regions,2025-12-23T16:29:46Z,612
uk-news/2025/dec/23/the-powerful-stories-that-won-awards-and-changed-lives-in-2025,https://www.theguardian.com/uk-news/2025/dec/23/the-powerful-stories-that-won-awards-and-changed-lives-in-2025,The powerful stories that won awards and changed lives in 2025,2025-12-23T15:07:24Z,698
world/2025/dec/23/the-second-china-shock-is-coming-and-the-uks-response-is-too-timid,https://www.theguardian.com/world/2025/dec/23/the-second-china-shock-is-coming-and-the-uks-response-is-too-timid,The second China shock is coming – and the UK’s response is too timid,2025-12-23T07:00:51Z,1019
politics/2025/dec/23/reform-uk-cap-aid-1bn-damage-britain-international-influence,https://www.theguardian.com/politics/2025/dec/23/reform-uk-cap-aid-1bn-damage-britain-international-influence,"Reform plan to cap aid at £1bn would damage UK’s international influence, critics warn",2025-12-23T07:00:51Z,651
world/2025/dec/23/ukraine-war-briefing-russian-forces-attack-odesa-twice-in-one-day,https://www.theguardian.com/world/2025/dec/23/ukraine-war-briefing-russian-forces-attack-odesa-twice-in-one-day,Ukraine war briefing: Russian forces attack Odesa twice in one day,2025-12-23T05:57:04Z,658
commentisfree/2025/dec/23/donald-trump-vladimir-putin-europe-russia-us,https://www.theguardian.com/commentisfree/2025/dec/23/donald-trump-vladimir-putin-europe-russia-us,Trump and Putin share a craving for status. That’s why they both want to destroy Europe ,2025-12-23T05:00:49Z,1052
world/2025/dec/23/russia-china-support-venezuela-trump-pressure-maduro,https://www.theguardian.com/world/2025/dec/23/russia-china-support-venezuela-trump-pressure-maduro,Russia and China pledge support for Venezuela as Trump ratchets up pressure on Maduro,2025-12-23T02:52:39Z,622
world/2025/dec/22/russian-general-fanil-sarvarov-killed-car-bomb-moscow-investigators-say,https://www.theguardian.com/world/2025/dec/22/russian-general-fanil-sarvarov-killed-car-bomb-moscow-investigators-say,"Russian general killed by car bomb in Moscow, say investigators",2025-12-22T18:52:54Z,686
world/2025/dec/22/frances-national-post-office-hit-by-suspected-cyberattack,https://www.theguardian.com/world/2025/dec/22/frances-national-post-office-hit-by-suspected-cyberattack,France’s national post office hit by suspected cyber-attack,2025-12-22T17:54:51Z,418
world/live/2025/dec/22/ukraine-russia-car-bomb-general-europe-latest-news-updates,https://www.theguardian.com/world/live/2025/dec/22/ukraine-russia-car-bomb-general-europe-latest-news-updates,EU Council says it has extended economic sanctions against Russia – as it happened,2025-12-22T15:26:32Z,3352
business/live/2025/dec/22/gold-silver-record-highs-rate-cut-bets-venezuela-tensions-uk-economy-business-live-news-updates,https://www.theguardian.com/business/live/2025/dec/22/gold-silver-record-highs-rate-cut-bets-venezuela-tensions-uk-economy-business-live-news-updates,Paramount sweetens bid for Warner Brothers with Ellison guarantee; UK economy growth downgraded – as it happened,2025-12-22T15:24:05Z,3072
us-news/2025/dec/22/neo-nazi-terror-the-base,https://www.theguardian.com/us-news/2025/dec/22/neo-nazi-terror-the-base,Neo-Nazi terror group steps up US operations as FBI pulls back,2025-12-22T14:00:31Z,883
artanddesign/2025/dec/22/the-best-design-and-architecture-of-2025,https://www.theguardian.com/artanddesign/2025/dec/22/the-best-design-and-architecture-of-2025,The best design and architecture of 2025 – from waddling teapots to a museum of razzle-dazzle ,2025-12-22T12:00:26Z,2231
us-news/2025/dec/22/first-thing-epstein-files-ghislaine-maxwell,https://www.theguardian.com/us-news/2025/dec/22/first-thing-epstein-files-ghislaine-maxwell,First Thing: Epstein files shed light on Ghislaine Maxwell’s tactics for luring teenagers ,2025-12-22T11:48:43Z,968
commentisfree/2025/dec/22/eu-vladimir-putin-ukraine-volodymyr-zelenskyy-russia-president,https://www.theguardian.com/commentisfree/2025/dec/22/eu-vladimir-putin-ukraine-volodymyr-zelenskyy-russia-president,The EU’s deeds as much as Putin’s words will ensure the war in Ukraine continues,2025-12-22T11:00:25Z,1078
world/2025/dec/22/teach-your-daughter-to-speak-polish-ukrainians-in-poland-face-growing-resentment,https://www.theguardian.com/world/2025/dec/22/teach-your-daughter-to-speak-polish-ukrainians-in-poland-face-growing-resentment,‘Teach your daughter to speak Polish’: Ukrainians in Poland face growing resentment ,2025-12-22T09:13:24Z,1238
science/2025/dec/22/can-you-solve-it-are-you-ready-for-twenty-twenty-sixseven,https://www.theguardian.com/science/2025/dec/22/can-you-solve-it-are-you-ready-for-twenty-twenty-sixseven,Can you solve it? Are you ready for twenty twenty-six…seven?,2025-12-22T07:10:20Z,240
global-development/ng-interactive/2025/dec/22/childbirth-under-attack-how-women-and-babies-became-targets-in-conflicts-around-the-world,https://www.theguardian.com/global-development/ng-interactive/2025/dec/22/childbirth-under-attack-how-women-and-babies-became-targets-in-conflicts-around-the-world,Childbirth under attack: how women and babies became targets in conflicts around the world,2025-12-22T07:00:21Z,1055
us-news/2025/dec/21/coast-guard-pursuing-oil-tanker-venezuela-coast,https://www.theguardian.com/us-news/2025/dec/21/coast-guard-pursuing-oil-tanker-venezuela-coast,US Coast Guard pursuing another oil tanker off coast of Venezuela,2025-12-22T03:54:29Z,652
us-news/2025/dec/22/trump-news-at-a-glance-justice-department-restores-epstein-files-image-featuring-trump-after-outcry,https://www.theguardian.com/us-news/2025/dec/22/trump-news-at-a-glance-justice-department-restores-epstein-files-image-featuring-trump-after-outcry,Trump news at a glance: justice department restores Epstein files image featuring Trump after outcry,2025-12-22T02:00:14Z,895
world/2025/dec/22/ukraine-war-briefing-kyivs-forces-battle-russian-push-to-break-through-in-sumy-region,https://www.theguardian.com/world/2025/dec/22/ukraine-war-briefing-kyivs-forces-battle-russian-push-to-break-through-in-sumy-region,Ukraine war briefing: Kyiv’s forces battle Russian push to break through in Sumy region,2025-12-22T01:33:39Z,758
commentisfree/2025/dec/21/the-guardian-view-on-labours-difficult-year-denial-of-hard-choices-is-no-longer-an-option,https://www.theguardian.com/commentisfree/2025/dec/21/the-guardian-view-on-labours-difficult-year-denial-of-hard-choices-is-no-longer-an-option,The Guardian view on Labour’s difficult year: denial of hard choices is no longer an option,2025-12-21T17:30:04Z,545
world/2025/dec/21/kremlin-russia-ukraine-war-end-changes-europe-miami-talks,https://www.theguardian.com/world/2025/dec/21/kremlin-russia-ukraine-war-end-changes-europe-miami-talks,Kremlin renews criticism of Europe’s efforts to amend US plan to end Ukraine war,2025-12-21T16:52:56Z,513
global-development/2025/dec/21/sweden-and-germany-slash-aid-budgets-to-focus-on-ukraine-and-defence-spending,https://www.theguardian.com/global-development/2025/dec/21/sweden-and-germany-slash-aid-budgets-to-focus-on-ukraine-and-defence-spending,Sweden and Germany slash aid budgets to focus on Ukraine and defence spending,2025-12-21T14:00:05Z,721
uk-news/2025/dec/21/norfolk-coast-oysters-project,https://www.theguardian.com/uk-news/2025/dec/21/norfolk-coast-oysters-project,Sea change: the drive to restore millions of oysters on the Norfolk coast,2025-12-21T13:00:02Z,763
world/2025/dec/21/alarm-over-exploding-rise-in-use-of-sanctions-busting-shadow-fleet,https://www.theguardian.com/world/2025/dec/21/alarm-over-exploding-rise-in-use-of-sanctions-busting-shadow-fleet,Alarm over ‘exploding’ rise in use of sanctions-busting shadow fleet,2025-12-21T11:33:26Z,1384
world/2025/dec/21/friedrich-merz-wants-berlin-to-be-a-geopolitical-hub-will-german-voters-reward-him,https://www.theguardian.com/world/2025/dec/21/friedrich-merz-wants-berlin-to-be-a-geopolitical-hub-will-german-voters-reward-him,Friedrich Merz wants Berlin to be a geopolitical hub. Will German voters reward him?,2025-12-21T09:29:46Z,1228
commentisfree/2025/dec/21/china-keir-starmer-jimmy-lai,https://www.theguardian.com/commentisfree/2025/dec/21/china-keir-starmer-jimmy-lai,China has set a bear trap for Keir Starmer – and our naive PM is walking straight into it ,2025-12-21T06:00:51Z,961
world/2025/dec/21/ukraine-war-briefing-russian-oil-rig-hit-in-caspian-sea-over-700km-from-ukraine,https://www.theguardian.com/world/2025/dec/21/ukraine-war-briefing-russian-oil-rig-hit-in-caspian-sea-over-700km-from-ukraine,Ukraine war briefing: Russian oil rig hit in Caspian Sea over 700km from Ukraine,2025-12-21T03:20:56Z,511
australia-news/2025/dec/21/australians-paying-gas-labor-government-new-scheme-prices,https://www.theguardian.com/australia-news/2025/dec/21/australians-paying-gas-labor-government-new-scheme-prices,Why are Australians paying so much for gas – and will Labor’s new scheme bring down prices?,2025-12-20T19:00:37Z,1016
us-news/2025/dec/20/favorite-news-moments,https://www.theguardian.com/us-news/2025/dec/20/favorite-news-moments,"A new pope, a mayoral victory and a drunk raccoon: Guardian US readers on their favorite news moments of 2025",2025-12-20T14:00:32Z,828
us-news/2025/dec/20/food-insecurity-restaurants-trump-economy,https://www.theguardian.com/us-news/2025/dec/20/food-insecurity-restaurants-trump-economy,"Caviar bumps, cost jumps: US consumers on how they’re dining in Trump’s economy",2025-12-20T13:00:32Z,2157
world/2025/dec/20/angels-and-ammo-conflict-seeps-into-everything-in-north-eastern-ukraine-even-a-nativity-play,https://www.theguardian.com/world/2025/dec/20/angels-and-ammo-conflict-seeps-into-everything-in-north-eastern-ukraine-even-a-nativity-play,The bleakest winter: Ukrainians face exhaustion and uncertainty as Trump demands concessions,2025-12-20T13:00:29Z,1615
business/2025/dec/20/jim-ratcliffe-chemical-firms-received-up-to-70m-of-uk-state-aid-in-last-four-years,https://www.theguardian.com/business/2025/dec/20/jim-ratcliffe-chemical-firms-received-up-to-70m-of-uk-state-aid-in-last-four-years,Jim Ratcliffe chemical firms received up to £70m of UK state aid in last four years,2025-12-20T11:00:27Z,666
politics/2025/dec/20/uk-aid-cuts-take-40-from-funds-to-counter-russian-threat-in-western-balkans,https://www.theguardian.com/politics/2025/dec/20/uk-aid-cuts-take-40-from-funds-to-counter-russian-threat-in-western-balkans,UK aid cuts take 40% from funds to counter Russian threat in western Balkans,2025-12-20T08:00:23Z,716
world/2025/dec/20/brussels-bike-ban-plan-for-pedestrian-zone-dangerous-and-absurd,https://www.theguardian.com/world/2025/dec/20/brussels-bike-ban-plan-for-pedestrian-zone-dangerous-and-absurd,Brussels bike ban plan for pedestrian zone ‘dangerous and absurd’ ,2025-12-20T07:39:41Z,818
world/2025/dec/20/the-volunteers-putting-their-bodies-between-israel-settlers-and-a-palestinian-village,https://www.theguardian.com/world/2025/dec/20/the-volunteers-putting-their-bodies-between-israel-settlers-and-a-palestinian-village,The volunteers putting their bodies between Israel settlers and a Palestinian village,2025-12-20T07:00:25Z,1575
world/2025/dec/20/ukraine-war-briefing-russian-missiles-strike-port-near-odesa-killing-seven-officials-say,https://www.theguardian.com/world/2025/dec/20/ukraine-war-briefing-russian-missiles-strike-port-near-odesa-killing-seven-officials-say,"Ukraine war briefing: Russian missiles strike port near Odesa, killing seven, officials say",2025-12-20T04:06:46Z,568
us-news/live/2025/dec/19/donald-trump-jeffrey-epstein-venezuela-immigration-north-carolina-rally-us-politics-live-news-updates,https://www.theguardian.com/us-news/live/2025/dec/19/donald-trump-jeffrey-epstein-venezuela-immigration-north-carolina-rally-us-politics-live-news-updates,Democrats vow to fight Trump officials’ plan to hold back some Epstein documents – as it happened,2025-12-19T21:05:11Z,7086
commentisfree/2025/dec/19/year-heroes-light-palestinians-hamas-bondi-beach,https://www.theguardian.com/commentisfree/2025/dec/19/year-heroes-light-palestinians-hamas-bondi-beach,"At the dark end of a brutal year, I’m grateful to these heroes for showing us the light",2025-12-19T19:32:27Z,1445
world/live/2025/dec/19/ukraine-war-live-zelenskyy-european-union-agreement-90bn-loan-deal-kyiv,https://www.theguardian.com/world/live/2025/dec/19/ukraine-war-live-zelenskyy-european-union-agreement-90bn-loan-deal-kyiv,Zelenskyy and Polish PM hail EU’s €90bn loan: ‘Scariest thing for Russians is when we’re together’ – as it happened,2025-12-19T17:30:53Z,6847
world/2025/dec/19/europe-mustnt-build-its-own-house-of-dynamite,https://www.theguardian.com/world/2025/dec/19/europe-mustnt-build-its-own-house-of-dynamite,Europe mustn’t build its own house of dynamite,2025-12-19T17:12:24Z,634
us-news/2025/dec/19/epstein-files-release-doj-december-deadline,https://www.theguardian.com/us-news/2025/dec/19/epstein-files-release-doj-december-deadline,Epstein files to be released after months of delays from Trump officials,2025-12-19T14:38:35Z,1025
world/2025/dec/19/ukraine-attacks-russian-shadow-tanker-off-libyan-coast,https://www.theguardian.com/world/2025/dec/19/ukraine-attacks-russian-shadow-tanker-off-libyan-coast,Ukraine attacks Russian ‘shadow’ tanker off Libyan coast,2025-12-19T14:37:39Z,829
politics/live/2025/dec/19/labour-reform-conservatives-tories-lib-dems-uk-politics-latest-news-updates,https://www.theguardian.com/politics/live/2025/dec/19/labour-reform-conservatives-tories-lib-dems-uk-politics-latest-news-updates,"UK politics: ‘Not clear’ who was behind FCDO hack, says minister, amid reports of China link – as it happened",2025-12-19T14:22:58Z,2306
world/2025/dec/19/eu-ukraine-loan-plan-b-frozen-russian-assets,https://www.theguardian.com/world/2025/dec/19/eu-ukraine-loan-plan-b-frozen-russian-assets,"EU’s Ukraine loan may have been Plan B, but don’t underestimate its significance to the bloc",2025-12-19T13:36:33Z,756
tv-and-radio/2025/dec/19/the-night-manager-series-2-bbc,https://www.theguardian.com/tv-and-radio/2025/dec/19/the-night-manager-series-2-bbc,‘We’re your dream throuple!’ The Night Manager is back – and it’s even steamier,2025-12-19T13:00:01Z,1783
us-news/2025/dec/19/first-thing-brown-university-shooting-suspect-died-from-self-inflicted-gunshot-wound-officials-say,https://www.theguardian.com/us-news/2025/dec/19/first-thing-brown-university-shooting-suspect-died-from-self-inflicted-gunshot-wound-officials-say,"First Thing: Brown University shooting suspect died from self-inflicted gunshot wound, officials say",2025-12-19T12:38:41Z,1039
world/2025/dec/19/ukraine-deal-latest-europe-leaders-loan-zelenskyy,https://www.theguardian.com/world/2025/dec/19/ukraine-deal-latest-europe-leaders-loan-zelenskyy,"Ukraine deal: EU leaders agree €90bn loan, but without use of frozen Russian assets",2025-12-19T09:47:33Z,909
world/2025/dec/19/friday-briefing-why-the-search-for-britains-missing-tv-is-running-out-of-time,https://www.theguardian.com/world/2025/dec/19/friday-briefing-why-the-search-for-britains-missing-tv-is-running-out-of-time,Friday briefing: Why the search for Britain’s missing TV is running out of time,2025-12-19T06:50:36Z,2557
australia-news/2025/dec/19/afternoon-update-friday-ntwnfb,https://www.theguardian.com/australia-news/2025/dec/19/afternoon-update-friday-ntwnfb,Afternoon Update: biggest gun buyback in 30 years; ‘far too broad’ NSW protest laws; and Head hits another Ashes ton,2025-12-19T06:06:12Z,569
commentisfree/2025/dec/19/2025-reform-uk-nigel-farage,https://www.theguardian.com/commentisfree/2025/dec/19/2025-reform-uk-nigel-farage,My lesson from 2025: Reform is much more vulnerable than it appears,2025-12-19T06:00:57Z,1126
commentisfree/2025/dec/19/europe-middle-east-syria-iraq-lebanon-donald-trump,https://www.theguardian.com/commentisfree/2025/dec/19/europe-middle-east-syria-iraq-lebanon-donald-trump,"Europe has lost all credibility in the Middle East. The way to regain it lies in Syria, Iraq and Lebanon ",2025-12-19T05:00:51Z,1006
australia-news/2025/dec/19/boris-sofia-gurman-couple-confronted-bondi-shooters-funeral,https://www.theguardian.com/australia-news/2025/dec/19/boris-sofia-gurman-couple-confronted-bondi-shooters-funeral,"‘You felt their presence’: Boris and Sofia Gurman, couple who attempted to stop Bondi shooters, farewelled at emotional funeral",2025-12-19T04:16:24Z,658
world/2025/dec/19/ukraine-war-briefing-hungary-agrees-to-allow-eu-loan-to-kyiv-but-will-not-contribute,https://www.theguardian.com/world/2025/dec/19/ukraine-war-briefing-hungary-agrees-to-allow-eu-loan-to-kyiv-but-will-not-contribute,Ukraine war briefing: Hungary agrees to allow EU loan to Kyiv but will not contribute,2025-12-19T03:46:03Z,667
us-news/live/2025/dec/18/us-politics-live-venezuela-russia-strikes-trump-news-updates,https://www.theguardian.com/us-news/live/2025/dec/18/us-politics-live-venezuela-russia-strikes-trump-news-updates,Trump’s justice department reportedly racing to redact documents ahead of deadline to release Epstein files – as it happened,2025-12-19T03:00:11Z,7743
australia-news/2025/dec/19/morning-mail-friday-ntwnfb,https://www.theguardian.com/australia-news/2025/dec/19/morning-mail-friday-ntwnfb,"Morning Mail: cautious welcome for plan to tackle hate speech, seven detained in Sydney operation, England’s Snicko woe",2025-12-18T20:05:39Z,967
world/2025/dec/18/denmark-says-russia-was-behind-two-destructive-and-disruptive-cyber-attacks,https://www.theguardian.com/world/2025/dec/18/denmark-says-russia-was-behind-two-destructive-and-disruptive-cyber-attacks,Denmark says Russia was behind two ‘destructive and disruptive’ cyber-attacks,2025-12-18T19:19:08Z,427
politics/2025/dec/18/starmer-appoints-career-diplomat-christian-turner-us-ambassador,https://www.theguardian.com/politics/2025/dec/18/starmer-appoints-career-diplomat-christian-turner-us-ambassador,Keir Starmer appoints career diplomat Christian Turner as US ambassador,2025-12-18T18:45:14Z,518
commentisfree/2025/dec/18/the-guardian-view-on-the-eu-and-ukraine-a-moment-of-truth-for-brussels-and-kyiv,https://www.theguardian.com/commentisfree/2025/dec/18/the-guardian-view-on-the-eu-and-ukraine-a-moment-of-truth-for-brussels-and-kyiv,The Guardian view on the EU and Ukraine: a moment of truth for Brussels and Kyiv,2025-12-18T18:27:48Z,613
world/live/2025/dec/18/eu-frozen-russian-assets-ukraine-war-europe-latest-news-updates,https://www.theguardian.com/world/live/2025/dec/18/eu-frozen-russian-assets-ukraine-war-europe-latest-news-updates,"Ukraine may need to cut drone production if no deal reached on frozen Russian assets, says Zelenskyy – as it happened",2025-12-18T17:59:16Z,5202
politics/live/2025/dec/18/violence-women-girls-strategy-labour-conservatives-badenoch-starmer-latest-news-updates,https://www.theguardian.com/politics/live/2025/dec/18/violence-women-girls-strategy-labour-conservatives-badenoch-starmer-latest-news-updates,Badenoch says teaching boys about misogyny shouldn’t be a priority because migrants more dangerous to women and girls – as it happened,2025-12-18T17:49:41Z,7271
world/2025/dec/18/eu-leaders-summit-funding-deal-for-ukraine,https://www.theguardian.com/world/2025/dec/18/eu-leaders-summit-funding-deal-for-ukraine,‘Money today or blood tomorrow’: EU leaders race to secure deal for Ukraine,2025-12-18T17:38:51Z,968
world/2025/dec/18/us-announces-more-than-10bn-of-arms-sales-to-taiwan,https://www.theguardian.com/world/2025/dec/18/us-announces-more-than-10bn-of-arms-sales-to-taiwan,US announces more than $10bn of arms sales to Taiwan,2025-12-18T15:01:11Z,736
environment/2025/dec/18/massive-disruption-uk-worst-case-climate-crisis-risks,https://www.theguardian.com/environment/2025/dec/18/massive-disruption-uk-worst-case-climate-crisis-risks,‘Massive disruption’: UK’s worst-case climate crisis scenarios revealed by scientists,2025-12-18T14:00:02Z,785
us-news/2025/dec/18/first-thing-us-military-strike-pacific-boat,https://www.theguardian.com/us-news/2025/dec/18/first-thing-us-military-strike-pacific-boat,"First Thing: US military announces strike on Pacific boat that kills four, taking death toll to 99",2025-12-18T11:53:41Z,915
film/2025/dec/18/mstyslav-chernov-ukraine-invasion-2000-meters-to-andriivka,https://www.theguardian.com/film/2025/dec/18/mstyslav-chernov-ukraine-invasion-2000-meters-to-andriivka,Film-maker Mstyslav Chernov: ‘I kept seeing Ukraine as a victim of this invasion – I wanted to tell another story’,2025-12-18T09:35:09Z,1095
australia-news/2025/dec/18/amid-a-sea-of-bees-mourners-flow-out-the-door-to-pay-tribute-to-matilda-the-youngest-victim-of-the-bondi-attack-ntwnfb,https://www.theguardian.com/australia-news/2025/dec/18/amid-a-sea-of-bees-mourners-flow-out-the-door-to-pay-tribute-to-matilda-the-youngest-victim-of-the-bondi-attack-ntwnfb,"Amid a sea of bees, mourners flow out the door to pay tribute to Matilda, the youngest victim of the Bondi attack",2025-12-18T08:57:03Z,953
world/2025/dec/18/thursday-briefing-how-pay-erosion-and-job-shortages-pushed-doctors-to-strike-again-amid-winter-flu-surge,https://www.theguardian.com/world/2025/dec/18/thursday-briefing-how-pay-erosion-and-job-shortages-pushed-doctors-to-strike-again-amid-winter-flu-surge,Thursday briefing: How pay erosion and job shortages pushed doctors to strike again amid winter flu surge,2025-12-18T06:52:23Z,2099
world/2025/dec/18/eu-frozen-russian-assets-fund-ukraine-defence,https://www.theguardian.com/world/2025/dec/18/eu-frozen-russian-assets-fund-ukraine-defence,EU leaders urged to use frozen Russian assets to fund Ukraine’s defence,2025-12-18T05:00:27Z,939
us-news/live/2025/dec/17/donald-trump-venezuela-oil-jack-smith-fcc-jimmy-kimmel-us-politics-live-news-updates,https://www.theguardian.com/us-news/live/2025/dec/17/donald-trump-venezuela-oil-jack-smith-fcc-jimmy-kimmel-us-politics-live-news-updates,"US military says it carried out lethal strike on vessel in Pacific, killing four, as Trump addresses country – as it happened",2025-12-18T02:51:25Z,8362
world/2025/dec/18/ukraine-war-briefing-drones-strike-tanker-in-russian-port-local-officials-say,https://www.theguardian.com/world/2025/dec/18/ukraine-war-briefing-drones-strike-tanker-in-russian-port-local-officials-say,"Ukraine war briefing: Drones strike tanker in Russian port, local officials say",2025-12-18T02:22:07Z,620
us-news/2025/dec/18/trump-administration-latest-news-updates,https://www.theguardian.com/us-news/2025/dec/18/trump-administration-latest-news-updates,"Trump news at a glance: Dan Bongino ‘wants to go back to his show’ says president, as deputy FBI director resigns",2025-12-18T01:54:07Z,669
australia-news/2025/dec/17/we-must-be-strong-the-words-of-holocaust-survivor-and-bondi-terror-victim-alex-kleytman-live-on,https://www.theguardian.com/australia-news/2025/dec/17/we-must-be-strong-the-words-of-holocaust-survivor-and-bondi-terror-victim-alex-kleytman-live-on,‘We must be strong’: the words of Holocaust survivor and Bondi terror victim Alex Kleytman live on,2025-12-17T22:56:04Z,875
australia-news/2025/dec/18/morning-mail-thursday-ntwnfb,https://www.theguardian.com/australia-news/2025/dec/18/morning-mail-thursday-ntwnfb,"Morning Mail: what alleged Bondi gunmen did in the Philippines, praise for young survivor, Aukus lobbying questions",2025-12-17T20:16:03Z,1053
world/live/2025/dec/17/ukraine-russia-war-eu-european-council-frozen-assets-zelenskyy-europe-live-news,https://www.theguardian.com/world/live/2025/dec/17/ukraine-russia-war-eu-european-council-frozen-assets-zelenskyy-europe-live-news,Putin calls European leaders ‘little pigs’ and says Russia will achieve Ukraine goals by diplomacy or force - as it happened,2025-12-17T18:26:03Z,5674
politics/live/2025/dec/17/uk-politics-live-eu-erasmus-scheme-labour-conservatives-doctors-strike-wes-streeting-latest-news-updates,https://www.theguardian.com/politics/live/2025/dec/17/uk-politics-live-eu-erasmus-scheme-labour-conservatives-doctors-strike-wes-streeting-latest-news-updates,"£570m cost of Erasmus is ‘money coming back to UK’, says minister – as it happened ",2025-12-17T17:40:17Z,7378
world/2025/dec/17/belgian-politicians-finance-bosses-targeted-russian-intelligence-seized-assets,https://www.theguardian.com/world/2025/dec/17/belgian-politicians-finance-bosses-targeted-russian-intelligence-seized-assets,Belgian politicians and finance bosses targeted by Russian intelligence over seized assets,2025-12-17T17:37:30Z,902
music/2025/dec/17/nazis-ode-to-joy-happy-birthday-beethoven-shostakovich-putin,https://www.theguardian.com/music/2025/dec/17/nazis-ode-to-joy-happy-birthday-beethoven-shostakovich-putin,Even Happy Birthday has a dark side: my quest to tell the history of the world in 50 pieces of music,2025-12-17T16:04:52Z,1482
world/2025/dec/17/what-action-is-trump-taking-against-venezuela-oil-industry,https://www.theguardian.com/world/2025/dec/17/what-action-is-trump-taking-against-venezuela-oil-industry,What action is Trump taking against Venezuela’s oil industry?,2025-12-17T15:35:18Z,678
world/2025/dec/17/arguments-frozen-russian-assets-support-ukraine,https://www.theguardian.com/world/2025/dec/17/arguments-frozen-russian-assets-support-ukraine,What is the row about the EU using frozen Russian assets to support Ukraine?,2025-12-17T15:17:14Z,1040
business/live/2025/dec/17/uk-inflation-slows-sharply-blower-food-prices-grangemouth-investment-business-live,https://www.theguardian.com/business/live/2025/dec/17/uk-inflation-slows-sharply-blower-food-prices-grangemouth-investment-business-live,Reeves defends Grangemouth intervention; Warner Bros urges investors to reject $108bn Paramount bid – as it happened,2025-12-17T15:10:55Z,5985
world/2025/dec/17/uk-will-transfer-abramovich-cash-from-sale-of-chelsea-to-ukraine-fund-starmer-says,https://www.theguardian.com/world/2025/dec/17/uk-will-transfer-abramovich-cash-from-sale-of-chelsea-to-ukraine-fund-starmer-says,UK gives Abramovich final warning to transfer £2.5bn to Ukraine fund,2025-12-17T14:52:15Z,788
society/2025/dec/17/new-flu-strain-sweeping-across-europe-is-putting-pressure-on-healthcare-says-who,https://www.theguardian.com/society/2025/dec/17/new-flu-strain-sweeping-across-europe-is-putting-pressure-on-healthcare-says-who,"New flu strain putting severe pressure on healthcare across Europe, says WHO",2025-12-17T12:38:55Z,527
australia-news/live/2025/dec/17/bondi-beach-shooting-live-updates-victims-terror-attack-jewish-festival-al-ahmed-sajid-naveed-akram-shooters-india-radicalisation-gun-control-ntwnfb,https://www.theguardian.com/australia-news/live/2025/dec/17/bondi-beach-shooting-live-updates-victims-terror-attack-jewish-festival-al-ahmed-sajid-naveed-akram-shooters-india-radicalisation-gun-control-ntwnfb,PM says ‘we grieve for the light and laughter so many have lost’ – as it happened,2025-12-17T09:43:58Z,19106
uk-news/2025/dec/17/ukrainian-fled-war-anna-bilonozhenko-liverpool-parade-attack-traumatic-experience,https://www.theguardian.com/uk-news/2025/dec/17/ukrainian-fled-war-anna-bilonozhenko-liverpool-parade-attack-traumatic-experience,Ukrainian who fled war says Liverpool attack was one of her ‘most traumatic experiences’,2025-12-17T09:35:55Z,620
commentisfree/2025/dec/17/keir-starmer-brexit-europe-labour-rivals,https://www.theguardian.com/commentisfree/2025/dec/17/keir-starmer-brexit-europe-labour-rivals," A warning for Keir Starmer from his own past: if you’re not bold on Brexit and Europe, your Labour rivals will be",2025-12-17T08:00:28Z,1256
australia-news/2025/dec/15/what-we-know-about-the-victims-of-the-bondi-beach-terror-attack,https://www.theguardian.com/australia-news/2025/dec/15/what-we-know-about-the-victims-of-the-bondi-beach-terror-attack,"Holocaust survivor, London-born rabbi and 10-year-old girl among those killed in Bondi attack",2025-12-17T06:48:18Z,2254
commentisfree/2025/dec/17/vladimir-putin-democracy-west-weakness-russia-chaos,https://www.theguardian.com/commentisfree/2025/dec/17/vladimir-putin-democracy-west-weakness-russia-chaos,Putin thinks democracy is the west’s weakness. We have to prove him wrong,2025-12-17T06:00:26Z,1291
commentisfree/2025/dec/17/europe-donald-trump-ai-bubble-us-economy-eu,https://www.theguardian.com/commentisfree/2025/dec/17/europe-donald-trump-ai-bubble-us-economy-eu,This is Europe’s secret weapon against Trump: it could burst his AI bubble,2025-12-17T05:00:25Z,956
world/2025/dec/17/east-of-zaporizhzhia-ukraines-drone-crews-face-endless-battle-to-hold-the-line,https://www.theguardian.com/world/2025/dec/17/east-of-zaporizhzhia-ukraines-drone-crews-face-endless-battle-to-hold-the-line,East of Zaporizhzhia Ukraine’s drone crews face endless battle to hold the line,2025-12-17T05:00:25Z,1203
world/2025/dec/17/ukraine-war-briefing-peacekeepers-could-repel-russian-forces-under-ceasefire-plan-says-merz,https://www.theguardian.com/world/2025/dec/17/ukraine-war-briefing-peacekeepers-could-repel-russian-forces-under-ceasefire-plan-says-merz,"Ukraine war briefing: Peacekeepers could repel Russian forces under ceasefire plan, says Merz",2025-12-17T00:44:40Z,505
australia-news/2025/dec/17/bondi-beach-terror-attack-indian-family-of-sajid-akram-ntwnfb,https://www.theguardian.com/australia-news/2025/dec/17/bondi-beach-terror-attack-indian-family-of-sajid-akram-ntwnfb,"Bondi beach terror attack: Sajid Akram’s family in India unaware of alleged ‘radical mindset’, local officials say",2025-12-16T21:30:28Z,666
australia-news/2025/dec/17/morning-mail-wednesday-ntwnfb,https://www.theguardian.com/australia-news/2025/dec/17/morning-mail-wednesday-ntwnfb,"Morning Mail: ‘Remember her name’ plead youngest Bondi victim’s parents, Syria hails hometown hero, gunmen’s Philippines connection",2025-12-16T19:43:34Z,1049
world/2025/dec/16/ukraine-russia-peace-plans-zelenskyy-berlin-talks-putin,https://www.theguardian.com/world/2025/dec/16/ukraine-russia-peace-plans-zelenskyy-berlin-talks-putin,"Peace plans ready to be presented to Russia in days, says Zelenskyy",2025-12-16T18:13:53Z,979
politics/live/2025/dec/16/donald-trump-bbc-lawsuit-keir-starmer-kemi-badenoch-reaction-latest-news-updates,https://www.theguardian.com/politics/live/2025/dec/16/donald-trump-bbc-lawsuit-keir-starmer-kemi-badenoch-reaction-latest-news-updates,UK politics: Employment rights bill set to become law after Lords backing – as it happened,2025-12-16T17:43:17Z,7881
politics/2025/dec/16/uk-foreign-interference-threat-elections-analysis,https://www.theguardian.com/politics/2025/dec/16/uk-foreign-interference-threat-elections-analysis,How far must UK go to fend off threat of foreign interference in its elections?,2025-12-16T16:54:47Z,771
world/live/2025/dec/16/ukraine-peace-talks-russia-europe-us-trump-latest-news-updates,https://www.theguardian.com/world/live/2025/dec/16/ukraine-peace-talks-russia-europe-us-trump-latest-news-updates,European leaders sign treaty establishing Ukraine war damages body – as it happened,2025-12-16T16:16:34Z,4660
world/2025/dec/16/green-groups-eu-betrayal-vote-reduce-oversight-firms,https://www.theguardian.com/world/2025/dec/16/green-groups-eu-betrayal-vote-reduce-oversight-firms,Green groups decry EU ‘betrayal’ after vote to reduce oversight of firms,2025-12-16T16:10:25Z,584
uk-news/2025/dec/16/man-who-drove-into-liverpool-fc-parade-jailed-paul-doyle,https://www.theguardian.com/uk-news/2025/dec/16/man-who-drove-into-liverpool-fc-parade-jailed-paul-doyle,Man who drove into Liverpool FC parade jailed for more than 21 years,2025-12-16T15:15:05Z,783
business/live/2025/dec/16/uk-jobs-market-unemployment-rises-wage-growth-slows-us-payrolls-economics-business-live-news-updates,https://www.theguardian.com/business/live/2025/dec/16/uk-jobs-market-unemployment-rises-wage-growth-slows-us-payrolls-economics-business-live-news-updates,"Unemployment rises in US and UK, adding to pressure to cut interest rates – as it happened",2025-12-16T14:48:21Z,5492
money/2025/dec/16/fuel-retailers-savings-oil-prices-fall-barrel,https://www.theguardian.com/money/2025/dec/16/fuel-retailers-savings-oil-prices-fall-barrel,UK fuel retailers urged to pass on savings as oil prices fall below $60 a barrel,2025-12-16T14:14:35Z,457
us-news/2025/dec/16/first-thing-donald-trump-sues-bbc-for-up-to-10bn-over-january-6-speech-edit,https://www.theguardian.com/us-news/2025/dec/16/first-thing-donald-trump-sues-bbc-for-up-to-10bn-over-january-6-speech-edit,First Thing: Donald Trump sues BBC for up to $10bn over January 6 speech edit,2025-12-16T13:14:31Z,1093
australia-news/2025/dec/16/remember-her-name-heartbreak-in-bondi-as-huge-crowd-mourns-matilda,https://www.theguardian.com/australia-news/2025/dec/16/remember-her-name-heartbreak-in-bondi-as-huge-crowd-mourns-matilda,‘Remember her name’: heartbreak in Bondi as huge crowd mourns Matilda,2025-12-16T12:32:32Z,1136
commentisfree/2025/dec/16/europe-soaked-economic-pessimism-far-right-rise,https://www.theguardian.com/commentisfree/2025/dec/16/europe-soaked-economic-pessimism-far-right-rise,"Europe is a continent soaked in economic pessimism. Until we change that, the far right will rise and rise",2025-12-16T12:22:08Z,942
uk-news/2025/dec/16/uk-spying-laws-could-result-in-overreach-real-harm-review,https://www.theguardian.com/uk-news/2025/dec/16/uk-spying-laws-could-result-in-overreach-real-harm-review,"UK spying laws could result in overreach and real harm, says review",2025-12-16T12:03:19Z,672
australia-news/live/2025/dec/16/bondi-beach-shooting-live-updates-victims-terror-attack-jewish-festival-hanukah-al-ahmed-hero-gun-control-ntwnfb,https://www.theguardian.com/australia-news/live/2025/dec/16/bondi-beach-shooting-live-updates-victims-terror-attack-jewish-festival-hanukah-al-ahmed-hero-gun-control-ntwnfb,"Bondi attack: ‘I couldn’t imagine I would lose my daughter here,’ says mother of youngest victim Matilda – as it happened",2025-12-16T11:50:14Z,17471
world/2025/dec/16/south-africa-russia-men-tricked-fighting-ukraine,https://www.theguardian.com/world/2025/dec/16/south-africa-russia-men-tricked-fighting-ukraine,South Africa in talks with Russia over men ‘tricked’ into fighting in Ukraine,2025-12-16T09:08:39Z,503
world/2025/dec/16/monday-briefing-polar-bear-dna-arctic-climate-crisis-helena-horton,https://www.theguardian.com/world/2025/dec/16/monday-briefing-polar-bear-dna-arctic-climate-crisis-helena-horton,Tuesday briefing: What polar bear DNA tells us about a warming Arctic,2025-12-16T06:50:14Z,1869
us-news/live/2025/dec/15/ilhan-omar-trump-immigration-politics-latest-updates,https://www.theguardian.com/us-news/live/2025/dec/15/ilhan-omar-trump-immigration-politics-latest-updates,Trump files up to $10bn lawsuit against BBC over edit of Capitol speech – as it happened,2025-12-16T03:05:36Z,6646
world/2025/dec/16/ukraine-war-briefing-us-offers-nato-style-security-guarantees,https://www.theguardian.com/world/2025/dec/16/ukraine-war-briefing-us-offers-nato-style-security-guarantees,Ukraine war briefing: US offers Nato-style security guarantees to Kyiv,2025-12-16T02:10:32Z,850
us-news/2025/dec/16/trump-administration-latest-news-today,https://www.theguardian.com/us-news/2025/dec/16/trump-administration-latest-news-today,Trump news at a glance: US president condemned over comments about Rob Reiner,2025-12-16T01:15:52Z,811
world/2025/dec/15/what-did-ukraine-peace-talks-in-berlin-achieve-and-what-happens-next,https://www.theguardian.com/world/2025/dec/15/what-did-ukraine-peace-talks-in-berlin-achieve-and-what-happens-next,What did Ukraine peace talks in Berlin achieve – and what happens next?,2025-12-16T00:50:46Z,582
world/live/2025/dec/15/ukraine-us-russia-berlin-nato-eu-russian-funds-steve-witkoff-volodymyr-zelenskyy-vladimir-putin-europe-live-news,https://www.theguardian.com/world/live/2025/dec/15/ukraine-us-russia-berlin-nato-eu-russian-funds-steve-witkoff-volodymyr-zelenskyy-vladimir-putin-europe-live-news,European leaders propose ‘multinational force’ and hail ‘significant progress’ on Ukraine talks – as it happened,2025-12-15T21:29:30Z,6388
world/2025/dec/15/ukraine-talks-european-leaders-meet-berlin-starmer-macron-zelenskyy-merz-us-witkoff,https://www.theguardian.com/world/2025/dec/15/ukraine-talks-european-leaders-meet-berlin-starmer-macron-zelenskyy-merz-us-witkoff,Europe ready to lead ‘multinational force’ in Ukraine as part of US peace plan,2025-12-15T21:26:45Z,1606
australia-news/2025/dec/16/morning-mail-tuesday-ntwnfb,https://www.theguardian.com/australia-news/2025/dec/16/morning-mail-tuesday-ntwnfb,Morning Mail: data reveals Sydney’s ‘frightening concentration’ of guns ahead of Bondi attack; Rob Reiner’s son arrested over death,2025-12-15T19:54:34Z,1087
commentisfree/2025/dec/15/the-guardian-view-on-combating-europes-national-populists-protect-the-less-well-off-from-the-winds-of-change,https://www.theguardian.com/commentisfree/2025/dec/15/the-guardian-view-on-combating-europes-national-populists-protect-the-less-well-off-from-the-winds-of-change,The Guardian view on combating Europe’s national populists: protect the less well-off from the winds of change,2025-12-15T19:23:19Z,539
politics/2025/dec/15/no-news-whatsoever-as-keir-bores-everyone-to-death-hes-a-natural,https://www.theguardian.com/politics/2025/dec/15/no-news-whatsoever-as-keir-bores-everyone-to-death-hes-a-natural,No news whatsoever as Keir bores everyone to death. He’s a natural,2025-12-15T18:22:11Z,1156
politics/live/2025/dec/15/domestic-abuse-survivors-keir-starmer-labour-rishi-sunak-covid-uk-politics-live-news,https://www.theguardian.com/politics/live/2025/dec/15/domestic-abuse-survivors-keir-starmer-labour-rishi-sunak-covid-uk-politics-live-news,UK politics: Polanski claims Green support surging in London as five Labour councillors defect in Brent – as it happened,2025-12-15T18:07:50Z,8075
world/2025/dec/15/russia-ukraine-deal-security-guarantees-starmer,https://www.theguardian.com/world/2025/dec/15/russia-ukraine-deal-security-guarantees-starmer,"Any Russia-Ukraine deal is doomed without security guarantees, says Starmer",2025-12-15T17:58:59Z,572
uk-news/2025/dec/15/britain-caught-in-space-between-peace-and-war-new-head-of-mi6-warns,https://www.theguardian.com/uk-news/2025/dec/15/britain-caught-in-space-between-peace-and-war-new-head-of-mi6-warns,"Britain caught in ‘space between peace and war’, says new head of MI6 ",2025-12-15T17:08:50Z,859
environment/2025/dec/15/alpine-glaciers-rate-extinction-climate-crisis,https://www.theguardian.com/environment/2025/dec/15/alpine-glaciers-rate-extinction-climate-crisis,Glaciers to reach peak rate of extinction in the Alps in eight years,2025-12-15T16:00:56Z,851
business/live/2025/dec/15/uk-house-prices-2026-forecast-affordability-improves-stock-market-pound-business-live-news-updates,https://www.theguardian.com/business/live/2025/dec/15/uk-house-prices-2026-forecast-affordability-improves-stock-market-pound-business-live-news-updates,UK house prices tipped to rise by up to 4% in 2026 as affordability improves – as it happened,2025-12-15T15:36:45Z,3257
uk-news/2025/dec/15/man-drove-liverpool-fc-parade-rage-court-told-paul-doyle,https://www.theguardian.com/uk-news/2025/dec/15/man-drove-liverpool-fc-parade-rage-court-told-paul-doyle,"Man who drove into Liverpool FC parade was ‘in a rage’, court told ",2025-12-15T14:03:15Z,766
australia-news/live/2025/dec/14/bondi-beach-shooting-live-updates-victims-terror-attack-jewish-festival-hanukah,https://www.theguardian.com/australia-news/live/2025/dec/14/bondi-beach-shooting-live-updates-victims-terror-attack-jewish-festival-hanukah,Bondi attack: vigils held as more than A$1m raised for man who tackled shooter – as it happened,2025-12-15T13:43:36Z,24790
world/2025/dec/15/russia-damages-euroclear-seized-assets-eu-ukraine,https://www.theguardian.com/world/2025/dec/15/russia-damages-euroclear-seized-assets-eu-ukraine,Russia seeks $230bn in damages from Euroclear over seized assets,2025-12-15T12:44:10Z,544
us-news/2025/dec/15/first-thing-father-and-son-allegedly-used-licensed-firearms-in-bondi-beach-terror-attack,https://www.theguardian.com/us-news/2025/dec/15/first-thing-father-and-son-allegedly-used-licensed-firearms-in-bondi-beach-terror-attack,First Thing: Father and son allegedly used licensed firearms in Bondi beach terror attack,2025-12-15T11:13:27Z,1080
commentisfree/2025/dec/15/trump-venezuela-repeat-past-mistakes,https://www.theguardian.com/commentisfree/2025/dec/15/trump-venezuela-repeat-past-mistakes,Trump’s approach to Venezuela repeats the mistakes of the past,2025-12-15T11:00:28Z,1130
society/2025/dec/15/europe-housing-costs-new-pandemic-barcelona-mayor-eu-funding,https://www.theguardian.com/society/2025/dec/15/europe-housing-costs-new-pandemic-barcelona-mayor-eu-funding,"Europe’s housing costs akin to ‘new pandemic’, warns Barcelona mayor",2025-12-15T10:11:12Z,665
football/2025/dec/15/premier-league-10-talking-points-from-the-weekends-action,https://www.theguardian.com/football/2025/dec/15/premier-league-10-talking-points-from-the-weekends-action,Premier League: 10 talking points from the weekend’s action,2025-12-15T08:00:27Z,1727
commentisfree/2025/dec/15/trump-takeover-kennedy-center-warning-uk-arts-institutions,https://www.theguardian.com/commentisfree/2025/dec/15/trump-takeover-kennedy-center-warning-uk-arts-institutions,Trump’s takeover of the Kennedy Center should serve as a warning to UK arts institutions,2025-12-15T08:00:26Z,1111
australia-news/2025/dec/15/afternoon-update-monday-ntwnfb,https://www.theguardian.com/australia-news/2025/dec/15/afternoon-update-monday-ntwnfb,Afternoon Update: PM puts gun laws on agenda; tales of heroism from Bondi; and how to look after yourself in the wake of the attack,2025-12-15T05:45:01Z,583
world/2025/dec/15/assad-family-live-in-russian-luxury-as-bashar-brushes-up-on-ophthalmology,https://www.theguardian.com/world/2025/dec/15/assad-family-live-in-russian-luxury-as-bashar-brushes-up-on-ophthalmology,Assad family live in Russian luxury as Bashar ‘brushes up on ophthalmology’,2025-12-15T05:00:24Z,1584
global-development/2025/dec/15/ukrainian-ukraine-lawyer-campaign-rescue-children-stolen-russia,https://www.theguardian.com/global-development/2025/dec/15/ukrainian-ukraine-lawyer-campaign-rescue-children-stolen-russia,‘Law is the only weapon I have’: a Ukrainian lawyer’s campaign to rescue the children stolen by Russia,2025-12-15T05:00:22Z,914
world/2025/dec/15/ukraine-war-briefing-britains-spy-chief-to-warn-of-russias-expansionist-threat-as-berlin-talks-enter-second-day,https://www.theguardian.com/world/2025/dec/15/ukraine-war-briefing-britains-spy-chief-to-warn-of-russias-expansionist-threat-as-berlin-talks-enter-second-day,Ukraine war briefing: Britain’s spy chief to warn of Russia’s ‘expansionist threat’ as Berlin talks enter second day,2025-12-15T01:36:31Z,737
uk-news/2025/dec/15/new-mi6-head-blaise-metreweli-speech-russia-threat,https://www.theguardian.com/uk-news/2025/dec/15/new-mi6-head-blaise-metreweli-speech-russia-threat,‘The frontline is everywhere’: new MI6 head to warn of growing Russian threat,2025-12-15T00:01:15Z,917
business/2025/dec/14/how-many-more-times-will-the-bank-of-england-rescue-rachel-reeves,https://www.theguardian.com/business/2025/dec/14/how-many-more-times-will-the-bank-of-england-rescue-rachel-reeves,How many more times will the Bank of England rescue Rachel Reeves?,2025-12-14T11:58:54Z,840
politics/live/2025/dec/14/victims-sexual-offences-postcode-lottery-police-home-secretary-uk-politics-live,https://www.theguardian.com/politics/live/2025/dec/14/victims-sexual-offences-postcode-lottery-police-home-secretary-uk-politics-live,"Victims of sexual offences face ‘postcode lottery’ with police, says home secretary – as it happened",2025-12-14T11:40:37Z,2166
world/ng-interactive/2025/dec/14/south-africans-tricked-fighting-for-russia-ukraine,https://www.theguardian.com/world/ng-interactive/2025/dec/14/south-africans-tricked-fighting-for-russia-ukraine,‘Outright evil:’ anguish and anger over South Africans tricked into fighting for Russia,2025-12-14T07:00:55Z,1348
news/ng-interactive/2025/dec/14/steve-bannon-tucker-carlson-and-liz-truss-former-pm-auditions-for-maga,https://www.theguardian.com/news/ng-interactive/2025/dec/14/steve-bannon-tucker-carlson-and-liz-truss-former-pm-auditions-for-maga,"Steve Bannon, Tucker Carlson and ... Liz Truss? Inside the former PM’s audition for Maga",2025-12-14T06:00:55Z,1496
commentisfree/2025/dec/14/icc-sudan-militia-leader-putin-netanyahu-hegseth-international-law,https://www.theguardian.com/commentisfree/2025/dec/14/icc-sudan-militia-leader-putin-netanyahu-hegseth-international-law,Welcome to our age of impunity – where the ICC prosecuting atrocities is a rare feat,2025-12-14T06:00:54Z,969
world/2025/dec/14/ukraine-war-briefing-us-envoy-to-meet-zelenskyy-europe-leaders-in-berlin,https://www.theguardian.com/world/2025/dec/14/ukraine-war-briefing-us-envoy-to-meet-zelenskyy-europe-leaders-in-berlin,"Ukraine war briefing: US envoy to meet Zelenskyy, Europe leaders in Berlin ",2025-12-14T03:08:38Z,585
australia-news/2025/dec/14/jasmina-joldic-refugee-to-brisbane-bureaucrat,https://www.theguardian.com/australia-news/2025/dec/14/jasmina-joldic-refugee-to-brisbane-bureaucrat,"From Bosnia to Brisbane: what child refugee Jasmina Joldić learned about peace, hate and the fragility of society",2025-12-13T19:00:41Z,1602
world/2025/dec/13/belarus-releases-123-prisoners-including-opposition-leaders-after-us-lifts-sanctions,https://www.theguardian.com/world/2025/dec/13/belarus-releases-123-prisoners-including-opposition-leaders-after-us-lifts-sanctions,Belarus releases 123 prisoners including opposition leaders after US lifts sanctions,2025-12-13T16:03:48Z,610
politics/2025/dec/13/who-is-al-carns-former-marine-and-labour-minister-with-sights-on-leadership,https://www.theguardian.com/politics/2025/dec/13/who-is-al-carns-former-marine-and-labour-minister-with-sights-on-leadership,Who is Al Carns? Former Marine and Labour minister with sights on leadership,2025-12-13T14:00:34Z,652
world/2025/dec/13/chalk-revolution-slovakia-fears-return-authoritarian-past,https://www.theguardian.com/world/2025/dec/13/chalk-revolution-slovakia-fears-return-authoritarian-past,‘Chalk Revolution’ strikes nerve as Slovakia fears return to authoritarian past ,2025-12-13T13:00:34Z,836
us-news/2025/dec/13/trump-biden-rivals,https://www.theguardian.com/us-news/2025/dec/13/trump-biden-rivals,Trump attacks old foe Biden – but presidential parallels hard to avoid,2025-12-13T12:00:33Z,1619
politics/2025/dec/13/starmer-to-pick-new-us-ambassador-as-relations-with-trump-tested,https://www.theguardian.com/politics/2025/dec/13/starmer-to-pick-new-us-ambassador-as-relations-with-trump-tested,Starmer to pick new US ambassador as relations with Trump tested,2025-12-13T09:00:28Z,632
us-news/live/2025/dec/12/obamacare-health-premiums-donald-trump-redistricting-aid-venezuela-latest-news-updates,https://www.theguardian.com/us-news/live/2025/dec/12/obamacare-health-premiums-donald-trump-redistricting-aid-venezuela-latest-news-updates,House Republicans release last-minute healthcare plan; TSA defends sharing traveler names with ICE - as it happened,2025-12-13T03:01:37Z,8073
world/2025/dec/13/ukraine-war-briefing-report-ukraine-join-eu-2027,https://www.theguardian.com/world/2025/dec/13/ukraine-war-briefing-report-ukraine-join-eu-2027,Ukraine war briefing: Reports Ukraine would join EU in 2027 met with scepticism,2025-12-13T02:28:26Z,796
world/2025/dec/12/eu-to-freeze-210bn-in-russian-assets-indefinitely,https://www.theguardian.com/world/2025/dec/12/eu-to-freeze-210bn-in-russian-assets-indefinitely,EU to freeze €210bn in Russian assets indefinitely,2025-12-12T20:18:20Z,736
law/2025/dec/12/sickened-by-keir-starmer-call-to-curb-human-rights,https://www.theguardian.com/law/2025/dec/12/sickened-by-keir-starmer-call-to-curb-human-rights,Sickened by Keir Starmer’s call to curb human rights,2025-12-12T18:03:36Z,671
world/2025/dec/12/the-importance-of-europe-in-curbing-russias-might,https://www.theguardian.com/world/2025/dec/12/the-importance-of-europe-in-curbing-russias-might,The importance of Europe in curbing Russia’s might,2025-12-12T17:58:43Z,314
commentisfree/2025/dec/12/donald-trump-regime-change-europe-us-european-far-right-keir-starmer,https://www.theguardian.com/commentisfree/2025/dec/12/donald-trump-regime-change-europe-us-european-far-right-keir-starmer,Donald Trump is pursuing regime change – in Europe,2025-12-12T17:36:40Z,1290
world/live/2025/dec/12/von-der-leyen-trump-ukraine-belgium-russian-assets-starmer-latest-news-updates,https://www.theguardian.com/world/live/2025/dec/12/von-der-leyen-trump-ukraine-belgium-russian-assets-starmer-latest-news-updates,Belgian PM meets Starmer in London as debate continues on using frozen Russian assets for Ukraine – as it happened,2025-12-12T17:33:57Z,4596
politics/live/2025/dec/12/rachel-reeves-economy-budget-gdp-nhs-flu-streeting-assisted-dying-latest-news-updates,https://www.theguardian.com/politics/live/2025/dec/12/rachel-reeves-economy-budget-gdp-nhs-flu-streeting-assisted-dying-latest-news-updates,"UK politics: Trump talks ‘complete nonsense’ about crime in London, says Met police commissioner – as it happened",2025-12-12T16:30:07Z,4986
environment/2025/dec/12/soil-is-more-important-than-oil-inside-the-perennial-grain-revolution,https://www.theguardian.com/environment/2025/dec/12/soil-is-more-important-than-oil-inside-the-perennial-grain-revolution,‘Soil is more important than oil’: inside the perennial grain revolution,2025-12-12T12:00:05Z,1339
world/2025/dec/12/friday-briefing-how-the-free-birth-societys-philosophy-contributed-to-a-preventable-death,https://www.theguardian.com/world/2025/dec/12/friday-briefing-how-the-free-birth-societys-philosophy-contributed-to-a-preventable-death,Friday briefing: How the Free Birth Society’s ​philosophy ​contributed to a ​preventable ​death,2025-12-12T06:50:08Z,2896
world/2025/dec/12/ukraine-war-briefing-terrorist-attack-kills-serviceman-in-kyiv-and-injures-four,https://www.theguardian.com/world/2025/dec/12/ukraine-war-briefing-terrorist-attack-kills-serviceman-in-kyiv-and-injures-four,Ukraine war briefing: ‘Terrorist’ attack kills serviceman in Kyiv and injures four,2025-12-12T02:11:06Z,759
us-news/2025/dec/11/trump-administration-news-update-today,https://www.theguardian.com/us-news/2025/dec/11/trump-administration-news-update-today,Trump news at a glance: president ‘sick of meetings’ as Ukraine-Russia peace deal talks drag on,2025-12-12T02:08:14Z,957
us-news/live/2025/dec/11/us-seizes-venezuela-tanker-democrats-republicans-donald-trump-latest-news,https://www.theguardian.com/us-news/live/2025/dec/11/us-seizes-venezuela-tanker-democrats-republicans-donald-trump-latest-news,‘I hope he loses’: Trump blasts Indiana Republican senate leader after his state redistricting effort gets blocked – as it happened,2025-12-12T01:15:48Z,8912
media/2025/dec/12/ai-wrongfully-names-reporter-abc-crime-podcast,https://www.theguardian.com/media/2025/dec/12/ai-wrongfully-names-reporter-abc-crime-podcast,AI the main suspect after radio stations wrongly identify reporter as alleged violent offender ,2025-12-12T00:22:15Z,1101
us-news/2025/dec/11/ice-fbi-legal-chaos,https://www.theguardian.com/us-news/2025/dec/11/ice-fbi-legal-chaos,Woman extradited to US to face charges immediately detained by ICE in ‘Kafkaesque’ twist,2025-12-11T21:48:37Z,433
world/2025/dec/11/us-wants-ukraine-to-withdraw-from-donbas-and-create-free-economic-zone-says-zelenskyy,https://www.theguardian.com/world/2025/dec/11/us-wants-ukraine-to-withdraw-from-donbas-and-create-free-economic-zone-says-zelenskyy,"US wants Ukraine to withdraw from Donbas and create ‘free economic zone’, says Zelenskyy ",2025-12-11T20:20:59Z,929
uk-news/2025/dec/11/uk-mps-facing-rising-number-of-phishing-attacks,https://www.theguardian.com/uk-news/2025/dec/11/uk-mps-facing-rising-number-of-phishing-attacks,UK MPs face rise in phishing attacks on messaging apps,2025-12-11T18:58:22Z,410
world/live/2025/dec/11/ukraine-war-meeting-coalition-donald-trump-europe-russia-latest-updates-news,https://www.theguardian.com/world/live/2025/dec/11/ukraine-war-meeting-coalition-donald-trump-europe-russia-latest-updates-news,"US pushing Ukraine to withdraw from Donbas and create ‘free economic zone’, says Zelenskyy – as it happened",2025-12-11T17:45:52Z,6816
politics/live/2025/dec/11/uk-politics-latest-news-updates-labour-conservatives-house-of-lords,https://www.theguardian.com/politics/live/2025/dec/11/uk-politics-latest-news-updates-labour-conservatives-house-of-lords,UK politics: No 10 brushes off claims Streeting’s criticism of ‘technocratic approach’ refers to Starmer –as it happened,2025-12-11T17:24:24Z,6807
business/live/2025/dec/11/oracle-shares-slide-earnings-ai-bubble-stock-markets-bank-of-england-business-live-news-updates,https://www.theguardian.com/business/live/2025/dec/11/oracle-shares-slide-earnings-ai-bubble-stock-markets-bank-of-england-business-live-news-updates,Green biotech firms to open factories at Grangemouth; Oracle shares tumble 15% after results disappoint – as it happened,2025-12-11T17:02:49Z,4290
politics/2025/dec/11/asked-about-the-donalds-national-security-strategy-the-commons-was-remarkable-for-its-absences,https://www.theguardian.com/politics/2025/dec/11/asked-about-the-donalds-national-security-strategy-the-commons-was-remarkable-for-its-absences,Trump wants to destabilise European democracy. Where on earth is parliament?,2025-12-11T16:56:31Z,1050
world/2025/dec/11/germany-afghanistan-u-turn-migration-pakistan,https://www.theguardian.com/world/2025/dec/11/germany-afghanistan-u-turn-migration-pakistan,Germany drops promise to resettle hundreds of Afghans,2025-12-11T16:54:12Z,631
world/2025/dec/11/spain-ruling-socialist-party-sexual-misconduct-senior-men-psoe-pedro-sanchez,https://www.theguardian.com/world/2025/dec/11/spain-ruling-socialist-party-sexual-misconduct-senior-men-psoe-pedro-sanchez,Spain’s ruling socialist party accused of failing to act on sexual misconduct by senior men,2025-12-11T15:04:54Z,732
uk-news/2025/dec/11/us-extreme-rightwing-tropes-1930s-british-mps-donald-trump-keir-starmer,https://www.theguardian.com/uk-news/2025/dec/11/us-extreme-rightwing-tropes-1930s-british-mps-donald-trump-keir-starmer,"US engaging in ‘extreme rightwing tropes’ reminiscent of 1930s, British MPs warn",2025-12-11T13:35:26Z,634
commentisfree/2025/dec/11/jared-kushner-paramount-warner-bros-deal,https://www.theguardian.com/commentisfree/2025/dec/11/jared-kushner-paramount-warner-bros-deal,Jared Kushner – and three Arab monarchies – are at the heart of the Paramount-WBD bid,2025-12-11T11:00:14Z,1397
world/2025/dec/11/eyewitness-viktoriia-roshchyna-final-days-ukraine-russia,https://www.theguardian.com/world/2025/dec/11/eyewitness-viktoriia-roshchyna-final-days-ukraine-russia,"‘She was very, very thin’: witness tells of Ukrainian journalist’s final days in Russian prison",2025-12-11T10:46:56Z,1077
world/2025/dec/11/after-the-rain-film-ukrainian-children-rescued-from-russia,https://www.theguardian.com/world/2025/dec/11/after-the-rain-film-ukrainian-children-rescued-from-russia,‘It’s not going to be some miraculous recovery’: film charts healing of Ukrainian children rescued from Russia,2025-12-11T05:00:58Z,884
us-news/live/2025/dec/10/trump-us-politics-live-updates,https://www.theguardian.com/us-news/live/2025/dec/10/trump-us-politics-live-updates,US forces seize oil tanker in what Venezuela government calls ‘act of international piracy’– as it happened,2025-12-11T02:52:09Z,5127
world/2025/dec/11/ukraine-war-briefing-kyivs-sbu-cripples-shadow-fleet-tanker-in-black-sea,https://www.theguardian.com/world/2025/dec/11/ukraine-war-briefing-kyivs-sbu-cripples-shadow-fleet-tanker-in-black-sea,Ukraine war briefing: Kyiv’s SBU cripples shadow fleet tanker in Black Sea,2025-12-11T02:21:43Z,756
us-news/2025/dec/10/us-house-defense-bill-military-programs,https://www.theguardian.com/us-news/2025/dec/10/us-house-defense-bill-military-programs,US House passes bill authorizing $900bn for military programs,2025-12-11T02:18:31Z,873
us-news/2025/dec/11/us-house-passes-bill-to-bolster-europes-defence-in-apparent-rebuke-to-trumps-foreign-policy-strategy,https://www.theguardian.com/us-news/2025/dec/11/us-house-passes-bill-to-bolster-europes-defence-in-apparent-rebuke-to-trumps-foreign-policy-strategy,"US House passes bill to bolster Europe’s defence, in apparent rebuke to Trump’s foreign policy strategy",2025-12-11T01:48:55Z,597
us-news/2025/dec/10/i-have-eyes-i-have-ears,https://www.theguardian.com/us-news/2025/dec/10/i-have-eyes-i-have-ears,Trump continues to sow chaos and division after winning Fifa peace prize,2025-12-10T21:00:47Z,823
world/2025/dec/10/coalition-willing-nations-war-ukraine-keir-starmer-emmanuel-macron,https://www.theguardian.com/world/2025/dec/10/coalition-willing-nations-war-ukraine-keir-starmer-emmanuel-macron,Ukraine war: Trump criticises European leaders on eve of crunch coalition meeting,2025-12-10T18:44:32Z,921
world/live/2025/dec/10/volodymyr-zelenskyy-ukraine-election-russia-europe-latest-news-updates,https://www.theguardian.com/world/live/2025/dec/10/volodymyr-zelenskyy-ukraine-election-russia-europe-latest-news-updates,"Starmer, Merz and Macron take phone call with Trump on Ukraine peace talks – as it happened",2025-12-10T18:43:12Z,5695
politics/live/2025/dec/10/pmqs-latest-news-updates-rachel-reeves-treasury-committee-keir-starmer-kemi-badenoch,https://www.theguardian.com/politics/live/2025/dec/10/pmqs-latest-news-updates-rachel-reeves-treasury-committee-keir-starmer-kemi-badenoch,"No 10 publishes list of 34 new political peerages including 25 Labour, five Liberal Democrats and three Conservatives – as it happened",2025-12-10T18:15:57Z,10164
uk-news/2025/dec/10/british-solider-killed-on-duty-in-ukraine-named-at-lcpl-george-hooley,https://www.theguardian.com/uk-news/2025/dec/10/british-solider-killed-on-duty-in-ukraine-named-at-lcpl-george-hooley,‘He served with honour’: Starmer pays tribute to British soldier killed in Ukraine,2025-12-10T17:52:42Z,544
business/live/2025/dec/10/elon-musk-spacex-one-point-five-trillion-valuation-silver-record-stock-markets-federal-reserve-business-live-news-updates,https://www.theguardian.com/business/live/2025/dec/10/elon-musk-spacex-one-point-five-trillion-valuation-silver-record-stock-markets-federal-reserve-business-live-news-updates,Evoke considers sale or break-up after budget tax hikes; SpaceX aims for $1.7tn valuation – as it happened,2025-12-10T16:46:14Z,2923
world/2025/dec/10/donald-trump-europe-leaders-this-is-europe,https://www.theguardian.com/world/2025/dec/10/donald-trump-europe-leaders-this-is-europe,‘Stop sucking up to Trump’: US threat to meddle in Europe is fuelling pressure for a collective push-back,2025-12-10T15:30:22Z,1018
world/2025/dec/10/eu-proposes-exempting-ai-gigafactories-from-environmental-assessments,https://www.theguardian.com/world/2025/dec/10/eu-proposes-exempting-ai-gigafactories-from-environmental-assessments,EU proposes loosening rules on AI gigafactories in green rollback,2025-12-10T14:18:08Z,636
uk-news/2025/dec/10/uk-joins-call-for-europes-human-rights-laws-to-be-constrained,https://www.theguardian.com/uk-news/2025/dec/10/uk-joins-call-for-europes-human-rights-laws-to-be-constrained,UK joins call for Europe’s human rights laws to be ‘constrained’,2025-12-10T14:13:45Z,875
world/2025/dec/10/nato-russia-finland-border-lapland-santa-park,https://www.theguardian.com/world/2025/dec/10/nato-russia-finland-border-lapland-santa-park,Santa at war: ‘home’ town in Finland hosts Nato soldiers as Russian threat looms,2025-12-10T12:39:20Z,1357
us-news/2025/dec/10/first-thing-zelenskyy-ready-for-elections-after-trump-questions-ukrainian-democracy,https://www.theguardian.com/us-news/2025/dec/10/first-thing-zelenskyy-ready-for-elections-after-trump-questions-ukrainian-democracy,First Thing: Zelenskyy ‘ready for elections’ after Trump questions Ukrainian democracy,2025-12-10T11:44:39Z,1035
commentisfree/2025/dec/10/eurovision-campy-joy-now-cynical-way-whitewash-war,https://www.theguardian.com/commentisfree/2025/dec/10/eurovision-campy-joy-now-cynical-way-whitewash-war,Eurovision used to be a campy joy – but it has become a cynical way to whitewash war,2025-12-10T11:00:05Z,439
commentisfree/2025/dec/10/pomp-vladimir-putin-visit-delhi-weak-india-russia-relationship,https://www.theguardian.com/commentisfree/2025/dec/10/pomp-vladimir-putin-visit-delhi-weak-india-russia-relationship,Look behind the pomp of Putin’s New Delhi visit. The India-Russia relationship has weakened,2025-12-10T10:00:54Z,994
world/2025/dec/10/wednesday-briefing-why-is-ai-becoming-the-go-to-support-for-our-childrens-mental-health,https://www.theguardian.com/world/2025/dec/10/wednesday-briefing-why-is-ai-becoming-the-go-to-support-for-our-childrens-mental-health,Wednesday briefing: Why is AI becoming the go-to support for our children’s mental health?,2025-12-10T06:53:18Z,2184
commentisfree/2025/dec/10/tory-kemi-badenoch-nigel-farage-democracy-britain,https://www.theguardian.com/commentisfree/2025/dec/10/tory-kemi-badenoch-nigel-farage-democracy-britain,A braver Tory leader than Badenoch would dare to call out Farage’s bogus patriotism,2025-12-10T06:00:44Z,1274
us-news/2025/dec/10/trump-news-at-a-glance-president-hints-at-abandoning-ukraine-rambles-about-weak-europe,https://www.theguardian.com/us-news/2025/dec/10/trump-news-at-a-glance-president-hints-at-abandoning-ukraine-rambles-about-weak-europe,"Trump news at a glance: president hints at abandoning Ukraine, rambles about ‘weak’ Europe",2025-12-10T03:47:16Z,833
us-news/live/2025/dec/09/hegseth-rubio-venezuela-trump-tariffs-pennsylvania-nvidia-china-us-politics-latest-news-updates,https://www.theguardian.com/us-news/live/2025/dec/09/hegseth-rubio-venezuela-trump-tariffs-pennsylvania-nvidia-china-us-politics-latest-news-updates,Trump speech on affordability ramps up bigotry and false statements – as it happened,2025-12-10T02:54:02Z,7692
world/2025/dec/10/ukraine-war-briefing-pope-defends-europe-and-its-role-in-peace-talks-from-trump,https://www.theguardian.com/world/2025/dec/10/ukraine-war-briefing-pope-defends-europe-and-its-role-in-peace-talks-from-trump,Ukraine war briefing: Pope defends Europe – and its role in peace talks – from Trump,2025-12-10T01:59:27Z,1057
world/2025/dec/09/zelenskyy-ready-for-elections-after-trump-questions-ukrainian-democracy,https://www.theguardian.com/world/2025/dec/09/zelenskyy-ready-for-elections-after-trump-questions-ukrainian-democracy,Zelenskyy ‘ready for elections’ after Trump questions Ukrainian democracy,2025-12-09T22:09:46Z,573
australia-news/2025/dec/10/morning-mail-wednesday-ntwnfb,https://www.theguardian.com/australia-news/2025/dec/10/morning-mail-wednesday-ntwnfb,"Morning Mail: Social media ban begins, One Nation support rises again, Trump denounces ‘decaying’ Europe",2025-12-09T20:21:08Z,988
commentisfree/2025/dec/09/the-guardian-view-on-trump-and-europe-more-an-abusive-relationship-than-an-alliance,https://www.theguardian.com/commentisfree/2025/dec/09/the-guardian-view-on-trump-and-europe-more-an-abusive-relationship-than-an-alliance,The Guardian view on Trump and Europe: more an abusive relationship than an alliance,2025-12-09T18:49:32Z,590
world/2025/dec/09/member-uk-armed-forces-killed-accident-ukraine-mod,https://www.theguardian.com/world/2025/dec/09/member-uk-armed-forces-killed-accident-ukraine-mod,"Member of UK armed forces killed in ‘tragic accident’ in Ukraine, says MoD",2025-12-09T18:30:34Z,416
politics/live/2025/dec/09/labour-conservatives-reform-lib-dems-brexit-covid-uk-politics-latest-news-updates,https://www.theguardian.com/politics/live/2025/dec/09/labour-conservatives-reform-lib-dems-brexit-covid-uk-politics-latest-news-updates,Davey claims ‘historic victory’ for Lib Dems after tokenistic vote in favour of customs union with EU – as it happened,2025-12-09T17:32:27Z,8025
us-news/2025/dec/09/trump-europe-national-security-strategy,https://www.theguardian.com/us-news/2025/dec/09/trump-europe-national-security-strategy,New Trump doctrine identifies ‘weak’ Europe’s problem: not enough racism,2025-12-09T17:27:15Z,625
commentisfree/2025/dec/09/donald-trump-finally-won-peace-prize-fifa-five-other-awards-he-should-win,https://www.theguardian.com/commentisfree/2025/dec/09/donald-trump-finally-won-peace-prize-fifa-five-other-awards-he-should-win,"Donald Trump has finally won a peace prize – from Fifa, no less. Here are five other awards he should win",2025-12-09T17:24:32Z,826
us-news/2025/dec/09/trump-hints-walking-away-ukraine-calls-europe-weak-decaying,https://www.theguardian.com/us-news/2025/dec/09/trump-hints-walking-away-ukraine-calls-europe-weak-decaying,Trump lambasts ‘weak’ and ‘decaying’ Europe and hints at walking away from Ukraine,2025-12-09T16:36:45Z,1019
world/live/2025/dec/09/ukraine-russia-lithuania-czech-republic-france-europe-latest-news-updates,https://www.theguardian.com/world/live/2025/dec/09/ukraine-russia-lithuania-czech-republic-france-europe-latest-news-updates,"Ukraine and Europe will be ready to present ‘refined’ peace plan to US ‘in near future’, Zelenskyy says – as it happened",2025-12-09T16:30:09Z,4701
culture/2025/dec/09/jon-stewart-trump-fifa-peace-prize,https://www.theguardian.com/culture/2025/dec/09/jon-stewart-trump-fifa-peace-prize,Jon Stewart on Fifa’s peace prize: ‘An entirely fictitious golden butt plug’,2025-12-09T15:48:15Z,1118
us-news/2025/dec/09/first-thing-us-civic-health-rating-downgraded-restrictive-trump-actions,https://www.theguardian.com/us-news/2025/dec/09/first-thing-us-civic-health-rating-downgraded-restrictive-trump-actions,First Thing: US civic health rating downgraded after year of ‘restrictive‘ Trump actions,2025-12-09T12:59:41Z,1070
world/2025/dec/09/tuesday-briefing-fifa-world-cup-2026-donald-trump-us-mexico-canada,https://www.theguardian.com/world/2025/dec/09/tuesday-briefing-fifa-world-cup-2026-donald-trump-us-mexico-canada,Tuesday briefing: Is next year’s XXL World Cup an expansion too far?,2025-12-09T06:51:13Z,2572
us-news/live/2025/dec/08/donald-trump-pete-hegseth-defense-security-indiana-us-politics-live-news-updates,https://www.theguardian.com/us-news/live/2025/dec/08/donald-trump-pete-hegseth-defense-security-indiana-us-politics-live-news-updates,Trump confirms $12bn in assistance for American farmers amid concerns over trade and high prices – as it happened,2025-12-09T02:27:19Z,7698
world/2025/dec/09/ukraine-war-briefing-donbas-cowboy-russians-jailed-for-killing-us-volunteer-on-their-side,https://www.theguardian.com/world/2025/dec/09/ukraine-war-briefing-donbas-cowboy-russians-jailed-for-killing-us-volunteer-on-their-side,Ukraine war briefing: ‘Donbas Cowboy’ – Russians jailed for killing US volunteer on their side,2025-12-09T02:22:04Z,791
politics/2025/dec/08/foreign-states-ai-videos-support-ukraine-yvette-cooper,https://www.theguardian.com/politics/2025/dec/08/foreign-states-ai-videos-support-ukraine-yvette-cooper,"Foreign states using AI videos to undermine support for Ukraine, says Yvette Cooper",2025-12-08T22:30:50Z,520
world/2025/dec/08/european-leaders-rally-behind-ukraine-in-downing-street-talks,https://www.theguardian.com/world/2025/dec/08/european-leaders-rally-behind-ukraine-in-downing-street-talks,European leaders rally behind Ukraine in Downing Street talks,2025-12-08T20:02:22Z,907
australia-news/2025/dec/09/morning-mail-tuesday-ntwnfb,https://www.theguardian.com/australia-news/2025/dec/09/morning-mail-tuesday-ntwnfb,"Morning Mail: ‘Expect the unexpected’ in bushfire season, Farrell travel questions, Joel Edgerton’s Globe nomination",2025-12-08T19:53:11Z,949
world/live/2025/dec/08/ukraine-zelenskyy-starmer-merz-macron-london-trump-russia-europe-news-latest-updates,https://www.theguardian.com/world/live/2025/dec/08/ukraine-zelenskyy-starmer-merz-macron-london-trump-russia-europe-news-latest-updates,Ukraine war live: Number 10 says Europe must ‘ramp up’ economic pressure on Russia after Zelenskyy meeting – as it happened,2025-12-08T19:08:48Z,4487
commentisfree/2025/dec/08/the-guardian-view-on-britains-post-american-drift-a-crisis-of-purpose-and-power,https://www.theguardian.com/commentisfree/2025/dec/08/the-guardian-view-on-britains-post-american-drift-a-crisis-of-purpose-and-power,The Guardian view on Britain’s post-American drift: a crisis of purpose and power,2025-12-08T18:08:27Z,590
politics/live/2025/dec/08/labour-leadership-keir-starmer-conservatives-live-updates,https://www.theguardian.com/politics/live/2025/dec/08/labour-leadership-keir-starmer-conservatives-live-updates,No 10 declines to comment on White House claim that Europe facing ‘civilisational erasure’ – as it happened ,2025-12-08T17:49:43Z,6340
world/2025/dec/08/ukraine-peace-deal-trump-zelenskyy-not-ready,https://www.theguardian.com/world/2025/dec/08/ukraine-peace-deal-trump-zelenskyy-not-ready,Zelenskyy meets European leaders in London for talks on ending Ukraine war,2025-12-08T16:30:21Z,986
us-news/2025/dec/08/donald-trump-difference-making-deal-and-making-peace,https://www.theguardian.com/us-news/2025/dec/08/donald-trump-difference-making-deal-and-making-peace,Trump appears not to know the difference between making a deal and making peace,2025-12-08T15:33:39Z,654
us-news/2025/dec/08/first-thing-zelenskyy-european-leaders-london-talks-ending-ukraine-war,https://www.theguardian.com/us-news/2025/dec/08/first-thing-zelenskyy-european-leaders-london-talks-ending-ukraine-war,First Thing: Zelenskyy to meet European leaders in London for talks on ending Ukraine war,2025-12-08T13:41:13Z,1017
us-news/2025/dec/08/trump-administration-news-update-today-latest,https://www.theguardian.com/us-news/2025/dec/08/trump-administration-news-update-today-latest,Trump news at a glance: Key Republican backs release of video of strike on alleged drug boat,2025-12-08T12:11:03Z,795
australia-news/2025/dec/08/pure-political-pork-labor-withdraws-power-bill-subsidies-as-treasurer-forecasts-difficult-budget-decisions,https://www.theguardian.com/australia-news/2025/dec/08/pure-political-pork-labor-withdraws-power-bill-subsidies-as-treasurer-forecasts-difficult-budget-decisions,‘Pure political pork’: government ends energy bill rebate as treasurer flags ‘difficult’ budget decisions,2025-12-08T07:47:33Z,574
film/2025/dec/08/who-if-not-us-the-fight-for-democracy-in-belarus-review-activists-display-their-defiance,https://www.theguardian.com/film/2025/dec/08/who-if-not-us-the-fight-for-democracy-in-belarus-review-activists-display-their-defiance,"Who, If Not Us? The Fight for Democracy in Belarus review – activists display their defiance",2025-12-08T07:00:45Z,359
world/2025/dec/08/monday-briefing-how-this-years-guardian-charity-appeal-champions-the-best-of-british-values,https://www.theguardian.com/world/2025/dec/08/monday-briefing-how-this-years-guardian-charity-appeal-champions-the-best-of-british-values,Monday briefing: How this year’s Guardian charity appeal​ champions the best of British values,2025-12-08T06:47:21Z,1912
commentisfree/2025/dec/08/trump-doctrine-europe-us-coercion-economic,https://www.theguardian.com/commentisfree/2025/dec/08/trump-doctrine-europe-us-coercion-economic,"Trump’s new doctrine confirms it. Ready or not, Europe is on its own",2025-12-08T05:00:43Z,880
world/ng-interactive/2025/dec/08/id-defend-our-nation-poles-prepare-for-growing-threat-of-war,https://www.theguardian.com/world/ng-interactive/2025/dec/08/id-defend-our-nation-poles-prepare-for-growing-threat-of-war,‘I’d defend our nation’: Poles prepare for growing threat of war,2025-12-08T05:00:42Z,1445
film/2025/dec/08/seymour-hersh-earth-shattering-exposes-my-lai-abu-ghraib-cover-up,https://www.theguardian.com/film/2025/dec/08/seymour-hersh-earth-shattering-exposes-my-lai-abu-ghraib-cover-up,‘He’s a son of a bitch – but he’s usually right’: why did Seymour Hersh quit the film about his earth-shattering exposés?,2025-12-08T05:00:41Z,1550
world/2025/dec/08/ukraine-war-briefing-peace-talks-with-us-constructive-but-not-easy-says-zelenskyy,https://www.theguardian.com/world/2025/dec/08/ukraine-war-briefing-peace-talks-with-us-constructive-but-not-easy-says-zelenskyy,"Ukraine war briefing: Peace talks with US constructive but ‘not easy’, says Zelenskyy",2025-12-08T01:39:48Z,541
politics/2025/dec/07/uk-corruption-crackdown-david-lammy-dirty-money,https://www.theguardian.com/politics/2025/dec/07/uk-corruption-crackdown-david-lammy-dirty-money,"UK will not be haven for dirty money, Lammy to say in corruption crackdown",2025-12-07T22:30:33Z,658
australia-news/2025/dec/08/morning-mail-monday-ntwnfb,https://www.theguardian.com/australia-news/2025/dec/08/morning-mail-monday-ntwnfb,"Morning Mail: turmoil at NT Indigenous school, concern over ‘useless’ iron supplements, Norris takes F1 title",2025-12-07T19:45:22Z,941
world/2025/dec/07/kremlin-hails-trump-national-security-strategy-as-aligned-with-russia-vision,https://www.theguardian.com/world/2025/dec/07/kremlin-hails-trump-national-security-strategy-as-aligned-with-russia-vision,Kremlin hails Trump’s national security strategy as aligned with Russia’s vision,2025-12-07T16:27:51Z,737
world/2025/dec/07/disarming-hamas-should-not-first-task-gaza-stabilisation-force-turkey-says,https://www.theguardian.com/world/2025/dec/07/disarming-hamas-should-not-first-task-gaza-stabilisation-force-turkey-says,"Disarming Hamas should not be first task of Gaza stabilisation force, Turkey says",2025-12-07T16:13:30Z,885
politics/2025/dec/07/farage-bloc-meps-alleged-to-have-followed-russian-assets-script-ukip-brexit-party,https://www.theguardian.com/politics/2025/dec/07/farage-bloc-meps-alleged-to-have-followed-russian-assets-script-ukip-brexit-party,Three more Farage bloc MEPs alleged to have followed Russian asset’s script,2025-12-07T15:35:57Z,1115
commentisfree/2025/dec/07/ukraine-is-facing-a-painful-choice,https://www.theguardian.com/commentisfree/2025/dec/07/ukraine-is-facing-a-painful-choice,Ukraine is facing a painful choice,2025-12-07T14:00:25Z,858
us-news/2025/dec/07/us-may-end-support-for-ukraine-war-effort-says-donald-trump-jr,https://www.theguardian.com/us-news/2025/dec/07/us-may-end-support-for-ukraine-war-effort-says-donald-trump-jr,"US may end support for Ukraine war effort, says Donald Trump Jr",2025-12-07T13:44:27Z,440
world/2025/dec/07/hostile-powers-spying-universities-canada-former-security-chief,https://www.theguardian.com/world/2025/dec/07/hostile-powers-spying-universities-canada-former-security-chief,"Hostile powers sending spies to west’s universities, says former security chief",2025-12-07T09:00:17Z,836
commentisfree/2025/dec/07/putin-accept-trump-deal-russia-economy-ukraine-war,https://www.theguardian.com/commentisfree/2025/dec/07/putin-accept-trump-deal-russia-economy-ukraine-war,Putin should have accepted Trump’s deal. Now Russia’s collapsing economy could lead to his downfall,2025-12-07T08:00:16Z,981
news/ng-interactive/2025/dec/07/what-choice-do-we-have-no-end-in-sight-for-ukraines-war-weary-frontline-troops,https://www.theguardian.com/news/ng-interactive/2025/dec/07/what-choice-do-we-have-no-end-in-sight-for-ukraines-war-weary-frontline-troops,‘What choice do we have?’: no end in sight for Ukraine’s war-weary frontline troops,2025-12-07T06:00:14Z,1273
world/2025/dec/07/ukraine-war-briefing-with-no-miami-breakthrough-zelenskyy-turns-to-european-allies,https://www.theguardian.com/world/2025/dec/07/ukraine-war-briefing-with-no-miami-breakthrough-zelenskyy-turns-to-european-allies,"Ukraine war briefing: With no Miami breakthrough, Zelenskyy turns to European allies",2025-12-07T01:53:37Z,766
uk-news/2025/dec/06/zelenskyy-to-meet-starmer-at-downing-street-to-discuss-us-draft-peace-deal,https://www.theguardian.com/uk-news/2025/dec/06/zelenskyy-to-meet-starmer-at-downing-street-to-discuss-us-draft-peace-deal,Zelenskyy to meet Starmer at Downing Street to discuss US draft peace deal,2025-12-06T17:46:24Z,626
world/live/2025/dec/06/eu-europe-latest-news-updates-russia-ukraine-war,https://www.theguardian.com/world/live/2025/dec/06/eu-europe-latest-news-updates-russia-ukraine-war,EU says US ‘still our biggest ally’ despite release of policy paper supporting Europe’s far-right – as it happened,2025-12-06T12:30:09Z,1050
world/2025/dec/06/russia-overnight-attacks-across-ukraine-miami-peace-talks-continue,https://www.theguardian.com/world/2025/dec/06/russia-overnight-attacks-across-ukraine-miami-peace-talks-continue,Russia launches attacks across Ukraine as Miami peace talks continue ,2025-12-06T12:27:18Z,465
world/2025/dec/06/harbadus-attacks-andvaria-cyber-war-game-tests-nato-defences-against-russia,https://www.theguardian.com/world/2025/dec/06/harbadus-attacks-andvaria-cyber-war-game-tests-nato-defences-against-russia,Harbadus attacks Andvaria: cyber war game tests Nato defences against Russia,2025-12-06T09:00:47Z,1147
world/2025/dec/06/ukraine-war-briefing-progress-depends-on-russian-taking-peace-talks-seriously-say-washington-and-kyiv,https://www.theguardian.com/world/2025/dec/06/ukraine-war-briefing-progress-depends-on-russian-taking-peace-talks-seriously-say-washington-and-kyiv,"Ukraine war briefing: Progress depends on Russia taking peace talks seriously, say Washington and Kyiv",2025-12-06T07:50:02Z,734
world/2025/dec/06/swedish-navy-chief-russia-baltic-presence-ukraine-peace,https://www.theguardian.com/world/2025/dec/06/swedish-navy-chief-russia-baltic-presence-ukraine-peace,Swedish navy encountering Russian submarines ‘almost weekly’ – and more could be on the way,2025-12-06T07:00:48Z,525
world/2025/dec/06/chornobyl-disaster-shelter-no-longer-blocks-radiation-and-needs-major-repair-iaea,https://www.theguardian.com/world/2025/dec/06/chornobyl-disaster-shelter-no-longer-blocks-radiation-and-needs-major-repair-iaea, Bombed Chornobyl shelter no longer blocks radiation and needs major repair – IAEA,2025-12-06T05:52:39Z,365
us-news/live/2025/dec/05/trump-pete-hegseth-signal-politics-updates,https://www.theguardian.com/us-news/live/2025/dec/05/trump-pete-hegseth-signal-politics-updates,"Suspected smuggling boat struck twice by military was reportedly moving drugs to South American country, not US –as it happened",2025-12-06T02:58:27Z,7872
world/2025/dec/05/no-mistrust-between-europe-and-us-over-ukraine-macron-says,https://www.theguardian.com/world/2025/dec/05/no-mistrust-between-europe-and-us-over-ukraine-macron-says,"‘No mistrust’ between Europe and US over Ukraine, Macron says",2025-12-06T00:43:37Z,738
us-news/2025/dec/05/civilisational-erasure-us-strategy-document-appears-to-echo-far-right-conspiracy-theories-about-europe,https://www.theguardian.com/us-news/2025/dec/05/civilisational-erasure-us-strategy-document-appears-to-echo-far-right-conspiracy-theories-about-europe,‘Cultivate resistance’: policy paper lays bare Trump support for Europe’s far right,2025-12-05T22:55:35Z,891
football/2025/dec/05/world-cup-draw-group-by-group-analysis-for-the-2026-tournament,https://www.theguardian.com/football/2025/dec/05/world-cup-draw-group-by-group-analysis-for-the-2026-tournament,World Cup draw: group-by-group analysis for the 2026 tournament,2025-12-05T22:09:38Z,2092
football/live/2025/dec/05/world-cup-2026-draw-updates-usa-mexico-canada,https://www.theguardian.com/football/live/2025/dec/05/world-cup-2026-draw-updates-usa-mexico-canada,"World Cup 2026 draw: England to meet Croatia, Brazil await Scotland, USA will face Australia – as it happened",2025-12-05T20:54:11Z,8176
football/2025/dec/05/world-cup-2026-draw-usa-australia-paraguay,https://www.theguardian.com/football/2025/dec/05/world-cup-2026-draw-usa-australia-paraguay,World Cup 2026 draw: USA to face Australia and Paraguay in group stage,2025-12-05T19:07:14Z,837
commentisfree/2025/dec/05/trump-administration-opening-fire-drowning-men,https://www.theguardian.com/commentisfree/2025/dec/05/trump-administration-opening-fire-drowning-men,The Trump administration sinks to a new low – opening fire on drowning men,2025-12-05T18:12:02Z,1412
football/2025/dec/05/fifa-peace-prize-trump-world-cup-infantino,https://www.theguardian.com/football/2025/dec/05/fifa-peace-prize-trump-world-cup-infantino,Trump awarded inaugural Fifa peace prize at World Cup draw in Washington,2025-12-05T17:53:10Z,825
world/live/2025/dec/05/vladimir-putin-narendra-modi-russia-india-us-ukraine-trade-latest-news-updates,https://www.theguardian.com/world/live/2025/dec/05/vladimir-putin-narendra-modi-russia-india-us-ukraine-trade-latest-news-updates,Macron denies warning Ukraine about potential US betrayal –  as it happened,2025-12-05T15:24:04Z,3220
world/2025/dec/05/german-mps-rubberstamp-military-service-plan-amid-school-pupil-protests,https://www.theguardian.com/world/2025/dec/05/german-mps-rubberstamp-military-service-plan-amid-school-pupil-protests,German MPs rubberstamp military service plan amid school pupil protests,2025-12-05T15:17:19Z,771
world/2025/dec/05/putin-vows-oil-shipments-to-india-will-be-uninterrupted-in-defiance-of-us,https://www.theguardian.com/world/2025/dec/05/putin-vows-oil-shipments-to-india-will-be-uninterrupted-in-defiance-of-us,Putin vows oil shipments to India will be ‘uninterrupted’ in defiance of US,2025-12-05T13:38:14Z,541
us-news/2025/dec/05/first-thing-us-supreme-court-approves-redrawn-texas-congressional-maps,https://www.theguardian.com/us-news/2025/dec/05/first-thing-us-supreme-court-approves-redrawn-texas-congressional-maps,First Thing: US supreme court approves redrawn Texas congressional maps,2025-12-05T12:23:40Z,1044
us-news/2025/dec/05/neo-nazi-base-leader-on-terrorism-arrest,https://www.theguardian.com/us-news/2025/dec/05/neo-nazi-base-leader-on-terrorism-arrest,US leader of global neo-Nazi terrorist group signals retribution for arrests,2025-12-05T12:00:24Z,1096
music/2025/dec/05/laura-cannell-brightly-shone-the-moon-review-bleakness-and-beauty-in-a-haunting-carol-collection,https://www.theguardian.com/music/2025/dec/05/laura-cannell-brightly-shone-the-moon-review-bleakness-and-beauty-in-a-haunting-carol-collection,Laura Cannell: Brightly Shone the Moon review – bleakness and beauty in a haunting carol collection,2025-12-05T09:00:44Z,452
sport/2025/dec/05/nodirbek-abdusattorov-overwhelms-rivals-london-classic-chess,https://www.theguardian.com/sport/2025/dec/05/nodirbek-abdusattorov-overwhelms-rivals-london-classic-chess,Abdusattorov overwhelms rivals at Arsenal but England hit back in style,2025-12-05T08:00:44Z,748
world/2025/dec/05/friday-briefing-after-constant-leaks-and-a-resignation-is-the-obr-still-fit-for-purpose,https://www.theguardian.com/world/2025/dec/05/friday-briefing-after-constant-leaks-and-a-resignation-is-the-obr-still-fit-for-purpose,"Friday briefing: After ​constant leak​s and ​a resignation​, is the OBR ​still ​fit for ​purpose?",2025-12-05T06:32:46Z,2791
world/2025/dec/05/eu-leaders-ukraine-talks-funds,https://www.theguardian.com/world/2025/dec/05/eu-leaders-ukraine-talks-funds,EU leaders race to save Ukraine funding deal as Kyiv’s cash runs low,2025-12-05T05:00:42Z,815
us-news/live/2025/dec/04/us-politics-live-donald-trump-latest-news-updates-democrats-republicans,https://www.theguardian.com/us-news/live/2025/dec/04/us-politics-live-donald-trump-latest-news-updates-democrats-republicans,Supreme court allows Texas to use new congressional map favoring Republicans in 2026 elections – as it happened,2025-12-05T02:48:52Z,8825
world/2025/dec/05/ukraine-war-briefing-drones-reportedly-near-zelenskyy-flight-path-dublin,https://www.theguardian.com/world/2025/dec/05/ukraine-war-briefing-drones-reportedly-near-zelenskyy-flight-path-dublin,Ukraine war briefing: drones reportedly spotted near Zelenskyy flight path on Dublin trip,2025-12-05T02:38:15Z,879
tv-and-radio/2025/dec/04/ireland-spain-and-the-netherlands-to-boycott-eurovision-2026-as-israel-cleared-to-compete,https://www.theguardian.com/tv-and-radio/2025/dec/04/ireland-spain-and-the-netherlands-to-boycott-eurovision-2026-as-israel-cleared-to-compete,Four countries to boycott Eurovision 2026 as Israel cleared to compete,2025-12-04T23:20:22Z,843
technology/2025/dec/04/russia-snapchat-apple,https://www.theguardian.com/technology/2025/dec/04/russia-snapchat-apple,"Russia blocks Snapchat and restricts Apple’s FaceTime, state officials say",2025-12-04T20:46:07Z,611
australia-news/2025/dec/05/morning-mail-friday-ntwnfb,https://www.theguardian.com/australia-news/2025/dec/05/morning-mail-friday-ntwnfb,"Morning Mail: water challenge for AI revolution, Labor weighs gas reserve options, Starc sublime but England have edge ",2025-12-04T19:49:44Z,947
uk-news/2025/dec/04/it-wasnt-dawns-fault-novichok-poisoning-victims-family-say-shes-finally-been-exonerated,https://www.theguardian.com/uk-news/2025/dec/04/it-wasnt-dawns-fault-novichok-poisoning-victims-family-say-shes-finally-been-exonerated,‘We’ve got her back now’: novichok victim’s family ready to lay her to rest,2025-12-04T19:44:36Z,833
politics/2025/dec/04/christopher-harborne-the-intensely-private-mega-donor-bankrolling-reform-uk,https://www.theguardian.com/politics/2025/dec/04/christopher-harborne-the-intensely-private-mega-donor-bankrolling-reform-uk,"Christopher Harborne, the ‘intensely private’ mega-donor bankrolling Reform UK",2025-12-04T19:19:54Z,921
politics/live/2025/dec/04/reform-uk-nigel-farage-richard-tice-keir-starmer-kemi-badenoch-uk-politics-live-news-updates,https://www.theguardian.com/politics/live/2025/dec/04/reform-uk-nigel-farage-richard-tice-keir-starmer-kemi-badenoch-uk-politics-live-news-updates,Farage criticises BBC over racism allegations and claims one fellow pupil said he was ‘offensive’ but not racist – as it happened,2025-12-04T18:01:46Z,8602
stage/2025/dec/04/margaretta-darcy-obituary,https://www.theguardian.com/stage/2025/dec/04/margaretta-darcy-obituary,Margaretta D’Arcy obituary,2025-12-04T17:46:53Z,991
world/2025/dec/04/putin-and-modi-to-meet-amid-politically-treacherous-times-for-russia-and-india,https://www.theguardian.com/world/2025/dec/04/putin-and-modi-to-meet-amid-politically-treacherous-times-for-russia-and-india,Putin and Modi to meet amid politically treacherous times for Russia and India,2025-12-04T17:08:10Z,1168
stage/2025/dec/04/rsc-to-cut-workforce-faces-perilous-situation,https://www.theguardian.com/stage/2025/dec/04/rsc-to-cut-workforce-faces-perilous-situation,RSC to cut workforce by 11% as it faces ‘perilous situation’,2025-12-04T16:48:50Z,617
world/2025/dec/04/macron-believes-us-may-betray-ukraine-on-territory-says-der-spiegel,https://www.theguardian.com/world/2025/dec/04/macron-believes-us-may-betray-ukraine-on-territory-says-der-spiegel,Macron reportedly warned Zelenskyy US may ‘betray Ukraine on territory’,2025-12-04T16:35:50Z,604
world/live/2025/dec/04/german-chancellor-ukraine-russia-future-of-europe-live-latest-news,https://www.theguardian.com/world/live/2025/dec/04/german-chancellor-ukraine-russia-future-of-europe-live-latest-news,Macron reportedly warned European leaders ‘there is a chance that the US will betray Ukraine’ – as it happened,2025-12-04T16:11:24Z,3288
football/2025/dec/04/world-cup-2026-draw-worst-case-scenarios-for-england-scotland-usa-and-australia,https://www.theguardian.com/football/2025/dec/04/world-cup-2026-draw-worst-case-scenarios-for-england-scotland-usa-and-australia,"World Cup 2026 draw: worst-case scenarios for England, Scotland, USA and Australia",2025-12-04T15:50:59Z,1360
politics/2025/dec/04/nigel-farage-reform-uk-donation-brexit-party-christopher-harborne-crypto-uk-politics,https://www.theguardian.com/politics/2025/dec/04/nigel-farage-reform-uk-donation-brexit-party-christopher-harborne-crypto-uk-politics,Crypto investor gives £9m to Reform UK as donations exceed those to Tories,2025-12-04T13:44:43Z,787
world/2025/dec/04/trump-ukraine-peace-envoys-prepare-meet-kyiv-official,https://www.theguardian.com/world/2025/dec/04/trump-ukraine-peace-envoys-prepare-meet-kyiv-official,US envoy Steve Witkoff to meet Ukraine national security chief in Miami ,2025-12-04T13:25:30Z,837
us-news/2025/dec/04/first-thing-alligator-alcatraz-detainees-human-rights-violations-amnesty-report-alleges,https://www.theguardian.com/us-news/2025/dec/04/first-thing-alligator-alcatraz-detainees-human-rights-violations-amnesty-report-alleges,"First Thing: ‘Alligator Alcatraz’ detainees face human rights violations, report alleges",2025-12-04T12:44:31Z,1097
environment/2025/dec/04/critical-minerals-military-us-pentagon-climate-crisis,https://www.theguardian.com/environment/2025/dec/04/critical-minerals-military-us-pentagon-climate-crisis,"Global race to secure critical minerals for weapons threatens climate, warns report",2025-12-04T12:00:20Z,668
uk-news/2025/dec/04/novichok-poisonings-russia-role-uk-response-key-questions-attack,https://www.theguardian.com/uk-news/2025/dec/04/novichok-poisonings-russia-role-uk-response-key-questions-attack,"Novichok poisonings, Russia’s role and UK response: key questions of inquiry",2025-12-04T12:00:17Z,956
world/2025/dec/04/childrens-rights-must-be-protected-in-any-ukraine-peace-plan-130-mps-tell-foreign-office,https://www.theguardian.com/world/2025/dec/04/childrens-rights-must-be-protected-in-any-ukraine-peace-plan-130-mps-tell-foreign-office,"Children’s rights must be protected in any Ukraine peace plan, 130 MPs tell Foreign Office",2025-12-04T10:57:04Z,529
australia-news/live/2025/dec/04/australia-news-live-senate-estimates-national-fiscal-outlook-labor-coalition-cost-of-living-victoria-public-service-cuts-ntwnfb,https://www.theguardian.com/australia-news/live/2025/dec/04/australia-news-live-senate-estimates-national-fiscal-outlook-labor-coalition-cost-of-living-victoria-public-service-cuts-ntwnfb,Marles says Labor ‘working through’ Trump administration’s Aukus review – as it happened,2025-12-04T07:32:49Z,9122
world/2025/dec/04/thursday-briefing-will-the-ramped-up-rhetoric-of-reform-bring-about-the-demise-of-the-conservatives,https://www.theguardian.com/world/2025/dec/04/thursday-briefing-will-the-ramped-up-rhetoric-of-reform-bring-about-the-demise-of-the-conservatives,Thursday briefing: ​Will the ramped up rhetoric of Reform bring about the demise of the Conservatives? ,2025-12-04T06:59:49Z,2010
commentisfree/2025/dec/04/europe-trump-putin-plans-ukraine-nato,https://www.theguardian.com/commentisfree/2025/dec/04/europe-trump-putin-plans-ukraine-nato,Europe is holding the line against Trump’s and Putin’s plans for Ukraine. But it won’t be able to for ever,2025-12-04T06:00:07Z,1155
world/2025/dec/04/europeans-trump-enemy-of-europe-russia-war-poll,https://www.theguardian.com/world/2025/dec/04/europeans-trump-enemy-of-europe-russia-war-poll,"Half of Europeans see Trump as enemy of Europe, survey finds",2025-12-04T03:00:02Z,618
us-news/live/2025/dec/03/donald-trump-somali-immigrants-ice-minnesota-pete-hegseth-caribbean-boats-venezuela-us-politics-live-latest-news-updates,https://www.theguardian.com/us-news/live/2025/dec/03/donald-trump-somali-immigrants-ice-minnesota-pete-hegseth-caribbean-boats-venezuela-us-politics-live-latest-news-updates,Pentagon reportedly knew strike on alleged drug boat left survivors - as it happened,2025-12-04T02:54:49Z,7051
world/2025/dec/04/ukraine-war-briefing-stop-wasting-worlds-time-putin-told,https://www.theguardian.com/world/2025/dec/04/ukraine-war-briefing-stop-wasting-worlds-time-putin-told,"Ukraine war briefing: Stop wasting the world’s time, Putin told",2025-12-04T02:32:34Z,1015
world/2025/dec/03/german-president-state-visit-uk-windsor-king-charles,https://www.theguardian.com/world/2025/dec/03/german-president-state-visit-uk-windsor-king-charles,King Charles decries ‘Russian aggression’ in pledge on defending Europe,2025-12-04T00:21:17Z,745
world/2025/dec/03/european-commission-reparations-loan-ukraine-frozen-russian-assets,https://www.theguardian.com/world/2025/dec/03/european-commission-reparations-loan-ukraine-frozen-russian-assets,European Commission plans ‘reparations loan’ to Ukraine using frozen Russian assets,2025-12-03T23:17:40Z,1137
australia-news/2025/dec/04/morning-mail-thursday-ntwnfb,https://www.theguardian.com/australia-news/2025/dec/04/morning-mail-thursday-ntwnfb,"Morning Mail: who is behind Reform Australia, Helen Garner’s library outrage, images from Epstein’s island",2025-12-03T19:49:41Z,1011
world/2025/dec/03/the-ukraine-peace-deal-has-stumbled-yet-again-over-an-inevitable-obstacle-putin,https://www.theguardian.com/world/2025/dec/03/the-ukraine-peace-deal-has-stumbled-yet-again-over-an-inevitable-obstacle-putin,The Ukraine peace deal has stumbled yet again over an inevitable obstacle: Putin ,2025-12-03T19:23:38Z,782
thefilter/2025/dec/03/best-christmas-gifts-mum-uk,https://www.theguardian.com/thefilter/2025/dec/03/best-christmas-gifts-mum-uk,The best UK Christmas gifts for mums: 63 thoughtful ideas they’ll love,2025-12-03T19:00:52Z,4381
commentisfree/2025/dec/03/the-guardian-view-on-us-russia-talks-on-ukraine-a-warning-to-europe-to-move-faster-on-security-cooperation,https://www.theguardian.com/commentisfree/2025/dec/03/the-guardian-view-on-us-russia-talks-on-ukraine-a-warning-to-europe-to-move-faster-on-security-cooperation,The Guardian view on US-Russia talks on Ukraine: a warning to Europe to move faster on security cooperation,2025-12-03T18:30:51Z,595
news/2025/dec/03/after-the-hong-kong-inferno-inside-the-5-december-guardian-weekly,https://www.theguardian.com/news/2025/dec/03/after-the-hong-kong-inferno-inside-the-5-december-guardian-weekly,After the Hong Kong inferno: inside the 5 December Guardian Weekly,2025-12-03T18:00:51Z,608
politics/live/2025/dec/03/nigel-farage-deal-tories-conservatives-pact-kemi-badenoch-labour-keir-starmer-pmqs-uk-politics-news-live,https://www.theguardian.com/politics/live/2025/dec/03/nigel-farage-deal-tories-conservatives-pact-kemi-badenoch-labour-keir-starmer-pmqs-uk-politics-news-live,"‘Failed former Tory MPs’ who join Reform unlikely to be selected as candidates, Zia Yusuf says – as it happened",2025-12-03T17:47:36Z,7028
world/live/2025/dec/03/nato-vladimir-putin-russia-rejects-ukraine-peace-deal-volodymyr-zelenskyy-europe-live-latest-news-updates,https://www.theguardian.com/world/live/2025/dec/03/nato-vladimir-putin-russia-rejects-ukraine-peace-deal-volodymyr-zelenskyy-europe-live-latest-news-updates,"Nato ‘ready to do what it takes’ to protect Europe, as Russia denies rejecting Ukraine peace plan – as it happened",2025-12-03T16:48:19Z,4878
world/2025/dec/03/amid-missiles-and-diplomacy-russia-is-exploiting-western-divisions-over-ukraine,https://www.theguardian.com/world/2025/dec/03/amid-missiles-and-diplomacy-russia-is-exploiting-western-divisions-over-ukraine,"Amid missiles and diplomacy, Russia is exploiting western divisions over Ukraine",2025-12-03T16:08:33Z,663
film/2025/dec/03/june-squibb-interview-eleanor-the-great-scarlett-johansson-broadway-gypsy,https://www.theguardian.com/film/2025/dec/03/june-squibb-interview-eleanor-the-great-scarlett-johansson-broadway-gypsy,‘It was legs out all the time!’ June Squibb on starring in Scarlett Johansson’s directing debut – and Broadway’s original Gypsy,2025-12-03T16:06:48Z,1631
world/2025/oct/23/eu-has-a-plan-to-use-frozen-russian-assets-to-fund-ukraine-how-will-it-work,https://www.theguardian.com/world/2025/oct/23/eu-has-a-plan-to-use-frozen-russian-assets-to-fund-ukraine-how-will-it-work,EU has a plan to use frozen Russian assets to fund Ukraine – how will it work?,2025-12-03T16:00:31Z,1095
world/ng-interactive/2025/dec/03/which-areas-is-russia-demanding-as-its-price-for-peace-in-ukraine-visual-explainer,https://www.theguardian.com/world/ng-interactive/2025/dec/03/which-areas-is-russia-demanding-as-its-price-for-peace-in-ukraine-visual-explainer,Which areas is Russia demanding as its price for peace in Ukraine? – visual explainer,2025-12-03T14:46:58Z,43
us-news/2025/dec/03/first-thing-victim-family-trump-drug-boat-strikes-files-complaint-extrajudicial-killing,https://www.theguardian.com/us-news/2025/dec/03/first-thing-victim-family-trump-drug-boat-strikes-files-complaint-extrajudicial-killing,First Thing: Family of victim of Trump boat airstrikes files complaint against ‘extrajudicial killing’,2025-12-03T12:46:01Z,977
world/2025/dec/03/search-for-malaysia-airline-flight-mh370-to-resume-over-11-years-after-plane-went-missing,https://www.theguardian.com/world/2025/dec/03/search-for-malaysia-airline-flight-mh370-to-resume-over-11-years-after-plane-went-missing,Malaysia Airlines flight MH370 search to resume 11 years after jet went missing,2025-12-03T12:34:28Z,851
world/2025/dec/03/pope-leo-europe-peace-talks-war-ukraine-russia-us,https://www.theguardian.com/world/2025/dec/03/pope-leo-europe-peace-talks-war-ukraine-russia-us,"Italy could act as mediator between Russia and Ukraine, says Pope Leo",2025-12-03T12:30:34Z,397
world/2025/dec/03/former-eu-chief-diplomat-federica-mogherini-accused-corruption-fraud,https://www.theguardian.com/world/2025/dec/03/former-eu-chief-diplomat-federica-mogherini-accused-corruption-fraud,Top ex-EU diplomat Federica Mogherini accused of corruption and fraud,2025-12-03T12:26:17Z,673
world/2025/dec/03/wednesday-briefing-does-the-new-us-plan-put-ukraine-and-russia-on-the-path-to-peace,https://www.theguardian.com/world/2025/dec/03/wednesday-briefing-does-the-new-us-plan-put-ukraine-and-russia-on-the-path-to-peace,Wednesday briefing: ​​Does the new ​U​S plan put ​Ukraine and ​Russia on the path to peace​?,2025-12-03T06:57:52Z,2084
commentisfree/2025/dec/03/fear-future-british-politics-stuck-past,https://www.theguardian.com/commentisfree/2025/dec/03/fear-future-british-politics-stuck-past,Fear of facing the future has British politics stuck in the past,2025-12-03T06:00:53Z,1080
world/2025/dec/02/witkoff-in-moscow-for-talks-as-putin-claims-to-have-taken-key-ukrainian-city,https://www.theguardian.com/world/2025/dec/02/witkoff-in-moscow-for-talks-as-putin-claims-to-have-taken-key-ukrainian-city,"Russia ‘ready’ for war if Europe starts it, Putin says, as US peace talks end without progress",2025-12-03T04:33:38Z,1244
us-news/live/2025/dec/02/donald-trump-pete-hegseth-boat-venezuela-maduro-tennessee-us-politics-live-news-updates,https://www.theguardian.com/us-news/live/2025/dec/02/donald-trump-pete-hegseth-boat-venezuela-maduro-tennessee-us-politics-live-news-updates,Pete Hegseth says he ‘didn’t stick around’ to watch second strike on alleged drug boat as Democrats slam administration over attacks – as it happened,2025-12-03T03:07:51Z,7195
world/2025/dec/03/ukraine-war-briefing-peace-push-fizzles-as-witkoff-leaves-moscow-with-no-sign-of-deal,https://www.theguardian.com/world/2025/dec/03/ukraine-war-briefing-peace-push-fizzles-as-witkoff-leaves-moscow-with-no-sign-of-deal,Ukraine war briefing: Peace push fizzles as Witkoff leaves Moscow with no sign of deal,2025-12-03T01:57:25Z,696
artanddesign/2025/dec/02/faberge-egg-mother-russia-tsar-23m,https://www.theguardian.com/artanddesign/2025/dec/02/faberge-egg-mother-russia-tsar-23m,Fabergé egg made for mother of Russia’s last tsar sells for £23m,2025-12-02T23:37:11Z,390
world/live/2025/dec/02/ukraine-war-live-trump-peace-deal-witkoff-to-meet-putin,https://www.theguardian.com/world/live/2025/dec/02/ukraine-war-live-trump-peace-deal-witkoff-to-meet-putin,Putin says Russia not seeking war with Europe but is ‘ready’ to fight amid peace talks – as it happened,2025-12-02T21:24:17Z,8794
world/2025/dec/02/british-military-instructor-arrested-ukraine-spying-russia,https://www.theguardian.com/world/2025/dec/02/british-military-instructor-arrested-ukraine-spying-russia,British military instructor arrested in Ukraine on suspicion of spying for Russia,2025-12-02T20:05:02Z,328
australia-news/2025/dec/03/morning-mail-major-ndis-change-revealed-putin-ready-to-fight-europe-naplan-data-identifies-top-schools,https://www.theguardian.com/australia-news/2025/dec/03/morning-mail-major-ndis-change-revealed-putin-ready-to-fight-europe-naplan-data-identifies-top-schools,"Morning Mail: Major NDIS change revealed, Putin ‘ready to fight’ Europe, Naplan data identifies top schools",2025-12-02T19:52:14Z,971
books/2025/dec/02/marina-lewycka-posthumous-winner-of-winners-vintage-bollinger-wodehouse-prize-comic-fiction-rosanna-pike,https://www.theguardian.com/books/2025/dec/02/marina-lewycka-posthumous-winner-of-winners-vintage-bollinger-wodehouse-prize-comic-fiction-rosanna-pike,Marina Lewycka posthumously named ‘winner of winners’ of Wodehouse prize for comic fiction,2025-12-02T14:40:26Z,534
business/2025/dec/02/boe-capital-rules-banks-growth-bank-of-england-stress-tests,https://www.theguardian.com/business/2025/dec/02/boe-capital-rules-banks-growth-bank-of-england-stress-tests,"BoE governor says it has not forgotten lessons of financial crisis, as it eases capital rules",2025-12-02T14:19:35Z,921
world/2025/dec/02/the-slow-death-of-pokrovsk-ukraine-russia,https://www.theguardian.com/world/2025/dec/02/the-slow-death-of-pokrovsk-ukraine-russia,The slow death of Pokrovsk ,2025-12-02T14:17:23Z,1202
us-news/2025/dec/02/first-thing-eu-foreign-policy-chief-warns-us-russia-talks-may-pressure-kyiv-to-make-concessions,https://www.theguardian.com/us-news/2025/dec/02/first-thing-eu-foreign-policy-chief-warns-us-russia-talks-may-pressure-kyiv-to-make-concessions,First Thing: EU foreign policy chief warns US-Russia talks may pressure Kyiv to make concessions,2025-12-02T11:25:27Z,932
business/2025/dec/02/obr-treasury-budget-leaks-mps-press,https://www.theguardian.com/business/2025/dec/02/obr-treasury-budget-leaks-mps-press,OBR complained to Treasury before budget about leaks spreading ‘misconceptions’ ,2025-12-02T11:20:47Z,943
football/2025/dec/02/world-cup-2026-draw-which-teams-have-qualified-and-how-does-it-work,https://www.theguardian.com/football/2025/dec/02/world-cup-2026-draw-which-teams-have-qualified-and-how-does-it-work,World Cup 2026 draw: which teams have qualified and how does it work?,2025-12-02T06:58:09Z,1237
world/2025/dec/02/tuesday-briefing-space-race-moon-glasgow-first-edition,https://www.theguardian.com/world/2025/dec/02/tuesday-briefing-space-race-moon-glasgow-first-edition,Tuesday briefing: What’s next for the resurgent space race?,2025-12-02T06:40:11Z,2285
politics/2025/dec/02/reviewer-terrorism-law-government-failing-online-threat,https://www.theguardian.com/politics/2025/dec/02/reviewer-terrorism-law-government-failing-online-threat,UK terror watchdog warns national security plan ignores escalating online threats,2025-12-02T06:00:17Z,760
us-news/live/2025/dec/01/donald-trump-pete-hegseth-caribbean-boats-venezuela-immigration-us-politics-latest-news-updates,https://www.theguardian.com/us-news/live/2025/dec/01/donald-trump-pete-hegseth-caribbean-boats-venezuela-immigration-us-politics-latest-news-updates,Trump discusses Venezuela with advisers as Hegseth distances himself from second strike on suspected drug boat –as it happened,2025-12-02T03:08:51Z,7867
us-news/2025/dec/01/trump-administration-news-update-today,https://www.theguardian.com/us-news/2025/dec/01/trump-administration-news-update-today,Trump news at a glance: tensions with Venezuela rise after president’s reported ultimatum to Maduro,2025-12-02T02:06:45Z,691
world/2025/dec/02/ukraine-war-briefing-witkoff-shuttles-into-moscow-to-hear-putins-demands,https://www.theguardian.com/world/2025/dec/02/ukraine-war-briefing-witkoff-shuttles-into-moscow-to-hear-putins-demands,Ukraine war briefing: Witkoff shuttles into Moscow to hear Putin’s demands ,2025-12-02T02:01:52Z,416
world/live/2025/dec/01/zelenskyy-macron-us-ukraine-russia-steve-witkoff-jared-kushner-moscow-europe-live-latest-news-updates,https://www.theguardian.com/world/live/2025/dec/01/zelenskyy-macron-us-ukraine-russia-steve-witkoff-jared-kushner-moscow-europe-live-latest-news-updates,Zelenskyy sets out Ukraine’s red lines in press conference with Macron – as it happened,2025-12-01T18:36:15Z,5592
world/2025/dec/01/diplomacy-talks-negotiations-end-ukraine-war-russia-eu-kaja-kallas,https://www.theguardian.com/world/2025/dec/01/diplomacy-talks-negotiations-end-ukraine-war-russia-eu-kaja-kallas,"US-Russia talks may pile pressure on Kyiv to make concessions, says EU foreign policy chief",2025-12-01T17:21:26Z,938
business/live/2025/dec/01/uk-economic-growth-2026-unemployment-rises-budget-sterling-bonds-stock-market-business-live,https://www.theguardian.com/business/live/2025/dec/01/uk-economic-growth-2026-unemployment-rises-budget-sterling-bonds-stock-market-business-live,UK factory sector grows for first time in a year despite budget uncertainty; Airbus shares slide amid A320 problems – as it happened,2025-12-01T15:42:30Z,5487
world/2025/dec/01/south-africans-court-alleged-recruitment-russia-war-ukraine,https://www.theguardian.com/world/2025/dec/01/south-africans-court-alleged-recruitment-russia-war-ukraine,Five South Africans in court over alleged recruitment for Russia’s war in Ukraine,2025-12-01T14:43:19Z,506
us-news/2025/dec/01/gas-energy-prices,https://www.theguardian.com/us-news/2025/dec/01/gas-energy-prices,Cooking with gas gets more expensive as Americans face rising prices into 2026,2025-12-01T12:30:34Z,732
us-news/2025/dec/01/first-thing-floods-indonesia-sri-lanka-malaysia-thailand,https://www.theguardian.com/us-news/2025/dec/01/first-thing-floods-indonesia-sri-lanka-malaysia-thailand,"First Thing: Death toll passes 1,000 in devastating floods across Indonesia, Sri Lanka, Malaysia and Thailand",2025-12-01T12:02:09Z,924
commentisfree/2025/dec/01/uk-sue-foreign-oligarchs-corporations-litigation-offshore-courts,https://www.theguardian.com/commentisfree/2025/dec/01/uk-sue-foreign-oligarchs-corporations-litigation-offshore-courts,"Hello, foreign oligarchs and corporations! Please come and sue the UK for billions",2025-12-01T08:00:29Z,1086
business/2025/dec/01/ovo-energy-stephen-fitzpatrick,https://www.theguardian.com/business/2025/dec/01/ovo-energy-stephen-fitzpatrick,From star jumps to job cuts: how Ovo Energy fell from grace,2025-12-01T07:00:29Z,1210
world/2025/dec/01/ukraine-war-briefing-trump-says-good-chance-of-deal-to-end-conflict-after-latest-talks-with-kyiv,https://www.theguardian.com/world/2025/dec/01/ukraine-war-briefing-trump-says-good-chance-of-deal-to-end-conflict-after-latest-talks-with-kyiv,Ukraine war briefing: Trump says ‘good chance’ of deal to end conflict after latest talks with Kyiv,2025-12-01T06:52:04Z,526
world/2025/dec/01/monday-briefing-what-did-we-learn-at-your-partys-first-conference,https://www.theguardian.com/world/2025/dec/01/monday-briefing-what-did-we-learn-at-your-partys-first-conference,Monday briefing: What did we learn at Your Party’s first conference?,2025-12-01T06:52:00Z,2228
world/2025/dec/01/polish-german-leaders-meet-tensions-ukraine,https://www.theguardian.com/world/2025/dec/01/polish-german-leaders-meet-tensions-ukraine,Old tensions simmer just below surface as Tusk and Merz to meet in Berlin,2025-12-01T05:00:27Z,1185
australia-news/2025/dec/01/morning-mail-monday-ntwnfb,https://www.theguardian.com/australia-news/2025/dec/01/morning-mail-monday-ntwnfb,"Morning Mail: botched media strategy after Hannah Clarke murders revealed, NSW sets new pokies curfew, Piastri frustrated in Qatar",2025-11-30T19:57:35Z,986
politics/live/2025/nov/30/rachel-reeves-defend-budget-deficit-claims-keir-starmer-your-party-uk-politics-live,https://www.theguardian.com/politics/live/2025/nov/30/rachel-reeves-defend-budget-deficit-claims-keir-starmer-your-party-uk-politics-live,"Your Party is voted to be called … Your Party, Jeremy Corbyn announces – UK politics as it happened",2025-11-30T18:33:07Z,6274
world/2025/nov/30/ukrainian-and-us-officials-talks-florida-russia-war,https://www.theguardian.com/world/2025/nov/30/ukrainian-and-us-officials-talks-florida-russia-war,Ukrainian and US officials meet in Florida to discuss proposals to end Russia’s war,2025-11-30T18:20:51Z,1189
politics/2025/nov/30/fears-for-uk-security-as-foreign-office-moves-to-scrap-unit-on-conflict-and-refugee-crises,https://www.theguardian.com/politics/2025/nov/30/fears-for-uk-security-as-foreign-office-moves-to-scrap-unit-on-conflict-and-refugee-crises,Fears for UK security as Foreign Office moves to scrap unit on conflict and refugee crises,2025-11-30T13:00:06Z,624
business/2025/nov/30/net-migration-is-plummeting-why-cant-labour-say-so,https://www.theguardian.com/business/2025/nov/30/net-migration-is-plummeting-why-cant-labour-say-so,Net migration is plummeting. Why can’t Labour say so? ,2025-11-30T11:40:33Z,950
commentisfree/2025/nov/30/china-donald-trump-xi-jinping-taiwan-trade,https://www.theguardian.com/commentisfree/2025/nov/30/china-donald-trump-xi-jinping-taiwan-trade,China is bearing down on Taiwan – enabled by Trump’s weakness and vacillation,2025-11-30T08:00:00Z,975
world/2025/nov/30/ukraine-war-briefing-peace-plan-meeting-florida-rubio-witkoff-kushner,https://www.theguardian.com/world/2025/nov/30/ukraine-war-briefing-peace-plan-meeting-florida-rubio-witkoff-kushner,"Ukraine war briefing: Ukrainians fly to US for peace talks with Rubio, Witkoff and Kushner",2025-11-30T01:56:42Z,610
world/2025/nov/29/deadly-russian-attack-on-kyiv-cuts-power-to-half-of-city,https://www.theguardian.com/world/2025/nov/29/deadly-russian-attack-on-kyiv-cuts-power-to-half-of-city,Six dead and dozens wounded in Russian attack on Ukraine,2025-11-29T23:03:26Z,772
world/2025/nov/29/zelenskyy-faces-mini-revolution-as-yermak-fall-reshapes-ukraine-wartime-power-system,https://www.theguardian.com/world/2025/nov/29/zelenskyy-faces-mini-revolution-as-yermak-fall-reshapes-ukraine-wartime-power-system,Zelenskyy faces ‘mini-revolution’ as Yermak’s fall reshapes Ukraine’s wartime power system,2025-11-29T13:38:01Z,819
environment/2025/nov/29/people-fleeing-climate-breakdown-in-pictures,https://www.theguardian.com/environment/2025/nov/29/people-fleeing-climate-breakdown-in-pictures,‘We had to swim to safety. I didn’t think we would make it out alive’: the people fleeing climate breakdown – in pictures,2025-11-29T12:00:37Z,3210
commentisfree/2025/nov/29/russia-ukraine-peace-deal,https://www.theguardian.com/commentisfree/2025/nov/29/russia-ukraine-peace-deal,The Russia-Ukraine peace deal is not a loss. Nor is it a victory,2025-11-29T11:00:35Z,1249
world/2025/nov/29/uk-mps-extra-aid-humanitarian-visas-jamaica-hurricane-melissa-dawn-butler,https://www.theguardian.com/world/2025/nov/29/uk-mps-extra-aid-humanitarian-visas-jamaica-hurricane-melissa-dawn-butler,UK MPs push for extra aid and visas as Jamaica reels from Hurricane Melissa,2025-11-29T07:00:31Z,873
environment/2025/nov/29/climate-crisis-depleting-europe-groundwater-reserves-analysis,https://www.theguardian.com/environment/2025/nov/29/climate-crisis-depleting-europe-groundwater-reserves-analysis,Revealed: Europe’s water reserves drying up due to climate breakdown,2025-11-29T06:00:32Z,912
world/2025/nov/29/the-week-europe-realised-it-stands-alone-against-russian-expansionism,https://www.theguardian.com/world/2025/nov/29/the-week-europe-realised-it-stands-alone-against-russian-expansionism,The week Europe realised it stands alone against Russian expansionism,2025-11-29T05:00:28Z,2315
world/2025/nov/29/ukraine-war-briefing-russia-launches-deadly-overnight-attack-on-kyiv,https://www.theguardian.com/world/2025/nov/29/ukraine-war-briefing-russia-launches-deadly-overnight-attack-on-kyiv,Ukraine war briefing: two killed and dozens wounded as Russia launches another overnight attack on Kyiv,2025-11-29T03:21:12Z,709
politics/2025/nov/28/ukip-mep-denies-taking-money-promote-russian-interests-daivd-coburn-nathan-gill,https://www.theguardian.com/politics/2025/nov/28/ukip-mep-denies-taking-money-promote-russian-interests-daivd-coburn-nathan-gill,Former Ukip MEP denies taking money to promote Russian interests,2025-11-28T19:56:20Z,443
commentisfree/2025/nov/28/the-guardian-view-on-ukraine-peace-talks-putin-is-taking-trump-for-another-ride-on-the-kremlin-carousel,https://www.theguardian.com/commentisfree/2025/nov/28/the-guardian-view-on-ukraine-peace-talks-putin-is-taking-trump-for-another-ride-on-the-kremlin-carousel,The Guardian view on Ukraine peace talks: Putin is taking Trump for another ride on the Kremlin carousel,2025-11-28T18:30:14Z,598
football/live/2025/nov/28/premier-league-news-europa-league-reaction-previews-and-more-football-live,https://www.theguardian.com/football/live/2025/nov/28/premier-league-news-europa-league-reaction-previews-and-more-football-live,Palmer fit to start against Arsenal; Iran to boycott World Cup draw – as it happened,2025-11-28T18:01:49Z,6806
world/2025/nov/28/ukraines-anti-corruption-agencies-search-home-zelenskyy-chief-aide-andriy-yermak,https://www.theguardian.com/world/2025/nov/28/ukraines-anti-corruption-agencies-search-home-zelenskyy-chief-aide-andriy-yermak,Zelenskyy’s top aide quits after anti-corruption searches of his home,2025-11-28T17:47:54Z,786
world/live/2025/nov/28/europe-latest-news-andriy-yermak-anti-corruption-zelenskyy-ukraine-russia-war-peace-talks-putin,https://www.theguardian.com/world/live/2025/nov/28/europe-latest-news-andriy-yermak-anti-corruption-zelenskyy-ukraine-russia-war-peace-talks-putin,Zelenskyy chief of staff resigns after raid on his home by Ukraine’s anti-corruption agencies – as it happened,2025-11-28T17:21:24Z,4833
politics/live/2025/nov/28/workers-rights-bill-unfair-dismissal-uk-politics-latest-news-updates-labour-budget-keir-starmer,https://www.theguardian.com/politics/live/2025/nov/28/workers-rights-bill-unfair-dismissal-uk-politics-latest-news-updates-labour-budget-keir-starmer,No 10 dismisses claim that OBR revelations show Reeves misled public about need for tax rises in budget – UK politics live ,2025-11-28T16:47:04Z,6254
world/2025/nov/28/talks-for-uk-to-join-eu-defence-fund-collapse-in-blow-to-starmers-bid-to-reset-relations,https://www.theguardian.com/world/2025/nov/28/talks-for-uk-to-join-eu-defence-fund-collapse-in-blow-to-starmers-bid-to-reset-relations,Talks for UK to join EU defence fund collapse in blow to Starmer’s bid to reset relations,2025-11-28T15:42:37Z,599
world/2025/nov/28/jacob-zuma-daughter-resigns-claims-south-africans-tricked-fight-russia,https://www.theguardian.com/world/2025/nov/28/jacob-zuma-daughter-resigns-claims-south-africans-tricked-fight-russia,Jacob Zuma’s daughter resigns amid claims South Africans tricked to fight for Russia,2025-11-28T15:28:33Z,753
football/2025/nov/28/keira-walsh-england-china-continental-champions-lionesses,https://www.theguardian.com/football/2025/nov/28/keira-walsh-england-china-continental-champions-lionesses,Walsh takes lead role as England face new test in clash of continental champions,2025-11-28T13:28:28Z,742
world/2025/nov/28/belgium-hits-back-at-eu-plan-to-use-frozen-russian-assets-to-aid-ukraine,https://www.theguardian.com/world/2025/nov/28/belgium-hits-back-at-eu-plan-to-use-frozen-russian-assets-to-aid-ukraine,Belgium hits back at EU plan to use frozen Russian assets to aid Ukraine,2025-11-28T12:17:34Z,894
uk-news/2025/nov/28/uk-energy-bill-payers-edf-hinkley-point-c-sizewell-c,https://www.theguardian.com/uk-news/2025/nov/28/uk-energy-bill-payers-edf-hinkley-point-c-sizewell-c,UK energy bill payers will hand £2bn a year to EDF for new power stations,2025-11-28T11:30:20Z,638
world/2025/nov/28/ukraine-corruption-scandal-threatens-zelenskyy-special-relationship-with-top-aide,https://www.theguardian.com/world/2025/nov/28/ukraine-corruption-scandal-threatens-zelenskyy-special-relationship-with-top-aide,Ukraine corruption scandal threatens Zelenskyy’s special relationship with top aide,2025-11-28T11:02:18Z,318
world/2025/nov/28/friday-briefing-how-will-ukraine-fare-this-winter-as-trump-pushes-for-a-controversial-peace-deal,https://www.theguardian.com/world/2025/nov/28/friday-briefing-how-will-ukraine-fare-this-winter-as-trump-pushes-for-a-controversial-peace-deal,Friday briefing: How will Ukraine fare this winter as Trump pushes for a controversial peace deal? ​,2025-11-28T06:50:54Z,2911
business/2025/nov/28/tech-submarine-drones-startups-big-defence-companies,https://www.theguardian.com/business/2025/nov/28/tech-submarine-drones-startups-big-defence-companies,‘A step-change’: tech firms battle for undersea dominance with submarine drones,2025-11-28T06:00:59Z,1334
commentisfree/2025/nov/28/germany-war-army-national-service-citizens-ukraine-europe,https://www.theguardian.com/commentisfree/2025/nov/28/germany-war-army-national-service-citizens-ukraine-europe,Germany raised its citizens to hate war. Now it wants us to enlist in the army – but we say no,2025-11-28T05:00:56Z,990
world/2025/nov/28/ukraine-war-briefing-putin-says-russia-will-fight-on-unless-ukraine-gives-up-territory,https://www.theguardian.com/world/2025/nov/28/ukraine-war-briefing-putin-says-russia-will-fight-on-unless-ukraine-gives-up-territory,"Ukraine war briefing: Zelenskyy will not give up land in exchange for peace, president’s chief of staff says",2025-11-28T01:07:46Z,521
media/commentisfree/2025/nov/28/kerry-obrien-sounds-the-alarm-for-australian-media-in-thunderous-walkleys-address,https://www.theguardian.com/media/commentisfree/2025/nov/28/kerry-obrien-sounds-the-alarm-for-australian-media-in-thunderous-walkleys-address,Kerry O’Brien sounds the alarm for Australian media in thunderous Walkleys address,2025-11-28T00:01:33Z,1328
commentisfree/2025/nov/28/press-freedom-is-being-destroyed-from-gaza-to-america-dont-think-it-cant-happen-here,https://www.theguardian.com/commentisfree/2025/nov/28/press-freedom-is-being-destroyed-from-gaza-to-america-dont-think-it-cant-happen-here,Press freedom is being destroyed from Gaza to America. Don’t think it can’t happen here,2025-11-28T00:00:35Z,1311
world/2025/nov/27/putin-insists-ukraine-surrender-territory-for-peace-deal-possible,https://www.theguardian.com/world/2025/nov/27/putin-insists-ukraine-surrender-territory-for-peace-deal-possible,Putin insists Ukraine has to surrender territory for any deal to be possible,2025-11-27T18:12:05Z,535
world/2025/nov/27/pope-leo-to-visit-turkey-and-lebanon-on-first-overseas-trip-as-pontiff,https://www.theguardian.com/world/2025/nov/27/pope-leo-to-visit-turkey-and-lebanon-on-first-overseas-trip-as-pontiff,Pope Leo warns of risk from ‘piecemeal’ world war in first overseas trip,2025-11-27T17:25:44Z,1041
world/2025/nov/27/france-voluntary-military-service-russia-threat-macron-plan,https://www.theguardian.com/world/2025/nov/27/france-voluntary-military-service-russia-threat-macron-plan,France to introduce voluntary military service amid threat from Russia,2025-11-27T15:16:14Z,697
us-news/2025/nov/27/first-thing-donald-trump-us-afghan-refugees-suspect-named-national-guard-shooting,https://www.theguardian.com/us-news/2025/nov/27/first-thing-donald-trump-us-afghan-refugees-suspect-named-national-guard-shooting,First Thing: Trump says US should ‘re-examine’ all Afghan refugees after national guard shooting,2025-11-27T13:07:46Z,935
world/2025/nov/27/us-deal-must-punish-russia-war-crimes-says-ukraines-nobel-peace-prize-winner,https://www.theguardian.com/world/2025/nov/27/us-deal-must-punish-russia-war-crimes-says-ukraines-nobel-peace-prize-winner,"US deal must punish Russia war crimes, says Ukraine’s Nobel peace prize winner ",2025-11-27T12:06:28Z,896
world/2025/nov/27/thursday-briefing-what-could-the-governments-proposals-to-scrap-jury-trials-mean-for-democracy,https://www.theguardian.com/world/2025/nov/27/thursday-briefing-what-could-the-governments-proposals-to-scrap-jury-trials-mean-for-democracy,Thursday briefing: ​What could the government’s proposals to scrap jury trials mean for democracy?,2025-11-27T06:50:12Z,2022
us-news/live/2025/nov/26/us-politics-latest-news-pete-hegseth-donald-trump-marjorie-taylor-greene-mark-kelly,https://www.theguardian.com/us-news/live/2025/nov/26/us-politics-latest-news-pete-hegseth-donald-trump-marjorie-taylor-greene-mark-kelly,"Washington DC shooting: Trump calls shooting of national guard members ‘an act of terror’, vows new scrutiny of immigrants – as it happened",2025-11-27T03:15:12Z,6695
us-news/2025/nov/26/trump-administration-news-at-a-glance-latest,https://www.theguardian.com/us-news/2025/nov/26/trump-administration-news-at-a-glance-latest,Trump news at a glance: president orders more troops to Washington DC after shooting of national guard members,2025-11-27T02:51:07Z,982
world/2025/nov/27/ukraine-war-briefing-donald-trump-steve-witkoff-peace-plan-criticised-republicans,https://www.theguardian.com/world/2025/nov/27/ukraine-war-briefing-donald-trump-steve-witkoff-peace-plan-criticised-republicans,Ukraine war briefing: Witkoff peace plan call angers Republicans,2025-11-27T01:55:48Z,573
uk-news/live/2025/nov/26/budget-2025-rachel-reeves-tax-cash-isa-minimum-wage-latest-news-updates,https://www.theguardian.com/uk-news/live/2025/nov/26/budget-2025-rachel-reeves-tax-cash-isa-minimum-wage-latest-news-updates,Budget 2025: Reeves claims freezing tax thresholds in budget does not breach manifesto pledge – as it happened,2025-11-26T18:21:37Z,15636
news/2025/nov/26/cop30-and-the-climate-fight-inside-the-28-november-guardian-weekly,https://www.theguardian.com/news/2025/nov/26/cop30-and-the-climate-fight-inside-the-28-november-guardian-weekly,Cop30 and the climate fight: inside the 28 November Guardian Weekly,2025-11-26T18:00:04Z,601
environment/2025/nov/26/why-the-plan-for-a-forest-city-is-not-as-green-as-it-sounds,https://www.theguardian.com/environment/2025/nov/26/why-the-plan-for-a-forest-city-is-not-as-green-as-it-sounds,Why the plan for a ‘forest city’ is not as green as it sounds,2025-11-26T17:48:27Z,204
world/live/2025/nov/26/russia-ukraine-war-peace-plan-europe-latest-news-updates,https://www.theguardian.com/world/live/2025/nov/26/russia-ukraine-war-peace-plan-europe-latest-news-updates,"Putin trying to negotiate an end to Ukraine war as he cannot win it on battlefield, says EU’s Kallas – as it happened",2025-11-26T16:56:05Z,5191
us-news/2025/nov/26/republicans-steve-witkoff-leaked-call-russia-ukraine,https://www.theguardian.com/us-news/2025/nov/26/republicans-steve-witkoff-leaked-call-russia-ukraine,‘Traitor’: US representatives call for Trump envoy Witkoff to be fired after leaked Kremlin call,2025-11-26T16:39:00Z,574
world/2025/nov/26/von-der-leyen-warns-against-carving-up-of-sovereign-european-nation-amid-crunch-ukraine-talks,https://www.theguardian.com/world/2025/nov/26/von-der-leyen-warns-against-carving-up-of-sovereign-european-nation-amid-crunch-ukraine-talks,Von der Leyen warns against ‘carving up’ of Ukraine amid crunch US-led talks,2025-11-26T16:34:19Z,1062
us-news/2025/nov/26/john-kerry-australia-carbon-emitters-cop31-climate-summit,https://www.theguardian.com/us-news/2025/nov/26/john-kerry-australia-carbon-emitters-cop31-climate-summit,John Kerry urges Australia to take ‘hard-nosed’ approach with world’s biggest fossil fuel-producing countries at Cop31,2025-11-26T16:00:30Z,1165
world/2025/nov/26/as-france-prepares-military-expansion-how-is-europe-beefing-up-its-armies,https://www.theguardian.com/world/2025/nov/26/as-france-prepares-military-expansion-how-is-europe-beefing-up-its-armies,"As France prepares military expansion, how is Europe beefing up its armies?",2025-11-26T15:55:56Z,686
world/2025/nov/26/this-is-europe-ukraine-peace-plan-russia-us,https://www.theguardian.com/world/2025/nov/26/this-is-europe-ukraine-peace-plan-russia-us,Can Europe prevent an unjust ‘peace’ in Ukraine – and what is at stake if it fails?,2025-11-26T15:22:06Z,910
uk-news/2025/nov/26/british-army-halts-ajax-armoured-vehicle-training-noise-vibrations-soldiers-ill,https://www.theguardian.com/uk-news/2025/nov/26/british-army-halts-ajax-armoured-vehicle-training-noise-vibrations-soldiers-ill,British army halts Ajax vehicle training as noise and vibrations make soldiers ill,2025-11-26T15:06:52Z,574
us-news/2025/nov/26/who-leaked-steve-witkoff-call-kremlin-trump-analysis,https://www.theguardian.com/us-news/2025/nov/26/who-leaked-steve-witkoff-call-kremlin-trump-analysis,Who leaked Witkoff’s call advising Kremlin on how to get Trump on side? ,2025-11-26T14:49:56Z,772
us-news/2025/nov/26/first-thing-trump-envoy-witkoff-reportedly-advised-kremlin-official-on-ukraine-peace-deal,https://www.theguardian.com/us-news/2025/nov/26/first-thing-trump-envoy-witkoff-reportedly-advised-kremlin-official-on-ukraine-peace-deal,First Thing: Trump envoy Witkoff reportedly advised Kremlin official on Ukraine peace deal,2025-11-26T14:06:26Z,1031
business/grogonomics/2025/nov/26/the-latest-inflation-figures-offer-no-joy-except-to-the-gas-producers-whose-windfall-profits-remain-largely-untouched,https://www.theguardian.com/business/grogonomics/2025/nov/26/the-latest-inflation-figures-offer-no-joy-except-to-the-gas-producers-whose-windfall-profits-remain-largely-untouched,The latest inflation figures offer no joy – except to the gas producers whose windfall profits remain largely untouched,2025-11-26T14:00:29Z,925
world/2025/nov/26/us-ukrainian-war-effort-trump-peace-plan,https://www.theguardian.com/world/2025/nov/26/us-ukrainian-war-effort-trump-peace-plan,Americans helping Ukrainian war effort call US peace plan a ‘betrayal by Trump’,2025-11-26T12:00:25Z,686
world/2025/nov/25/us-kyiv-and-moscow-officials-continue-talks-on-trump-plan-to-end-ukraine-war,https://www.theguardian.com/world/2025/nov/25/us-kyiv-and-moscow-officials-continue-talks-on-trump-plan-to-end-ukraine-war,US to send envoy to Moscow to discuss proposals to end Ukraine war,2025-11-26T09:23:47Z,1117
world/2025/nov/26/ukraine-war-briefing-peace-plan-fine-tuned-trump-says-as-president-backs-away-from-thursday-deadline,https://www.theguardian.com/world/2025/nov/26/ukraine-war-briefing-peace-plan-fine-tuned-trump-says-as-president-backs-away-from-thursday-deadline,"Ukraine war briefing: peace plan ‘fine-tuned’, Trump says, as president backs away from Thursday deadline",2025-11-26T09:21:12Z,846
commentisfree/2025/nov/26/israel-international-law-donald-trump-us-sanction-judge,https://www.theguardian.com/commentisfree/2025/nov/26/israel-international-law-donald-trump-us-sanction-judge,This French judge approved Netanyahu’s arrest warrant. Now Trump is targeting him,2025-11-26T08:34:42Z,967
world/2025/nov/26/wednesday-briefing-what-may-be-in-and-out-of-rachel-reevess-hokey-cokey-budget,https://www.theguardian.com/world/2025/nov/26/wednesday-briefing-what-may-be-in-and-out-of-rachel-reevess-hokey-cokey-budget,Wednesday briefing: What may be in – and out – of Rachel Reeves’s ‘hokey cokey’ budget,2025-11-26T06:48:23Z,2303
us-news/2025/nov/25/trump-envoy-on-russia-ukraine-peace-deal,https://www.theguardian.com/us-news/2025/nov/25/trump-envoy-on-russia-ukraine-peace-deal,Trump envoy Witkoff reportedly advised Kremlin official on Ukraine peace deal,2025-11-26T06:38:46Z,665
world/2025/nov/26/women-flying-drones-ukraine-frontline-casualties-recruitment-combat,https://www.theguardian.com/world/2025/nov/26/women-flying-drones-ukraine-frontline-casualties-recruitment-combat,‘Drone operators are hunted. You feel it from your first day’: the female pilots on Ukraine’s frontline,2025-11-26T05:00:42Z,669
us-news/live/2025/nov/25/us-politics-pam-bondi-appeal-james-comey-letitia-james-cases-donald-trump-venezuela-latest-updates,https://www.theguardian.com/us-news/live/2025/nov/25/us-politics-pam-bondi-appeal-james-comey-letitia-james-cases-donald-trump-venezuela-latest-updates,Hegseth orders US Navy secretary to investigate Arizona senator Mark Kelly for ‘potentially unlawful comments’ – as it happened,2025-11-26T02:43:28Z,6431
us-news/2025/nov/25/trump-administration-news-updates-today-latest,https://www.theguardian.com/us-news/2025/nov/25/trump-administration-news-updates-today-latest,Trump news at a glance: Pete Hegseth increases administration’s attacks on senator Mark Kelly,2025-11-26T00:44:48Z,804
world/live/2025/nov/25/us-russia-ukraine-peace-talks-abu-dhabi-kyiv-strikes-zelenskyy-putin-europe-live-news,https://www.theguardian.com/world/live/2025/nov/25/us-russia-ukraine-peace-talks-abu-dhabi-kyiv-strikes-zelenskyy-putin-europe-live-news,Zelenskyy says Ukraine ready to move forward with US plan and discuss ‘sensitive points’ with Trump - as it happened,2025-11-25T20:36:29Z,6266
australia-news/2025/nov/26/morning-mail-wednesday-ntwnfb,https://www.theguardian.com/australia-news/2025/nov/26/morning-mail-wednesday-ntwnfb,"Morning Mail: generational divide on climate, Dutton’s historic unpopularity, factchecking fabric dye health claims",2025-11-25T20:04:18Z,1004
politics/live/2025/nov/25/nigel-farage-nathan-gill-labour-reform-uk-russia-keir-starmer-uk-politics-live-news,https://www.theguardian.com/politics/live/2025/nov/25/nigel-farage-nathan-gill-labour-reform-uk-russia-keir-starmer-uk-politics-live-news,UK politics: No 10 says no final decisions after leak reveals jury trials might be scrapped except for alleged rapists and killers – as it happened,2025-11-25T18:34:30Z,8082
politics/2025/nov/25/nigel-farage-reform-leader-skips-starmer-ukraine-statement-leaving-tice-to-face-pile-on,https://www.theguardian.com/politics/2025/nov/25/nigel-farage-reform-leader-skips-starmer-ukraine-statement-leaving-tice-to-face-pile-on,"‘Where’s Nige?’ Reform leader skips Starmer’s Ukraine statement, leaving Tice to face the pile-on",2025-11-25T18:19:40Z,1179
tv-and-radio/2025/nov/25/years-and-years-black-mirror-tv-show-depictions-ai-repurcussions,https://www.theguardian.com/tv-and-radio/2025/nov/25/years-and-years-black-mirror-tv-show-depictions-ai-repurcussions,From Years and Years to Black Mirror: the best TV prophecies for how AI will end us all,2025-11-25T16:25:15Z,843
world/2025/nov/25/russia-strikes-kyiv-ukraine-us-brokered-peace-talks-abu-dhabi,https://www.theguardian.com/world/2025/nov/25/russia-strikes-kyiv-ukraine-us-brokered-peace-talks-abu-dhabi,Seven killed in Kyiv as Russia hits Ukraine’s energy sector with missiles and drones,2025-11-25T15:51:52Z,544
world/2025/nov/25/nato-scrambles-jets-russian-drones-deepest-incursion-romania,https://www.theguardian.com/world/2025/nov/25/nato-scrambles-jets-russian-drones-deepest-incursion-romania,Nato scrambles jets as Russian drones make deepest incursion into Romania,2025-11-25T15:40:15Z,508
world/2025/nov/25/jacob-zuma-daughter-accused-tricking-men-fighting-for-russia-in-ukraine,https://www.theguardian.com/world/2025/nov/25/jacob-zuma-daughter-accused-tricking-men-fighting-for-russia-in-ukraine,Jacob Zuma’s daughter accused of tricking men into fighting for Russia in Ukraine,2025-11-25T15:13:59Z,656
world/2025/nov/24/ukraine-peace-plan-jd-vance-daniel-driscoll,https://www.theguardian.com/world/2025/nov/24/ukraine-peace-plan-jd-vance-daniel-driscoll,Dan Driscoll: envoy pushing Ukraine ‘peace’ plan belies Vance influence,2025-11-25T12:54:02Z,834
environment/2025/nov/25/trump-cop30-lacks-us-climate-progress,https://www.theguardian.com/environment/2025/nov/25/trump-cop30-lacks-us-climate-progress,"US, Russia and Saudi Arabia create axis of obstruction as Cop30 sputters out",2025-11-25T11:00:50Z,835
world/2025/nov/24/zelenskyy-trump-meeting-revised-us-peace-plan-ukraine-russia,https://www.theguardian.com/world/2025/nov/24/zelenskyy-trump-meeting-revised-us-peace-plan-ukraine-russia,"Ukraine makes significant changes to US ‘peace plan’, sources say",2025-11-25T07:32:04Z,1099
world/2025/nov/25/tuesday-briefing-inside-the-latest-lords-scandal-and-the-future-of-the-peers,https://www.theguardian.com/world/2025/nov/25/tuesday-briefing-inside-the-latest-lords-scandal-and-the-future-of-the-peers,Tuesday briefing: Inside the latest Lords scandal – and the future of the peers,2025-11-25T06:50:36Z,2107
environment/2025/nov/25/fossil-fuel-giants-finally-in-the-crosshairs-cop30-avoids-total-failure-with-last-ditch-deal,https://www.theguardian.com/environment/2025/nov/25/fossil-fuel-giants-finally-in-the-crosshairs-cop30-avoids-total-failure-with-last-ditch-deal,‘Fossil fuel giants finally in the crosshairs’: Cop30 avoids total failure with last-ditch deal,2025-11-25T05:00:24Z,3415
us-news/live/2025/nov/24/us-politics-trump-venezuela-marjorie-tayor-greene-latest-updates,https://www.theguardian.com/us-news/live/2025/nov/24/us-politics-trump-venezuela-marjorie-tayor-greene-latest-updates,"Cases against Comey and James tossed, Pentagon investigating US senator and Turning Point USA looks to 2028 – as it happened",2025-11-25T02:47:31Z,6836
world/2025/nov/25/ukraine-war-briefing-russia-attack-kyiv-buildings-fires,https://www.theguardian.com/world/2025/nov/25/ukraine-war-briefing-russia-attack-kyiv-buildings-fires,"Ukraine war briefing: Russia launches strikes on Kyiv, setting buildings ablaze",2025-11-25T02:38:10Z,637
us-news/2025/nov/24/trump-administration-briefing-latest-updates-news,https://www.theguardian.com/us-news/2025/nov/24/trump-administration-briefing-latest-updates-news,"Trump news at a glance: James Comey, Letitia James welcome judge’s decision to toss criminal cases",2025-11-25T02:00:41Z,1197
world/2025/nov/25/china-taiwan-xi-jinping-call-with-donald-trump,https://www.theguardian.com/world/2025/nov/25/china-taiwan-xi-jinping-call-with-donald-trump,China’s Xi Jinping raises future of Taiwan in call with Donald Trump,2025-11-25T01:57:04Z,768
news/2025/nov/24/corrections-and-clarifications,https://www.theguardian.com/news/2025/nov/24/corrections-and-clarifications,Corrections and clarifications,2025-11-24T21:00:13Z,245
australia-news/2025/nov/25/morning-mail-tuesday-ntwnfb,https://www.theguardian.com/australia-news/2025/nov/25/morning-mail-tuesday-ntwnfb,"Morning Mail: ‘Our gas, our prices’ says Husic, mortgage squeeze tightens, Italy divided over ‘off-grid’ family",2025-11-24T19:59:12Z,938
commentisfree/2025/nov/24/the-guardian-view-on-a-viable-peace-framework-for-ukraine-with-europes-help-zelenskyy-can-have-better-cards,https://www.theguardian.com/commentisfree/2025/nov/24/the-guardian-view-on-a-viable-peace-framework-for-ukraine-with-europes-help-zelenskyy-can-have-better-cards,"The Guardian view on a viable peace framework for Ukraine: with Europe’s help, Zelenskyy can have better cards",2025-11-24T18:37:45Z,588
politics/live/2025/nov/24/budget-labour-rachel-reeves-criticism-conservatives-nigel-farage-latest-news-updates,https://www.theguardian.com/politics/live/2025/nov/24/budget-labour-rachel-reeves-criticism-conservatives-nigel-farage-latest-news-updates,"UK politics: Risk of Maccabi Tel Aviv facing antisemitic attacks not ‘predominant’ reason for match ban, police tell MPs – as it happened",2025-11-24T17:34:42Z,7194
world/2025/nov/24/disarray-over-leaked-us-russia-peace-plan-is-ideal-scenario-for-putin,https://www.theguardian.com/world/2025/nov/24/disarray-over-leaked-us-russia-peace-plan-is-ideal-scenario-for-putin,Disarray over leaked US-Russia peace plan is ideal scenario for Putin,2025-11-24T17:04:52Z,801
business/live/2025/nov/24/bhp-walks-away-takeover-approach-anglo-mining-merger-uk-budget-cbi-ftse-pound-business-live-news,https://www.theguardian.com/business/live/2025/nov/24/bhp-walks-away-takeover-approach-anglo-mining-merger-uk-budget-cbi-ftse-pound-business-live-news,European defence company shares fall amid Ukraine peace talk hopes; Novo Nordisk reports Ozempic fails to help with Alzheimer’s – as it happened,2025-11-24T16:40:56Z,4300
world/live/2025/nov/24/ukraine-russia-war-peace-talks-europe-us-trump-germany-latest-updates,https://www.theguardian.com/world/live/2025/nov/24/ukraine-russia-war-peace-talks-europe-us-trump-germany-latest-updates,EU leaders welcome ‘new momentum’ in Ukraine peace talks but stress red lines on territory – as it happened,2025-11-24T16:36:10Z,5641
film/2025/nov/24/trump-wants-to-revive-rush-hour-franchise-is-he-eyeing-hollywood-return,https://www.theguardian.com/film/2025/nov/24/trump-wants-to-revive-rush-hour-franchise-is-he-eyeing-hollywood-return,Trump wants to revive the Rush Hour franchise. Is he eyeing a return to Hollywood?,2025-11-24T16:36:03Z,570
commentisfree/2025/nov/24/donald-trump-peace-plan-kremlin-ukraine,https://www.theguardian.com/commentisfree/2025/nov/24/donald-trump-peace-plan-kremlin-ukraine,Trump’s ‘peace plan’ was a pro-Kremlin abomination whose failure is a glimmer of hope for Ukraine,2025-11-24T15:31:03Z,1016
us-news/2025/nov/24/first-thing-us-senator-criticises-republicans-silence-trump-violent-threats-democrats,https://www.theguardian.com/us-news/2025/nov/24/first-thing-us-senator-criticises-republicans-silence-trump-violent-threats-democrats,First Thing: US senator criticises Republicans’ silence on Trump’s violent threats against Democrats,2025-11-24T12:18:36Z,1088
commentisfree/2025/nov/24/cop30-wrecked-fossil-fuels-russia-saudi-arabia-brazil,https://www.theguardian.com/commentisfree/2025/nov/24/cop30-wrecked-fossil-fuels-russia-saudi-arabia-brazil,Another Cop wrecked by fossil fuel interests and our leaders’ cowardice – but there is another way,2025-11-24T08:00:31Z,1105
world/2025/nov/24/monday-briefing-what-a-new-guardian-investigation-reveals-a-group-radicalising-women-into-unassisted-birth,https://www.theguardian.com/world/2025/nov/24/monday-briefing-what-a-new-guardian-investigation-reveals-a-group-radicalising-women-into-unassisted-birth,Monday briefing: What a new Guardian investigation reveals about a group ‘radicalising’ women into unassisted birth,2025-11-24T07:01:24Z,2329
world/2025/nov/24/ukraine-war-briefing-russian-drones-kill-four-in-kharkiv-as-officials-discuss-proposal-to-end-war,https://www.theguardian.com/world/2025/nov/24/ukraine-war-briefing-russian-drones-kill-four-in-kharkiv-as-officials-discuss-proposal-to-end-war,Ukraine war briefing: Russian drones kill four in Kharkiv as officials discuss proposal to end war,2025-11-24T00:21:53Z,431
world/2025/nov/23/trump-ukraine-zero-gratitude-peace-plan-international-talks,https://www.theguardian.com/world/2025/nov/23/trump-ukraine-zero-gratitude-peace-plan-international-talks,US and Ukraine promise ‘updated’ peace framework after criticism of pro-Russian points in original plan,2025-11-23T21:57:47Z,1067
sport/2025/nov/23/ukraine-refugee-aonishiki-arata-sumo-wrestler,https://www.theguardian.com/sport/2025/nov/23/ukraine-refugee-aonishiki-arata-sumo-wrestler,Ukrainian refugee Danylo Yavhusishyn wows Japan to win his country’s first elite sumo title,2025-11-23T20:19:23Z,466
australia-news/2025/nov/24/morning-mail-monday-ntwnfb-the-unanswered-dezi-freeman-questions-anger-at-the-atos-outsourced-call-centres-trump-blasts-ukraine-over-peace-deal,https://www.theguardian.com/australia-news/2025/nov/24/morning-mail-monday-ntwnfb-the-unanswered-dezi-freeman-questions-anger-at-the-atos-outsourced-call-centres-trump-blasts-ukraine-over-peace-deal,Morning Mail: The unanswered Dezi Freeman questions; anger at ATO’s outsourced call centres; Europe’s radical Ukraine peace plan,2025-11-23T19:31:24Z,1010
world/live/2025/nov/23/ukrainian-us-emergency-talks-plan-war-russia-live,https://www.theguardian.com/world/live/2025/nov/23/ukrainian-us-emergency-talks-plan-war-russia-live,Trump blasts Ukraine for ‘zero gratitude’ as Germany says deal to end war unlikely to be reached by Thursday deadline – as it happened,2025-11-23T15:52:02Z,3473
world/2025/nov/23/cyril-ramaphosa-gavel-g20-summit-us-handover,https://www.theguardian.com/world/2025/nov/23/cyril-ramaphosa-gavel-g20-summit-us-handover,Cyril Ramaphosa closes G20 summit after US boycott and handover row,2025-11-23T15:08:20Z,520
world/2025/nov/23/french-winemakers-sales-slump-crisis-talks,https://www.theguardian.com/world/2025/nov/23/french-winemakers-sales-slump-crisis-talks,French winemakers ‘battle for survival’ as minister prepares for crisis talks,2025-11-23T13:02:00Z,812
us-news/2025/nov/23/dan-driscoll-trump-ukraine-russia-peace-deal,https://www.theguardian.com/us-news/2025/nov/23/dan-driscoll-trump-ukraine-russia-peace-deal,Trump’s former ‘drone guy’ Dan Driscoll is the unlikely point man for the Ukraine peace deal,2025-11-23T13:00:09Z,899
lifeandstyle/2025/nov/23/dining-across-the-divide-steve-eva,https://www.theguardian.com/lifeandstyle/2025/nov/23/dining-across-the-divide-steve-eva,"Dining across the divide: ‘I don’t want to live in a white, Anglo-Saxon Protestant country with warm beer’",2025-11-23T12:00:08Z,756
culture/2025/nov/23/he-was-just-trying-to-earn-a-few-kopecks-how-newly-translated-stories-reveal-chekhovs-silly-side,https://www.theguardian.com/culture/2025/nov/23/he-was-just-trying-to-earn-a-few-kopecks-how-newly-translated-stories-reveal-chekhovs-silly-side,‘He was just trying to earn a few kopecks’: how newly translated stories reveal Chekhov’s silly side,2025-11-23T12:00:07Z,951
environment/2025/nov/23/cop30-talks-climate-progress-five-threats,https://www.theguardian.com/environment/2025/nov/23/cop30-talks-climate-progress-five-threats,"Trump, war, absent media: five threats to climate progress that dogged Cop30",2025-11-23T10:21:23Z,1188
world/2025/nov/23/jersey-london-safe-haven-sanctions-roman-abramovich-billions,https://www.theguardian.com/world/2025/nov/23/jersey-london-safe-haven-sanctions-roman-abramovich-billions,Safe haven to sanctions: how Jersey sheltered Roman Abramovich’s billions,2025-11-23T10:00:05Z,1684
world/2025/nov/23/trump-says-ukraine-deal-is-not-final-offer-as-officials-gather-for-geneva-summit,https://www.theguardian.com/world/2025/nov/23/trump-says-ukraine-deal-is-not-final-offer-as-officials-gather-for-geneva-summit,Trump says Ukraine deal is not ‘final offer’ as officials gather for Geneva summit,2025-11-23T03:02:39Z,1006
world/2025/nov/23/ukraine-war-briefing-macron-says-without-deterrence-in-ukraine-plan-russians-will-come-back,https://www.theguardian.com/world/2025/nov/23/ukraine-war-briefing-macron-says-without-deterrence-in-ukraine-plan-russians-will-come-back,"Ukraine war briefing: Macron says without deterrence in Ukraine plan, ‘Russians will come back’",2025-11-23T03:00:05Z,789
environment/live/2025/nov/22/cop30-climate-talks-deal-overtime-live-news,https://www.theguardian.com/environment/live/2025/nov/22/cop30-climate-talks-deal-overtime-live-news,"Fury, confusion and gratitude as climate deal reached in Belém – as it happened",2025-11-22T22:48:08Z,10294
uk-news/2025/nov/22/reeves-ev-subsidies-chargers-budget-boost-pay-per-mile-tax,https://www.theguardian.com/uk-news/2025/nov/22/reeves-ev-subsidies-chargers-budget-boost-pay-per-mile-tax,Reeves to announce £1.5bn boost in EV subsidies amid pay-per-mile concerns,2025-11-22T22:00:50Z,616
world/2025/nov/22/us-peace-plan-ukraine-g20-changes,https://www.theguardian.com/world/2025/nov/22/us-peace-plan-ukraine-g20-changes,Western leaders at G20 say US peace plan for Ukraine ‘will require work’,2025-11-22T21:49:04Z,753
world/live/2025/nov/22/russia-ukraine-war-trump-peace-plan-g20-zelenskyy-putin-europe-latest-news-updates,https://www.theguardian.com/world/live/2025/nov/22/russia-ukraine-war-trump-peace-plan-g20-zelenskyy-putin-europe-latest-news-updates,"US plan for Ukraine needs ‘additional work’, say Kyiv’s allies at G20 summit – as it happened",2025-11-22T15:45:56Z,4510
football/live/2025/nov/22/premier-league-buildup-barcelona-return-to-camp-nou-and-more-matchday-live,https://www.theguardian.com/football/live/2025/nov/22/premier-league-buildup-barcelona-return-to-camp-nou-and-more-matchday-live,"Premier League buildup, Barcelona return to Camp Nou and more – as it happened",2025-11-22T11:59:06Z,3256
commentisfree/2025/nov/22/trump-ukraine-peace-plan-gift-to-putin,https://www.theguardian.com/commentisfree/2025/nov/22/trump-ukraine-peace-plan-gift-to-putin,Trump’s Ukraine peace plan is a gift to Putin,2025-11-22T11:00:39Z,1164
world/2025/nov/22/ukraine-zelenskyy-peace-deal-us-nato-meeting,https://www.theguardian.com/world/2025/nov/22/ukraine-zelenskyy-peace-deal-us-nato-meeting,US tells Nato if Zelenskyy does not sign peace deal Ukraine will face worse in future,2025-11-22T10:50:31Z,704
politics/2025/nov/22/america-is-british-heaven-is-a-socialist-state-david-attenborough-is-anti-human-theories-of-reform-mp-danny-kruger,https://www.theguardian.com/politics/2025/nov/22/america-is-british-heaven-is-a-socialist-state-david-attenborough-is-anti-human-theories-of-reform-mp-danny-kruger,‘America is British’. Heaven is ‘a socialist state’. David Attenborough is ‘anti-human’ – the startling theories of Reform MP Danny Kruger,2025-11-22T06:00:35Z,4612
world/2025/nov/22/ukrainians-struggle-against-russian-assault-on-power-network,https://www.theguardian.com/world/2025/nov/22/ukrainians-struggle-against-russian-assault-on-power-network,‘They decided to kill us with cold’: Ukrainians struggle against Russian assault on power network,2025-11-22T05:00:30Z,1370
world/2025/nov/22/ukraine-war-briefing-putin-trump-deal-reaction,https://www.theguardian.com/world/2025/nov/22/ukraine-war-briefing-putin-trump-deal-reaction,"Ukraine war briefing: defeating Russia an ‘illusion’, says Putin, as he welcomes Trump deal ",2025-11-22T04:11:49Z,736
us-news/live/2025/nov/21/donald-trump-democrats-republicans-zohran-mamdani-us-politics-latest-news-updates,https://www.theguardian.com/us-news/live/2025/nov/21/donald-trump-democrats-republicans-zohran-mamdani-us-politics-latest-news-updates,Marjorie Taylor Greene announces resignation; Trump and Mamdani have cordial White House meeting – as it happened,2025-11-22T03:06:29Z,8482
us-news/2025/nov/21/trump-administration-news-updates-latest,https://www.theguardian.com/us-news/2025/nov/21/trump-administration-news-updates-latest,Trump news at a glance: president meets Mamdani at White House and it was … nice?,2025-11-22T02:09:04Z,970
world/2025/nov/22/mind-altering-brain-weapons-no-longer-only-science-fiction-say-researchers,https://www.theguardian.com/world/2025/nov/22/mind-altering-brain-weapons-no-longer-only-science-fiction-say-researchers,"Mind-altering ‘brain weapons’ no longer only science fiction, say researchers",2025-11-22T00:01:23Z,584
world/2025/nov/21/zelenskyy-says-ukraine-faces-most-difficult-moment-as-trump-pushes-plan-to-end-war,https://www.theguardian.com/world/2025/nov/21/zelenskyy-says-ukraine-faces-most-difficult-moment-as-trump-pushes-plan-to-end-war,Zelenskyy says Ukraine has impossible choice as Trump pushes plan to end war,2025-11-21T23:37:53Z,1484
business/live/2025/nov/21/uk-public-finances-retail-sales-budget-energy-price-cap-stock-markets-ai-bubble-fears-business-live,https://www.theguardian.com/business/live/2025/nov/21/uk-public-finances-retail-sales-budget-energy-price-cap-stock-markets-ai-bubble-fears-business-live,Falling stock markets and high shop prices hit US consumer confidence; rate cut hopes lift Wall Street – as it happened,2025-11-21T19:50:58Z,5827
world/live/2025/nov/21/europe-latest-news-russia-ukraine-war-updates-zelenskyy-putin-g20,https://www.theguardian.com/world/live/2025/nov/21/europe-latest-news-russia-ukraine-war-updates-zelenskyy-putin-g20,"Ukraine risks losing key partner or its dignity, warns Zelenskyy, as Trump sets Thanksgiving deadline to accept deal – as it happened",2025-11-21T18:58:49Z,6572
politics/2025/nov/21/nigel-farage-urged-to-root-out-reform-links-to-russia-after-jailing-of-nathan-gill,https://www.theguardian.com/politics/2025/nov/21/nigel-farage-urged-to-root-out-reform-links-to-russia-after-jailing-of-nathan-gill,Nigel Farage urged to root out Reform links to Russia after jailing of Nathan Gill,2025-11-21T18:15:08Z,1254
politics/2025/nov/21/starmer-rebuffs-renewed-talk-of-andy-burnham-leadership-challenge,https://www.theguardian.com/politics/2025/nov/21/starmer-rebuffs-renewed-talk-of-andy-burnham-leadership-challenge,Starmer rebuffs renewed talk of Andy Burnham leadership challenge,2025-11-21T17:17:56Z,620
politics/2025/nov/21/farage-views-on-russia-tested-jailing-nathan-gill-reform,https://www.theguardian.com/politics/2025/nov/21/farage-views-on-russia-tested-jailing-nathan-gill-reform,Farage’s views on Russia likely to be further tested after jailing of Nathan Gill,2025-11-21T17:02:52Z,670
world/2025/nov/21/trump-ukraine-deal-disastrous-kyiv-zelenskyy,https://www.theguardian.com/world/2025/nov/21/trump-ukraine-deal-disastrous-kyiv-zelenskyy,Trump may yet impose a Ukraine deal – but it threatens to be a disaster for Kyiv,2025-11-21T16:25:16Z,725
world/2025/nov/21/eu-imposes-sanctions-russian-prison-death-ukrainian-journalist-viktoriia-roshchyna,https://www.theguardian.com/world/2025/nov/21/eu-imposes-sanctions-russian-prison-death-ukrainian-journalist-viktoriia-roshchyna,EU imposes sanctions on Russian prison officials responsible for death of Ukrainian journalist,2025-11-21T15:54:29Z,363
politics/live/2025/nov/21/uk-politics-latest-news-labour-conservatives-keir-starmer-g20,https://www.theguardian.com/politics/live/2025/nov/21/uk-politics-latest-news-labour-conservatives-keir-starmer-g20,UK politics: Reeves ‘not even sure what the popular path is’ on the budget – as it happened,2025-11-21T15:49:10Z,7636
world/2025/nov/21/europe-tnt-supply-us-export-israel-gaza-polish-mp-claims,https://www.theguardian.com/world/2025/nov/21/europe-tnt-supply-us-export-israel-gaza-polish-mp-claims,"TNT that Europe needs to defend itself is being used on Gaza, Polish MP claims",2025-11-21T14:50:44Z,692
business/2025/nov/21/eu-economy-international-trade-reliance-vulnerable-ecb-lagarde,https://www.theguardian.com/business/2025/nov/21/eu-economy-international-trade-reliance-vulnerable-ecb-lagarde,"Europe’s economy is geared towards a disappearing world, says ECB’s Lagarde",2025-11-21T13:32:52Z,455
world/2025/nov/21/run-up-to-g20-in-south-africa-marred-by-hosts-simmering-row-with-us,https://www.theguardian.com/world/2025/nov/21/run-up-to-g20-in-south-africa-marred-by-hosts-simmering-row-with-us,South Africa’s dispute with US escalates amid row over G20 handover event,2025-11-21T13:05:16Z,887
us-news/2025/nov/21/first-thing-outrage-after-trump-accuses-democrats-of-seditious-behavior-punishable-by-death,https://www.theguardian.com/us-news/2025/nov/21/first-thing-outrage-after-trump-accuses-democrats-of-seditious-behavior-punishable-by-death,"First Thing: Outrage after Trump accuses Democrats of ‘seditious behavior, punishable by death’",2025-11-21T12:57:27Z,1022
politics/2025/nov/21/nathan-gill-former-reform-uk-wales-leader-jailed-bribes-pro-russia-statements-mep,https://www.theguardian.com/politics/2025/nov/21/nathan-gill-former-reform-uk-wales-leader-jailed-bribes-pro-russia-statements-mep,Reform UK’s former Wales leader jailed for taking bribes for pro-Russia speeches,2025-11-21T12:56:23Z,1209
world/2025/nov/21/who-is-kirill-dmitriev-draft-plan-ukraine-war-russia,https://www.theguardian.com/world/2025/nov/21/who-is-kirill-dmitriev-draft-plan-ukraine-war-russia,Kirill Dmitriev: ‘ruthlessly ambitious’ Kremlin figure behind Ukraine plan,2025-11-21T12:20:57Z,1284
money/2025/nov/21/energy-price-cap-great-britain-rise-january-fuel,https://www.theguardian.com/money/2025/nov/21/energy-price-cap-great-britain-rise-january-fuel,Households in Great Britain face surprise rise in energy bills from January,2025-11-21T12:14:51Z,713
sport/2025/nov/21/chess-outsiders-triumph-at-world-cup-in-goa-and-battle-for-candidates-spots,https://www.theguardian.com/sport/2025/nov/21/chess-outsiders-triumph-at-world-cup-in-goa-and-battle-for-candidates-spots,Chess outsiders triumph at World Cup in Goa and battle for Candidates spots,2025-11-21T08:00:05Z,648
world/2025/nov/21/friday-briefing-the-end-of-the-affair-why-weve-fallen-out-of-love-with-the-cinema,https://www.theguardian.com/world/2025/nov/21/friday-briefing-the-end-of-the-affair-why-weve-fallen-out-of-love-with-the-cinema,Friday briefing: The end of the affair – why we’ve fallen out of love with the cinema ,2025-11-21T06:55:40Z,2660
politics/2025/nov/21/cryptocurrency-farage-donor-used-for-russian-war-effort,https://www.theguardian.com/politics/2025/nov/21/cryptocurrency-farage-donor-used-for-russian-war-effort,"Cryptocurrency backed by Farage donor is used for Russian war effort, investigators say",2025-11-21T05:00:02Z,1024
world/2025/nov/21/trump-ukraine-peace-plan-zelenskyy-territory-ceded-nato-russia-g8,https://www.theguardian.com/world/2025/nov/21/trump-ukraine-peace-plan-zelenskyy-territory-ceded-nato-russia-g8,"Ukraine banned from Nato, Russia readmitted to the G8 and territory ceded: what’s in Trump’s draft plan",2025-11-21T03:11:53Z,720
us-news/live/2025/nov/20/donald-trump-jeffrey-epstein-justice-department-zohran-mamdani-news-updates-us-politics-live,https://www.theguardian.com/us-news/live/2025/nov/20/donald-trump-jeffrey-epstein-justice-department-zohran-mamdani-news-updates-us-politics-live,"White House walks back Trump’s suggestion of executing Democrats, stands by ‘piggy’ insult to reporter– as it happened",2025-11-21T02:54:53Z,9031
world/2025/nov/21/ukraine-war-briefing-russian-attack-zaporizhzhia-deaths,https://www.theguardian.com/world/2025/nov/21/ukraine-war-briefing-russian-attack-zaporizhzhia-deaths,Ukraine war briefing: Buildings engulfed in flames as Russian air attack on Zaporizhzhia kills five,2025-11-21T02:07:23Z,672
world/2025/nov/20/ukraine-us-russian-peace-proposal-is-absurd-and-unacceptable,https://www.theguardian.com/world/2025/nov/20/ukraine-us-russian-peace-proposal-is-absurd-and-unacceptable,Zelenskyy to negotiate with Trump over US-Russia peace deal requiring painful concessions,2025-11-20T22:53:39Z,1256
politics/2025/nov/20/keir-starmer-defends-south-africa-g20-budget,https://www.theguardian.com/politics/2025/nov/20/keir-starmer-defends-south-africa-g20-budget,Keir Starmer defends trip to South Africa for G20 summit as budget looms,2025-11-20T22:00:52Z,646
politics/live/2025/nov/20/covid-inquiry-report-pandemic-labour-conservatives-andy-burnham-uk-politics-live-news,https://www.theguardian.com/politics/live/2025/nov/20/covid-inquiry-report-pandemic-labour-conservatives-andy-burnham-uk-politics-live-news,"‘Devastating to think of lives that could have been saved under different PM’, say Covid bereaved – as it happened",2025-11-20T20:48:42Z,10068
australia-news/2025/nov/21/morning-mail-friday-ntwnfb,https://www.theguardian.com/australia-news/2025/nov/21/morning-mail-friday-ntwnfb,"Morning Mail: Coalition’s secret net zero talking points, huge solar project proposed, Zelenskyy wary of new peace plan",2025-11-20T19:55:58Z,1062
world/live/2025/nov/20/ukraine-russia-peace-plan-european-union-donald-trump-vladimir-putin-kaja-kallas-europe-live-news-updates,https://www.theguardian.com/world/live/2025/nov/20/ukraine-russia-peace-plan-european-union-donald-trump-vladimir-putin-kaja-kallas-europe-live-news-updates,Ukraine’s Zelenskyy receives ‘draft plan’ from US and expects to talk with Trump in coming days – as it happened,2025-11-20T18:44:33Z,5482
world/2025/nov/20/south-africa-says-us-boycott-of-g20-is-coercion-by-absentia,https://www.theguardian.com/world/2025/nov/20/south-africa-says-us-boycott-of-g20-is-coercion-by-absentia,"US in talks to attend G20 summit after initial boycott, South Africa says",2025-11-20T17:56:39Z,765
football/2025/nov/20/fifa-bingo-world-cup-qualifying-playoff-draw-northern-republic-of-ireland-and-wales-football-daily,https://www.theguardian.com/football/2025/nov/20/fifa-bingo-world-cup-qualifying-playoff-draw-northern-republic-of-ireland-and-wales-football-daily,Fifa bingo! World Cup playoff draw checks all boxes as Irelands and Wales plot paths,2025-11-20T16:47:26Z,762
world/2025/nov/20/europe-must-be-involved-in-ukraine-peace-deal-negotiations-say-diplomats,https://www.theguardian.com/world/2025/nov/20/europe-must-be-involved-in-ukraine-peace-deal-negotiations-say-diplomats,Europe calls for role in Ukraine talks amid reported US-Russian peace deal,2025-11-20T14:59:03Z,917
world/2025/nov/20/zhi-dong-zhang-mexico-drugs-china,https://www.theguardian.com/world/2025/nov/20/zhi-dong-zhang-mexico-drugs-china,"Brother Wang, a global manhunt and the Chinese-Mexican drug nexus",2025-11-20T14:20:18Z,825
technology/2025/nov/20/french-authorities-look-into-holocaust-denial-posts-elon-musk-grok-ai,https://www.theguardian.com/technology/2025/nov/20/french-authorities-look-into-holocaust-denial-posts-elon-musk-grok-ai,French authorities investigate alleged Holocaust denial posts on Elon Musk’s Grok AI,2025-11-20T14:09:25Z,640
football/live/2025/nov/20/world-cup-2026-qualifying-playoffs-draw-live,https://www.theguardian.com/football/live/2025/nov/20/world-cup-2026-qualifying-playoffs-draw-live,"World Cup 2026 playoffs draw: Wales v Bosnia-Herzegovina, Czech Republic v Republic of Ireland, Italy v Northern Ireland – as it happened",2025-11-20T13:27:36Z,2055
football/2025/nov/20/world-cup-playoff-draw-wales-bosnia-northern-ireland-italy-ireland-czech-republic,https://www.theguardian.com/football/2025/nov/20/world-cup-playoff-draw-wales-bosnia-northern-ireland-italy-ireland-czech-republic,"World Cup playoff draw: Wales face Bosnia, Northern Ireland head to Italy, Ireland go to Prague",2025-11-20T13:25:37Z,376
us-news/2025/nov/20/first-thing-us-and-russian-officials-draft-plan-to-end-ukraine-war-based-on-capitulation-from-kyiv,https://www.theguardian.com/us-news/2025/nov/20/first-thing-us-and-russian-officials-draft-plan-to-end-ukraine-war-based-on-capitulation-from-kyiv,First Thing: US and Russian officials draft plan to end Ukraine war based on capitulation from Kyiv,2025-11-20T13:24:05Z,1007
world/2025/nov/20/us-russia-reportedly-draft-plan-end-ukraine-war-zelenskyy,https://www.theguardian.com/world/2025/nov/20/us-russia-reportedly-draft-plan-end-ukraine-war-zelenskyy,What do we know about the reported US-Russian plan to end the Ukraine war?,2025-11-20T12:45:48Z,529
world/2025/nov/20/thursday-briefing-what-fresh-claims-of-racism-and-antisemitism-at-school-mean-for-nigel-farage,https://www.theguardian.com/world/2025/nov/20/thursday-briefing-what-fresh-claims-of-racism-and-antisemitism-at-school-mean-for-nigel-farage,Thursday briefing: What fresh claims of racism and antisemitism at school mean for Nigel Farage ,2025-11-20T06:50:28Z,2267
us-news/live/2025/nov/19/us-congress-epstein-files-donald-trump-saudi-arabia-redistricting-latest-news-updates,https://www.theguardian.com/us-news/live/2025/nov/19/us-congress-epstein-files-donald-trump-saudi-arabia-redistricting-latest-news-updates,"Trump says he signed bill to release Epstein files, then announces meeting with Zohran Mamdani – as it happened",2025-11-20T03:01:36Z,7177
world/2025/nov/20/ukraine-war-briefing-rescuers-comb-through-rubble-after-russian-attack-kills-at-least-26,https://www.theguardian.com/world/2025/nov/20/ukraine-war-briefing-rescuers-comb-through-rubble-after-russian-attack-kills-at-least-26,Ukraine war briefing: Rescuers comb through rubble after Russian attack kills at least 26 ,2025-11-20T02:54:31Z,606
us-news/2025/nov/19/trump-news-at-a-glance-latest-updates-today,https://www.theguardian.com/us-news/2025/nov/19/trump-news-at-a-glance-latest-updates-today,Trump news at a glance: 30-day countdown to release Epstein files begins after president signs bill,2025-11-20T02:30:26Z,1040
environment/live/2025/nov/19/cop30-live-brazilian-president-lula-climate-summit-belem-latest-news-updates,https://www.theguardian.com/environment/live/2025/nov/19/cop30-live-brazilian-president-lula-climate-summit-belem-latest-news-updates,Cop30: Scientists warn countries must act decisively to protect people and life or risk ‘suffering for billions’ – as it happened,2025-11-19T22:10:31Z,10332
world/2025/nov/19/us-and-russian-officials-draft-new-peace-plan-based-on-capitulation-from-ukraine,https://www.theguardian.com/world/2025/nov/19/us-and-russian-officials-draft-new-peace-plan-based-on-capitulation-from-ukraine,US and Russian officials draft plan to end Ukraine war based on capitulation from Kyiv,2025-11-19T19:15:05Z,932
commentisfree/2025/nov/19/the-guardian-view-on-falling-net-migration-political-debate-is-now-detached-from-the-facts,https://www.theguardian.com/commentisfree/2025/nov/19/the-guardian-view-on-falling-net-migration-political-debate-is-now-detached-from-the-facts,The Guardian view on falling net migration: political debate is now detached from the facts ,2025-11-19T18:30:01Z,596
commentisfree/2025/nov/19/the-guardian-view-on-funding-ukraines-resistance-a-looming-financial-crisis-in-kyiv-must-be-averted,https://www.theguardian.com/commentisfree/2025/nov/19/the-guardian-view-on-funding-ukraines-resistance-a-looming-financial-crisis-in-kyiv-must-be-averted,The Guardian view on funding Ukraine’s resistance: a looming financial crisis in Kyiv must be averted,2025-11-19T18:25:01Z,598
world/live/2025/nov/19/russia-ukraine-poland-zelenskyy-germany-sweden-turkey-europe-live-latest-news-updates,https://www.theguardian.com/world/live/2025/nov/19/russia-ukraine-poland-zelenskyy-germany-sweden-turkey-europe-live-latest-news-updates,Death toll from Russian attack rises to 25 as Ukraine says it will raise issue at UN – as it happened,2025-11-19T18:22:13Z,4570
football/2025/nov/19/steve-clarke-hopes-scotlands-world-cup-qualification-will-inspire-next-generation,https://www.theguardian.com/football/2025/nov/19/steve-clarke-hopes-scotlands-world-cup-qualification-will-inspire-next-generation,Steve Clarke hopes Scotland’s World Cup qualification will inspire next generation,2025-11-19T18:07:29Z,499
books/2025/nov/19/marina-lewycka-obituary,https://www.theguardian.com/books/2025/nov/19/marina-lewycka-obituary,Marina Lewycka obituary,2025-11-19T17:49:38Z,1229
politics/live/2025/nov/19/pmqs-uk-politics-latest-news-john-healey-rachel-reeves-keir-starmer-labour,https://www.theguardian.com/politics/live/2025/nov/19/pmqs-uk-politics-latest-news-john-healey-rachel-reeves-keir-starmer-labour,"Uk politics: Streeting defends asylum policy, but says he’s not ‘comfortable’ with forced removal of children – as it happened",2025-11-19T17:31:46Z,7171
world/2025/nov/19/eu-european-commission-plan-armed-forces-mobility-security,https://www.theguardian.com/world/2025/nov/19/eu-european-commission-plan-armed-forces-mobility-security,Plan to speed tanks and armies across Europe in case of war with Russia,2025-11-19T15:46:39Z,566
world/2025/nov/19/poland-closes-last-russian-consulate-after-act-of-state-terrorism-on-railway,https://www.theguardian.com/world/2025/nov/19/poland-closes-last-russian-consulate-after-act-of-state-terrorism-on-railway,Poland closes last Russian consulate after ‘act of state terrorism’ on railway,2025-11-19T15:37:53Z,596
uk-news/2025/nov/19/russian-spy-ship-british-waters-lasers-military-pilots-defence,https://www.theguardian.com/uk-news/2025/nov/19/russian-spy-ship-british-waters-lasers-military-pilots-defence,Russian spy ship enters British waters and shines lasers at military pilots,2025-11-19T13:12:40Z,996
world/2025/nov/19/ukraine-energy-sector-corruption-crisis,https://www.theguardian.com/world/2025/nov/19/ukraine-energy-sector-corruption-crisis,Ukraine’s energy sector corruption crisis – what we know so far and who was involved,2025-11-19T12:30:35Z,846
commentisfree/2025/nov/19/international-law-assault-rules-destruction-trump,https://www.theguardian.com/commentisfree/2025/nov/19/international-law-assault-rules-destruction-trump,Trump and his ilk imagine a world without international law – but they will not achieve it,2025-11-19T12:11:14Z,1243
environment/2025/nov/19/china-doesnt-want-to-take-lead-on-climate-policies-alone-senior-adviser-warns,https://www.theguardian.com/environment/2025/nov/19/china-doesnt-want-to-take-lead-on-climate-policies-alone-senior-adviser-warns,"China doesn’t want to lead alone on climate policies, senior adviser warns",2025-11-19T11:00:34Z,1123
world/2025/nov/19/moscow-passes-laws-to-boost-defences-against-ukrainian-strikes,https://www.theguardian.com/world/2025/nov/19/moscow-passes-laws-to-boost-defences-against-ukrainian-strikes,Moscow passes laws to boost defences against Ukrainian strikes,2025-11-19T07:09:01Z,859
world/2025/nov/19/ukraine-war-briefing-kyiv-seeks-44bn-from-russia-for-climate-warming-war-emissions,https://www.theguardian.com/world/2025/nov/19/ukraine-war-briefing-kyiv-seeks-44bn-from-russia-for-climate-warming-war-emissions,Ukraine war briefing: Kyiv seeks $44bn from Russia for climate-warming war emissions,2025-11-19T01:05:56Z,591
football/2025/nov/18/they-could-smell-magic-steve-clarke-delights-in-scotland-repaying-fans-faith,https://www.theguardian.com/football/2025/nov/18/they-could-smell-magic-steve-clarke-delights-in-scotland-repaying-fans-faith,‘They could smell magic’: Steve Clarke delights in Scotland repaying fans’ faith,2025-11-18T23:45:32Z,404
football/live/2025/nov/18/scotland-v-denmark-world-cup-2026-qualifying-live,https://www.theguardian.com/football/live/2025/nov/18/scotland-v-denmark-world-cup-2026-qualifying-live,Scotland 4-2 Denmark: World Cup 2026 qualifying – as it happened,2025-11-18T22:28:19Z,5644
world/2025/nov/18/ukrainians-working-for-russia-rail-blasts-says-poland-prime-minister-donald-tusk,https://www.theguardian.com/world/2025/nov/18/ukrainians-working-for-russia-rail-blasts-says-poland-prime-minister-donald-tusk,"Ukrainians working for Russia were behind rail blasts, alleges Polish PM",2025-11-18T19:21:28Z,682
uk-news/2025/nov/18/shabana-mahmood-faces-calls-for-compassion-and-clarity-over-hardline-asylum-policies,https://www.theguardian.com/uk-news/2025/nov/18/shabana-mahmood-faces-calls-for-compassion-and-clarity-over-hardline-asylum-policies,Mahmood faces calls for compassion and clarity over hardline asylum policies,2025-11-18T19:18:11Z,798
world/live/2025/nov/18/poland-russia-ukraine-rail-sabotage-incidents-zelenskyy-macron-merz-starmer-europe-live-news,https://www.theguardian.com/world/live/2025/nov/18/poland-russia-ukraine-rail-sabotage-incidents-zelenskyy-macron-merz-starmer-europe-live-news,Two Ukrainian men believed to be working with Russia identified as suspects in Polish rail sabotage attacks – as it happened,2025-11-18T18:04:56Z,3969
politics/live/2025/nov/18/labour-asylum-seekers-keir-starmer-reform-nigel-farage-uk-politics-latest-news,https://www.theguardian.com/politics/live/2025/nov/18/labour-asylum-seekers-keir-starmer-reform-nigel-farage-uk-politics-latest-news,"Chinese spying amounts to interference in UK democracy, minister says, after MI5 warns MPs – as it happened",2025-11-18T17:40:34Z,7952
technology/2025/nov/18/what-is-cloudflare-and-why-did-its-outage-take-down-so-many-websites,https://www.theguardian.com/technology/2025/nov/18/what-is-cloudflare-and-why-did-its-outage-take-down-so-many-websites,What is Cloudflare – and why did its outage take down so many websites?,2025-11-18T15:23:42Z,442
commentisfree/2025/nov/18/world-cup-us-donald-trump-gianni-infantino-tickets-fifa,https://www.theguardian.com/commentisfree/2025/nov/18/world-cup-us-donald-trump-gianni-infantino-tickets-fifa,Extortionate tickets and matches moved at Trump’s whim: are you ready for the ‘greatest World Cup ever’?,2025-11-18T14:45:29Z,1003
us-news/2025/nov/18/first-thing-west-bank-settler-violence-gaza-ceasefire-israel,https://www.theguardian.com/us-news/2025/nov/18/first-thing-west-bank-settler-violence-gaza-ceasefire-israel,First Thing: ‘They have total impunity’ – West Bank settler violence rises after Gaza ceasefire,2025-11-18T12:38:50Z,961
world/2025/nov/18/tuesday-briefing-what-labour-hopes-to-learn-from-denmarks-hardline-asylum-stance,https://www.theguardian.com/world/2025/nov/18/tuesday-briefing-what-labour-hopes-to-learn-from-denmarks-hardline-asylum-stance,Tuesday briefing: What Labour hopes to learn from Denmark’s hardline asylum stance,2025-11-18T06:50:25Z,2429
commentisfree/2025/nov/18/europe-digital-us-online-safety-laws,https://www.theguardian.com/commentisfree/2025/nov/18/europe-digital-us-online-safety-laws,"The world’s digital empires are jostling for power – in Europe, we can’t afford to be useful idiots",2025-11-18T05:00:27Z,880
us-news/live/2025/nov/17/donald-trump-jeffrey-epstein-files-republicans-democrats-world-cup-us-politics-live-news-updates,https://www.theguardian.com/us-news/live/2025/nov/17/donald-trump-jeffrey-epstein-files-republicans-democrats-world-cup-us-politics-live-news-updates,Trump administration sues California over its recent mask ban for federal agents – as it happened,2025-11-18T02:58:58Z,7410
world/2025/nov/18/ukraine-war-briefing-kyiv-to-buy-100-rafale-warplanes-drones-and-air-defence-systems-from-france,https://www.theguardian.com/world/2025/nov/18/ukraine-war-briefing-kyiv-to-buy-100-rafale-warplanes-drones-and-air-defence-systems-from-france,"Ukraine war briefing: Kyiv to buy 100 Rafale warplanes, drones and air defence systems from France",2025-11-18T01:28:24Z,709
world/2025/nov/18/un-security-council-votes-to-endorse-donald-trumps-gaza-plan,https://www.theguardian.com/world/2025/nov/18/un-security-council-votes-to-endorse-donald-trumps-gaza-plan,UN security council votes to endorse Donald Trump’s Gaza plan,2025-11-18T00:05:46Z,904
football/live/2025/nov/17/germany-v-slovakia-northern-ireland-v-luxembourg-and-more-world-cup-2026-qualifying-live,https://www.theguardian.com/football/live/2025/nov/17/germany-v-slovakia-northern-ireland-v-luxembourg-and-more-world-cup-2026-qualifying-live,"Germany and Netherlands secure qualification, and more: World Cup 2026 qualifying – as it happened",2025-11-17T21:56:51Z,2860
australia-news/2025/nov/18/morning-mail-tuesday-ntwnfb,https://www.theguardian.com/australia-news/2025/nov/18/morning-mail-tuesday-ntwnfb,"Morning Mail: Hannah Clarke’s last texts, Korea’s coal change, Trump ‘panicking’ over Epstein",2025-11-17T19:55:20Z,1059
commentisfree/2025/nov/17/the-guardian-view-on-germany-under-merz-europes-powerhouse-is-still-struggling,https://www.theguardian.com/commentisfree/2025/nov/17/the-guardian-view-on-germany-under-merz-europes-powerhouse-is-still-struggling,The Guardian view on Germany under Merz: Europe’s powerhouse is still struggling,2025-11-17T18:47:38Z,588
world/2025/nov/17/poland-railway-blast-was-unprecedented-act-of-sabotage-says-donald-tusk,https://www.theguardian.com/world/2025/nov/17/poland-railway-blast-was-unprecedented-act-of-sabotage-says-donald-tusk,"Poland railway blast was unprecedented act of sabotage, says Donald Tusk",2025-11-17T17:31:08Z,627
world/live/2025/nov/17/ukraine-russia-france-poland-zelenskyy-macron-eu-europe-news-latest-updates,https://www.theguardian.com/world/live/2025/nov/17/ukraine-russia-france-poland-zelenskyy-macron-eu-europe-news-latest-updates,"Foreign state services behind Polish rail sabotage, says minister – as it happened",2025-11-17T17:04:43Z,4482
uk-news/2025/nov/16/what-changes-to-the-uk-asylum-system-are-being-mooted-by-shabana-mahmood-labour,https://www.theguardian.com/uk-news/2025/nov/16/what-changes-to-the-uk-asylum-system-are-being-mooted-by-shabana-mahmood-labour,What changes to the UK asylum system is Labour proposing?,2025-11-17T11:49:37Z,1363
australia-news/2025/nov/17/afternoon-update-monday-ntwnfb,https://www.theguardian.com/australia-news/2025/nov/17/afternoon-update-monday-ntwnfb,Afternoon Update: why police whistleblower broke ranks; Trump backs Epstein files release; and our annual summer gift guide,2025-11-17T05:40:15Z,530
world/2025/nov/17/ukraine-war-briefing-greece-signs-deal-to-supply-gas-to-kyiv-over-difficult-winter,https://www.theguardian.com/world/2025/nov/17/ukraine-war-briefing-greece-signs-deal-to-supply-gas-to-kyiv-over-difficult-winter,Ukraine war briefing: Greece signs deal to supply gas to Kyiv over ‘difficult’ winter,2025-11-17T01:40:22Z,701
commentisfree/2025/nov/16/uk-asylum-reform-secure-borders-shabana-mahmood,https://www.theguardian.com/commentisfree/2025/nov/16/uk-asylum-reform-secure-borders-shabana-mahmood,Dark forces are stirring up anger in the UK. My asylum reforms are our chance to stop them,2025-11-16T22:30:43Z,641
australia-news/2025/nov/17/morning-mail-monday-ntwnfb,https://www.theguardian.com/australia-news/2025/nov/17/morning-mail-monday-ntwnfb,Morning Mail: new evidence reveals how police failed Hannah Clarke; suspected publishing scam exposed; Tuvalu takes on Trump,2025-11-16T19:42:35Z,1012
world/2025/nov/16/roman-abramovich-makes-claim-of-conspiracy-against-jersey-government,https://www.theguardian.com/world/2025/nov/16/roman-abramovich-makes-claim-of-conspiracy-against-jersey-government,Roman Abramovich makes claim of ‘conspiracy’ against Jersey government ,2025-11-16T19:30:39Z,583
uk-news/2025/nov/16/refugees-established-in-uk-may-have-to-return-if-home-countries-become-safe,https://www.theguardian.com/uk-news/2025/nov/16/refugees-established-in-uk-may-have-to-return-if-home-countries-become-safe,"Asylum system in UK ‘out of control’ and dividing country, home secretary says",2025-11-16T18:10:09Z,1165
commentisfree/2025/nov/16/the-guardian-view-on-a-new-nuclear-age-great-powers-should-not-restock-a-house-of-dynamite,https://www.theguardian.com/commentisfree/2025/nov/16/the-guardian-view-on-a-new-nuclear-age-great-powers-should-not-restock-a-house-of-dynamite,The Guardian view on a new nuclear age: great powers should not restock a house of dynamite ,2025-11-16T17:30:37Z,571
world/2025/nov/16/zelenskyy-pledges-to-clean-up-ukraine-energy-sector-amid-corruption-scandal,https://www.theguardian.com/world/2025/nov/16/zelenskyy-pledges-to-clean-up-ukraine-energy-sector-amid-corruption-scandal,Zelenskyy pledges to clean up Ukraine’s energy sector amid corruption scandal,2025-11-16T16:13:34Z,821
football/live/2025/nov/16/world-cup-qualifying-latest-wsl-updates-and-more-matchday-live,https://www.theguardian.com/football/live/2025/nov/16/world-cup-qualifying-latest-wsl-updates-and-more-matchday-live,"Chelsea held by Liverpool in WSL, World Cup qualifying latest and more: matchday live – as it happened",2025-11-16T14:07:15Z,4634
society/2025/nov/16/call-for-inquiry-after-families-stripped-of-child-benefit-due-to-flawed-travel-data,https://www.theguardian.com/society/2025/nov/16/call-for-inquiry-after-families-stripped-of-child-benefit-due-to-flawed-travel-data,Call for inquiry after families stripped of child benefit due to flawed travel data,2025-11-16T14:00:38Z,745
society/2025/nov/16/i-was-scared-parents-reveal-stress-of-hmrcs-child-benefit-errors,https://www.theguardian.com/society/2025/nov/16/i-was-scared-parents-reveal-stress-of-hmrcs-child-benefit-errors,‘I was scared’: parents reveal stress of HMRC’s child benefit errors,2025-11-16T14:00:34Z,1126
australia-news/2025/nov/17/are-australians-really-paying-more-for-electricity-than-other-countries,https://www.theguardian.com/australia-news/2025/nov/17/are-australians-really-paying-more-for-electricity-than-other-countries,Are Australians really paying more for electricity than other countries? ,2025-11-16T14:00:34Z,1330
world/2025/nov/16/nataliia-khodemchuk-widow-of-chornobyl-engineer-killed-russian-drone-strike-kyiv,https://www.theguardian.com/world/2025/nov/16/nataliia-khodemchuk-widow-of-chornobyl-engineer-killed-russian-drone-strike-kyiv,‘She went through hell’: widow of Chornobyl engineer is killed in Russian drone strike on Kyiv,2025-11-16T13:26:03Z,572
environment/2025/nov/16/trump-rare-mineral-dependence-china,https://www.theguardian.com/environment/2025/nov/16/trump-rare-mineral-dependence-china,Inside Trump’s scramble to reduce US dependence on Chinese rare-earth metals,2025-11-16T12:00:34Z,874
uk-news/live/2025/nov/16/shabana-mahmood-immigration-asylum-latest-uk-politics-news-live,https://www.theguardian.com/uk-news/live/2025/nov/16/shabana-mahmood-immigration-asylum-latest-uk-politics-news-live,"Illegal migration is ‘tearing our country apart’ and system is broken, says Shabana Mahmood – as it happened",2025-11-16T11:52:52Z,3885
commentisfree/2025/nov/16/us-rogue-state-extrajudicial-killings-venezuela,https://www.theguardian.com/commentisfree/2025/nov/16/us-rogue-state-extrajudicial-killings-venezuela,The US is now a rogue state - look at its extrajudicial killings off Venezuela’s coast,2025-11-16T08:00:26Z,960
world/ng-interactive/2025/nov/16/how-britain-became-russia-villain-us-ukraine,https://www.theguardian.com/world/ng-interactive/2025/nov/16/how-britain-became-russia-villain-us-ukraine,How Britain replaced the US as Russia’s villain of choice,2025-11-16T06:00:23Z,1402
world/2025/nov/16/ukraine-war-briefing-drones-hit-russias-ryazan-oil-refinery,https://www.theguardian.com/world/2025/nov/16/ukraine-war-briefing-drones-hit-russias-ryazan-oil-refinery,Ukraine war briefing: Drones hit Russia’s Ryazan oil refinery,2025-11-16T02:31:15Z,556
australia-news/2025/nov/16/coalition-net-zero-emissions-claims-factcheck-electricity-price-power-bill-cost,https://www.theguardian.com/australia-news/2025/nov/16/coalition-net-zero-emissions-claims-factcheck-electricity-price-power-bill-cost,"Factchecking five Coalition claims about net zero, from power prices to the $9tn cost",2025-11-15T19:00:14Z,1180
world/2025/nov/15/viktor-orban-hungary-2026-election-campaign-fidesz,https://www.theguardian.com/world/2025/nov/15/viktor-orban-hungary-2026-election-campaign-fidesz,Viktor Orbán begins ‘anti-war roadshow’ as Hungary gears up for 2026 elections,2025-11-15T14:31:35Z,692
world/2025/nov/15/orban-claims-of-trump-summit-triumph-mask-growing-doubts-over-grip-on-power-hungary,https://www.theguardian.com/world/2025/nov/15/orban-claims-of-trump-summit-triumph-mask-growing-doubts-over-grip-on-power-hungary,Orbán’s claims of Trump summit triumph mask growing doubts over his grip on power,2025-11-15T06:00:05Z,902
world/2025/nov/15/russia-targeting-trains-ukraine-rail-network-attacks,https://www.theguardian.com/world/2025/nov/15/russia-targeting-trains-ukraine-rail-network-attacks,Russia increasingly targeting trains as attacks on Ukraine’s rail network intensify,2025-11-15T05:00:01Z,757
world/2025/nov/15/ukraine-war-briefing-mass-production-of-ukrainian-octopus-interceptor-drones-begins,https://www.theguardian.com/world/2025/nov/15/ukraine-war-briefing-mass-production-of-ukrainian-octopus-interceptor-drones-begins,Ukraine war briefing: mass production of Ukrainian ‘Octopus’ interceptor drones begins,2025-11-15T03:35:27Z,582
us-news/2025/nov/14/trump-marjorie-taylor-greene-support,https://www.theguardian.com/us-news/2025/nov/14/trump-marjorie-taylor-greene-support,Trump ends support for Marjorie Taylor Greene amid growing Epstein feud,2025-11-15T03:02:00Z,494
football/live/2025/nov/14/poland-v-netherlands-croatia-v-faroe-islands-and-more-world-cup-2026-qualifying-live,https://www.theguardian.com/football/live/2025/nov/14/poland-v-netherlands-croatia-v-faroe-islands-and-more-world-cup-2026-qualifying-live,"Croatia beat Faroe Islands to qualify, Poland 1-1 Netherlands, and more: World Cup 2026 qualifying – as it happened",2025-11-14T22:19:18Z,3540
environment/live/2025/nov/14/cop30-live-updates-activists-blockade-summit-climate-conference,https://www.theguardian.com/environment/live/2025/nov/14/cop30-live-updates-activists-blockade-summit-climate-conference,Indigenous groups blockade Cop30 conference entrance in protests – as it happened,2025-11-14T20:45:35Z,7465
world/2025/nov/14/russia-attack-every-district-kyiv-city-strikes,https://www.theguardian.com/world/2025/nov/14/russia-attack-every-district-kyiv-city-strikes,"Russian attacks on Kyiv ‘calculated and wicked’, says Zelenskyy",2025-11-14T17:47:41Z,842
commentisfree/2025/nov/14/trump-bbc-epstein-vulnerability-us-president-maga,https://www.theguardian.com/commentisfree/2025/nov/14/trump-bbc-epstein-vulnerability-us-president-maga,Trump can get away with saying what he likes about the BBC. But Epstein? That’s his one vulnerability,2025-11-14T17:12:51Z,1410
football/live/2025/nov/14/world-cup-qualifying-latest-republic-of-ireland-hopes-boosted-ronaldo-red-card-football-news-live,https://www.theguardian.com/football/live/2025/nov/14/world-cup-qualifying-latest-republic-of-ireland-hopes-boosted-ronaldo-red-card-football-news-live,Ronaldo could miss two World Cup games after red; qualifying latest: football news – as it happened,2025-11-14T17:11:11Z,5547
sport/2025/nov/14/your-guardian-sport-weekend-atp-finals-albania-v-england-and-nfl,https://www.theguardian.com/sport/2025/nov/14/your-guardian-sport-weekend-atp-finals-albania-v-england-and-nfl,"Your Guardian sport weekend: ATP Finals, Albania v England and NFL",2025-11-14T17:00:45Z,1291
world/live/2025/nov/14/ukraine-kyiv-russia-zelenskyy-putin-europe-latest-news-updates,https://www.theguardian.com/world/live/2025/nov/14/ukraine-kyiv-russia-zelenskyy-putin-europe-latest-news-updates,"Several dead and injured, police say, after bus crashes into bus stop in Stockholm – as it happened",2025-11-14T16:34:48Z,2321
us-news/2025/nov/14/sami-hamdi-british-commentator-ice-deportation,https://www.theguardian.com/us-news/2025/nov/14/sami-hamdi-british-commentator-ice-deportation,"Detained in US for speech, a UK commentator speaks out: ‘They don’t want people like us to go to America’",2025-11-14T07:00:22Z,1156
world/2025/nov/14/the-uk-wants-to-emulate-denmarks-hardline-asylum-model-but-what-does-it-actually-look-like,https://www.theguardian.com/world/2025/nov/14/the-uk-wants-to-emulate-denmarks-hardline-asylum-model-but-what-does-it-actually-look-like,The UK wants to emulate Denmark’s hardline asylum model – but what does it actually look like?,2025-11-14T05:00:21Z,1164
commentisfree/2025/nov/14/global-leader-climate-action-eu-right-green-bashing,https://www.theguardian.com/commentisfree/2025/nov/14/global-leader-climate-action-eu-right-green-bashing,"Once a global leader on climate action, the EU has given in to the right’s green-bashing",2025-11-14T05:00:19Z,917
world/2025/nov/14/ukraine-war-briefing-flamingo-flies-into-battle-zelenskyy-defers-to-commanders-over-pokrovsk,https://www.theguardian.com/world/2025/nov/14/ukraine-war-briefing-flamingo-flies-into-battle-zelenskyy-defers-to-commanders-over-pokrovsk,"Ukraine war briefing: Flamingo flies into battle, Zelenskyy defers to commanders over Pokrovsk",2025-11-14T01:52:07Z,716
football/2025/nov/11/world-cup-2026-european-qualifying-when-how-and-who-needs-what-football,https://www.theguardian.com/football/2025/nov/11/world-cup-2026-european-qualifying-when-how-and-who-needs-what-football,"World Cup 2026 European qualifying: when, how and who needs what?",2025-11-13T22:38:17Z,1263
football/live/2025/nov/13/republic-of-ireland-v-portugal-france-v-ukraine-world-cup-2026-qualifying-live,https://www.theguardian.com/football/live/2025/nov/13/republic-of-ireland-v-portugal-france-v-ukraine-world-cup-2026-qualifying-live,Ronaldo sent off in Republic of Ireland’s 2-0 win over Portugal: World Cup 2026 qualifying – as it happened,2025-11-13T22:09:32Z,4040
environment/live/2025/nov/13/cop30-live-calls-for-just-transition-plan-grow-as-report-warns-world-on-track-for-26c-of-heating,https://www.theguardian.com/environment/live/2025/nov/13/cop30-live-calls-for-just-transition-plan-grow-as-report-warns-world-on-track-for-26c-of-heating,"Cop30: ‘We will exterminate ourselves’ if we keep extracting fossil fuels, activists say – as it happened",2025-11-13T20:39:43Z,6131
world/2025/nov/13/canada-arctic-spy-threats-russia-china,https://www.theguardian.com/world/2025/nov/13/canada-arctic-spy-threats-russia-china,Canada says Russia and China are ramping up spy efforts in Arctic region,2025-11-13T20:21:26Z,427
australia-news/2025/nov/14/morning-mail-friday-ntwnfb,https://www.theguardian.com/australia-news/2025/nov/14/morning-mail-friday-ntwnfb,"Morning Mail: the 48 hours that killed a Liberal climate policy, thousands of diplomas dumped, pressure mounts on Trump",2025-11-13T19:55:22Z,998
world/2025/nov/13/germany-decides-against-conscription-to-replenish-post-cold-war-military,https://www.theguardian.com/world/2025/nov/13/germany-decides-against-conscription-to-replenish-post-cold-war-military,Germany decides against conscription to replenish post-cold war military,2025-11-13T17:09:10Z,803
world/live/2025/nov/13/volodymyr-zelenskyy-ukraine-funding-corruption-brussels-news-updates-europe-live,https://www.theguardian.com/world/live/2025/nov/13/volodymyr-zelenskyy-ukraine-russia-corruption-brussels-news-updates-europe-live,Ukraine’s PM announces plans to audit public companies: ‘corruption is unacceptable’ – as it happened,2025-11-13T15:30:47Z,4929
world/2025/nov/13/trumpist-czech-pm-elect-refuses-to-sell-business-empire-amid-conflict-of-interest-row,https://www.theguardian.com/world/2025/nov/13/trumpist-czech-pm-elect-refuses-to-sell-business-empire-amid-conflict-of-interest-row,‘Trumpist’ Czech PM-elect refuses to sell business empire amid conflict-of-interest row,2025-11-13T14:07:30Z,635
business/2025/nov/13/liberty-steel-investigated-romania-embezzlement-sanjeev-gupta,https://www.theguardian.com/business/2025/nov/13/liberty-steel-investigated-romania-embezzlement-sanjeev-gupta,Liberty Steel being investigated in Romania for embezzlement,2025-11-13T13:39:04Z,490
music/2025/nov/13/portishead-geoff-barrow-music-game-beak,https://www.theguardian.com/music/2025/nov/13/portishead-geoff-barrow-music-game-beak,Portishead’s Geoff Barrow: ‘I can’t think of any worse music to make love to than ours’ ,2025-11-13T12:04:07Z,1572
commentisfree/2025/nov/13/trump-media-ultra-rich-democracy,https://www.theguardian.com/commentisfree/2025/nov/13/trump-media-ultra-rich-democracy,Ultra-rich media owners are tightening their grip on democracy. It’s time to wrest our power back,2025-11-13T11:00:41Z,1051
world/2025/nov/13/russia-eu-ban-multi-entry-visas-restrictions,https://www.theguardian.com/world/2025/nov/13/russia-eu-ban-multi-entry-visas-restrictions,Putin opponents criticise EU ban on multi-entry visas for Russians,2025-11-13T05:25:23Z,828
society/2025/nov/13/rise-older-renters-housing-crisis-home-ownership,https://www.theguardian.com/society/2025/nov/13/rise-older-renters-housing-crisis-home-ownership,The rapid rise of renters in their 60s: ‘I hate the idea of house-sharing – but I have no choice’,2025-11-13T05:00:14Z,2018
world/2025/nov/13/ukraine-war-briefing-fire-sale-of-lukoil-assets-before-start-of-us-sanctions-on-russia,https://www.theguardian.com/world/2025/nov/13/ukraine-war-briefing-fire-sale-of-lukoil-assets-before-start-of-us-sanctions-on-russia,Ukraine war briefing: Fire sale of Lukoil assets before start of US sanctions on Russia,2025-11-13T01:44:25Z,732
environment/live/2025/nov/12/cop30-live-talks-us-protests-belem-brazil,https://www.theguardian.com/environment/live/2025/nov/12/cop30-live-talks-us-protests-belem-brazil,"Cop30 live: ‘literally insane’ that we are letting global heating happen, says Al Gore",2025-11-12T21:15:38Z,7513
australia-news/2025/nov/13/morning-mail-thursday-ntwnfb,https://www.theguardian.com/australia-news/2025/nov/13/morning-mail-thursday-ntwnfb,"Morning Mail: new Epstein emails mention Trump, NDIS trials AI process, Liberals face credibility test on climate",2025-11-12T19:49:22Z,977
world/2025/nov/12/us-strikes-against-boats-in-caribbean-disregard-international-law-french-minister-says,https://www.theguardian.com/world/2025/nov/12/us-strikes-against-boats-in-caribbean-disregard-international-law-french-minister-says,"US strikes against boats in Caribbean ‘disregard international law’, French minister says",2025-11-12T18:53:13Z,928
commentisfree/2025/nov/12/the-guardian-view-on-special-trump-treatment-for-hungary-roll-on-the-next-election,https://www.theguardian.com/commentisfree/2025/nov/12/the-guardian-view-on-special-trump-treatment-for-hungary-roll-on-the-next-election,The Guardian view on special Trump treatment for Hungary: roll on the next election,2025-11-12T18:25:01Z,582
world/live/2025/nov/12/ukraine-energy-corruption-scandal-zelenskyy-eu-europe-news-latest-updates,https://www.theguardian.com/world/live/2025/nov/12/ukraine-energy-corruption-scandal-zelenskyy-eu-europe-news-latest-updates,Ukrainian energy minister Hrynchuk resigns as corruption probe fallout continues – as it happened,2025-11-12T18:01:52Z,4200
world/2025/nov/12/zelenskyy-fires-ministers-accused-of-involvement-in-bribery-scheme-as-public-outrage-grows,https://www.theguardian.com/world/2025/nov/12/zelenskyy-fires-ministers-accused-of-involvement-in-bribery-scheme-as-public-outrage-grows,Zelenskyy fires ministers accused of involvement in bribery scheme as public outrage grows,2025-11-12T17:59:10Z,728
world/2025/nov/12/the-eu-invited-ukraine-to-join-the-club-kyivs-hopes-are-high-but-will-it-ever-happen,https://www.theguardian.com/world/2025/nov/12/the-eu-invited-ukraine-to-join-the-club-kyivs-hopes-are-high-but-will-it-ever-happen,"The EU invited Ukraine to join the club, but will it ever happen?",2025-11-12T15:53:55Z,997
world/2025/nov/12/ukraine-war-briefing-top-bankers-straight-talk-to-putin-over-troubled-economy,https://www.theguardian.com/world/2025/nov/12/ukraine-war-briefing-top-bankers-straight-talk-to-putin-over-troubled-economy,Ukraine war briefing: Top banker’s straight talk to Putin over troubled economy,2025-11-12T01:41:34Z,848
australia-news/2025/nov/12/russian-embassy-canberra-high-court-bid-fails-federal-govenment-to-pay-costs-compensation,https://www.theguardian.com/australia-news/2025/nov/12/russian-embassy-canberra-high-court-bid-fails-federal-govenment-to-pay-costs-compensation,Russia’s high court bid over Canberra embassy fails but Australian government to pay costs,2025-11-12T00:14:47Z,513
politics/live/2025/nov/11/bbc-crisis-labour-conservatives-donald-trump-lawsuit-politics-live-updates,https://www.theguardian.com/politics/live/2025/nov/11/bbc-crisis-labour-conservatives-donald-trump-lawsuit-politics-live-updates,Nandy rules out taking action to remove Robbie Gibb from BBC board – as it happened,2025-11-11T18:40:29Z,10212
world/2025/nov/11/israel-attacks-palestine-water,https://www.theguardian.com/world/2025/nov/11/israel-attacks-palestine-water,"Israel attacked Palestinian water sources over 250 times in five years, data reveals",2025-11-11T18:09:47Z,1050
film/2025/nov/11/why-ukrainians-are-turning-to-feminist-homegrown-horror-films,https://www.theguardian.com/film/2025/nov/11/why-ukrainians-are-turning-to-feminist-homegrown-horror-films,‘A Ukrainian witch kicks the crap out of Russian soldiers’: the new wave of horror films taking on Putin’s army,2025-11-11T16:16:41Z,906
world/live/2025/nov/11/europe-armistice-day-russia-ukraine-romania-france-live-updates,https://www.theguardian.com/world/live/2025/nov/11/europe-armistice-day-russia-ukraine-romania-france-live-updates,"100,000 take part in controversial Poland independence march, authorities say – as it happened",2025-11-11T16:14:47Z,4038
world/2025/nov/11/men-with-family-stuck-in-gaza-say-lack-uk-government-action-breach-of-human-rights,https://www.theguardian.com/world/2025/nov/11/men-with-family-stuck-in-gaza-say-lack-uk-government-action-breach-of-human-rights,Men with family stuck in Gaza say lack of action from UK government is breach of human rights,2025-11-11T16:13:55Z,821
politics/2025/nov/11/uk-cuts-contribution-aids-tuberculosis-malaria-fund,https://www.theguardian.com/politics/2025/nov/11/uk-cuts-contribution-aids-tuberculosis-malaria-fund,"UK cuts contribution to Aids, tuberculosis and malaria fund by £150m",2025-11-11T15:16:21Z,714
environment/commentisfree/2025/nov/11/coalition-brawl-australia-2050-net-zero-emissions-target,https://www.theguardian.com/environment/commentisfree/2025/nov/11/coalition-brawl-australia-2050-net-zero-emissions-target,The spectacular nonsense of the Coalition’s internal brawl over the 2050 net zero emissions target,2025-11-11T14:00:02Z,1354
world/2025/nov/11/car-bumpers-homemade-pies-no-weapons-allowed-the-unstoppable-postal-service-keeping-ukraine-going,https://www.theguardian.com/world/2025/nov/11/car-bumpers-homemade-pies-no-weapons-allowed-the-unstoppable-postal-service-keeping-ukraine-going,"Next day delivery, no weapons allowed: the unstoppable postal service keeping Ukraine going ",2025-11-11T09:00:14Z,1974
law/2025/nov/11/willing-states-must-act-to-save-international-legal-order-warns-top-academic,https://www.theguardian.com/law/2025/nov/11/willing-states-must-act-to-save-international-legal-order-warns-top-academic,"Willing states must act to save international legal order, warns top academic",2025-11-11T08:00:12Z,1064
world/2025/nov/11/ukraine-war-briefing-battle-for-pokrovsk-raging-on-as-russia-claims-advance-on-town-to-east,https://www.theguardian.com/world/2025/nov/11/ukraine-war-briefing-battle-for-pokrovsk-raging-on-as-russia-claims-advance-on-town-to-east,Ukraine war briefing: battle for Pokrovsk ‘raging on’ as Russia claims advance on town to east,2025-11-11T01:52:03Z,698
world/2025/nov/10/ukraine-anti-corruption-agency-investigates-energy-sector,https://www.theguardian.com/world/2025/nov/10/ukraine-anti-corruption-agency-investigates-energy-sector,Ukraine’s energy sector faces wide-scale investigation over ‘kickback’ allegations,2025-11-10T17:29:44Z,447
world/live/2025/nov/10/france-nicolas-sarkozy-belgium-drones-russia-ukraine-spain-europe-latest-news-updates,https://www.theguardian.com/world/live/2025/nov/10/france-nicolas-sarkozy-belgium-drones-russia-ukraine-spain-europe-latest-news-updates,Sarkozy freed from prison and put under ‘judicial supervision’ pending appeal – as it happened,2025-11-10T16:38:00Z,4026
world/2025/nov/10/lavrov-absence-sparks-speculation-he-has-fallen-from-favour-with-putin,https://www.theguardian.com/world/2025/nov/10/lavrov-absence-sparks-speculation-he-has-fallen-from-favour-with-putin,Lavrov’s absence sparks speculation he has fallen from favour with Putin,2025-11-10T14:29:21Z,992
us-news/2025/nov/10/rightwing-czech-republic-poland-hungary-democrats,https://www.theguardian.com/us-news/2025/nov/10/rightwing-czech-republic-poland-hungary-democrats,Resilience of Europe’s populist right carries warning for US Democrats,2025-11-10T12:00:48Z,1293
commentisfree/2025/nov/10/donald-trump-ugly-american,https://www.theguardian.com/commentisfree/2025/nov/10/donald-trump-ugly-american,"Brutish, bullying, imperialistic: the Ugly American is back",2025-11-10T11:00:48Z,1351
world/2025/nov/10/netherlands-ban-imports-israeli-settlements-palestine-sanctions,https://www.theguardian.com/world/2025/nov/10/netherlands-ban-imports-israeli-settlements-palestine-sanctions,Netherlands presses on with plan to ban imports from illegal Israeli settlements,2025-11-10T10:31:08Z,785
commentisfree/2025/nov/10/green-party-zack-polanski-struck-nerve-politics,https://www.theguardian.com/commentisfree/2025/nov/10/green-party-zack-polanski-struck-nerve-politics,The right can mock my teeth all it wants – it shows the Greens have struck a nerve,2025-11-10T10:00:03Z,1233
environment/2025/nov/10/siberian-amur-tiger-endangered-russia-siberia-killings,https://www.theguardian.com/environment/2025/nov/10/siberian-amur-tiger-endangered-russia-siberia-killings,"‘The tigers are hungry’: endangered but deadly, the world’s largest big cat is sowing fear in Siberia’s villages",2025-11-10T07:00:54Z,991
environment/2025/nov/10/from-net-zero-to-ndcs-your-comprehensive-cop30-jargon-buster,https://www.theguardian.com/environment/2025/nov/10/from-net-zero-to-ndcs-your-comprehensive-cop30-jargon-buster,From net zero to NDCs: your comprehensive Cop30 jargon buster,2025-11-10T05:00:52Z,2296
world/2025/nov/10/ukraine-war-briefing-lavrov-reappears-ready-to-offer-marco-rubio-same-demands,https://www.theguardian.com/world/2025/nov/10/ukraine-war-briefing-lavrov-reappears-ready-to-offer-marco-rubio-same-demands,"Ukraine war briefing: Lavrov reappears, ready to offer Marco Rubio same demands",2025-11-10T01:29:05Z,749
australia-news/2025/nov/10/morning-mail-monday-ntwnfb-specialist-healthcare-costs-skyrocket-criticism-over-ato-call-centre-contracts-bbc-bosses-resign-over-bias-row,https://www.theguardian.com/australia-news/2025/nov/10/morning-mail-monday-ntwnfb-specialist-healthcare-costs-skyrocket-criticism-over-ato-call-centre-contracts-bbc-bosses-resign-over-bias-row,"Morning Mail: specialist healthcare costs skyrocket, John Laws dies, BBC boss resigns amid Trump bias accusations",2025-11-09T19:41:12Z,919
world/2025/nov/09/volodymyr-zelenskyy-why-should-i-be-afraid-donald-trump,https://www.theguardian.com/world/2025/nov/09/volodymyr-zelenskyy-why-should-i-be-afraid-donald-trump,Volodymyr Zelenskyy: why should I be afraid of Donald Trump?,2025-11-09T18:00:38Z,1454
world/2025/nov/09/russian-activist-held-in-poland-admits-he-worked-as-fsb-agent-court-papers-say,https://www.theguardian.com/world/2025/nov/09/russian-activist-held-in-poland-admits-he-worked-as-fsb-agent-court-papers-say,"Russian activist held in Poland admits he worked as FSB agent, court papers say",2025-11-09T16:31:41Z,718
uk-news/2025/nov/09/britain-sends-raf-specialists-help-belgium-combat-disruptive-drones,https://www.theguardian.com/uk-news/2025/nov/09/britain-sends-raf-specialists-help-belgium-combat-disruptive-drones,Britain sends RAF specialists to help Belgium combat disruptive drones,2025-11-09T12:31:54Z,625
commentisfree/2025/nov/09/donald-trump-nigeria-christians-faith-power,https://www.theguardian.com/commentisfree/2025/nov/09/donald-trump-nigeria-christians-faith-power,Does Trump truly care about Nigerian Christians? Of course not – he just knows faith sells,2025-11-09T08:00:26Z,978
tv-and-radio/2025/nov/09/tv-tonight-the-heartbreaking-story-of-a-forbidden-affair-during-the-troubles,https://www.theguardian.com/tv-and-radio/2025/nov/09/tv-tonight-the-heartbreaking-story-of-a-forbidden-affair-during-the-troubles,TV tonight: the heartbreaking story of a forbidden affair during the Troubles ,2025-11-09T06:15:24Z,552
lifeandstyle/2025/nov/09/european-health-habits-worth-adopting,https://www.theguardian.com/lifeandstyle/2025/nov/09/european-health-habits-worth-adopting,"‘You Britons go to the pub, we go to the swimming pool!’: the European health habits worth adopting",2025-11-09T06:00:24Z,2717
news/ng-interactive/2025/nov/09/amid-squabbles-bombast-and-competing-interests-what-can-cop30-achieve,https://www.theguardian.com/news/ng-interactive/2025/nov/09/amid-squabbles-bombast-and-competing-interests-what-can-cop30-achieve,"Amid squabbles, bombast and competing interests, what can Cop30 achieve? ",2025-11-09T06:00:24Z,2364
world/2025/nov/09/ukraine-war-briefing-russia-deliberately-endangering-nuclear-safety-in-europe-says-kyiv,https://www.theguardian.com/world/2025/nov/09/ukraine-war-briefing-russia-deliberately-endangering-nuclear-safety-in-europe-says-kyiv,Ukraine war briefing: Russia deliberately ‘endangering nuclear safety in Europe’ says Kyiv,2025-11-09T02:09:29Z,530
australia-news/2025/nov/09/loophole-russian-sanctions-oil-imported-to-australia,https://www.theguardian.com/australia-news/2025/nov/09/loophole-russian-sanctions-oil-imported-to-australia,‘Loophole’ in sanctions allowing Russian oil to be imported to Australia through port part-owned by Macquarie Bank,2025-11-08T23:00:15Z,756
world/2025/nov/08/russia-ukraine-drone-missile-attacks-energy-infrastructure-casualties,https://www.theguardian.com/world/2025/nov/08/russia-ukraine-drone-missile-attacks-energy-infrastructure-casualties,Russian missile attacks on Ukrainian energy facilities kill at least seven,2025-11-08T22:01:20Z,398
world/2025/nov/08/old-fishing-nets-vital-protection-against-russian-drones-ukraine,https://www.theguardian.com/world/2025/nov/08/old-fishing-nets-vital-protection-against-russian-drones-ukraine,Old fishing nets from France become vital protection against Russian drones in Ukraine,2025-11-08T10:00:05Z,751
world/2025/nov/08/us-china-aircraft-carriers-naval-fleet-defence,https://www.theguardian.com/world/2025/nov/08/us-china-aircraft-carriers-naval-fleet-defence,US and China seek to project power with huge and expensive aircraft carriers ,2025-11-08T05:00:53Z,739
us-news/2025/nov/07/trump-orban-hungary-russian-oil,https://www.theguardian.com/us-news/2025/nov/07/trump-orban-hungary-russian-oil,Trump-Orbán meeting: US gives Hungary exemption from sanctions on Russian oil and gas,2025-11-08T04:02:44Z,737
us-news/live/2025/nov/07/donald-trump-government-shutdown-air-traffic-flights-snap-viktor-orban-hungary-ukraine-us-politics-live-news-updates,https://www.theguardian.com/us-news/live/2025/nov/07/donald-trump-government-shutdown-air-traffic-flights-snap-viktor-orban-hungary-ukraine-us-politics-live-news-updates,Federal judge issues permanent ban on deployment of national guard troops in Portland – as it happened,2025-11-08T03:03:36Z,10068
world/2025/nov/08/ukraine-war-briefing-russia-unleashes-attack-on-energy-infrastructure-triggering-power-cuts,https://www.theguardian.com/world/2025/nov/08/ukraine-war-briefing-russia-unleashes-attack-on-energy-infrastructure-triggering-power-cuts,"Ukraine war briefing: Russia unleashes attack on energy infrastructure, triggering power cuts",2025-11-08T02:38:00Z,806
us-news/2025/nov/07/trump-administration-news-updates-today,https://www.theguardian.com/us-news/2025/nov/07/trump-administration-news-updates-today,Trump news at a glance: supreme court blocks full Snap food aid payments following White House request,2025-11-08T02:05:21Z,862
world/2025/nov/07/orban-trump-flattery-white-house,https://www.theguardian.com/world/2025/nov/07/orban-trump-flattery-white-house,Flattery will get you everywhere: Orbán lays it on thick with Trump ,2025-11-07T22:12:23Z,1000
world/2025/nov/07/eu-plans-centre-for-democratic-resilience-to-fight-online-disinformation,https://www.theguardian.com/world/2025/nov/07/eu-plans-centre-for-democratic-resilience-to-fight-online-disinformation,EU plans hub to tackle disinformation threat from Russia and others,2025-11-07T17:23:15Z,533
world/live/2025/nov/07/europe-latest-news-updates-belgium-airports-brussels-liege-drones-russia-orban-trump-ukraine,https://www.theguardian.com/world/live/2025/nov/07/europe-latest-news-updates-belgium-airports-brussels-liege-drones-russia-orban-trump-ukraine,"Belgian drone sightings could be linked to talks on using frozen Russian assets, says German minister – as it happened",2025-11-07T15:20:52Z,2832
australia-news/2025/nov/08/sydney-weapons-expo-sold-as-solutions-no-mention-of-people-they-target,https://www.theguardian.com/australia-news/2025/nov/08/sydney-weapons-expo-sold-as-solutions-no-mention-of-people-they-target,"At Sydney’s mighty arms convention, weapons are sold as ‘solutions’. No one mentions the people they will target",2025-11-07T14:00:05Z,1041
us-news/2025/nov/07/first-thing-judge-orders-trump-administration-to-stop-needless-suffering-and-fully-fund-food-stamps,https://www.theguardian.com/us-news/2025/nov/07/first-thing-judge-orders-trump-administration-to-stop-needless-suffering-and-fully-fund-food-stamps,First Thing: Judge orders Trump administration to stop ‘needless suffering’ and fully fund food stamps,2025-11-07T12:49:33Z,993
film/2025/nov/07/israeli-comedian-putting-genocide-on-stage,https://www.theguardian.com/film/2025/nov/07/israeli-comedian-putting-genocide-on-stage,‘Why don’t you believe Palestinians?’: the Israeli comedian putting the conflict on stage,2025-11-07T10:01:22Z,1553
world/2025/nov/07/orban-hungary-white-house-visit-trump,https://www.theguardian.com/world/2025/nov/07/orban-hungary-white-house-visit-trump,Orbán to visit US to try to broker another Putin summit but questions raised over motives,2025-11-07T09:03:04Z,951
tv-and-radio/2025/nov/07/mickey-17-to-belen-the-seven-best-films-to-watch-on-tv-this-week,https://www.theguardian.com/tv-and-radio/2025/nov/07/mickey-17-to-belen-the-seven-best-films-to-watch-on-tv-this-week,Mickey 17 to Belén: the seven best films to watch on TV this week,2025-11-07T09:00:21Z,732
artanddesign/ng-interactive/2025/nov/07/pulitzer-winning-conflict-photographer-lynsey-addario-five-stories,https://www.theguardian.com/artanddesign/ng-interactive/2025/nov/07/pulitzer-winning-conflict-photographer-lynsey-addario-five-stories,Love & War: From frontlines to family life. Pulitzer-winning conflict photographer Lynsey Addario on the five stories that defined her career,2025-11-07T07:00:21Z,99
world/2025/nov/07/friday-briefing-six-lessons-from-three-years-of-bringing-you-this-newsletter,https://www.theguardian.com/world/2025/nov/07/friday-briefing-six-lessons-from-three-years-of-bringing-you-this-newsletter,Friday briefing: Six lessons from three years of bringing you this newsletter,2025-11-07T06:20:34Z,2423
business/2025/nov/07/china-in-push-to-dominate-europe-electric-vehicle-market-with-uk-as-gateway,https://www.theguardian.com/business/2025/nov/07/china-in-push-to-dominate-europe-electric-vehicle-market-with-uk-as-gateway,Driving competition: China’s carmakers in race to dominate Europe’s roads,2025-11-07T06:00:19Z,1381
music/ng-interactive/2025/nov/07/rosalia-critics-crisis-being-hot-for-god-lux-catalan,https://www.theguardian.com/music/ng-interactive/2025/nov/07/rosalia-critics-crisis-being-hot-for-god-lux-catalan,"‘It’s impossible not to have contradictions in a contradictory world’: Catalan pop visionary Rosalía on critics, crisis and being ‘hot for God’",2025-11-07T05:00:17Z,2415
world/2025/nov/07/ukraine-war-briefing-ukrainian-court-jails-russian-soldier-for-killing-pow-in-landmark-sentence,https://www.theguardian.com/world/2025/nov/07/ukraine-war-briefing-ukrainian-court-jails-russian-soldier-for-killing-pow-in-landmark-sentence,Ukraine war briefing: Ukrainian court jails Russian soldier for killing PoW in landmark sentence,2025-11-07T01:48:01Z,622
australia-news/2025/nov/07/morning-mail-friday-ntwnfb,https://www.theguardian.com/australia-news/2025/nov/07/morning-mail-friday-ntwnfb,"Morning Mail: ‘poor doors’ for affordable housing tenants, Cop summit begins with dire warning, Nancy Pelosi to quit",2025-11-06T19:53:11Z,999
us-news/2025/nov/06/nancy-pelosi-career-house,https://www.theguardian.com/us-news/2025/nov/06/nancy-pelosi-career-house,"In a historic career of firsts, Nancy Pelosi might be best remembered as Trump’s most formidable adversary",2025-11-06T19:51:49Z,947
world/live/2025/nov/06/europe-latest-live-news-updates-belgium-drones,https://www.theguardian.com/world/live/2025/nov/06/europe-latest-live-news-updates-belgium-drones,German police detain man suspected of painting swastikas on cars and walls with his own blood – as it happened,2025-11-06T16:33:29Z,3943
world/2025/nov/06/south-africa-investigation-citizens-fighting-ukraine-russia-war-mercenaries,https://www.theguardian.com/world/2025/nov/06/south-africa-investigation-citizens-fighting-ukraine-russia-war-mercenaries,South Africa launches investigation into 17 citizens fighting in Ukraine,2025-11-06T15:06:22Z,572
football/2025/nov/06/english-football-agrees-to-ditch-match-tributes-for-unrelated-global-events,https://www.theguardian.com/football/2025/nov/06/english-football-agrees-to-ditch-match-tributes-for-unrelated-global-events,English football agrees to ditch match tributes for unrelated global events,2025-11-06T11:28:03Z,285
world/2025/nov/06/ukraine-forever-war-europe-steps-up-pressure-russia-former-nato-chief,https://www.theguardian.com/world/2025/nov/06/ukraine-forever-war-europe-steps-up-pressure-russia-former-nato-chief,"Ukraine faces ‘forever war’ unless Europe steps up pressure on Russia, says ex-Nato chief",2025-11-06T11:00:57Z,702
world/2025/nov/06/putin-repressive-machinery-turns-inward-target-pro-war-figures,https://www.theguardian.com/world/2025/nov/06/putin-repressive-machinery-turns-inward-target-pro-war-figures,Putin’s repressive machinery turns inward to target pro-war figures,2025-11-06T05:00:47Z,842
world/2025/nov/06/belgium-to-hold-security-meeting-after-drone-sightings-at-airports-and-military-bases,https://www.theguardian.com/world/2025/nov/06/belgium-to-hold-security-meeting-after-drone-sightings-at-airports-and-military-bases,Belgium to hold security meeting after drone sightings at airports and military bases,2025-11-06T05:00:46Z,694
world/2025/nov/06/ukraine-war-briefing-bulgaria-moves-to-seize-russian-refinery-while-poland-seeks-to-be-us-gas-conduit,https://www.theguardian.com/world/2025/nov/06/ukraine-war-briefing-bulgaria-moves-to-seize-russian-refinery-while-poland-seeks-to-be-us-gas-conduit,Ukraine war briefing: Bulgaria moves to seize Russian refinery while Poland seeks to be US gas conduit,2025-11-06T02:19:22Z,568
uk-news/2025/nov/06/british-military-announces-first-delivery-of-ajax-armoured-vehicles-eight-years-late,https://www.theguardian.com/uk-news/2025/nov/06/british-military-announces-first-delivery-of-ajax-armoured-vehicles-eight-years-late,British military announces first delivery of Ajax armoured vehicles – eight years late,2025-11-06T00:01:39Z,636
us-news/2025/nov/05/first-year-trump-what-happened,https://www.theguardian.com/us-news/2025/nov/05/first-year-trump-what-happened,Which of our warnings came true in the first year after Trump’s second election?,2025-11-05T17:47:02Z,2109
world/2025/nov/05/russian-forces-appear-to-tighten-grip-on-strategic-city-of-pokrovsk,https://www.theguardian.com/world/2025/nov/05/russian-forces-appear-to-tighten-grip-on-strategic-city-of-pokrovsk,Russian forces appear to tighten grip on strategic city of Pokrovsk,2025-11-05T16:28:23Z,1052
us-news/2025/nov/05/first-thing-zohran-mamdani-elected-new-york-city-mayor,https://www.theguardian.com/us-news/2025/nov/05/first-thing-zohran-mamdani-elected-new-york-city-mayor,First Thing: Zohran Mamdani elected New York City mayor ,2025-11-05T11:42:15Z,946
commentisfree/2025/nov/05/camouflage-clothing-fashion-moment-violent-world,https://www.theguardian.com/commentisfree/2025/nov/05/camouflage-clothing-fashion-moment-violent-world,"Camouflage clothing may be having a moment – but in our violent world, is that wise?",2025-11-05T09:00:21Z,1064
world/2025/nov/05/ukraine-war-briefing-zelenskyy-visits-troops-near-embattled-pokrovsk,https://www.theguardian.com/world/2025/nov/05/ukraine-war-briefing-zelenskyy-visits-troops-near-embattled-pokrovsk,Ukraine war briefing: Zelenskyy visits troops near embattled Pokrovsk ,2025-11-05T01:52:57Z,604
football/2025/nov/04/chelsea-have-150m-buffer-against-fines-from-fa-say-football-finance-experts,https://www.theguardian.com/football/2025/nov/04/chelsea-have-150m-buffer-against-fines-from-fa-say-football-finance-experts,"Chelsea have £150m buffer against fines from FA, say football finance experts",2025-11-04T18:09:50Z,809
world/2025/nov/04/case-for-eu-enlargement-very-clear-cut-says-its-foreign-policy-chief,https://www.theguardian.com/world/2025/nov/04/case-for-eu-enlargement-very-clear-cut-says-its-foreign-policy-chief," EU could admit new members by 2030, says its foreign policy chief",2025-11-04T17:04:20Z,777
world/live/2025/nov/04/european-union-eu-latest-news-updates-live,https://www.theguardian.com/world/live/2025/nov/04/european-union-eu-latest-news-updates-live,Zelenskyy calls for Ukraine to join EU before 2030 after commission delivers warning on corruption - as it happened,2025-11-04T16:30:28Z,6326
music/2025/nov/04/ukraine-war-veterans-enterdj-music-therapy-superhumans-centre,https://www.theguardian.com/music/2025/nov/04/ukraine-war-veterans-enterdj-music-therapy-superhumans-centre,‘Music is my remedy’: how DJing is helping Ukraine’s war veterans with their recovery,2025-11-04T16:00:00Z,1223
world/2025/nov/04/tuesday-briefing-why-labour-wont-press-the-big-red-button-to-lift-450000-children-out-of-poverty,https://www.theguardian.com/world/2025/nov/04/tuesday-briefing-why-labour-wont-press-the-big-red-button-to-lift-450000-children-out-of-poverty,"Tuesday briefing: Why Labour won’t press the ‘big red button’ to lift 450,000 children out of poverty",2025-11-04T06:45:21Z,2587
commentisfree/2025/nov/04/west-moscow-berlin-airlift-cold-war-civilians,https://www.theguardian.com/commentisfree/2025/nov/04/west-moscow-berlin-airlift-cold-war-civilians,Playing dirty used to be the west’s preserve. Now we’re letting Moscow beat us at our own game,2025-11-04T05:00:19Z,924
world/2025/nov/04/ukraine-war-briefing-kyiv-gets-more-us-made-patriots-and-says-its-forces-are-holding-on-in-pokrovsk,https://www.theguardian.com/world/2025/nov/04/ukraine-war-briefing-kyiv-gets-more-us-made-patriots-and-says-its-forces-are-holding-on-in-pokrovsk,Ukraine war briefing: Kyiv gets more US-made Patriots and says its forces are holding on in Pokrovsk,2025-11-04T01:27:33Z,758
world/2025/nov/03/sudanese-refugees-el-fasher-rsf-tawila-un,https://www.theguardian.com/world/2025/nov/03/sudanese-refugees-el-fasher-rsf-tawila-un,"At least 36,000 Sudanese have fled since fall of El Fasher to RSF, says UN agency",2025-11-03T16:36:56Z,889
world/live/2025/nov/03/valencia-spain-europe-ukraine-serbia-czech-republic-latest-live-news-updates,https://www.theguardian.com/world/live/2025/nov/03/valencia-spain-europe-ukraine-serbia-czech-republic-latest-live-news-updates,‘I can’t go on anymore’: Mazón resigns as Valencia leader and acknowledges mistakes during deadly 2024 floods – as it happened,2025-11-03T16:13:33Z,3687
artanddesign/2025/nov/03/orphans-of-history-the-forgotten-republic-of-transnistria-photo-essay,https://www.theguardian.com/artanddesign/2025/nov/03/orphans-of-history-the-forgotten-republic-of-transnistria-photo-essay,Orphans of history: the forgotten republic of Transnistria – photo essay,2025-11-03T07:00:27Z,1071
technology/2025/nov/03/grokipedia-academics-assess-elon-musk-ai-powered-encyclopedia,https://www.theguardian.com/technology/2025/nov/03/grokipedia-academics-assess-elon-musk-ai-powered-encyclopedia,In Grok we don’t trust: academics assess Elon Musk’s AI-powered encyclopedia ,2025-11-03T06:00:23Z,1208
world/2025/nov/03/ukrainian-computer-game-style-drone-attack-system-goes-viral,https://www.theguardian.com/world/2025/nov/03/ukrainian-computer-game-style-drone-attack-system-goes-viral,Ukrainian computer game-style drone attack system goes ‘viral’,2025-11-03T05:00:25Z,979
business/2025/nov/03/the-nord-stream-riddle-echoes-of-mistrust-ripple-through-europe,https://www.theguardian.com/business/2025/nov/03/the-nord-stream-riddle-echoes-of-mistrust-ripple-through-europe,The Nord Stream riddle: echoes of mistrust ripple through Europe,2025-11-03T05:00:23Z,1107
world/2025/nov/03/ukraine-war-briefing-trump-not-really-considering-supplying-tomahawks,https://www.theguardian.com/world/2025/nov/03/ukraine-war-briefing-trump-not-really-considering-supplying-tomahawks,Ukraine war briefing: Trump ‘not really’ considering supplying Tomahawks,2025-11-03T01:04:10Z,666
environment/2025/nov/02/germans-challenging-fight-to-go-green-climate-net-zero,https://www.theguardian.com/environment/2025/nov/02/germans-challenging-fight-to-go-green-climate-net-zero,"‘If you ignore emissions, we did great’: Germany’s challenging fight to go green",2025-11-02T12:00:41Z,1506
world/2025/nov/02/ukraine-deploys-special-forces-to-pokrovsk-in-effort-to-hold-key-city,https://www.theguardian.com/world/2025/nov/02/ukraine-deploys-special-forces-to-pokrovsk-in-effort-to-hold-key-city,Ukraine deploys special forces to Pokrovsk in effort to hold key city,2025-11-02T11:47:14Z,818
commentisfree/2025/nov/02/president-jd-vance-marco-rubio-leader-us,https://www.theguardian.com/commentisfree/2025/nov/02/president-jd-vance-marco-rubio-leader-us,President JD Vance or Marco Rubio? We’re seeing the first signs of the battle over Trump’s succession ,2025-11-02T06:00:03Z,961
australia-news/live/2025/nov/02/nationals-net-zero-party-room-meeting-coalition-labor-murray-watt-anthony-albanese-apec-mark-butler-medicare-bulk-billing-ntwnfb,https://www.theguardian.com/australia-news/live/2025/nov/02/nationals-net-zero-party-room-meeting-coalition-labor-murray-watt-anthony-albanese-apec-mark-butler-medicare-bulk-billing-ntwnfb,"Decision to scrap net zero commitment shows Nationals ‘profoundly out of touch’, critics say – as it happened",2025-11-02T04:57:08Z,6430
world/2025/nov/02/ukraine-war-briefing-ukraine-says-its-troops-still-holding-out-in-embattled-pokrovsk,https://www.theguardian.com/world/2025/nov/02/ukraine-war-briefing-ukraine-says-its-troops-still-holding-out-in-embattled-pokrovsk,Ukraine war briefing: Ukraine says its troops still holding out in embattled Pokrovsk ,2025-11-02T02:59:54Z,620
environment/2025/nov/02/energy-prices-falling-electricity-cheaper-households,https://www.theguardian.com/environment/2025/nov/02/energy-prices-falling-electricity-cheaper-households,Australian wholesale electricity prices are falling. So when will power bills stop rising?,2025-11-01T19:00:43Z,908
news/ng-interactive/2025/nov/01/reform-a-russian-spy-and-the-bribes-the-inside-story-of-nathan-gill,https://www.theguardian.com/news/ng-interactive/2025/nov/01/reform-a-russian-spy-and-the-bribes-the-inside-story-of-nathan-gill,"Reform UK, the Russian spy and rolls of Kremlin cash: the inside story of Nathan Gill",2025-11-01T06:00:28Z,1975
world/2025/nov/01/ukraine-war-briefing-russian-attacks-on-substations-are-nuclear-terrorism-says-ukraine,https://www.theguardian.com/world/2025/nov/01/ukraine-war-briefing-russian-attacks-on-substations-are-nuclear-terrorism-says-ukraine,"Ukraine war briefing: Russian attacks on substations are ‘nuclear terrorism’, says Ukraine",2025-11-01T02:52:48Z,549
world/2025/oct/31/stop-calling-georgia-the-former-soviet-republic,https://www.theguardian.com/world/2025/oct/31/stop-calling-georgia-the-former-soviet-republic,Stop calling Georgia ‘the former Soviet republic’,2025-10-31T17:41:15Z,152
politics/live/2025/oct/31/uk-politics-prince-andrew-latest-news-updates-labour-conservatives-keir-starmer-rachel-reeves,https://www.theguardian.com/politics/live/2025/oct/31/uk-politics-prince-andrew-latest-news-updates-labour-conservatives-keir-starmer-rachel-reeves,UK politics: Worries about immigration are ‘manufactured panic’ says charity as poll shows issue not a local concern – as it happened,2025-10-31T17:01:25Z,4532
world/live/2025/oct/31/ukraine-russian-attacks-secret-missile-netherlands-dutch-elections-europe-live-latest-news-updates,https://www.theguardian.com/world/live/2025/oct/31/ukraine-russian-attacks-secret-missile-netherlands-dutch-elections-europe-live-latest-news-updates,"D66 has shown the world populists can be beaten, says Jetten, as party is projected to win Dutch election – as it happened",2025-10-31T16:07:54Z,2715
us-news/2025/oct/31/first-thing-us-to-limit-refugee-numbers-to-7500-with-priority-for-white-south-africans,https://www.theguardian.com/us-news/2025/oct/31/first-thing-us-to-limit-refugee-numbers-to-7500-with-priority-for-white-south-africans,"First Thing: US to limit refugee numbers to 7,500 with priority for white South Africans",2025-10-31T10:16:34Z,947
world/2025/oct/31/ukraine-war-briefing-british-ex-soldier-arrested-in-kyiv-and-accused-of-spying-for-russia,https://www.theguardian.com/world/2025/oct/31/ukraine-war-briefing-british-ex-soldier-arrested-in-kyiv-and-accused-of-spying-for-russia,Ukraine war briefing: British ex-soldier arrested in Kyiv and accused of spying for Russia,2025-10-31T07:00:26Z,962
music/2025/oct/31/goth-metal-stars-scariest-music,https://www.theguardian.com/music/2025/oct/31/goth-metal-stars-scariest-music,‘The nuns were convinced they were possessed by demons’: goth and metal stars select the scariest music ever made,2025-10-31T05:00:17Z,2294
world/live/2025/oct/30/donald-trump-xi-jinping-meeting-live-updates,https://www.theguardian.com/world/live/2025/oct/30/donald-trump-xi-jinping-meeting-live-updates,Senate passes bill to nullify Trump’s sweeping global tariffs on more than 100 nations – as it happened,2025-10-30T21:28:47Z,12204
australia-news/2025/oct/31/morning-mail-friday-ntwnfb,https://www.theguardian.com/australia-news/2025/oct/31/morning-mail-friday-ntwnfb,"Morning Mail: Ken Henry’s nature laws warning, Australia knocked out of Women’s Cricket World Cup, and will interest rates go up?",2025-10-30T19:45:06Z,973
commentisfree/2025/oct/30/china-britain-power-defence-culture,https://www.theguardian.com/commentisfree/2025/oct/30/china-britain-power-defence-culture,Britain would do well to remember where its power over China lies,2025-10-30T17:45:56Z,910
world/live/2025/oct/30/dutch-election-results-netherlands-geert-wilders-rob-jetten-france-louvre-russia-poland-ukraine-latest-news-updates,https://www.theguardian.com/world/live/2025/oct/30/dutch-election-results-netherlands-geert-wilders-rob-jetten-france-louvre-russia-poland-ukraine-latest-news-updates,"Dutch centrists D66 back in lead in election vote count, edging past far-right PVV – as it happened",2025-10-30T16:06:21Z,2705
commentisfree/2025/oct/30/britain-biscuits-cost-of-living-crisis,https://www.theguardian.com/commentisfree/2025/oct/30/britain-biscuits-cost-of-living-crisis,Want to know what’s really up with Britain? Take a look at our no-longer-chocolatey biscuits ,2025-10-30T15:52:48Z,1057
us-news/2025/oct/30/first-thing-donald-trump-rare-earths-deal-tariff-cut-agreed-with-china,https://www.theguardian.com/us-news/2025/oct/30/first-thing-donald-trump-rare-earths-deal-tariff-cut-agreed-with-china,First Thing: Trump says rare earths deal and tariff cut agreed with China,2025-10-30T13:10:53Z,963
world/2025/oct/30/russian-army-chiefs-torturing-and-executing-soldiers-who-refuse-to-fight-in-ukraine-report-says,https://www.theguardian.com/world/2025/oct/30/russian-army-chiefs-torturing-and-executing-soldiers-who-refuse-to-fight-in-ukraine-report-says,"Russian army chiefs torturing and executing soldiers who refuse to fight in Ukraine, report says",2025-10-30T10:45:36Z,678
business/2025/oct/30/virgin-media-o2-seals-deal-with-elon-musk-firm-to-boost-uk-rural-mobile-coverage,https://www.theguardian.com/business/2025/oct/30/virgin-media-o2-seals-deal-with-elon-musk-firm-to-boost-uk-rural-mobile-coverage,Virgin Media O2 teams with Musk’s Starlink to offer improved UK rural mobile coverage,2025-10-30T10:05:12Z,495
us-news/2025/oct/30/five-key-takeaways-donald-trump-meeting-xi-jinping-china-us-trade-talks,https://www.theguardian.com/us-news/2025/oct/30/five-key-takeaways-donald-trump-meeting-xi-jinping-china-us-trade-talks,Five key takeaways from Donald Trump’s meeting with Xi Jinping,2025-10-30T09:51:12Z,967
us-news/2025/oct/29/trump-pentagon-us-nuclear-weapons,https://www.theguardian.com/us-news/2025/oct/29/trump-pentagon-us-nuclear-weapons,Trump directs Pentagon to match Russia and China in nuclear weapons testing,2025-10-30T08:58:40Z,723
business/2025/oct/30/shells-profits-surpass-43bn-after-production-hits-new-highs-in-brazil-and-gulf-of-mexico,https://www.theguardian.com/business/2025/oct/30/shells-profits-surpass-43bn-after-production-hits-new-highs-in-brazil-and-gulf-of-mexico,Shell’s profits pass $43bn after production hits new highs in Brazil and Gulf of Mexico,2025-10-30T08:49:11Z,606
us-news/2025/oct/30/trump-and-xi-meet-in-south-korea-for-crunch-talks-on-trade,https://www.theguardian.com/us-news/2025/oct/30/trump-and-xi-meet-in-south-korea-for-crunch-talks-on-trade,Trump-Xi meeting: US president says rare earths deal and tariff cut agreed,2025-10-30T08:20:53Z,954
world/2025/oct/29/exit-poll-suggests-progressive-d66-party-will-become-largest-in-dutch-parliament,https://www.theguardian.com/world/2025/oct/29/exit-poll-suggests-progressive-d66-party-will-become-largest-in-dutch-parliament,Centrist D66 party makes huge gains in Dutch election,2025-10-30T08:03:57Z,947
australia-news/2025/oct/30/afternoon-update-thursday-ntwnfb,https://www.theguardian.com/australia-news/2025/oct/30/afternoon-update-thursday-ntwnfb,Afternoon Update: Trump orders US nuclear weapons tests; pre-dawn massacre in Rio favela; and does married sex need a rebrand?,2025-10-30T05:41:37Z,508
world/2025/oct/30/ukraine-women-wartime-wives-mothers-fighters-activists,https://www.theguardian.com/world/2025/oct/30/ukraine-women-wartime-wives-mothers-fighters-activists,"Wives, mothers, fighters, activists: the millennial women keeping Ukraine going ",2025-10-30T05:00:52Z,2071
world/2025/oct/30/ukraine-war-briefing-putin-boasts-of-nuclear-driven-torpedo-that-would-swamp-cities-with-radioactive-tsunami,https://www.theguardian.com/world/2025/oct/30/ukraine-war-briefing-putin-boasts-of-nuclear-driven-torpedo-that-would-swamp-cities-with-radioactive-tsunami,Ukraine war briefing: Putin boasts of nuclear-driven torpedo that would swamp cities with radioactive tsunami,2025-10-30T02:02:06Z,724
politics/2025/oct/30/boris-johnson-conservatives-green-politics-election,https://www.theguardian.com/politics/2025/oct/30/boris-johnson-conservatives-green-politics-election,Boris Johnson tells Tories to stop ‘bashing green agenda’ or risk losing next election,2025-10-30T01:00:48Z,561
world/live/2025/oct/29/netherlands-parliamentary-election-geert-wilders-europe-latest-news-updates,https://www.theguardian.com/world/live/2025/oct/29/netherlands-parliamentary-election-geert-wilders-europe-latest-news-updates,Centrist D66 party expected to win most seats in Netherlands election – as it happened,2025-10-29T22:30:50Z,6730
us-news/2025/oct/29/trump-justice-department-230m-legal-claims,https://www.theguardian.com/us-news/2025/oct/29/trump-justice-department-230m-legal-claims,"Trump’s ‘absurd’ DoJ compensation bid would be rejected if he were anyone else, experts say",2025-10-29T21:39:54Z,1481
us-news/2025/oct/29/military-troops-romania,https://www.theguardian.com/us-news/2025/oct/29/military-troops-romania,US military to reduce number of troops in Romania as start of European drawdown,2025-10-29T18:10:18Z,874
news/2025/oct/29/putin-under-pressure-inside-the-31-october-guardian-weekly,https://www.theguardian.com/news/2025/oct/29/putin-under-pressure-inside-the-31-october-guardian-weekly,Putin under pressure? Inside the 31 October Guardian Weekly,2025-10-29T18:00:39Z,600
world/2025/oct/29/kremlin-linked-operatives-scramble-to-stop-extradition-of-mercenary-accused-of-plotting-coup,https://www.theguardian.com/world/2025/oct/29/kremlin-linked-operatives-scramble-to-stop-extradition-of-mercenary-accused-of-plotting-coup,Kremlin-linked operatives scramble to stop extradition of mercenary accused of plotting coup,2025-10-29T10:00:55Z,1105
film/2025/oct/29/facing-war-review-cool-customer-of-a-nato-secretary-general-marshals-world-on-the-brink,https://www.theguardian.com/film/2025/oct/29/facing-war-review-cool-customer-of-a-nato-secretary-general-marshals-world-on-the-brink,Facing War review – cool customer of a Nato secretary general marshals world on the brink,2025-10-29T07:00:35Z,469
world/2025/oct/29/wednesday-briefing-catastrophic-reports-as-jamaica-reels-from-worst-storm-since-records-began,https://www.theguardian.com/world/2025/oct/29/wednesday-briefing-catastrophic-reports-as-jamaica-reels-from-worst-storm-since-records-began,Wednesday briefing: ‘Catastrophic’ reports as Jamaica reels from worst storm since records began,2025-10-29T06:57:03Z,2575
artanddesign/ng-interactive/2025/oct/29/its-been-a-cesspit-really-my-life-war-photographer-don-mccullin-on-19-of-his-greatest-pictures,https://www.theguardian.com/artanddesign/ng-interactive/2025/oct/29/its-been-a-cesspit-really-my-life-war-photographer-don-mccullin-on-19-of-his-greatest-pictures,"‘It’s been a cesspit, really, my life’: war photographer Don McCullin on 19 of his greatest pictures",2025-10-29T05:00:35Z,3823
commentisfree/2025/oct/29/serbia-student-protests-anniversary,https://www.theguardian.com/commentisfree/2025/oct/29/serbia-student-protests-anniversary,"After a year of student-led protests, the cracks in Serbia’s government have turned into fissures",2025-10-29T05:00:35Z,1007
us-news/2025/oct/29/trump-xi-talks-rare-earths-tariffs-us-china,https://www.theguardian.com/us-news/2025/oct/29/trump-xi-talks-rare-earths-tariffs-us-china,Trump and Xi talks could end months of global economic chaos ,2025-10-29T05:00:32Z,1088
world/2025/oct/29/ukraine-war-briefing-moscow-under-drone-siege-for-third-night-running,https://www.theguardian.com/world/2025/oct/29/ukraine-war-briefing-moscow-under-drone-siege-for-third-night-running,Ukraine war briefing: Moscow under drone siege for third night running,2025-10-29T01:47:04Z,660
world/live/2025/oct/28/zelenskyy-ukraine-peace-talks-putin-russia-alexander-lukashenko-belarus-europe-live-news-latest-updates,https://www.theguardian.com/world/live/2025/oct/28/zelenskyy-ukraine-peace-talks-putin-russia-alexander-lukashenko-belarus-europe-live-news-latest-updates,Zelenskyy says Ukrainian and European officials will meet to discuss details of ceasefire plan – as it happened,2025-10-28T16:03:16Z,3804
uk-news/2025/oct/28/teenager-from-gaza-stuck-in-hell-after-being-prevented-from-joining-mother-in-uk,https://www.theguardian.com/uk-news/2025/oct/28/teenager-from-gaza-stuck-in-hell-after-being-prevented-from-joining-mother-in-uk,Teenager from Gaza ‘stuck in hell’ after being prevented from joining mother in UK,2025-10-28T16:00:36Z,644
world/2025/oct/28/russian-drone-attacks-on-civilians-in-ukraine-are-war-crimes-un-report-concludes,https://www.theguardian.com/world/2025/oct/28/russian-drone-attacks-on-civilians-in-ukraine-are-war-crimes-un-report-concludes,"Russian drone attacks on civilians in Ukraine are war crimes, UN report concludes",2025-10-28T12:42:44Z,647
commentisfree/2025/oct/28/trump-venezuela-boats-international-law,https://www.theguardian.com/commentisfree/2025/oct/28/trump-venezuela-boats-international-law,Trump’s saber-rattling in Venezuela is illegal,2025-10-28T12:00:34Z,1454
environment/2025/oct/28/wind-power-cut-uk-energy-costs-ucl-study,https://www.theguardian.com/environment/2025/oct/28/wind-power-cut-uk-energy-costs-ucl-study,"Wind power has cut £104bn from UK energy costs since 2010, study finds",2025-10-28T05:00:19Z,820
commentisfree/2025/oct/28/europe-donald-trump-democracy-us,https://www.theguardian.com/commentisfree/2025/oct/28/europe-donald-trump-democracy-us,Forget diplomatic niceties: it’s beyond time Europe denounced Trump’s trashing of democracy in the US,2025-10-28T05:00:18Z,989
world/2025/oct/28/ukraine-war-briefing-russian-drones-hunt-civilians-in-against-humanity-un-inquiry-finds,https://www.theguardian.com/world/2025/oct/28/ukraine-war-briefing-russian-drones-hunt-civilians-in-against-humanity-un-inquiry-finds,"Ukraine war briefing: Russian drones hunt civilians in crime against humanity, UN inquiry finds",2025-10-28T02:53:27Z,898
us-news/2025/oct/28/trump-and-xi-talks-what-will-be-on-the-agenda-when-us-president-meets-chinas-leader,https://www.theguardian.com/us-news/2025/oct/28/trump-and-xi-talks-what-will-be-on-the-agenda-when-us-president-meets-chinas-leader,Trump and Xi talks: what will be on the agenda when US president meets China’s leader?,2025-10-28T01:15:51Z,872
business/2025/oct/27/uk-in-8bn-deal-to-sell-typhoon-jets-to-turkey-despite-human-rights-concerns,https://www.theguardian.com/business/2025/oct/27/uk-in-8bn-deal-to-sell-typhoon-jets-to-turkey-despite-human-rights-concerns,UK in £8bn deal to sell Typhoon jets to Turkey despite human rights concerns,2025-10-27T18:41:42Z,731
politics/2025/oct/27/how-can-rachel-reeves-reduce-inflation,https://www.theguardian.com/politics/2025/oct/27/how-can-rachel-reeves-reduce-inflation,How can Rachel Reeves reduce inflation?,2025-10-27T17:18:18Z,1208
business/live/2025/oct/27/global-stocks-rally-us-china-trade-greencore-bakkavor-deal-uk-competition-business-live-news,https://www.theguardian.com/business/live/2025/oct/27/global-stocks-rally-us-china-trade-greencore-bakkavor-deal-uk-competition-business-live-news,"Oil firm Petrofac enters administration, putting 2,000 jobs at risk; Greencore-Bakkavor food giant deal faces UK competition concerns – as it happened",2025-10-27T15:44:32Z,4857
world/live/2025/oct/27/lithuania-airport-russia-belarus-viktor-orban-pope-leo-europe-live-news-updates,https://www.theguardian.com/world/live/2025/oct/27/lithuania-airport-russia-belarus-viktor-orban-pope-leo-europe-live-news-updates,"Lithuanian PM says Belarus balloon incidents ‘call for united, resolute response,’ as it closes border with Russia’s ally – as it happened",2025-10-27T15:43:04Z,3629
world/2025/oct/27/lithuania-authorises-shooting-down-of-smuggling-balloons-from-belarus,https://www.theguardian.com/world/2025/oct/27/lithuania-authorises-shooting-down-of-smuggling-balloons-from-belarus,Lithuania says it will shoot down smuggling balloons from Russia’s ally Belarus,2025-10-27T12:38:58Z,493
world/2025/oct/27/russia-cruise-missile-test-trump-putin,https://www.theguardian.com/world/2025/oct/27/russia-cruise-missile-test-trump-putin,Trump describes Russia’s new cruise missile test as ‘not appropriate’,2025-10-27T11:36:29Z,643
technology/2025/oct/27/people-thought-i-was-a-communist-doing-this-as-a-non-profit-is-wikipedias-jimmy-wales-the-last-decent-tech-baron,https://www.theguardian.com/technology/2025/oct/27/people-thought-i-was-a-communist-doing-this-as-a-non-profit-is-wikipedias-jimmy-wales-the-last-decent-tech-baron,‘People thought I was a communist doing this as a non-profit’: is Wikipedia’s Jimmy Wales the last decent tech baron?,2025-10-27T06:00:24Z,3890
world/2025/oct/27/ukraine-war-briefing-russian-claims-test-of-nuclear-powered-missile-known-as-flying-chornobyl,https://www.theguardian.com/world/2025/oct/27/ukraine-war-briefing-russian-claims-test-of-nuclear-powered-missile-known-as-flying-chornobyl,Ukraine war briefing: Russia claims test of nuclear-powered missile condemned as ‘flying Chornobyl’,2025-10-27T02:42:52Z,506
australia-news/2025/oct/27/morning-mail-monday-ntwnfb,https://www.theguardian.com/australia-news/2025/oct/27/morning-mail-monday-ntwnfb,"Morning Mail: ATO’s private debt collector, questions over Pine Gap’s role in Gaza war, Louvre heist suspects arrested",2025-10-26T20:05:09Z,999
lifeandstyle/2025/oct/26/dining-across-the-divide-joe-stuart,https://www.theguardian.com/lifeandstyle/2025/oct/26/dining-across-the-divide-joe-stuart,Dining across the divide: ‘I said Trump’s a bit of a despot and shouldn’t have had a state visit to the UK’,2025-10-26T12:00:02Z,767
business/2025/oct/26/trump-sanctions-impact-russian-oil-gas,https://www.theguardian.com/business/2025/oct/26/trump-sanctions-impact-russian-oil-gas,Trump sanctions have swift impact but will world stop buying Russian oil and gas?,2025-10-26T12:00:02Z,1020
environment/2025/oct/26/explainer-antarctic-krill-vital-ecosystem-food-chain-conservation-carbon-store,https://www.theguardian.com/environment/2025/oct/26/explainer-antarctic-krill-vital-ecosystem-food-chain-conservation-carbon-store,Antarctic krill: how did a paperclip-sized crustacean cause a diplomatic row – and why are they so important?,2025-10-26T10:00:02Z,574
environment/2025/oct/26/russia-ukrainian-biologist-leonid-pshenichnov-arrest-treason-antarctic-krill-overfishing,https://www.theguardian.com/environment/2025/oct/26/russia-ukrainian-biologist-leonid-pshenichnov-arrest-treason-antarctic-krill-overfishing,Russia arrests Ukrainian biologist for backing curbs on Antarctic krill fishing,2025-10-26T10:00:01Z,773
news/ng-interactive/2025/oct/26/do-populists-always-crash-the-economy,https://www.theguardian.com/news/ng-interactive/2025/oct/26/do-populists-always-crash-the-economy,Do populists always crash the economy?,2025-10-26T06:00:56Z,1879
world/2025/oct/26/kupiansk-ukraine-war-frontline,https://www.theguardian.com/world/2025/oct/26/kupiansk-ukraine-war-frontline,‘There is no life’: Kupiansk’s slow demise reflects the fate of cities on Ukraine’s frontline,2025-10-26T05:00:53Z,1266
world/2025/oct/26/ukraine-war-briefing-us-reportedly-mulling-further-sanctions-on-russia-that-could-hit-banking-sector,https://www.theguardian.com/world/2025/oct/26/ukraine-war-briefing-us-reportedly-mulling-further-sanctions-on-russia-that-could-hit-banking-sector,Ukraine war briefing: US reportedly mulling further sanctions on Russia that could hit banking sector,2025-10-26T00:22:27Z,473
business/2025/oct/26/rare-earths-critical-minerals-industry-australia-us-china,https://www.theguardian.com/business/2025/oct/26/rare-earths-critical-minerals-industry-australia-us-china,The world dropped the ball on critical minerals and China pounced. Is it too late for Australia and the US to close the gap?,2025-10-25T19:00:42Z,1359
us-news/2025/oct/25/trump-open-to-meeting-kim-jong-un-asia-tour-japan-korea-xi-jinping,https://www.theguardian.com/us-news/2025/oct/25/trump-open-to-meeting-kim-jong-un-asia-tour-japan-korea-xi-jinping,Trump says he is open to meeting Kim Jong-un as he embarks on whirlwind Asia tour,2025-10-25T10:08:22Z,923
world/2025/oct/25/underground-hospital-ukrainian-soldiers-injured-by-russian-drones,https://www.theguardian.com/world/2025/oct/25/underground-hospital-ukrainian-soldiers-injured-by-russian-drones,Six metres below ground: inside the secret hospital treating Ukrainian soldiers injured by Russian drones,2025-10-25T04:00:24Z,816
world/2025/oct/25/ukraine-war-briefing-zelenskyy-urges-us-to-expand-russia-oil-sanctions,https://www.theguardian.com/world/2025/oct/25/ukraine-war-briefing-zelenskyy-urges-us-to-expand-russia-oil-sanctions,Ukraine war briefing: Zelenskyy urges US to expand Russia oil sanctions,2025-10-25T00:17:36Z,719
us-news/2025/oct/25/trump-administration-news-updates-today,https://www.theguardian.com/us-news/2025/oct/25/trump-administration-news-updates-today,Trump news at a glance: Pentagon announces it is deploying US aircraft carrier to the Caribbean,2025-10-25T00:17:03Z,860
world/live/2025/oct/24/volodmyr-zelenskyy-ukraine-russia-vladimir-putin-sanctions-keir-starmer-coalition-of-the-willing-military-support-europe-live-news,https://www.theguardian.com/world/live/2025/oct/24/volodmyr-zelenskyy-ukraine-russia-vladimir-putin-sanctions-keir-starmer-coalition-of-the-willing-military-support-europe-live-news,"‘Ukraine’s future is our future’, says Starmer, as he vows coalition will take Russian oil and gas off market to choke funding – as it happened",2025-10-24T17:49:15Z,5983
world/2025/oct/24/zelenskyy-ukraine-russia-london-meeting-european-leaders,https://www.theguardian.com/world/2025/oct/24/zelenskyy-ukraine-russia-london-meeting-european-leaders,"Ukraine wants US to stay involved, says Zelenskyy after meeting western allies",2025-10-24T17:42:38Z,816
uk-news/2025/oct/24/six-britons-jailed-for-1m-arson-attack-on-warehouse-holding-aid-for-ukraine,https://www.theguardian.com/uk-news/2025/oct/24/six-britons-jailed-for-1m-arson-attack-on-warehouse-holding-aid-for-ukraine,Six Britons acting for Wagner group jailed for arson attack on UK warehouse,2025-10-24T16:47:46Z,527
us-news/2025/oct/24/surprise-sanctions-look-to-have-ended-trump-and-putin-groundhog-day,https://www.theguardian.com/us-news/2025/oct/24/surprise-sanctions-look-to-have-ended-trump-and-putin-groundhog-day,Surprise sanctions look to have ended Trump and Putin’s Groundhog Day,2025-10-24T12:57:42Z,931
us-news/2025/oct/24/first-thing-trump-backs-down-on-sending-federal-troops-to-san-francisco,https://www.theguardian.com/us-news/2025/oct/24/first-thing-trump-backs-down-on-sending-federal-troops-to-san-francisco,First Thing: Trump backs down on sending federal troops to San Francisco,2025-10-24T12:11:47Z,932
commentisfree/2025/oct/24/reform-caerphilly-byelection-britain-labour,https://www.theguardian.com/commentisfree/2025/oct/24/reform-caerphilly-byelection-britain-labour,"Reform swaggered into Caerphilly, ready for a coronation. An unpleasant surprise lay in store",2025-10-24T11:16:23Z,1057
world/2025/oct/24/bank-of-england-finance-chief-afua-kyei-tops-list-of-influential-black-britons,https://www.theguardian.com/world/2025/oct/24/bank-of-england-finance-chief-afua-kyei-tops-list-of-influential-black-britons,Bank of England finance chief Afua Kyei tops list of influential black Britons,2025-10-24T10:14:52Z,767
global-development/2025/oct/24/bae-ends-support-atp-aircraft-caa-airworthiness-aid-deliveries-south-sudan-somalia-drc,https://www.theguardian.com/global-development/2025/oct/24/bae-ends-support-atp-aircraft-caa-airworthiness-aid-deliveries-south-sudan-somalia-drc, UK’s biggest weapons firm BAE grounds ‘lifeline’ aircraft delivering food aid ,2025-10-24T07:00:36Z,874
world/2025/oct/24/trump-says-all-canada-trade-talks-terminated-over-ad-criticising-tariffs,https://www.theguardian.com/world/2025/oct/24/trump-says-all-canada-trade-talks-terminated-over-ad-criticising-tariffs,Trump says all Canada trade talks ‘terminated’ over ad criticising tariffs,2025-10-24T03:34:11Z,881
world/2025/oct/23/putin-says-he-will-never-bow-to-us-but-concedes-sanctions-may-cause-some-losses,https://www.theguardian.com/world/2025/oct/23/putin-says-he-will-never-bow-to-us-but-concedes-sanctions-may-cause-some-losses,Putin says he will never bow to US but concedes sanctions may cause ‘some losses’,2025-10-24T03:23:27Z,1070
us-news/live/2025/oct/23/trump-san-francisco-federal-agents-white-house-ice-immigration-latest-news-updates,https://www.theguardian.com/us-news/live/2025/oct/23/trump-san-francisco-federal-agents-white-house-ice-immigration-latest-news-updates,‘We’re just gonna kill people’: Trump says he does not need declaration of war for Venezuela strikes – as it happened,2025-10-24T02:04:38Z,9423
media/2025/oct/24/murdoch-flagship-australian-succession-trump-bourke-weekly-beast,https://www.theguardian.com/media/2025/oct/24/murdoch-flagship-australian-succession-trump-bourke-weekly-beast,"Murdoch’s flagship hails ‘terrifyingly funny’ Succession, without a nod to the family who inspired it",2025-10-24T01:09:56Z,1344
world/2025/oct/24/ukraine-war-briefing-lithuania-accuses-russia-of-further-nato-airspace-violation,https://www.theguardian.com/world/2025/oct/24/ukraine-war-briefing-lithuania-accuses-russia-of-further-nato-airspace-violation,Ukraine war briefing: Lithuania accuses Russia of further Nato airspace violation ,2025-10-24T00:45:44Z,821
us-news/2025/oct/24/trump-asia-tour-key-questions-xi-jinping-china-japan-south-korea-malaysia,https://www.theguardian.com/us-news/2025/oct/24/trump-asia-tour-key-questions-xi-jinping-china-japan-south-korea-malaysia,Trump in Asia: five key questions as US president prepares for diplomatic tour,2025-10-23T23:58:20Z,1126
world/2025/oct/23/zelenskyy-presses-for-eu-decision-on-using-russia-assets-to-defend-ukraine,https://www.theguardian.com/world/2025/oct/23/zelenskyy-presses-for-eu-decision-on-using-russia-assets-to-defend-ukraine,EU leaders fail to agree to use frozen Russian assets to defend Ukraine ,2025-10-23T22:44:39Z,1055
sport/2025/oct/23/oscar-piastri-admits-max-verstappen-re-emergence-f1-title-race-surprise,https://www.theguardian.com/sport/2025/oct/23/oscar-piastri-admits-max-verstappen-re-emergence-f1-title-race-surprise,Oscar Piastri admits Max Verstappen’s re-emergence in F1 title race is ‘bit of a surprise’,2025-10-23T21:30:21Z,830
world/2025/oct/23/zaporizhzhia-nuclear-plant-reconnected-to-external-power-from-ukraine,https://www.theguardian.com/world/2025/oct/23/zaporizhzhia-nuclear-plant-reconnected-to-external-power-from-ukraine,Ukrainian attack spoiled planned Zaporizhzhia birthday gift for Putin,2025-10-23T19:04:40Z,651
world/live/2025/oct/23/russia-sanctions-ukraine-loan-assets-zelenskyy-putin-european-council-latest-news-updates,https://www.theguardian.com/world/live/2025/oct/23/russia-sanctions-ukraine-loan-assets-zelenskyy-putin-european-council-latest-news-updates,Putin calls new US sanctions an ‘unfriendly act’ but claims they won’t affect Russian economy – as it happened,2025-10-23T17:26:43Z,5901
business/live/2025/oct/23/oil-price-us-sanctions-rosneft-lukoil-software-curbs-china-trade-war-business-live,https://www.theguardian.com/business/live/2025/oct/23/oil-price-us-sanctions-rosneft-lukoil-software-curbs-china-trade-war-business-live,UK manufacturers hit by largest drop in orders since 2020; FTSE 100 hits record high – as it happened,2025-10-23T15:48:45Z,3431
world/2025/oct/23/will-us-sanctions-russia-oil-companies-be-effective-why-trump-now,https://www.theguardian.com/world/2025/oct/23/will-us-sanctions-russia-oil-companies-be-effective-why-trump-now,"Will US sanctions on Russian oil companies be effective, and why is Trump imposing them now?",2025-10-23T15:07:01Z,1033
business/2025/oct/23/oil-price-jumps-after-trump-imposes-sanctions-on-two-russian-producers-rosneft-lukoil,https://www.theguardian.com/business/2025/oct/23/oil-price-jumps-after-trump-imposes-sanctions-on-two-russian-producers-rosneft-lukoil,Oil price jumps and FTSE 100 hits new high after Trump puts sanctions on Russian firms,2025-10-23T14:11:07Z,787
world/live/2025/oct/23/israel-west-bank-gaza-rubio-middle-east-latest-news-updates,https://www.theguardian.com/world/live/2025/oct/23/israel-west-bank-gaza-rubio-middle-east-latest-news-updates,"Palestinian women giving birth in rubble on roads, says senior UN official, as he compares Gaza to dystopian film – as it happened",2025-10-23T13:45:42Z,4989
commentisfree/2025/oct/23/sanctions-weapons-russia-ukraine-allies,https://www.theguardian.com/commentisfree/2025/oct/23/sanctions-weapons-russia-ukraine-allies,New sanctions and weapons will not stop Russia. It’s time for Ukraine’s allies to change their flawed strategy,2025-10-23T13:30:37Z,853
us-news/2025/oct/23/first-thing-us-imposes-sanctions-on-russian-oil,https://www.theguardian.com/us-news/2025/oct/23/first-thing-us-imposes-sanctions-on-russian-oil,First Thing: US imposes sanctions on Russian oil over Putin’s ‘refusal’ to end war in Ukraine,2025-10-23T10:43:52Z,1000
world/2025/oct/23/latest-eu-sanctions-against-russia-target-liquified-natural-gas,https://www.theguardian.com/world/2025/oct/23/latest-eu-sanctions-against-russia-target-liquified-natural-gas,Latest EU sanctions against Russia target liquefied natural gas,2025-10-23T10:29:39Z,588
environment/2025/oct/23/renewable-energy-investment-should-come-from-defence-budgets-say-retired-military-leaders,https://www.theguardian.com/environment/2025/oct/23/renewable-energy-investment-should-come-from-defence-budgets-say-retired-military-leaders,"Renewable energy investment should come from defence budgets, say retired military leaders",2025-10-23T10:00:39Z,708
commentisfree/2025/oct/23/budget-labour-rachel-reeves-bank-of-england-uk-economic-policy,https://www.theguardian.com/commentisfree/2025/oct/23/budget-labour-rachel-reeves-bank-of-england-uk-economic-policy,Rachel Reeves is the face of this budget. But the really big decisions are not in Labour’s hands ,2025-10-23T07:00:02Z,920
australia-news/2025/oct/23/afternoon-update-thursday-ntwnfb,https://www.theguardian.com/australia-news/2025/oct/23/afternoon-update-thursday-ntwnfb,Afternoon Update: Nature laws in doubt; 1970 cold case suspect named in parliament; and Sydney’s queer and kink subcultures,2025-10-23T05:45:02Z,485
world/2025/oct/23/thursday-briefing-while-the-ceasefire-holds-gaza-continues-to-starve,https://www.theguardian.com/world/2025/oct/23/thursday-briefing-while-the-ceasefire-holds-gaza-continues-to-starve,"Thursday briefing: While the ceasefire holds, Gaza continues to starve",2025-10-23T05:39:36Z,2628
commentisfree/2025/oct/23/polands-birth-rate-is-in-freefall-the-cause-a-loneliness-epidemic-that-state-cash-cant-solve,https://www.theguardian.com/commentisfree/2025/oct/23/polands-birth-rate-is-in-freefall-the-cause-a-loneliness-epidemic-that-state-cash-cant-solve,Poland’s birth rate is in freefall. The cause? A loneliness epidemic that state cash can’t solve,2025-10-23T04:00:58Z,1347
world/2025/oct/23/drones-ukraine-wildfires-russia-heat-mines-shelling,https://www.theguardian.com/world/2025/oct/23/drones-ukraine-wildfires-russia-heat-mines-shelling,Wildfires have consumed vast chunks of Ukraine. Is Russia deliberately fuelling the flames?,2025-10-23T04:00:57Z,1688
world/2025/oct/23/hungary-election-campaign-rival-rallies-viktor-orban-peter-magyar,https://www.theguardian.com/world/2025/oct/23/hungary-election-campaign-rival-rallies-viktor-orban-peter-magyar,Tens of thousands to attend rival rallies as Hungary’s election campaign kicks off,2025-10-23T04:00:57Z,740
world/2025/oct/23/ukraine-war-briefing-ukrainians-may-get-gripen-fighter-jets-bought-with-russian-money,https://www.theguardian.com/world/2025/oct/23/ukraine-war-briefing-ukrainians-may-get-gripen-fighter-jets-bought-with-russian-money,Ukraine war briefing: Ukrainians may get Gripen fighter jets bought with Russian money,2025-10-23T02:05:55Z,523
world/2025/oct/23/south-korea-monster-missile-hyunmoo-5-balance-power-north,https://www.theguardian.com/world/2025/oct/23/south-korea-monster-missile-hyunmoo-5-balance-power-north,"What is South Korea’s ‘monster missile’, and what does it mean for relations with the North?",2025-10-23T01:07:49Z,609
us-news/2025/oct/23/trump-administration-news-updates-today-latest,https://www.theguardian.com/us-news/2025/oct/23/trump-administration-news-updates-today-latest,Trump news at a glance: Oil prices jump after president puts sanctions on Russia in major policy shift,2025-10-23T00:17:45Z,599
us-news/live/2025/oct/22/donald-trump-ice-immigration-shutdown-courts-nato-us-politics-live-news-updates,https://www.theguardian.com/us-news/live/2025/oct/22/donald-trump-ice-immigration-shutdown-courts-nato-us-politics-live-news-updates,US sanctions major Russian oil companies and calls for Moscow to accept immediate Ukraine ceasefire – as it happened,2025-10-22T22:43:19Z,6157
us-news/2025/oct/22/us-sanctions-russia-oil-vladimir-putin-refusal-ukraine-war,https://www.theguardian.com/us-news/2025/oct/22/us-sanctions-russia-oil-vladimir-putin-refusal-ukraine-war,US imposes sanctions on Russian oil over Putin’s ‘refusal’ to end war in Ukraine,2025-10-22T22:22:10Z,707
news/2025/oct/22/corrections-and-clarifications,https://www.theguardian.com/news/2025/oct/22/corrections-and-clarifications,Corrections and clarifications,2025-10-22T20:00:47Z,272
australia-news/2025/oct/23/morning-mail-thursday-ntwnfb,https://www.theguardian.com/australia-news/2025/oct/23/morning-mail-thursday-ntwnfb,"Morning Mail: house prices surge, online grocery price premium revealed, Australia thump England ",2025-10-22T19:56:33Z,962
us-news/2025/oct/22/donald-trump-white-house-ballroom,https://www.theguardian.com/us-news/2025/oct/22/donald-trump-white-house-ballroom,Trump takes a wrecking ball to the White House in on-the-nose metaphor,2025-10-22T19:42:13Z,977
world/live/2025/oct/22/russia-ukraine-war-kyiv-attack-latest-news-updates-europe,https://www.theguardian.com/world/live/2025/oct/22/russia-ukraine-war-kyiv-attack-latest-news-updates-europe,"Trump’s call to freeze Ukraine conflict at current frontlines is ‘good compromise’, says Zelenskyy – as it happened",2025-10-22T16:05:29Z,6350
world/2025/oct/22/zelenskyy-calls-trumps-proposal-to-freeze-war-at-current-frontlines-good-compromise,https://www.theguardian.com/world/2025/oct/22/zelenskyy-calls-trumps-proposal-to-freeze-war-at-current-frontlines-good-compromise,Zelenskyy calls Trump’s proposal to freeze war at current frontlines ‘good compromise’,2025-10-22T15:42:28Z,708
world/2025/oct/22/this-is-europe-coalition-of-the-willing-reparations-loan,https://www.theguardian.com/world/2025/oct/22/this-is-europe-coalition-of-the-willing-reparations-loan,"As the US flip-flops on the path to peace, Europe’s ‘coalition of the willing’ rallies round Ukraine",2025-10-22T14:30:11Z,981
world/2025/oct/22/kyiv-russian-missile-drone-strike-attack-people-killed,https://www.theguardian.com/world/2025/oct/22/kyiv-russian-missile-drone-strike-attack-people-killed,Children among six killed in Kyiv after Russian missile and drone attack,2025-10-22T11:03:45Z,816
politics/2025/oct/22/caerphilly-byelection-welsh-politics-labour,https://www.theguardian.com/politics/2025/oct/22/caerphilly-byelection-welsh-politics-labour,Caerphilly byelection could signal ‘fundamental realignment’ of Welsh politics,2025-10-22T11:00:48Z,1200
us-news/2025/oct/22/first-thing-jd-vance-great-optimism-gaza-truce-israel-visit,https://www.theguardian.com/us-news/2025/oct/22/first-thing-jd-vance-great-optimism-gaza-truce-israel-visit,First Thing: JD Vance expresses ‘great optimism’ Gaza truce will hold during Israel visit,2025-10-22T10:30:38Z,950
film/2025/oct/22/love-and-war-review-lynsey-addarios-photojournalist-documentary,https://www.theguardian.com/film/2025/oct/22/love-and-war-review-lynsey-addarios-photojournalist-documentary,Love+War review – Lynsey Addario’s courageous photojournalism shines out in occasionally odd study,2025-10-22T06:00:57Z,305
world/2025/oct/22/first-edition-maccabi-tel-aviv,https://www.theguardian.com/world/2025/oct/22/first-edition-maccabi-tel-aviv,"Wednesday briefing: Making sense of the Maccabi Tel Aviv saga, where law and disorder fumbled with fandom",2025-10-22T05:45:47Z,2672
commentisfree/2025/oct/22/eu-war-gaza-donald-trump-peace-israel-europe,https://www.theguardian.com/commentisfree/2025/oct/22/eu-war-gaza-donald-trump-peace-israel-europe,The EU was complicit in the war in Gaza. Trump’s plan can’t be an excuse to dodge responsibility now,2025-10-22T04:00:56Z,1042
us-news/live/2025/oct/21/donald-trump-republicans-white-house-ballroom-government-shutdown-troops-us-politics-live-news-updates,https://www.theguardian.com/us-news/live/2025/oct/21/donald-trump-republicans-white-house-ballroom-government-shutdown-troops-us-politics-live-news-updates,Trump nominee to lead whistleblower office withdraws after racist texts – as it happened,2025-10-22T01:58:16Z,9198
world/2025/oct/22/ukraine-war-briefing-storm-shadow-missiles-hit-gunpowder-plant-in-russia,https://www.theguardian.com/world/2025/oct/22/ukraine-war-briefing-storm-shadow-missiles-hit-gunpowder-plant-in-russia,Ukraine war briefing: Storm Shadow missiles ‘hit gunpowder plant in Russia’,2025-10-22T01:06:39Z,629
us-news/2025/oct/22/trump-news-at-a-glance-rare-republican-pushback-forces-trump-nominee-to-lead-whistleblower-office-to-drop-out,https://www.theguardian.com/us-news/2025/oct/22/trump-news-at-a-glance-rare-republican-pushback-forces-trump-nominee-to-lead-whistleblower-office-to-drop-out,Trump news at a glance: Rare Republican pushback forces Trump nominee to lead whistleblower office to drop out ,2025-10-22T00:03:21Z,545
world/2025/oct/21/plans-for-trump-putin-talks-in-budapest-shelved,https://www.theguardian.com/world/2025/oct/21/plans-for-trump-putin-talks-in-budapest-shelved,Plans for Trump-Putin talks in Budapest shelved,2025-10-21T18:05:02Z,895
politics/live/2025/oct/21/rachel-reeves-economy-starmer-labour-streeting-sentencing-bill-uk-politics-live-news-updates,https://www.theguardian.com/politics/live/2025/oct/21/rachel-reeves-economy-starmer-labour-streeting-sentencing-bill-uk-politics-live-news-updates,Jenrick accused of being ‘anti-British’ after saying he would ‘probably’ ban burqa – as it happened,2025-10-21T17:00:10Z,6080
world/live/2025/oct/21/nicolas-sarkozy-france-jail-russia-ukraine-europe-news-live-updates,https://www.theguardian.com/world/live/2025/oct/21/nicolas-sarkozy-france-jail-russia-ukraine-europe-news-live-updates,Poland threatens Putin with arrest if he flies through its airspace on way to Hungary – as it happened,2025-10-21T14:55:49Z,6136
business/2025/oct/21/uk-office-shop-warehouse-construction-costs-budget,https://www.theguardian.com/business/2025/oct/21/uk-office-shop-warehouse-construction-costs-budget,"UK office, shop and warehouse construction plunges to 11-year low as costs soar",2025-10-21T13:57:32Z,476
us-news/2025/oct/21/first-thing-mutilated-bodies-of-palestinians-had-been-held-at-notorious-israeli-jail-say-gaza-officials,https://www.theguardian.com/us-news/2025/oct/21/first-thing-mutilated-bodies-of-palestinians-had-been-held-at-notorious-israeli-jail-say-gaza-officials,"First Thing: At least 135 mutilated bodies of Palestinians had been held at notorious Israeli jail, say Gaza officials",2025-10-21T13:48:42Z,940
sport/2025/oct/21/my-netflix-show-would-be-white-collar-to-world-champion-fabio-wardley-on-his-boxing-journey,https://www.theguardian.com/sport/2025/oct/21/my-netflix-show-would-be-white-collar-to-world-champion-fabio-wardley-on-his-boxing-journey,‘My Netflix show would be White Collar to World Champion’: Fabio Wardley on his boxing journey,2025-10-21T07:00:35Z,1882
tv-and-radio/2025/oct/21/tv-tonight-a-remarkable-film-about-a-soviet-era-sanatorium,https://www.theguardian.com/tv-and-radio/2025/oct/21/tv-tonight-a-remarkable-film-about-a-soviet-era-sanatorium,TV tonight: a remarkable film about a Soviet-era sanatorium,2025-10-21T05:20:33Z,436
us-news/live/2025/oct/20/james-comey-donald-trump-charges-shutdown-albanese-politics-live-updates,https://www.theguardian.com/us-news/live/2025/oct/20/james-comey-donald-trump-charges-shutdown-albanese-politics-live-updates,Federal appeals court moves to reconsider ruling in Trump’s favor on Portland troop deployment – as it happened,2025-10-21T02:01:42Z,8033
world/2025/oct/21/ukraine-war-briefing-zelenskyy-paints-trump-meeting-as-positive-with-patriot-missile-deal-in-works,https://www.theguardian.com/world/2025/oct/21/ukraine-war-briefing-zelenskyy-paints-trump-meeting-as-positive-with-patriot-missile-deal-in-works,"Ukraine war briefing: Zelenskyy paints Trump meeting as ‘positive’, with Patriot missile deal in works",2025-10-21T00:26:12Z,745
sport/2025/oct/20/daniel-naroditsky-dies-chess-grandmaster,https://www.theguardian.com/sport/2025/oct/20/daniel-naroditsky-dies-chess-grandmaster,American chess grandmaster and streamer Daniel Naroditsky dies aged 29,2025-10-20T23:22:30Z,805
uk-news/2025/oct/20/uk-peace-force-for-ukraine-would-cost-well-over-100m-says-defence-secretary,https://www.theguardian.com/uk-news/2025/oct/20/uk-peace-force-for-ukraine-would-cost-well-over-100m-says-defence-secretary,"UK peace force for Ukraine would cost ‘well over £100m’, says defence secretary",2025-10-20T21:35:52Z,406
australia-news/2025/oct/21/morning-mail-tuesday-ntwnfb,https://www.theguardian.com/australia-news/2025/oct/21/morning-mail-tuesday-ntwnfb,"Morning Mail: Albanese signs $8.5bn deal with Trump, ANZ bonuses criticised, claim Prince Andrew ‘tried to hire internet trolls’",2025-10-20T19:58:12Z,927
commentisfree/2025/oct/20/the-guardian-view-on-ukraine-peace-talks-europe-must-ensure-zelenskyy-can-resist-trumps-bullying,https://www.theguardian.com/commentisfree/2025/oct/20/the-guardian-view-on-ukraine-peace-talks-europe-must-ensure-zelenskyy-can-resist-trumps-bullying,The Guardian view on Ukraine peace talks: Europe must ensure Zelenskyy can resist Trump’s bullying,2025-10-20T17:55:43Z,595
world/2025/oct/20/zelenskyy-calls-for-more-us-patriot-air-defences-after-trump-again-sides-with-putin,https://www.theguardian.com/world/2025/oct/20/zelenskyy-calls-for-more-us-patriot-air-defences-after-trump-again-sides-with-putin,Zelenskyy to visit London for talks before expected Trump-Putin summit,2025-10-20T17:15:14Z,884
environment/2025/oct/20/germany-dash-for-gas-climate-targets-wadden-sea,https://www.theguardian.com/environment/2025/oct/20/germany-dash-for-gas-climate-targets-wadden-sea,‘A punch in the face’: Germany’s dash for gas raises questions over climate targets,2025-10-20T15:00:16Z,1059
world/2025/oct/20/i-was-doing-nothing-at-home-the-chinese-nationals-fighting-for-ukraine,https://www.theguardian.com/world/2025/oct/20/i-was-doing-nothing-at-home-the-chinese-nationals-fighting-for-ukraine,‘I wanted to do something more meaningful’: the Chinese nationals fighting for Ukraine,2025-10-20T14:50:30Z,1535
world/live/2025/oct/20/zelenskyy-trump-putin-russia-ukraine-war-eu-france-latest-news-updates,https://www.theguardian.com/world/live/2025/oct/20/zelenskyy-trump-putin-russia-ukraine-war-eu-france-latest-news-updates,Zelenskyy says he would join Trump-Putin summit in Hungary if invited – as it happened,2025-10-20T14:13:42Z,4770
us-news/2025/oct/20/first-thing-scramble-to-shore-up-ceasefire-as-israel-hits-gaza-with-deadly-strikes,https://www.theguardian.com/us-news/2025/oct/20/first-thing-scramble-to-shore-up-ceasefire-as-israel-hits-gaza-with-deadly-strikes,First Thing: Scramble to shore up ceasefire as Israel hits Gaza with deadly strikes,2025-10-20T12:32:50Z,979
world/2025/oct/20/british-troops-powers-shoot-down-drones-military-bases,https://www.theguardian.com/world/2025/oct/20/british-troops-powers-shoot-down-drones-military-bases,British troops to get powers to shoot down drones near military bases,2025-10-20T08:58:36Z,438
sport/2025/oct/20/sumo-wrestling-at-the-royal-albert-hall-picture-essay,https://www.theguardian.com/sport/2025/oct/20/sumo-wrestling-at-the-royal-albert-hall-picture-essay,Sumo wrestling at the Royal Albert Hall – picture essay,2025-10-20T07:00:37Z,1253
world/2025/oct/20/monday-briefing-new-levels-of-misery-for-ukraines-soldiers-as-diplomatic-wrangling-drags-on,https://www.theguardian.com/world/2025/oct/20/monday-briefing-new-levels-of-misery-for-ukraines-soldiers-as-diplomatic-wrangling-drags-on,Monday briefing: ‘New levels of misery’ for Ukraine’s soldiers as diplomatic wrangling drags on,2025-10-20T05:24:17Z,2452
commentisfree/2025/oct/20/gaza-ukraine-donald-trump-stop-war-peace,https://www.theguardian.com/commentisfree/2025/oct/20/gaza-ukraine-donald-trump-stop-war-peace,"In Gaza, and now Ukraine, Donald Trump may be peace activists’ greatest ally. That deserves our backing",2025-10-20T04:00:34Z,884
world/2025/oct/20/european-leaders-near-deal-to-use-frozen-russian-assets-for-ukraine,https://www.theguardian.com/world/2025/oct/20/european-leaders-near-deal-to-use-frozen-russian-assets-for-ukraine,European leaders near deal to use frozen Russian assets for Ukraine,2025-10-20T04:00:33Z,815
world/2025/oct/20/trump-zelenskyy-ukraine-donbas-region-end-russia-invasion,https://www.theguardian.com/world/2025/oct/20/trump-zelenskyy-ukraine-donbas-region-end-russia-invasion,Trump suggests carving up Ukraine’s Donbas region to end war after meeting with Zelenskyy,2025-10-20T03:30:48Z,656
world/2025/oct/20/ukraine-war-briefing-energy-war-continues-with-strikes-on-russian-oil-and-gas-plants,https://www.theguardian.com/world/2025/oct/20/ukraine-war-briefing-energy-war-continues-with-strikes-on-russian-oil-and-gas-plants,Ukraine war briefing: Energy war continues with strikes on Russian oil and gas plants,2025-10-20T01:32:13Z,804
politics/2025/oct/20/keir-starmer-uk-contribution-to-global-fund-aids-malaria,https://www.theguardian.com/politics/2025/oct/20/keir-starmer-uk-contribution-to-global-fund-aids-malaria,Keir Starmer pressed not to slash UK contribution to global aid fund,2025-10-19T23:00:27Z,510
australia-news/2025/oct/20/morning-mail-monday-ntwnfb,https://www.theguardian.com/australia-news/2025/oct/20/morning-mail-monday-ntwnfb,Morning Mail: Israel launches airstrikes in Gaza; Bupa bonuses questioned; crown jewels snatched in Louvre heist,2025-10-19T19:44:32Z,1010
commentisfree/2025/oct/19/judges-trump-chicago-portland,https://www.theguardian.com/commentisfree/2025/oct/19/judges-trump-chicago-portland,Bravo to the judges standing up to Trump in Chicago and Portland,2025-10-19T13:00:18Z,1429
us-news/ng-interactive/2025/oct/19/marjorie-taylor-greene-breaks-republican-ranks,https://www.theguardian.com/us-news/ng-interactive/2025/oct/19/marjorie-taylor-greene-breaks-republican-ranks,What’s happening with Marjorie Taylor Greene? Why the Maga loyalist has won some Democratic fans,2025-10-19T11:00:14Z,1430
business/2025/oct/19/french-theme-park-company-puy-du-fou-won-uk-government-support-despite-ties-to-the-far-right,https://www.theguardian.com/business/2025/oct/19/french-theme-park-company-puy-du-fou-won-uk-government-support-despite-ties-to-the-far-right,French theme park firm won UK government support despite far-right ties,2025-10-19T08:00:08Z,1012
commentisfree/2025/oct/19/donald-trump-xi-jinping-china-trade-tariffs-us-beijing,https://www.theguardian.com/commentisfree/2025/oct/19/donald-trump-xi-jinping-china-trade-tariffs-us-beijing,Xi Jinping is preparing to go toe to toe with Donald Trump – and there will only be one winner,2025-10-19T06:00:07Z,961
world/2025/oct/19/ukraine-war-briefing-repairs-begin-in-bid-to-restore-power-to-zaporizhzhia-nuclear-plant,https://www.theguardian.com/world/2025/oct/19/ukraine-war-briefing-repairs-begin-in-bid-to-restore-power-to-zaporizhzhia-nuclear-plant,Ukraine war briefing: Repairs begin in bid to restore power to Zaporizhzhia nuclear plant,2025-10-19T00:53:54Z,605
business/2025/oct/18/ed-miliband-needs-a-plan-for-industry-without-it-the-move-to-net-zero-could-ruin-uk-manufacturing,https://www.theguardian.com/business/2025/oct/18/ed-miliband-needs-a-plan-for-industry-without-it-the-move-to-net-zero-could-ruin-uk-manufacturing,"Ed Miliband needs a plan for industry – without it, the move to net zero could ruin UK manufacturing",2025-10-18T15:00:48Z,850
culture/2025/oct/18/after-the-hunt-last-dinner-party-sudan-archives-lazarus-harlan-coben,https://www.theguardian.com/culture/2025/oct/18/after-the-hunt-last-dinner-party-sudan-archives-lazarus-harlan-coben,From After the Hunt to the Last Dinner Party: your complete entertainment guide to the week ahead,2025-10-18T05:00:37Z,1654
world/2025/oct/18/ukraine-war-briefing-zelenskyy-realistic-about-chances-of-tomahawk-missile-deal,https://www.theguardian.com/world/2025/oct/18/ukraine-war-briefing-zelenskyy-realistic-about-chances-of-tomahawk-missile-deal,Ukraine war briefing: Zelenskyy ‘realistic’ about chances of Tomahawk missile deal,2025-10-18T02:47:52Z,553
us-news/live/2025/oct/17/donald-trump-john-bolton-volodymyr-zelenskyy-us-politics-latest-news-updates,https://www.theguardian.com/us-news/live/2025/oct/17/donald-trump-john-bolton-volodymyr-zelenskyy-us-politics-latest-news-updates,Supreme court announces funding will run out this weekend – as it happened,2025-10-18T01:56:53Z,9761
us-news/2025/oct/18/trump-briefing-news-at-a-glance-latest,https://www.theguardian.com/us-news/2025/oct/18/trump-briefing-news-at-a-glance-latest,Trump news at a glance: Trump cools on Tomahawk deal for Ukraine and commutes Santos sentence,2025-10-18T01:39:00Z,929
football/2025/oct/17/anger-maccabi-ban-shows-power-sport-and-why-fans-now-expect-more-from-leaders,https://www.theguardian.com/football/2025/oct/17/anger-maccabi-ban-shows-power-sport-and-why-fans-now-expect-more-from-leaders,Anger at Maccabi ban shows power of sport and why fans now expect more from its leaders,2025-10-17T20:23:01Z,960
world/live/2025/oct/17/viktor-orban-vladimir-putin-volodymyr-zelenskyy-donald-trump-europe-latest-news-updates-russia-ukraine-war,https://www.theguardian.com/world/live/2025/oct/17/viktor-orban-vladimir-putin-volodymyr-zelenskyy-donald-trump-europe-latest-news-updates-russia-ukraine-war,"Trump hesitant about giving Tomahawks to Ukraine, saying ‘hopefully they won’t need it’ – as it happened",2025-10-17T19:58:33Z,7325
world/2025/oct/17/trump-putin-phone-call-sinks-kyiv-ukraine-hopes-for-us-tomahawk-missiles,https://www.theguardian.com/world/2025/oct/17/trump-putin-phone-call-sinks-kyiv-ukraine-hopes-for-us-tomahawk-missiles,Trump downplays hopes he will supply Ukraine with US missiles after meeting with Zelenskyy,2025-10-17T19:08:55Z,1293
us-news/2025/oct/17/no-kings-protests-millions-trump,https://www.theguardian.com/us-news/2025/oct/17/no-kings-protests-millions-trump,No Kings: what to know about the anti-Trump protests attracting millions,2025-10-17T18:09:56Z,1810
commentisfree/2025/oct/17/donald-trump-president-peace-civil-war-national-guard,https://www.theguardian.com/commentisfree/2025/oct/17/donald-trump-president-peace-civil-war-national-guard,"Donald Trump claims to be the president of peace, but at home he is fomenting civil war",2025-10-17T16:51:39Z,1216
politics/live/2025/oct/17/keir-starmer-uk-politics-latest-news-updates-maccabi-tel-aviv-fans-banned,https://www.theguardian.com/politics/live/2025/oct/17/keir-starmer-uk-politics-latest-news-updates-maccabi-tel-aviv-fans-banned,No 10 says talks happening ‘at pace’ across government to lift ban on Maccabi Tel Aviv fans attending Aston Villa match – as it happened,2025-10-17T16:30:27Z,6695
world/2025/oct/17/broken-promises-and-political-crises-how-emmanuel-macron-fell-from-french-favour,https://www.theguardian.com/world/2025/oct/17/broken-promises-and-political-crises-how-emmanuel-macron-fell-from-french-favour,Broken promises and political crises: how Emmanuel Macron fell from French favour,2025-10-17T14:43:39Z,811
us-news/2025/oct/17/russia-street-fight-club-far-right-active-club,https://www.theguardian.com/us-news/2025/oct/17/russia-street-fight-club-far-right-active-club,Revealed: how a Russian fight club expanded into the US with the help of American neo-Nazis,2025-10-17T14:00:18Z,1578
world/2025/oct/17/what-are-tomahawk-missiles-and-why-does-ukraine-want-them,https://www.theguardian.com/world/2025/oct/17/what-are-tomahawk-missiles-and-why-does-ukraine-want-them,What are Tomahawk missiles and why does Ukraine want them?,2025-10-17T12:34:46Z,699
world/2025/oct/17/ukrainian-defenders-struggling-to-stem-russia-air-assault,https://www.theguardian.com/world/2025/oct/17/ukrainian-defenders-struggling-to-stem-russia-air-assault,‘The key to success is in the sky’: the Ukrainian defenders struggling to stem Russia’s air assault,2025-10-17T08:59:31Z,1327
sport/2025/oct/17/chess-ukraine-soldier-grandmaster-wins-gold-medal-at-european-team-championships,https://www.theguardian.com/sport/2025/oct/17/chess-ukraine-soldier-grandmaster-wins-gold-medal-at-european-team-championships,Chess: Ukraine soldier grandmaster wins gold medal at European team championships,2025-10-17T07:00:05Z,995
us-news/2025/oct/17/trump-briefing-news-at-a-glance-latest,https://www.theguardian.com/us-news/2025/oct/17/trump-briefing-news-at-a-glance-latest,Trump news at a glance: John Bolton vows to defend his conduct after indictment ,2025-10-17T02:14:05Z,716
us-news/live/2025/oct/16/trump-latest-shutdown-vote-jd-vance-republicans-democrats,https://www.theguardian.com/us-news/live/2025/oct/16/trump-latest-shutdown-vote-jd-vance-republicans-democrats,Mamdani and Cuomo spar in New York mayoral debate – as it happened,2025-10-17T02:03:24Z,7960
world/2025/oct/17/ukraine-war-briefing-putin-back-in-trumps-ear-as-soon-as-tomahawks-came-up-says-zelenskyy,https://www.theguardian.com/world/2025/oct/17/ukraine-war-briefing-putin-back-in-trumps-ear-as-soon-as-tomahawks-came-up-says-zelenskyy,"Ukraine war briefing: Putin back in Trump’s ear as soon as Tomahawks came up, says Zelenskyy",2025-10-17T00:36:47Z,838
world/2025/oct/16/zelenskyy-tomahawk-missiles-trump-putin-budapest,https://www.theguardian.com/world/2025/oct/16/zelenskyy-tomahawk-missiles-trump-putin-budapest,Trump says he plans to meet Putin in Budapest as Zelenskyy prepares to make missiles case at White House,2025-10-16T23:26:47Z,1061
australia-news/2025/oct/17/morning-mail-friday-ntwnfb,https://www.theguardian.com/australia-news/2025/oct/17/morning-mail-friday-ntwnfb,"Morning Mail: Trump to meet Putin after ‘productive’ call, FOI fears revealed, new frogs found on island",2025-10-16T19:45:36Z,898
world/2025/oct/16/catalonia-socialist-president-salvador-illa-tackling-inequality-separatist-far-right-coexistence-madrid,https://www.theguardian.com/world/2025/oct/16/catalonia-socialist-president-salvador-illa-tackling-inequality-separatist-far-right-coexistence-madrid,Catalonia’s Socialist president: tackling inequality can blunt separatist and far-right voices,2025-10-16T17:36:17Z,783
world/2025/oct/16/india-casts-doubt-on-trumps-claims-that-it-has-agreed-to-stop-buying-russian-oil,https://www.theguardian.com/world/2025/oct/16/india-casts-doubt-on-trumps-claims-that-it-has-agreed-to-stop-buying-russian-oil,India casts doubt on Trump’s claims that it has agreed to stop buying Russian oil,2025-10-16T17:18:07Z,419
world/2025/oct/16/russia-strikes-ukraine-gas-sites-zelenskyy-us-trump-meeting-cruise-missiles,https://www.theguardian.com/world/2025/oct/16/russia-strikes-ukraine-gas-sites-zelenskyy-us-trump-meeting-cruise-missiles,Russia bombards Ukraine’s gas sites as Zelenskyy flies to US for Trump meeting,2025-10-16T16:23:36Z,671
stage/2025/oct/16/frank-lazarus-obituary,https://www.theguardian.com/stage/2025/oct/16/frank-lazarus-obituary,Frank Lazarus obituary,2025-10-16T16:11:38Z,492
world/live/2025/oct/16/gaza-ceasefire-israel-hamas-palestine-rafah-hostages-live-news-updates,https://www.theguardian.com/world/live/2025/oct/16/gaza-ceasefire-israel-hamas-palestine-rafah-hostages-live-news-updates,Hamas accuses Israel of breaching ceasefire by ‘killing at least 24 people’ since Friday – as it happened,2025-10-16T16:08:47Z,6548
world/2025/oct/16/russian-cyber-attacks-against-nato-states-up-by-25-in-a-year-analysis-finds,https://www.theguardian.com/world/2025/oct/16/russian-cyber-attacks-against-nato-states-up-by-25-in-a-year-analysis-finds,"Russian cyber-attacks against Nato states up by 25% in a year, analysis finds",2025-10-16T14:44:29Z,435
world/live/2025/oct/16/france-no-confidence-debate-lecornu-macron-europe-live-news-updates,https://www.theguardian.com/world/live/2025/oct/16/france-no-confidence-debate-lecornu-macron-europe-live-news-updates,French PM survives no-confidence vote – as it happened,2025-10-16T11:47:11Z,2653
stage/2025/oct/16/alina-sarnatska-ukrainian-combat-medic-playwright,https://www.theguardian.com/stage/2025/oct/16/alina-sarnatska-ukrainian-combat-medic-playwright,‘I need to do everything now’: the Ukrainian combat medic-turned playwright ,2025-10-16T04:00:57Z,996
tv-and-radio/2025/oct/16/the-diplomat-season-three-review-netflix-thriller-keri-russells,https://www.theguardian.com/tv-and-radio/2025/oct/16/the-diplomat-season-three-review-netflix-thriller-keri-russells,The Diplomat season three review – Keri Russell’s nail-biting political thriller is a ludicrous treat,2025-10-16T04:00:56Z,811
world/2025/oct/16/ukraine-war-briefing-bit-of-a-process-but-india-will-give-up-russian-oil-trump-claims,https://www.theguardian.com/world/2025/oct/16/ukraine-war-briefing-bit-of-a-process-but-india-will-give-up-russian-oil-trump-claims,"Ukraine war briefing: ‘Bit of a process’ but India will give up Russian oil, Trump claims",2025-10-16T00:58:20Z,720
australia-news/2025/oct/16/adani-denies-claims-it-sold-below-market-coal-leading-to-queensland-missing-out-on-hundreds-of-millions-in-royalties,https://www.theguardian.com/australia-news/2025/oct/16/adani-denies-claims-it-sold-below-market-coal-leading-to-queensland-missing-out-on-hundreds-of-millions-in-royalties,Adani denies claims it sold ‘below-market coal’ leading to Queensland missing out on hundreds of millions in royalties,2025-10-15T19:00:45Z,826
money/2025/oct/15/britain-biggest-energy-supplier-octopus-bills-on-track-to-rise-by-fifth-in-next-four-years,https://www.theguardian.com/money/2025/oct/15/britain-biggest-energy-supplier-octopus-bills-on-track-to-rise-by-fifth-in-next-four-years,"Energy bills likely to rise by 20% in next four years, says Britain’s biggest supplier",2025-10-15T18:10:37Z,597
politics/live/2025/oct/15/keir-starmer-kemi-badenoch-pmqs-china-epping-rachel-reeves-imf-uk-politics-live-news-updates,https://www.theguardian.com/politics/live/2025/oct/15/keir-starmer-kemi-badenoch-pmqs-china-epping-rachel-reeves-imf-uk-politics-live-news-updates,"Starmer only read China spy witness statements this morning, No 10 says, as Cleverly accuses PM of misquoting him – as it happened",2025-10-15T17:33:58Z,8472
commentisfree/2025/oct/15/the-guardian-view-on-eu-accession-for-ukraine-orban-must-not-be-allowed-to-call-the-tune,https://www.theguardian.com/commentisfree/2025/oct/15/the-guardian-view-on-eu-accession-for-ukraine-orban-must-not-be-allowed-to-call-the-tune,The Guardian view on EU accession for Ukraine: Orbán must not be allowed to call the tune,2025-10-15T17:25:42Z,583
politics/2025/oct/15/jonathan-powell-the-adviser-who-has-become-a-powerful-influence-on-uk-foreign-policy,https://www.theguardian.com/politics/2025/oct/15/jonathan-powell-the-adviser-who-has-become-a-powerful-influence-on-uk-foreign-policy,Jonathan Powell: the trusted aide Starmer is shielding from China spy row,2025-10-15T16:46:36Z,970
business/live/2025/oct/15/rachel-reeves-uk-beacon-of-stability-growth-imf-budget-tax-spending-stock-markets-business-live-news,https://www.theguardian.com/business/live/2025/oct/15/rachel-reeves-uk-beacon-of-stability-growth-imf-budget-tax-spending-stock-markets-business-live-news,UK government borrowing costs fall as Reeves hints at tax rises – as it happened,2025-10-15T16:42:05Z,5260
world/2025/oct/15/russian-drone-incursion-tactically-stupid-and-counterproductive-says-polish-minister,https://www.theguardian.com/world/2025/oct/15/russian-drone-incursion-tactically-stupid-and-counterproductive-says-polish-minister,Russian drone incursion ‘tactically stupid and counterproductive’ says Polish minister,2025-10-15T16:03:14Z,1011
world/2025/oct/15/syrian-president-in-first-visit-to-moscow-as-former-enemies-hold-talks,https://www.theguardian.com/world/2025/oct/15/syrian-president-in-first-visit-to-moscow-as-former-enemies-hold-talks,Syrian president in first visit to Moscow as former enemies hold talks,2025-10-15T14:59:33Z,692
world/live/2025/oct/15/russia-ukraine-nato-france-latest-europe-live-news-updates,https://www.theguardian.com/world/live/2025/oct/15/russia-ukraine-nato-france-latest-europe-live-news-updates,"Sweden, Estonia, and Finland pledge to increase spending on weapons purchases from US – as it happened",2025-10-15T14:24:12Z,6098
world/2025/oct/15/germany-coalition-row-military-resources-boris-pistorius-social-democrats,https://www.theguardian.com/world/2025/oct/15/germany-coalition-row-military-resources-boris-pistorius-social-democrats,German coalition in row over push to bring back conscription,2025-10-15T14:19:38Z,651
tv-and-radio/2025/oct/15/space-live-new-tv-channel-real-time-broadcast-international-space-station-itvx,https://www.theguardian.com/tv-and-radio/2025/oct/15/space-live-new-tv-channel-real-time-broadcast-international-space-station-itvx,Space Live: the new TV channel streaming absolutely spellbinding footage of Earth … forever,2025-10-15T11:29:26Z,763
sport/2025/oct/15/british-mens-basketball-team-suspended-to-leave-funding-in-peril,https://www.theguardian.com/sport/2025/oct/15/british-mens-basketball-team-suspended-to-leave-funding-in-peril,British basketball chaos continues as Fiba suspends BBF and bans men’s team,2025-10-15T10:57:48Z,479
global-development/2025/oct/15/nursing-unions-call-for-uk-to-back-icc-prosecutions-for-war-crimes-against-health-workers,https://www.theguardian.com/global-development/2025/oct/15/nursing-unions-call-for-uk-to-back-icc-prosecutions-for-war-crimes-against-health-workers,Nursing unions call for UK to back prosecutions for war crimes against health workers,2025-10-15T10:00:33Z,612
world/2025/oct/15/putins-cancelled-russia-arab-summit-signals-waning-influence-in-middle-east,https://www.theguardian.com/world/2025/oct/15/putins-cancelled-russia-arab-summit-signals-waning-influence-in-middle-east,Putin’s embarrassing cancellation of Arab summit signals waning influence in Middle East,2025-10-15T08:16:31Z,865
australia-news/live/2025/oct/15/australia-news-live-liberals-infighting-james-paterson-sussan-ley-andrew-hastie-superannuation-jim-chalmers-ntwnfb,https://www.theguardian.com/australia-news/live/2025/oct/15/australia-news-live-liberals-infighting-james-paterson-sussan-ley-andrew-hastie-superannuation-jim-chalmers-ntwnfb,Queensland government blames police for overstated figures on drop in crime – as it happened,2025-10-15T07:13:42Z,9444
commentisfree/2025/oct/15/emmanuel-macron-keir-starmer-crisis-france-president-labour,https://www.theguardian.com/commentisfree/2025/oct/15/emmanuel-macron-keir-starmer-crisis-france-president-labour,The crisis engulfing Emmanuel Macron contains a warning for Keir Starmer ,2025-10-15T05:00:14Z,1320
commentisfree/2025/oct/15/donald-trump-anthony-albanese-meeting-relationship,https://www.theguardian.com/commentisfree/2025/oct/15/donald-trump-anthony-albanese-meeting-relationship,"In Donald Trump’s game of geopolitical musical chairs, will Albanese find a seat?",2025-10-15T03:03:19Z,844
world/2025/oct/15/ukraine-war-briefing-poland-minister-shows-shahed-drone-and-warns-of-deep-russian-threat,https://www.theguardian.com/world/2025/oct/15/ukraine-war-briefing-poland-minister-shows-shahed-drone-and-warns-of-deep-russian-threat,Ukraine war briefing: Poland minister shows Shahed drone and warns of ‘deep’ Russian threat,2025-10-15T01:04:34Z,938
world/live/2025/oct/14/france-lecornu-macron-ukraine-russia-zelenskyy-europe-latest-news-updates,https://www.theguardian.com/world/live/2025/oct/14/france-lecornu-macron-ukraine-russia-zelenskyy-europe-latest-news-updates,Lecornu backs delaying rise in French retirement age until after 2027 presidential election – as it happened,2025-10-14T15:07:37Z,5453
commentisfree/2025/oct/14/bills-reform-labour-cost-of-living-britain,https://www.theguardian.com/commentisfree/2025/oct/14/bills-reform-labour-cost-of-living-britain,Soaring bills are the gift that keeps on giving for Reform. Shame Labour doesn’t have the guts to do anything about them,2025-10-14T09:00:16Z,1133
commentisfree/2025/oct/14/rachel-reeves-tax-voters-wealth-society,https://www.theguardian.com/commentisfree/2025/oct/14/rachel-reeves-tax-voters-wealth-society,"Rachel Reeves, just tell voters why taxes must go up – and then do it",2025-10-14T07:00:14Z,945
commentisfree/2025/oct/14/two-brits-spy-china-keir-starmer-cash-poor-nation-superpower,https://www.theguardian.com/commentisfree/2025/oct/14/two-brits-spy-china-keir-starmer-cash-poor-nation-superpower,‘Did two Brits spy for China?’ is one question. ‘Can any UK PM really stand up to China?’ is an even bigger one  ,2025-10-14T05:00:11Z,974
commentisfree/2025/oct/14/france-consitutional-crisis-prime-minister-president,https://www.theguardian.com/commentisfree/2025/oct/14/france-consitutional-crisis-prime-minister-president,France’s political upheaval isn’t temporary - it’s a profound constitutional crisis,2025-10-14T04:00:09Z,888
world/2025/oct/14/ukraine-war-briefing-crimea-oil-refinery-burns-as-russia-feels-effects-on-fuel-supply,https://www.theguardian.com/world/2025/oct/14/ukraine-war-briefing-crimea-oil-refinery-burns-as-russia-feels-effects-on-fuel-supply,Ukraine war briefing: Crimea oil depot burns as Russia feels effects on fuel supply,2025-10-14T00:22:41Z,635
world/2025/oct/13/trump-did-everything-jubilant-israelis-heap-praise-on-us-president-as-hostages-return,https://www.theguardian.com/world/2025/oct/13/trump-did-everything-jubilant-israelis-heap-praise-on-us-president-as-hostages-return,"‘I’m shaking all over’: hugs, tears and relief in Israel as Gaza hostages return",2025-10-13T17:29:49Z,1526
world/2025/oct/11/hostages-gaza-israel-profiles,https://www.theguardian.com/world/2025/oct/11/hostages-gaza-israel-profiles,Who are the final 20 living hostages to have been freed from Gaza?,2025-10-13T15:18:59Z,2426
books/2025/oct/13/ukraine-literary-festival-bookforum-russian-attack-artur-dron,https://www.theguardian.com/books/2025/oct/13/ukraine-literary-festival-bookforum-russian-attack-artur-dron,"‘After the reading, the poets hold each other’: what happens when Ukraine’s largest literary festival comes under Russian attack ",2025-10-13T15:15:16Z,1077
world/live/2025/oct/13/france-political-crisis-lecornu-macron-sarkozy-ukraine-russia-gaza-europe-news-latest-updates,https://www.theguardian.com/world/live/2025/oct/13/france-political-crisis-lecornu-macron-sarkozy-ukraine-russia-gaza-europe-news-latest-updates,French political crisis continues as Macron blames rivals for ‘sense of disorder’– as it happened,2025-10-13T14:16:47Z,3104
business/live/2025/oct/13/asian-stocks-tumble-fresh-us-china-trade-spat-chinese-exports-top-forecasts-business-live,https://www.theguardian.com/business/live/2025/oct/13/asian-stocks-tumble-fresh-us-china-trade-spat-chinese-exports-top-forecasts-business-live,"Global financial system vulnerable to shocks amid recent stock market surge, Bank of England chief warns – as it happened",2025-10-13T14:14:35Z,5230
commentisfree/2025/oct/13/gaza-war-donald-trump-peace-israel-benjamin-netanyahu-hostages,https://www.theguardian.com/commentisfree/2025/oct/13/gaza-war-donald-trump-peace-israel-benjamin-netanyahu-hostages,"The war in Gaza is over, says Trump. Now who will be responsible for maintaining the peace?",2025-10-13T13:10:01Z,1120
artanddesign/2025/oct/13/frieze-london-barbenheimer-moment-paris-rival,https://www.theguardian.com/artanddesign/2025/oct/13/frieze-london-barbenheimer-moment-paris-rival,Head of Frieze art fair hopes for ‘Barbenheimer moment’ with Paris rival,2025-10-13T10:37:45Z,938
music/2025/oct/13/kate-bush-artists-running-up-that-hill-war-child-appeal,https://www.theguardian.com/music/2025/oct/13/kate-bush-artists-running-up-that-hill-war-child-appeal,Kate Bush and artists harness power of Running Up That Hill for War Child appeal,2025-10-13T09:42:10Z,712
world/2025/oct/13/ukraine-war-briefing-moscow-voices-extreme-concern-at-trump-threat-to-send-tomohawk-missiles-to-kyiv,https://www.theguardian.com/world/2025/oct/13/ukraine-war-briefing-moscow-voices-extreme-concern-at-trump-threat-to-send-tomohawk-missiles-to-kyiv,Ukraine war briefing: Moscow voices ‘extreme concern’ at Trump threat to send Tomahawk missiles to Kyiv,2025-10-12T23:56:13Z,652
world/live/2025/oct/12/gaza-ceasefire-live-aid-relief-hamas-release-israel-hostages,https://www.theguardian.com/world/live/2025/oct/12/gaza-ceasefire-live-aid-relief-hamas-release-israel-hostages,Trump heads to Middle East for release of hostages – as it happened,2025-10-12T23:29:24Z,6535
world/2025/oct/12/ukraine-war-briefing-latest-refinery-strike-shows-no-safe-places-in-russias-deep-rear,https://www.theguardian.com/world/2025/oct/12/ukraine-war-briefing-latest-refinery-strike-shows-no-safe-places-in-russias-deep-rear,Ukraine war briefing: Latest refinery strike shows ‘no safe places in Russia’s deep rear’,2025-10-12T00:58:31Z,437
world/live/2025/oct/11/israel-gaza-ceasefire-hamas-hostages-netanyahu-trump-middle-east-latest-news-updates,https://www.theguardian.com/world/live/2025/oct/11/israel-gaza-ceasefire-hamas-hostages-netanyahu-trump-middle-east-latest-news-updates,Egypt confirms international leaders’ summit on Monday to discuss Gaza ceasefire - as it happened,2025-10-11T22:12:54Z,6939
world/2025/oct/11/zelenskyy-urges-trump-to-use-gaza-ceasefire-momentum-to-broker-peace-in-ukraine,https://www.theguardian.com/world/2025/oct/11/zelenskyy-urges-trump-to-use-gaza-ceasefire-momentum-to-broker-peace-in-ukraine,Zelenskyy urges Trump to use Gaza ceasefire momentum to broker peace in Ukraine,2025-10-11T15:41:21Z,512
commentisfree/2025/oct/11/reform-nigel-farage-hard-right-politics-gordon-brown-labour,https://www.theguardian.com/commentisfree/2025/oct/11/reform-nigel-farage-hard-right-politics-gordon-brown-labour,Don’t fall for the authoritarian hype – Reform and the hard right can be stopped in their tracks,2025-10-11T09:00:20Z,1336
world/2025/oct/11/how-ukraine-forces-attempt-claw-back-russian-advances-donetsk,https://www.theguardian.com/world/2025/oct/11/how-ukraine-forces-attempt-claw-back-russian-advances-donetsk,‘Our job is to maximise their losses’: how Ukraine’s forces attempt to claw back against Russian advances,2025-10-11T05:00:18Z,1069
us-news/live/2025/oct/10/letitia-james-donald-trump-us-politics-live-news-updates,https://www.theguardian.com/us-news/live/2025/oct/10/letitia-james-donald-trump-us-politics-live-news-updates,"After uproar, Pete Hegseth clarifies Qatari air force facility in Idaho is not a foreign base – as it happened",2025-10-11T02:03:11Z,7111
world/2025/oct/11/ukraine-war-briefing-power-restored-to-kyiv-after-russia-drone-attacks,https://www.theguardian.com/world/2025/oct/11/ukraine-war-briefing-power-restored-to-kyiv-after-russia-drone-attacks,Ukraine war briefing: Power restored to Kyiv after Russia drone attacks,2025-10-11T01:20:06Z,362
football/live/2025/oct/10/tuchel-criticises-silent-england-fans-world-cup-qualifying-news-and-more-football-live,https://www.theguardian.com/football/live/2025/oct/10/tuchel-criticises-silent-england-fans-world-cup-qualifying-news-and-more-football-live,"Northern Ireland 2-0 Slovakia, Sweden 0-2 Switzerland: World Cup qualifying clockwatch – as it happened",2025-10-10T21:24:55Z,8276
sport/2025/oct/10/chess-england-in-midfield-at-european-championships-and-medals-appear-unlikely,https://www.theguardian.com/sport/2025/oct/10/chess-england-in-midfield-at-european-championships-and-medals-appear-unlikely,"Chess: England jump to fifth at European championships, with outside medal chance",2025-10-10T18:34:10Z,1026
politics/2025/oct/10/labour-softening-stance-towards-china-reinforced-by-dropped-spy-case,https://www.theguardian.com/politics/2025/oct/10/labour-softening-stance-towards-china-reinforced-by-dropped-spy-case,Labour’s softening stance towards China reinforced by dropped spy case,2025-10-10T17:57:02Z,1150
world/2025/oct/10/palestinians-displaced-gaza-home-ceasefire-israel-hamas,https://www.theguardian.com/world/2025/oct/10/palestinians-displaced-gaza-home-ceasefire-israel-hamas,Palestinians displaced to southern Gaza begin journey home as ceasefire comes into effect,2025-10-10T17:30:30Z,1240
politics/2025/oct/10/richard-tice-tory-donor-lubov-chernukhin,https://www.theguardian.com/politics/2025/oct/10/richard-tice-tory-donor-lubov-chernukhin,Richard Tice accepted stay at French Riviera home of Tory donor,2025-10-10T16:31:27Z,594
us-news/2025/oct/10/melania-trump-ukrainian-children-reunited-families,https://www.theguardian.com/us-news/2025/oct/10/melania-trump-ukrainian-children-reunited-families,Melania Trump says eight Ukrainian children seized by Russians have been reunited with their families,2025-10-10T16:04:53Z,211
business/live/2025/oct/10/uk-wage-growth-slows-worker-demand-argentina-rescue-bessent-stock-markets-business-live-news,https://www.theguardian.com/business/live/2025/oct/10/uk-wage-growth-slows-worker-demand-argentina-rescue-bessent-stock-markets-business-live-news,Pound on track for worst week since January as UK wage growth falls to four-year low – as it happened,2025-10-10T14:22:44Z,2177
politics/live/2025/oct/10/uk-politics-latest-live-news-labour-reform-plaid-cymru-snp-conservatives,https://www.theguardian.com/politics/live/2025/oct/10/uk-politics-latest-live-news-labour-reform-plaid-cymru-snp-conservatives,Yvette Cooper defends children as young as 13 needing digital ID – as it happened,2025-10-10T14:01:11Z,6937
politics/2025/oct/10/nigel-farage-nathan-gill-ex-reform-uk-wales-leader-bribery-bad-apple,https://www.theguardian.com/politics/2025/oct/10/nigel-farage-nathan-gill-ex-reform-uk-wales-leader-bribery-bad-apple,Farage insists ex-Reform UK Wales leader convicted of bribery is ‘bad apple’,2025-10-10T13:47:56Z,496
football/2025/oct/10/scotland-greece-world-cup-qualifying-group,https://www.theguardian.com/football/2025/oct/10/scotland-greece-world-cup-qualifying-group,Scotland got lucky against Greece – but they should now go all out to top their group,2025-10-10T13:32:59Z,762
politics/2025/oct/10/the-1m-man-why-did-boris-johnson-take-his-donor-to-ukraine,https://www.theguardian.com/politics/2025/oct/10/the-1m-man-why-did-boris-johnson-take-his-donor-to-ukraine,The £1m man: why did Boris Johnson take his donor to Ukraine?,2025-10-10T12:00:53Z,1405
world/live/2025/oct/10/kyiv-ukraine-russia-france-europe-latest-live-news-updates,https://www.theguardian.com/world/live/2025/oct/10/kyiv-ukraine-russia-france-europe-latest-live-news-updates,Power returns after Kyiv plunged into darkness by ‘massive’ Russian attack on Ukraine energy sector – as it happened,2025-10-10T10:59:03Z,3334
world/2025/oct/10/russian-attack-kyiv-ukraine-capital-blackouts-sets-high-rise-alight,https://www.theguardian.com/world/2025/oct/10/russian-attack-kyiv-ukraine-capital-blackouts-sets-high-rise-alight,‘Massive’ Russian attack on Ukraine capital causes widespread blackout,2025-10-10T10:01:56Z,588
world/live/2025/oct/10/nobel-peace-prize-2025-live-latest-news-updates,https://www.theguardian.com/world/live/2025/oct/10/nobel-peace-prize-2025-live-latest-news-updates,Nobel peace prize 2025: María Corina Machado wins for work promoting democratic rights in Venezuela – as it happened,2025-10-10T09:58:39Z,1384
world/2025/oct/10/drc-calls-eu-minerals-deal-rwanda-obvious-double-standard,https://www.theguardian.com/world/2025/oct/10/drc-calls-eu-minerals-deal-rwanda-obvious-double-standard,DRC says EU’s minerals deal with Rwanda is ‘obvious double standard’,2025-10-10T09:54:03Z,867
world/2025/oct/10/friday-briefing-how-a-historic-case-accusing-two-men-of-spying-for-china-dramatically-fell-apart,https://www.theguardian.com/world/2025/oct/10/friday-briefing-how-a-historic-case-accusing-two-men-of-spying-for-china-dramatically-fell-apart,Friday briefing: How a historic case accusing two men of spying for China dramatically fell apart,2025-10-10T05:43:14Z,2729
us-news/live/2025/oct/09/national-guard-ice-federal-property-chicago-illinois-us-politics-live,https://www.theguardian.com/us-news/live/2025/oct/09/national-guard-ice-federal-property-chicago-illinois-us-politics-live,New York attorney general calls bank fraud indictment ‘desperate weaponization of our justice system’ – as it happened,2025-10-10T01:59:17Z,9363
news/2025/oct/10/the-crunch-far-right-facebook-groups-underpaid-wnba-players-and-making-your-own-origami-bird,https://www.theguardian.com/news/2025/oct/10/the-crunch-far-right-facebook-groups-underpaid-wnba-players-and-making-your-own-origami-bird,The Crunch: far-right Facebook groups; underpaid WNBA players; and making your own origami bird,2025-10-10T01:02:46Z,910
world/live/2025/oct/09/gaza-ceasefire-live-trump-says-hostages-probably-released-monday-idf-says-gaza-city-still-extremely-dangerous,https://www.theguardian.com/world/live/2025/oct/09/gaza-ceasefire-live-trump-says-hostages-probably-released-monday-idf-says-gaza-city-still-extremely-dangerous,Israel’s government approves hostage and ceasefire deal – as it happened,2025-10-10T00:42:45Z,13908
world/2025/oct/10/ukraine-war-briefing-23-children-and-adolescents-brought-out-of-russian-occupied-areas,https://www.theguardian.com/world/2025/oct/10/ukraine-war-briefing-23-children-and-adolescents-brought-out-of-russian-occupied-areas,Ukraine war briefing: 23 children and adolescents brought out of Russian-occupied areas,2025-10-09T23:50:25Z,693
world/2025/oct/09/joy-and-anxiety-as-hamas-and-israel-prepare-to-implement-ceasefire-deal,https://www.theguardian.com/world/2025/oct/09/joy-and-anxiety-as-hamas-and-israel-prepare-to-implement-ceasefire-deal,Hamas and Israel prepare to implement ceasefire as Netanyahu says deal approved by government,2025-10-09T22:36:17Z,1274
world/2025/oct/09/how-the-gaza-ceasefire-deal-was-done-donald-trump,https://www.theguardian.com/world/2025/oct/09/how-the-gaza-ceasefire-deal-was-done-donald-trump,‘Trump is like a juggernaut’: how the Gaza ceasefire deal was done,2025-10-09T18:14:12Z,1666
us-news/2025/oct/09/trump-nobel-peace-prize,https://www.theguardian.com/us-news/2025/oct/09/trump-nobel-peace-prize,"Truly, madly, deeply: Trump’s desire for a Nobel peace prize is driving diplomacy",2025-10-09T17:02:43Z,784
world/2025/oct/09/first-phase-of-ceasefire-deal-to-end-war-in-gaza-agreed-by-israel-and-hamas,https://www.theguardian.com/world/2025/oct/09/first-phase-of-ceasefire-deal-to-end-war-in-gaza-agreed-by-israel-and-hamas,First phase of ceasefire deal to end war in Gaza agreed by Israel and Hamas,2025-10-09T14:57:46Z,1310
world/live/2025/oct/09/russia-attacks-ukraine-energy-france-germany-europe-live-news-updates,https://www.theguardian.com/world/live/2025/oct/09/russia-attacks-ukraine-energy-france-germany-europe-live-news-updates,Zelenskyy says he will nominate Trump for Nobel peace prize if he secures Ukraine ceasefire – as it happened,2025-10-09T14:30:50Z,5856
politics/live/2025/oct/09/foreign-secretary-yvette-cooper-keir-starmer-gaza-ceasefire-uk-politics-live,https://www.theguardian.com/politics/live/2025/oct/09/foreign-secretary-yvette-cooper-keir-starmer-gaza-ceasefire-uk-politics-live,Keir Starmer says ‘Bollywood blockbusters’ will be made in the UK under new trade deal with India – as it happened,2025-10-09T14:27:17Z,5764
football/2025/oct/09/liverpool-diogo-jota-max-rushden-column,https://www.theguardian.com/football/2025/oct/09/liverpool-diogo-jota-max-rushden-column,Liverpool go to work and Diogo Jota is not there. Why wouldn’t that affect them?,2025-10-09T13:00:26Z,1177
books/live/2025/oct/09/nobel-prize-in-literature-2025-live,https://www.theguardian.com/books/live/2025/oct/09/nobel-prize-in-literature-2025-live,Nobel prize in literature 2025 as it happened: László Krasznahorkai wins ‘for his compelling and visionary oeuvre’,2025-10-09T12:07:32Z,3527
australia-news/live/2025/oct/09/australia-politics-live-opera-house-rally-palestine-gaza-parliament-senate-estimates-anthony-albanese-sussan-ley-question-time-ntwnfb,https://www.theguardian.com/australia-news/live/2025/oct/09/australia-politics-live-opera-house-rally-palestine-gaza-parliament-senate-estimates-anthony-albanese-sussan-ley-question-time-ntwnfb,High court dismisses former army lawyer David McBride’s application for case to be heard – as it happened,2025-10-09T07:18:48Z,11866
commentisfree/2025/oct/09/rising-bills-cost-of-living-patriotism-flags-keir-starmer,https://www.theguardian.com/commentisfree/2025/oct/09/rising-bills-cost-of-living-patriotism-flags-keir-starmer,Worried about rising bills and getting by? Keir Starmer has the answer: try chewing a flag!,2025-10-09T05:00:16Z,1180
world/2025/oct/09/ukraine-war-briefing,https://www.theguardian.com/world/2025/oct/09/ukraine-war-briefing,Ukraine war briefing: Analysts flag Kremlin scare campaign against use of Tomahawks ,2025-10-09T00:53:25Z,942
uk-news/2025/oct/08/uk-treasury-tells-ministers-not-to-expect-bailouts-from-its-reserve-fund,https://www.theguardian.com/uk-news/2025/oct/08/uk-treasury-tells-ministers-not-to-expect-bailouts-from-its-reserve-fund,UK Treasury tells ministers not to expect bailouts from its reserve fund,2025-10-08T21:30:06Z,659
world/2025/oct/08/this-is-europe-russia-hybrid-war-destabilise-europe,https://www.theguardian.com/world/2025/oct/08/this-is-europe-russia-hybrid-war-destabilise-europe,Drone dilemma: How Russia’s ‘hybrid war’ is using fear to destabilise Europe,2025-10-08T15:17:11Z,890
politics/live/2025/oct/08/conservative-tory-conference-kemi-badenoch-labour-keir-starmer-india-uk-politics-live-news-updates,https://www.theguardian.com/politics/live/2025/oct/08/conservative-tory-conference-kemi-badenoch-labour-keir-starmer-india-uk-politics-live-news-updates,Tory plan to abolish stamp duty ‘will benefit London and the wealthiest the most’ – as it happened,2025-10-08T15:13:31Z,9399
business/live/2025/oct/08/spot-gold-rises-above-4000-first-time-vertu-motors-warns-profit-hit-jlr-disruption-federal-reserve-imf-business-live,https://www.theguardian.com/business/live/2025/oct/08/spot-gold-rises-above-4000-first-time-vertu-motors-warns-profit-hit-jlr-disruption-federal-reserve-imf-business-live,"Bank of England warns of risk of AI market correction; gold hits new $4,000 an ounce record – as it happened",2025-10-08T14:12:44Z,3948
world/live/2025/oct/08/france-emmanuel-macron-lecornu-europe-live-news-updates,https://www.theguardian.com/world/live/2025/oct/08/france-emmanuel-macron-lecornu-europe-live-news-updates,Outgoing French PM says ‘there is desire’ to agree budget and talks down prospect of snap election – as it happened,2025-10-08T14:09:51Z,4943
world/2025/oct/08/germany-draws-up-law-to-allow-police-to-shoot-down-drones,https://www.theguardian.com/world/2025/oct/08/germany-draws-up-law-to-allow-police-to-shoot-down-drones,Germany draws up law to allow police to shoot down drones,2025-10-08T13:40:46Z,410
business/2025/oct/07/gold-futures-prices-economy,https://www.theguardian.com/business/2025/oct/07/gold-futures-prices-economy,"Gold price tops $4,000 for first time as investors seek safe haven",2025-10-08T09:20:30Z,528
world/2025/oct/08/colombian-mercenaries-sudan-war,https://www.theguardian.com/world/2025/oct/08/colombian-mercenaries-sudan-war,‘War is a business’: the Colombian mercenaries training Sudan’s child fighters to ‘go and get killed’,2025-10-08T09:00:26Z,1444
commentisfree/2025/oct/08/eu-copenhagen-summit-defence-policy-ukraine-russia,https://www.theguardian.com/commentisfree/2025/oct/08/eu-copenhagen-summit-defence-policy-ukraine-russia,"Unity is desperately needed, but the EU prefers turf wars to facing down Russia",2025-10-08T04:00:16Z,857
world/2025/oct/08/ukraine-war-briefing-shadow-fleet-is-launchpad-for-russian-drones-harassing-europe-zelenskyy,https://www.theguardian.com/world/2025/oct/08/ukraine-war-briefing-shadow-fleet-is-launchpad-for-russian-drones-harassing-europe-zelenskyy,Ukraine war briefing: Shadow fleet is launchpad for Russian drones harassing Europe – Zelenskyy,2025-10-08T00:33:23Z,751
politics/2025/oct/08/starmer-insists-india-trade-deal-will-not-affect-uk-visas-as-he-heads-to-mumbai,https://www.theguardian.com/politics/2025/oct/08/starmer-insists-india-trade-deal-will-not-affect-uk-visas-as-he-heads-to-mumbai,Starmer insists India trade deal will not affect UK visas as he heads to Mumbai,2025-10-07T23:00:08Z,847
politics/live/2025/oct/07/conservative-tory-conference-kemi-badenoch-jenrick-starmer-labour-protests-reform-uk-politics-live-news-updates,https://www.theguardian.com/politics/live/2025/oct/07/conservative-tory-conference-kemi-badenoch-jenrick-starmer-labour-protests-reform-uk-politics-live-news-updates,‘Not words that I would have used’: Stride distances himself from Jenrick’s ‘no white faces’ comments – as it happened,2025-10-07T17:20:42Z,11318
world/live/2025/oct/07/gaza-ceasefire-peace-talks-israel-hamas-egypt-7-october-anniversary-middle-east-crisis-live-news-updates,https://www.theguardian.com/world/live/2025/oct/07/gaza-ceasefire-peace-talks-israel-hamas-egypt-7-october-anniversary-middle-east-crisis-live-news-updates,Israel marks two years since 7 October Hamas attack as Gaza ceasefire talks continue – as it happened,2025-10-07T16:37:00Z,4895
world/live/2025/oct/07/france-macron-lecornu-cabinet-europe-live,https://www.theguardian.com/world/live/2025/oct/07/france-macron-lecornu-cabinet-europe-live,Far-right National Rally snubs French PM’s bid to salvage cabinet amid political turmoil – as it happened,2025-10-07T15:17:39Z,3039
politics/2025/oct/07/labour-accuses-robert-jenrick-of-personal-attack-on-attorney-general,https://www.theguardian.com/politics/2025/oct/07/labour-accuses-robert-jenrick-of-personal-attack-on-attorney-general,Labour accuses Robert Jenrick of ‘personal attack’ on attorney general,2025-10-07T13:42:14Z,733
us-news/2025/oct/07/marjorie-taylor-greene-government-shutdown-healthcare,https://www.theguardian.com/us-news/2025/oct/07/marjorie-taylor-greene-government-shutdown-healthcare,Marjorie Taylor Greene open to healthcare deal with Democrats amid shutdown,2025-10-07T13:21:34Z,586
books/2025/oct/07/motherland-by-julia-ioffe-review-the-matriarchs-who-built-mother-russia,https://www.theguardian.com/books/2025/oct/07/motherland-by-julia-ioffe-review-the-matriarchs-who-built-mother-russia,Motherland by Julia Ioffe review – the matriarchs who built mother Russia,2025-10-07T10:00:52Z,691
books/2025/oct/07/the-pushkin-job-unmasking-the-thieves-behind-an-international-rare-books-heist,https://www.theguardian.com/books/2025/oct/07/the-pushkin-job-unmasking-the-thieves-behind-an-international-rare-books-heist,The Pushkin job: unmasking the thieves behind an international rare books heist,2025-10-07T04:00:35Z,5494
world/2025/oct/07/ukraine-war-briefing-trump-says-he-would-want-to-know-kyivs-plans-for-tomahawk-missiles-before-supplying-them,https://www.theguardian.com/world/2025/oct/07/ukraine-war-briefing-trump-says-he-would-want-to-know-kyivs-plans-for-tomahawk-missiles-before-supplying-them,Ukraine war briefing: Trump says he would want to know Kyiv’s plans for Tomahawk missiles before supplying them,2025-10-07T00:51:43Z,862
business/2025/oct/06/france-is-in-crisis-but-bond-markets-leave-other-governments-at-risk-of-meltdown-too,https://www.theguardian.com/business/2025/oct/06/france-is-in-crisis-but-bond-markets-leave-other-governments-at-risk-of-meltdown-too,France is in crisis but bond markets leave other governments at risk of meltdown too,2025-10-06T16:40:14Z,876
film/2025/oct/06/lost-bus-movie-camp-wildfire,https://www.theguardian.com/film/2025/oct/06/lost-bus-movie-camp-wildfire,‘Logs falling from the sky’: the harrowing true story behind wildfire drama The Lost Bus,2025-10-06T11:01:11Z,1890
world/2025/oct/06/ukraine-war-briefing-snag-for-eus-support-of-kyiv-after-aid-opponent-wins-czech-election,https://www.theguardian.com/world/2025/oct/06/ukraine-war-briefing-snag-for-eus-support-of-kyiv-after-aid-opponent-wins-czech-election,Ukraine war briefing: Snag for EU’s support of Kyiv after aid opponent wins Czech election,2025-10-06T00:40:20Z,553
australia-news/2025/oct/06/morning-mail-monday-ntwnfb,https://www.theguardian.com/australia-news/2025/oct/06/morning-mail-monday-ntwnfb,"Morning Mail: ‘unholy alliance’ targets pokies, Trump threatens Hamas ahead of Gaza talks, and vote for bird of the year",2025-10-05T19:51:09Z,943
world/2025/oct/05/czech-populist-andrej-babis-in-talks-to-form-stable-government-after-election-win,https://www.theguardian.com/world/2025/oct/05/czech-populist-andrej-babis-in-talks-to-form-stable-government-after-election-win,Andrej Babiš to hold talks with other Czech parties on forming government,2025-10-05T17:02:05Z,791
world/2025/oct/05/tools-to-power-up-the-european-union,https://www.theguardian.com/world/2025/oct/05/tools-to-power-up-the-european-union,Tools to power up the European Union,2025-10-05T16:13:21Z,275
australia-news/2025/oct/06/over-half-of-australians-support-sanctions-on-israel-and-its-leaders-for-ongoing-attacks-on-gaza-poll-shows,https://www.theguardian.com/australia-news/2025/oct/06/over-half-of-australians-support-sanctions-on-israel-and-its-leaders-for-ongoing-attacks-on-gaza-poll-shows,"Over half of Australians support sanctions on Israel and its leaders for ongoing attacks on Gaza, poll shows",2025-10-05T14:00:37Z,697
football/live/2025/oct/05/postecoglou-nottingham-forest-wsl-ipswich-norwich-matchday-live,https://www.theguardian.com/football/live/2025/oct/05/postecoglou-nottingham-forest-wsl-ipswich-norwich-matchday-live,"WSL clockwatch: Spurs edge Brighton, London City Lionesses beat Liverpool and more – as it happened",2025-10-05T13:01:20Z,3177
world/2025/oct/05/georgia-irakli-kobakhidze-crackdown-dissent-tbilisi-protests,https://www.theguardian.com/world/2025/oct/05/georgia-irakli-kobakhidze-crackdown-dissent-tbilisi-protests,Georgia’s prime minister announces crackdown on dissent after Tbilisi protests,2025-10-05T11:25:52Z,558
world/2025/oct/05/russian-drones-missiles-bombard-attack-ukraine-lviv,https://www.theguardian.com/world/2025/oct/05/russian-drones-missiles-bombard-attack-ukraine-lviv,Zelenskyy accuses west of ‘zero real reaction’ to Russia’s bombardment,2025-10-05T11:20:59Z,658
commentisfree/2025/oct/05/trump-military-quantico-speech,https://www.theguardian.com/commentisfree/2025/oct/05/trump-military-quantico-speech,Why Trump’s speech to US military top brass was such a disaster,2025-10-05T10:00:33Z,1893
news/ng-interactive/2025/oct/05/a-collective-anxiety-attack-the-psychology-of-unexplained-drone-sightings-across-europe,https://www.theguardian.com/news/ng-interactive/2025/oct/05/a-collective-anxiety-attack-the-psychology-of-unexplained-drone-sightings-across-europe,‘A collective anxiety attack’: the psychology of unexplained drone sightings across Europe,2025-10-05T06:47:24Z,1332
world/2025/oct/05/ukraine-war-briefing-china-providing-russia-with-intelligence-on-missile-targets-ukrainian-official-claims,https://www.theguardian.com/world/2025/oct/05/ukraine-war-briefing-china-providing-russia-with-intelligence-on-missile-targets-ukrainian-official-claims,"Ukraine war briefing: China providing Russia with intelligence on missile targets, Ukrainian official claims",2025-10-05T04:06:26Z,745
football/2025/oct/04/crystal-palace-oliver-glasner-secrets-success-tactics-manchester-united,https://www.theguardian.com/football/2025/oct/04/crystal-palace-oliver-glasner-secrets-success-tactics-manchester-united,The secrets of Glasner’s success and why Palace system would be lost in translation elsewhere,2025-10-04T19:00:13Z,1042
world/2025/oct/04/populist-billionaire-andrej-babis-wins-czech-parliamentary-election,https://www.theguardian.com/world/2025/oct/04/populist-billionaire-andrej-babis-wins-czech-parliamentary-election,Populist billionaire Andrej Babiš wins Czech parliamentary election,2025-10-04T17:56:11Z,380
world/2025/oct/04/people-are-really-dying-belarusians-warn-lukashenkos-crackdown-is-far-from-over,https://www.theguardian.com/world/2025/oct/04/people-are-really-dying-belarusians-warn-lukashenkos-crackdown-is-far-from-over,‘People are dying’: Belarusians warn Lukashenko’s crackdown is far from over,2025-10-04T15:55:42Z,1302
books/2025/oct/04/how-to-live-a-good-life-in-difficult-times-yuval-noah-harari-rory-stewart-and-maria-ressa-in-conversation,https://www.theguardian.com/books/2025/oct/04/how-to-live-a-good-life-in-difficult-times-yuval-noah-harari-rory-stewart-and-maria-ressa-in-conversation,"How to live a good life in difficult times: Yuval Noah Harari, Rory Stewart and Maria Ressa in conversation",2025-10-04T08:01:00Z,2709
world/2025/oct/04/europe-needs-to-get-serious-about-threat-posed-to-it-by-russia-ukraine-minister-says,https://www.theguardian.com/world/2025/oct/04/europe-needs-to-get-serious-about-threat-posed-to-it-by-russia-ukraine-minister-says,"Europe needs to ‘get serious’ about threat posed to it by Russia, Ukraine minister says",2025-10-04T05:00:09Z,690
food/2025/oct/04/warnings-imports-caged-hen-eggs-ukraine-poland-uk-biggest-suppliers,https://www.theguardian.com/food/2025/oct/04/warnings-imports-caged-hen-eggs-ukraine-poland-uk-biggest-suppliers,Warnings of imports of caged hen eggs as Ukraine and Poland become UK’s biggest suppliers,2025-10-04T05:00:08Z,630
world/2025/oct/04/ukraine-war-briefing-political-will-needed-to-restore-external-power-to-zaporizhzhia-nuclear-plant-un-watchdog-says,https://www.theguardian.com/world/2025/oct/04/ukraine-war-briefing-political-will-needed-to-restore-external-power-to-zaporizhzhia-nuclear-plant-un-watchdog-says,"Ukraine war briefing: ‘Political will’ needed to restore external power to Zaporizhzhia nuclear plant, UN watchdog says",2025-10-04T02:04:50Z,622
uk-news/live/2025/oct/03/manchester-synagogue-attack-victims-adrian-daulby-melvin-cravitz-attacker-jihad-al-shamie-latest-news-updates,https://www.theguardian.com/uk-news/live/2025/oct/03/manchester-synagogue-attack-victims-adrian-daulby-melvin-cravitz-attacker-jihad-al-shamie-latest-news-updates,Three more arrests in synagogue attack investigation; Lammy heckled at vigil for Manchester synagogue attack – as it happened,2025-10-03T21:17:51Z,13287
politics/live/2025/oct/03/greens-labour-reform-conservatives-immigration-uk-politics-live-news-updates,https://www.theguardian.com/politics/live/2025/oct/03/greens-labour-reform-conservatives-immigration-uk-politics-live-news-updates,"UK political class ‘poisoned by wealth’, says Zack Polanski as he sets out plan to tax assets of richest 1% – as it happened",2025-10-03T16:13:02Z,7594
world/live/2025/oct/03/munich-drones-security-europe-russia-ukraine-latest-news-updates,https://www.theguardian.com/world/live/2025/oct/03/munich-drones-security-europe-russia-ukraine-latest-news-updates,Calls for police to shoot down drones after Munich airport disruption – as it happened,2025-10-03T14:45:17Z,3295
politics/2025/oct/03/starmer-will-hand-britain-over-to-farage-says-green-party-leader-zack-polanski,https://www.theguardian.com/politics/2025/oct/03/starmer-will-hand-britain-over-to-farage-says-green-party-leader-zack-polanski,"Starmer will hand Britain over to Farage, says Green party leader Zack Polanski",2025-10-03T13:33:15Z,731
world/2025/oct/03/munich-drone-sightings-force-airport-to-cancel-flights-in-latest-europe-disruption,https://www.theguardian.com/world/2025/oct/03/munich-drone-sightings-force-airport-to-cancel-flights-in-latest-europe-disruption,Munich airport reopens after halting flights because of drone sightings,2025-10-03T08:59:21Z,674
world/2025/oct/03/captain-of-oil-tanker-linked-to-russia-shadow-fleet-to-face-trial-in-france,https://www.theguardian.com/world/2025/oct/03/captain-of-oil-tanker-linked-to-russia-shadow-fleet-to-face-trial-in-france,Captain of oil tanker linked to Russia’s ‘shadow fleet’ to go on trial in France,2025-10-03T07:10:07Z,861
environment/ng-interactive/2025/oct/03/tories-vow-scrap-failed-targets-how-climate-claims-stack-up,https://www.theguardian.com/environment/ng-interactive/2025/oct/03/tories-vow-scrap-failed-targets-how-climate-claims-stack-up,"As Tories vow to scrap ‘failed targets’, how do their climate claims stack up?",2025-10-03T06:00:27Z,1385
us-news/live/2025/oct/02/government-shutdown-trump-democrats-latest-updates,https://www.theguardian.com/us-news/live/2025/oct/02/government-shutdown-trump-democrats-latest-updates,US government shutdown: Donald Trump promises firings and cuts to ‘Democrats’ favorite projects’ if shutdown continues – as it happened,2025-10-03T02:13:26Z,8107
world/2025/oct/03/ukraine-war-briefing-putin-warns-of-new-level-of-escalation-if-tomahawk-missiles-supplied-to-kyiv,https://www.theguardian.com/world/2025/oct/03/ukraine-war-briefing-putin-warns-of-new-level-of-escalation-if-tomahawk-missiles-supplied-to-kyiv,Ukraine war briefing: Putin warns of ‘new level of escalation’ if Tomahawk missiles supplied to Kyiv,2025-10-03T00:56:20Z,642
australia-news/2025/oct/03/morning-mail-nauru-asylum-seekers-going-hungry-ato-hunt-for-old-debts-uk-synagogue-attack,https://www.theguardian.com/australia-news/2025/oct/03/morning-mail-nauru-asylum-seekers-going-hungry-ato-hunt-for-old-debts-uk-synagogue-attack,"Morning Mail: Nauru asylum seekers ‘going hungry’, ATO hunt for old debts, UK synagogue attack",2025-10-02T20:55:51Z,907
uk-news/2025/oct/02/mi5-and-counter-terror-police-on-heightened-alert-after-synagogue-attack,https://www.theguardian.com/uk-news/2025/oct/02/mi5-and-counter-terror-police-on-heightened-alert-after-synagogue-attack,MI5 and counter-terror police on heightened alert after synagogue attack,2025-10-02T19:16:43Z,676
world/2025/oct/02/vladimir-putin-dismisses-fears-moscow-plans-attack-nato,https://www.theguardian.com/world/2025/oct/02/vladimir-putin-dismisses-fears-moscow-plans-attack-nato,Putin dismisses fears that Moscow plans to attack Nato as ‘nonsense’,2025-10-02T18:48:42Z,814
commentisfree/2025/oct/02/the-guardian-view-on-climate-policy-britain-needs-clean-power-not-culture-wars,https://www.theguardian.com/commentisfree/2025/oct/02/the-guardian-view-on-climate-policy-britain-needs-clean-power-not-culture-wars,"The Guardian view on climate policy: Britain needs clean power, not culture wars",2025-10-02T17:32:45Z,593
politics/live/2025/oct/02/reform-uk-zia-yusuf-keir-starmer-nigel-farage-immigration-asylum-labour-climate-change-uk-politics-live,https://www.theguardian.com/politics/live/2025/oct/02/reform-uk-zia-yusuf-keir-starmer-nigel-farage-immigration-asylum-labour-climate-change-uk-politics-live,"UK politics: Jenrick’s ideas mostly ‘my thoughts repackaged’, says Badenoch – as it happened",2025-10-02T16:45:19Z,5674
world/live/2025/oct/02/epc-european-political-community-leaders-copenhagen-denmark-ukraine-russia-europe-live,https://www.theguardian.com/world/live/2025/oct/02/epc-european-political-community-leaders-copenhagen-denmark-ukraine-russia-europe-live,"Europe needs political will to act and cut ties with Russia, says Zelenskyy after leaders summit – as it happened",2025-10-02T16:07:23Z,6438
world/2025/oct/02/us-give-ukraine-intelligence-long-range-energy-targets-russia-reports,https://www.theguardian.com/world/2025/oct/02/us-give-ukraine-intelligence-long-range-energy-targets-russia-reports,"US to give Ukraine intelligence on long-range energy targets in Russia, say reports",2025-10-02T11:48:30Z,658
world/2025/oct/02/east-or-west-czechs-split-over-where-possible-return-of-trumpist-could-lead-andrej-babis-polls,https://www.theguardian.com/world/2025/oct/02/east-or-west-czechs-split-over-where-possible-return-of-trumpist-could-lead-andrej-babis-polls,East or west? Czechs split over where possible return of ‘Trumpist’ could lead,2025-10-02T10:51:30Z,1294
world/2025/oct/02/historian-uses-ai-to-help-identify-nazi-in-notorious-holocaust-image,https://www.theguardian.com/world/2025/oct/02/historian-uses-ai-to-help-identify-nazi-in-notorious-holocaust-image,Historian uses AI to help identify Nazi in notorious Holocaust murder image,2025-10-02T07:23:21Z,958
world/2025/oct/02/first-edition-government-shutdown,https://www.theguardian.com/world/2025/oct/02/first-edition-government-shutdown,Thursday briefing: Democrats gamble on another government shutdown,2025-10-02T05:27:19Z,2408
environment/2025/oct/02/kemi-badenoch-vows-to-repeal-climate-change-act,https://www.theguardian.com/environment/2025/oct/02/kemi-badenoch-vows-to-repeal-climate-change-act,Kemi Badenoch vows to repeal Climate Change Act,2025-10-02T05:00:40Z,769
commentisfree/2025/oct/02/american-democracy-trump-putin-europe-dangers,https://www.theguardian.com/commentisfree/2025/oct/02/american-democracy-trump-putin-europe-dangers,American democracy might not survive another year – is Europe ready for that?,2025-10-02T04:00:39Z,1066
world/2025/oct/02/ukraine-war-briefing-attack-cutting-power-to-chornobyl-nuclear-plant-a-global-threat-says-zelenskyy,https://www.theguardian.com/world/2025/oct/02/ukraine-war-briefing-attack-cutting-power-to-chornobyl-nuclear-plant-a-global-threat-says-zelenskyy,"Ukraine war briefing: Attack cutting power to Chornobyl nuclear plant a ‘global threat’, says Zelenskyy",2025-10-02T01:49:18Z,737
football/2025/oct/01/crystal-palace-conference-league-preview-oliver-glasner-dynamo-kyiv,https://www.theguardian.com/football/2025/oct/01/crystal-palace-conference-league-preview-oliver-glasner-dynamo-kyiv,Crystal Palace embark on European quest as Glasner plots path to Leipzig,2025-10-01T19:37:25Z,735
world/2025/oct/01/russia-accused-of-sabotaging-last-power-line-into-zaporizhzhia-nuclear-plant,https://www.theguardian.com/world/2025/oct/01/russia-accused-of-sabotaging-last-power-line-into-zaporizhzhia-nuclear-plant,Russia accused of sabotaging last power line into Zaporizhzhia nuclear plant,2025-10-01T19:30:27Z,751
world/live/2025/oct/01/mette-frederiksen-denmark-europe-russia-vladimir-putin-volodymyr-zelenskyy-ukraine-hybrid-war-security-europe-live-news,https://www.theguardian.com/world/live/2025/oct/01/mette-frederiksen-denmark-europe-russia-vladimir-putin-volodymyr-zelenskyy-ukraine-hybrid-war-security-europe-live-news,French forces board Russian tanker suspected of drone launches – as it happened,2025-10-01T17:37:55Z,5084
world/2025/oct/01/france-oil-tanker-russia-drone-denmark,https://www.theguardian.com/world/2025/oct/01/france-oil-tanker-russia-drone-denmark,French military detain two after boarding Russia-linked oil tanker suspected of launching drones,2025-10-01T17:13:44Z,835
stage/2025/oct/01/skeleton-orgies-breast-kneaders-penises-marina-abramovic-balkan-erotic-epic,https://www.theguardian.com/stage/2025/oct/01/skeleton-orgies-breast-kneaders-penises-marina-abramovic-balkan-erotic-epic,"Breast-kneaders, skeleton orgies and five-metre-high penises: Marina Abramović on her most daring show ever",2025-10-01T16:04:02Z,1974
world/2025/oct/01/europe-dangerous-situation-since-second-world-war-russia-war-drones-sabotage,https://www.theguardian.com/world/2025/oct/01/europe-dangerous-situation-since-second-world-war-russia-war-drones-sabotage,"Europe in ‘most dangerous situation’ since second world war, Danish PM warns",2025-10-01T15:08:41Z,726
world/live/2025/oct/01/israel-gaza-offensive-benjamin-netanyahu-hamas-donald-trump-middle-east-crisis-live-news,https://www.theguardian.com/world/live/2025/oct/01/israel-gaza-offensive-benjamin-netanyahu-hamas-donald-trump-middle-east-crisis-live-news,Middle East crisis: Israeli minister says ‘last opportunity’ for Gaza City residents to flee – as it happened,2025-10-01T14:58:29Z,6338
world/2025/oct/01/this-is-europe-moldova-election-russian-interference,https://www.theguardian.com/world/2025/oct/01/this-is-europe-moldova-election-russian-interference,The Moldova mandate: former Soviet republic opted to defy Russia. Here’s why,2025-10-01T14:30:21Z,912
us-news/2025/oct/01/first-thing-us-government-shuts-down-after-democrats-refuse-to-back-republican-funding-plan,https://www.theguardian.com/us-news/2025/oct/01/first-thing-us-government-shuts-down-after-democrats-refuse-to-back-republican-funding-plan,First Thing: US government shuts down as Senate fails to advance both parties’ bills,2025-10-01T11:15:54Z,989
world/2025/oct/01/taiwan-biggest-importer-russian-naphtha-despite-ukraine-ally-report,https://www.theguardian.com/world/2025/oct/01/taiwan-biggest-importer-russian-naphtha-despite-ukraine-ally-report,Taiwan now biggest importer of Russian naphtha despite being Ukraine ally,2025-10-01T09:30:55Z,619
world/2025/oct/01/jailed-georgian-politicians-allege-links-between-ruling-party-and-iran-in-letter-to-uk,https://www.theguardian.com/world/2025/oct/01/jailed-georgian-politicians-allege-links-between-ruling-party-and-iran-in-letter-to-uk,Jailed Georgian politicians allege links between ruling party and Iran in letter to UK,2025-10-01T08:38:17Z,753
world/2025/oct/01/people-think-they-know-what-war-is-heres-what-i-learned-in-seven-years-on-ukraines-frontline,https://www.theguardian.com/world/2025/oct/01/people-think-they-know-what-war-is-heres-what-i-learned-in-seven-years-on-ukraines-frontline,People think they know what war is. Here’s what I learned in seven years on Ukraine’s frontline,2025-10-01T07:00:05Z,1815
us-news/live/2025/sep/30/us-government-shutdown-funding-trump-vance-portland-hegseth-latest-updates,https://www.theguardian.com/us-news/live/2025/sep/30/us-government-shutdown-funding-trump-vance-portland-hegseth-latest-updates,First closure of US government since 2018 begins after funding bill fails – as it happened,2025-10-01T06:29:50Z,13942
money/2025/oct/01/homes-in-great-britain-brace-for-winter-with-soaring-energy-debts,https://www.theguardian.com/money/2025/oct/01/homes-in-great-britain-brace-for-winter-with-soaring-energy-debts,‘It’s unsustainable’: homes in Great Britain brace for winter with soaring energy debts,2025-10-01T04:01:01Z,1063
commentisfree/2025/oct/01/european-union-war-machine-peace-russia-europe-eu,https://www.theguardian.com/commentisfree/2025/oct/01/european-union-war-machine-peace-russia-europe-eu,The European Union was designed for peace – it is never going to be a war machine,2025-10-01T04:00:02Z,865
world/2025/oct/01/ukraine-war-briefing-estonia-warns-of-putin-distraction-tactics-as-eu-leaders-meet-to-discuss-drone-wall,https://www.theguardian.com/world/2025/oct/01/ukraine-war-briefing-estonia-warns-of-putin-distraction-tactics-as-eu-leaders-meet-to-discuss-drone-wall,Ukraine war briefing: Estonia warns of Putin distraction tactics as EU leaders meet to discuss ‘drone wall’,2025-10-01T01:56:42Z,716
politics/live/2025/sep/30/labour-conference-starmer-speech-streeting-nhs-reform,https://www.theguardian.com/politics/live/2025/sep/30/labour-conference-starmer-speech-streeting-nhs-reform,"Nigel Farage ‘doesn’t like Britain’, Starmer tells Labour conference – as it happened",2025-09-30T17:20:21Z,13111
world/2025/sep/30/ukrainian-detained-in-poland-over-2022-nord-stream-gas-pipeline-explosions,https://www.theguardian.com/world/2025/sep/30/ukrainian-detained-in-poland-over-2022-nord-stream-gas-pipeline-explosions,Germany seeks to extradite Ukrainian diver over 2022 Nord Stream gas pipeline attack,2025-09-30T16:35:29Z,565
world/live/2025/sep/30/europe-russia-drones-ukraine-rutte-von-der-leyen-poland-kellogg-latest-updates,https://www.theguardian.com/world/live/2025/sep/30/europe-russia-drones-ukraine-rutte-von-der-leyen-poland-kellogg-latest-updates,"Putin ‘in his heart of hearts’ knows he cannot win in Ukraine, US special envoy says – as it happened",2025-09-30T16:00:07Z,5228
world/2025/sep/30/his-drug-is-power-lukashenko-reaches-out-to-the-west,https://www.theguardian.com/world/2025/sep/30/his-drug-is-power-lukashenko-reaches-out-to-the-west,‘His drug is power’: Lukashenko reaches out to the west,2025-09-30T10:00:01Z,1533
